"ReleaseIndex","Version","CommitId","Class","NSmells"
"1","0.9.0","dc1f0bf2046cf08d9484a287dee02ff058961ca4","openjpa-jdbc-5/src/main/java/org/apache/openjpa/jdbc/kernel/JDBC3SavepointManager.java","0"
"1","0.9.0","dc1f0bf2046cf08d9484a287dee02ff058961ca4","openjpa-jdbc-5/src/main/java/org/apache/openjpa/jdbc/meta/strats/EnumValueHandler.java","5"
"1","0.9.0","dc1f0bf2046cf08d9484a287dee02ff058961ca4","openjpa-jdbc/src/main/java/org/apache/openjpa/jdbc/ant/MappingToolTask.java","0"
"1","0.9.0","dc1f0bf2046cf08d9484a287dee02ff058961ca4","openjpa-jdbc/src/main/java/org/apache/openjpa/jdbc/ant/ReverseMappingToolTask.java","0"
"1","0.9.0","dc1f0bf2046cf08d9484a287dee02ff058961ca4","openjpa-jdbc/src/main/java/org/apache/openjpa/jdbc/ant/SchemaToolTask.java","1"
"1","0.9.0","dc1f0bf2046cf08d9484a287dee02ff058961ca4","openjpa-jdbc/src/main/java/org/apache/openjpa/jdbc/conf/FetchModeValue.java","0"
"1","0.9.0","dc1f0bf2046cf08d9484a287dee02ff058961ca4","openjpa-jdbc/src/main/java/org/apache/openjpa/jdbc/conf/JDBCConfiguration.java","0"
"1","0.9.0","dc1f0bf2046cf08d9484a287dee02ff058961ca4","openjpa-jdbc/src/main/java/org/apache/openjpa/jdbc/conf/JDBCConfigurationImpl.java","37"
"1","0.9.0","dc1f0bf2046cf08d9484a287dee02ff058961ca4","openjpa-jdbc/src/main/java/org/apache/openjpa/jdbc/conf/JDBCProductDerivation.java","2"
"1","0.9.0","dc1f0bf2046cf08d9484a287dee02ff058961ca4","openjpa-jdbc/src/main/java/org/apache/openjpa/jdbc/conf/JDBCSeqValue.java","2"
"1","0.9.0","dc1f0bf2046cf08d9484a287dee02ff058961ca4","openjpa-jdbc/src/main/java/org/apache/openjpa/jdbc/conf/MappingFactoryValue.java","6"
"1","0.9.0","dc1f0bf2046cf08d9484a287dee02ff058961ca4","openjpa-jdbc/src/main/java/org/apache/openjpa/jdbc/conf/MappingRepositoryValue.java","3"
"1","0.9.0","dc1f0bf2046cf08d9484a287dee02ff058961ca4","openjpa-jdbc/src/main/java/org/apache/openjpa/jdbc/kernel/AbstractJDBCSavepointManager.java","4"
"1","0.9.0","dc1f0bf2046cf08d9484a287dee02ff058961ca4","openjpa-jdbc/src/main/java/org/apache/openjpa/jdbc/kernel/AbstractJDBCSeq.java","8"
"1","0.9.0","dc1f0bf2046cf08d9484a287dee02ff058961ca4","openjpa-jdbc/src/main/java/org/apache/openjpa/jdbc/kernel/AbstractUpdateManager.java","7"
"1","0.9.0","dc1f0bf2046cf08d9484a287dee02ff058961ca4","openjpa-jdbc/src/main/java/org/apache/openjpa/jdbc/kernel/ClassTableJDBCSeq.java","17"
"1","0.9.0","dc1f0bf2046cf08d9484a287dee02ff058961ca4","openjpa-jdbc/src/main/java/org/apache/openjpa/jdbc/kernel/ConnectionInfo.java","0"
"1","0.9.0","dc1f0bf2046cf08d9484a287dee02ff058961ca4","openjpa-jdbc/src/main/java/org/apache/openjpa/jdbc/kernel/DelegatingJDBCFetchConfiguration.java","0"
"1","0.9.0","dc1f0bf2046cf08d9484a287dee02ff058961ca4","openjpa-jdbc/src/main/java/org/apache/openjpa/jdbc/kernel/EagerFetchModes.java","1"
"1","0.9.0","dc1f0bf2046cf08d9484a287dee02ff058961ca4","openjpa-jdbc/src/main/java/org/apache/openjpa/jdbc/kernel/GenericResultObjectProvider.java","6"
"1","0.9.0","dc1f0bf2046cf08d9484a287dee02ff058961ca4","openjpa-jdbc/src/main/java/org/apache/openjpa/jdbc/kernel/InstanceResultObjectProvider.java","1"
"1","0.9.0","dc1f0bf2046cf08d9484a287dee02ff058961ca4","openjpa-jdbc/src/main/java/org/apache/openjpa/jdbc/kernel/JDBCBrokerFactory.java","4"
"1","0.9.0","dc1f0bf2046cf08d9484a287dee02ff058961ca4","openjpa-jdbc/src/main/java/org/apache/openjpa/jdbc/kernel/JDBCFetchConfiguration.java","0"
"1","0.9.0","dc1f0bf2046cf08d9484a287dee02ff058961ca4","openjpa-jdbc/src/main/java/org/apache/openjpa/jdbc/kernel/JDBCFetchConfigurationImpl.java","7"
"1","0.9.0","dc1f0bf2046cf08d9484a287dee02ff058961ca4","openjpa-jdbc/src/main/java/org/apache/openjpa/jdbc/kernel/JDBCLockManager.java","0"
"1","0.9.0","dc1f0bf2046cf08d9484a287dee02ff058961ca4","openjpa-jdbc/src/main/java/org/apache/openjpa/jdbc/kernel/JDBCSeq.java","0"
"1","0.9.0","dc1f0bf2046cf08d9484a287dee02ff058961ca4","openjpa-jdbc/src/main/java/org/apache/openjpa/jdbc/kernel/JDBCStore.java","2"
"1","0.9.0","dc1f0bf2046cf08d9484a287dee02ff058961ca4","openjpa-jdbc/src/main/java/org/apache/openjpa/jdbc/kernel/JDBCStoreManager.java","77"
"1","0.9.0","dc1f0bf2046cf08d9484a287dee02ff058961ca4","openjpa-jdbc/src/main/java/org/apache/openjpa/jdbc/kernel/JDBCStoreQuery.java","32"
"1","0.9.0","dc1f0bf2046cf08d9484a287dee02ff058961ca4","openjpa-jdbc/src/main/java/org/apache/openjpa/jdbc/kernel/LRSSizes.java","1"
"1","0.9.0","dc1f0bf2046cf08d9484a287dee02ff058961ca4","openjpa-jdbc/src/main/java/org/apache/openjpa/jdbc/kernel/MappedQueryResultObjectProvider.java","49"
"1","0.9.0","dc1f0bf2046cf08d9484a287dee02ff058961ca4","openjpa-jdbc/src/main/java/org/apache/openjpa/jdbc/kernel/NativeJDBCSeq.java","24"
"1","0.9.0","dc1f0bf2046cf08d9484a287dee02ff058961ca4","openjpa-jdbc/src/main/java/org/apache/openjpa/jdbc/kernel/OperationOrderUpdateManager.java","2"
"1","0.9.0","dc1f0bf2046cf08d9484a287dee02ff058961ca4","openjpa-jdbc/src/main/java/org/apache/openjpa/jdbc/kernel/PagingResultObjectProvider.java","18"
"1","0.9.0","dc1f0bf2046cf08d9484a287dee02ff058961ca4","openjpa-jdbc/src/main/java/org/apache/openjpa/jdbc/kernel/PessimisticLockManager.java","6"
"1","0.9.0","dc1f0bf2046cf08d9484a287dee02ff058961ca4","openjpa-jdbc/src/main/java/org/apache/openjpa/jdbc/kernel/PreparedStatementManager.java","0"
"1","0.9.0","dc1f0bf2046cf08d9484a287dee02ff058961ca4","openjpa-jdbc/src/main/java/org/apache/openjpa/jdbc/kernel/PreparedStatementManagerImpl.java","7"
"1","0.9.0","dc1f0bf2046cf08d9484a287dee02ff058961ca4","openjpa-jdbc/src/main/java/org/apache/openjpa/jdbc/kernel/ProjectionResultObjectProvider.java","1"
"1","0.9.0","dc1f0bf2046cf08d9484a287dee02ff058961ca4","openjpa-jdbc/src/main/java/org/apache/openjpa/jdbc/kernel/SQLProjectionResultObjectProvider.java","7"
"1","0.9.0","dc1f0bf2046cf08d9484a287dee02ff058961ca4","openjpa-jdbc/src/main/java/org/apache/openjpa/jdbc/kernel/SQLStoreQuery.java","18"
"1","0.9.0","dc1f0bf2046cf08d9484a287dee02ff058961ca4","openjpa-jdbc/src/main/java/org/apache/openjpa/jdbc/kernel/SelectResultObjectProvider.java","7"
"1","0.9.0","dc1f0bf2046cf08d9484a287dee02ff058961ca4","openjpa-jdbc/src/main/java/org/apache/openjpa/jdbc/kernel/TableJDBCSeq.java","37"
"1","0.9.0","dc1f0bf2046cf08d9484a287dee02ff058961ca4","openjpa-jdbc/src/main/java/org/apache/openjpa/jdbc/kernel/UpdateManager.java","0"
"1","0.9.0","dc1f0bf2046cf08d9484a287dee02ff058961ca4","openjpa-jdbc/src/main/java/org/apache/openjpa/jdbc/kernel/ValueTableJDBCSeq.java","12"
"1","0.9.0","dc1f0bf2046cf08d9484a287dee02ff058961ca4","openjpa-jdbc/src/main/java/org/apache/openjpa/jdbc/kernel/exps/Abs.java","4"
"1","0.9.0","dc1f0bf2046cf08d9484a287dee02ff058961ca4","openjpa-jdbc/src/main/java/org/apache/openjpa/jdbc/kernel/exps/AbstractVal.java","0"
"1","0.9.0","dc1f0bf2046cf08d9484a287dee02ff058961ca4","openjpa-jdbc/src/main/java/org/apache/openjpa/jdbc/kernel/exps/Aggregate.java","10"
"1","0.9.0","dc1f0bf2046cf08d9484a287dee02ff058961ca4","openjpa-jdbc/src/main/java/org/apache/openjpa/jdbc/kernel/exps/All.java","0"
"1","0.9.0","dc1f0bf2046cf08d9484a287dee02ff058961ca4","openjpa-jdbc/src/main/java/org/apache/openjpa/jdbc/kernel/exps/AndExpression.java","5"
"1","0.9.0","dc1f0bf2046cf08d9484a287dee02ff058961ca4","openjpa-jdbc/src/main/java/org/apache/openjpa/jdbc/kernel/exps/Any.java","0"
"1","0.9.0","dc1f0bf2046cf08d9484a287dee02ff058961ca4","openjpa-jdbc/src/main/java/org/apache/openjpa/jdbc/kernel/exps/Args.java","21"
"1","0.9.0","dc1f0bf2046cf08d9484a287dee02ff058961ca4","openjpa-jdbc/src/main/java/org/apache/openjpa/jdbc/kernel/exps/Avg.java","1"
"1","0.9.0","dc1f0bf2046cf08d9484a287dee02ff058961ca4","openjpa-jdbc/src/main/java/org/apache/openjpa/jdbc/kernel/exps/BindVariableAndExpression.java","3"
"1","0.9.0","dc1f0bf2046cf08d9484a287dee02ff058961ca4","openjpa-jdbc/src/main/java/org/apache/openjpa/jdbc/kernel/exps/BindVariableExpression.java","8"
"1","0.9.0","dc1f0bf2046cf08d9484a287dee02ff058961ca4","openjpa-jdbc/src/main/java/org/apache/openjpa/jdbc/kernel/exps/CompareEqualExpression.java","4"
"1","0.9.0","dc1f0bf2046cf08d9484a287dee02ff058961ca4","openjpa-jdbc/src/main/java/org/apache/openjpa/jdbc/kernel/exps/CompareExpression.java","4"
"1","0.9.0","dc1f0bf2046cf08d9484a287dee02ff058961ca4","openjpa-jdbc/src/main/java/org/apache/openjpa/jdbc/kernel/exps/Concat.java","11"
"1","0.9.0","dc1f0bf2046cf08d9484a287dee02ff058961ca4","openjpa-jdbc/src/main/java/org/apache/openjpa/jdbc/kernel/exps/Const.java","7"
"1","0.9.0","dc1f0bf2046cf08d9484a287dee02ff058961ca4","openjpa-jdbc/src/main/java/org/apache/openjpa/jdbc/kernel/exps/ConstGetObjectId.java","7"
"1","0.9.0","dc1f0bf2046cf08d9484a287dee02ff058961ca4","openjpa-jdbc/src/main/java/org/apache/openjpa/jdbc/kernel/exps/ConstInstanceofExpression.java","2"
"1","0.9.0","dc1f0bf2046cf08d9484a287dee02ff058961ca4","openjpa-jdbc/src/main/java/org/apache/openjpa/jdbc/kernel/exps/ConstPath.java","11"
"1","0.9.0","dc1f0bf2046cf08d9484a287dee02ff058961ca4","openjpa-jdbc/src/main/java/org/apache/openjpa/jdbc/kernel/exps/ContainsExpression.java","2"
"1","0.9.0","dc1f0bf2046cf08d9484a287dee02ff058961ca4","openjpa-jdbc/src/main/java/org/apache/openjpa/jdbc/kernel/exps/ContainsKeyExpression.java","1"
"1","0.9.0","dc1f0bf2046cf08d9484a287dee02ff058961ca4","openjpa-jdbc/src/main/java/org/apache/openjpa/jdbc/kernel/exps/Count.java","3"
"1","0.9.0","dc1f0bf2046cf08d9484a287dee02ff058961ca4","openjpa-jdbc/src/main/java/org/apache/openjpa/jdbc/kernel/exps/CurrentDate.java","5"
"1","0.9.0","dc1f0bf2046cf08d9484a287dee02ff058961ca4","openjpa-jdbc/src/main/java/org/apache/openjpa/jdbc/kernel/exps/Distinct.java","1"
"1","0.9.0","dc1f0bf2046cf08d9484a287dee02ff058961ca4","openjpa-jdbc/src/main/java/org/apache/openjpa/jdbc/kernel/exps/EmptyExpression.java","3"
"1","0.9.0","dc1f0bf2046cf08d9484a287dee02ff058961ca4","openjpa-jdbc/src/main/java/org/apache/openjpa/jdbc/kernel/exps/EndsWithExpression.java","9"
"1","0.9.0","dc1f0bf2046cf08d9484a287dee02ff058961ca4","openjpa-jdbc/src/main/java/org/apache/openjpa/jdbc/kernel/exps/EqualExpression.java","1"
"1","0.9.0","dc1f0bf2046cf08d9484a287dee02ff058961ca4","openjpa-jdbc/src/main/java/org/apache/openjpa/jdbc/kernel/exps/Exp.java","0"
"1","0.9.0","dc1f0bf2046cf08d9484a287dee02ff058961ca4","openjpa-jdbc/src/main/java/org/apache/openjpa/jdbc/kernel/exps/Extension.java","12"
"1","0.9.0","dc1f0bf2046cf08d9484a287dee02ff058961ca4","openjpa-jdbc/src/main/java/org/apache/openjpa/jdbc/kernel/exps/FilterValue.java","0"
"1","0.9.0","dc1f0bf2046cf08d9484a287dee02ff058961ca4","openjpa-jdbc/src/main/java/org/apache/openjpa/jdbc/kernel/exps/FilterValueImpl.java","5"
"1","0.9.0","dc1f0bf2046cf08d9484a287dee02ff058961ca4","openjpa-jdbc/src/main/java/org/apache/openjpa/jdbc/kernel/exps/GetColumn.java","0"
"1","0.9.0","dc1f0bf2046cf08d9484a287dee02ff058961ca4","openjpa-jdbc/src/main/java/org/apache/openjpa/jdbc/kernel/exps/GetMapValue.java","7"
"1","0.9.0","dc1f0bf2046cf08d9484a287dee02ff058961ca4","openjpa-jdbc/src/main/java/org/apache/openjpa/jdbc/kernel/exps/GetObjectId.java","6"
"1","0.9.0","dc1f0bf2046cf08d9484a287dee02ff058961ca4","openjpa-jdbc/src/main/java/org/apache/openjpa/jdbc/kernel/exps/HasContainsExpressionVisitor.java","3"
"1","0.9.0","dc1f0bf2046cf08d9484a287dee02ff058961ca4","openjpa-jdbc/src/main/java/org/apache/openjpa/jdbc/kernel/exps/InExpression.java","3"
"1","0.9.0","dc1f0bf2046cf08d9484a287dee02ff058961ca4","openjpa-jdbc/src/main/java/org/apache/openjpa/jdbc/kernel/exps/InKeyExpression.java","1"
"1","0.9.0","dc1f0bf2046cf08d9484a287dee02ff058961ca4","openjpa-jdbc/src/main/java/org/apache/openjpa/jdbc/kernel/exps/InSubQExpression.java","2"
"1","0.9.0","dc1f0bf2046cf08d9484a287dee02ff058961ca4","openjpa-jdbc/src/main/java/org/apache/openjpa/jdbc/kernel/exps/InValueExpression.java","1"
"1","0.9.0","dc1f0bf2046cf08d9484a287dee02ff058961ca4","openjpa-jdbc/src/main/java/org/apache/openjpa/jdbc/kernel/exps/IndexOf.java","7"
"1","0.9.0","dc1f0bf2046cf08d9484a287dee02ff058961ca4","openjpa-jdbc/src/main/java/org/apache/openjpa/jdbc/kernel/exps/InstanceofExpression.java","9"
"1","0.9.0","dc1f0bf2046cf08d9484a287dee02ff058961ca4","openjpa-jdbc/src/main/java/org/apache/openjpa/jdbc/kernel/exps/IsEmptyExpression.java","1"
"1","0.9.0","dc1f0bf2046cf08d9484a287dee02ff058961ca4","openjpa-jdbc/src/main/java/org/apache/openjpa/jdbc/kernel/exps/IsNotEmptyExpression.java","1"
"1","0.9.0","dc1f0bf2046cf08d9484a287dee02ff058961ca4","openjpa-jdbc/src/main/java/org/apache/openjpa/jdbc/kernel/exps/JDBCAggregateListener.java","0"
"1","0.9.0","dc1f0bf2046cf08d9484a287dee02ff058961ca4","openjpa-jdbc/src/main/java/org/apache/openjpa/jdbc/kernel/exps/JDBCExpressionFactory.java","6"
"1","0.9.0","dc1f0bf2046cf08d9484a287dee02ff058961ca4","openjpa-jdbc/src/main/java/org/apache/openjpa/jdbc/kernel/exps/JDBCFilterListener.java","0"
"1","0.9.0","dc1f0bf2046cf08d9484a287dee02ff058961ca4","openjpa-jdbc/src/main/java/org/apache/openjpa/jdbc/kernel/exps/JDBCPath.java","0"
"1","0.9.0","dc1f0bf2046cf08d9484a287dee02ff058961ca4","openjpa-jdbc/src/main/java/org/apache/openjpa/jdbc/kernel/exps/JDBCStringContains.java","1"
"1","0.9.0","dc1f0bf2046cf08d9484a287dee02ff058961ca4","openjpa-jdbc/src/main/java/org/apache/openjpa/jdbc/kernel/exps/JDBCWildcardMatch.java","1"
"1","0.9.0","dc1f0bf2046cf08d9484a287dee02ff058961ca4","openjpa-jdbc/src/main/java/org/apache/openjpa/jdbc/kernel/exps/Lit.java","6"
"1","0.9.0","dc1f0bf2046cf08d9484a287dee02ff058961ca4","openjpa-jdbc/src/main/java/org/apache/openjpa/jdbc/kernel/exps/MatchesExpression.java","7"
"1","0.9.0","dc1f0bf2046cf08d9484a287dee02ff058961ca4","openjpa-jdbc/src/main/java/org/apache/openjpa/jdbc/kernel/exps/Math.java","8"
"1","0.9.0","dc1f0bf2046cf08d9484a287dee02ff058961ca4","openjpa-jdbc/src/main/java/org/apache/openjpa/jdbc/kernel/exps/Max.java","1"
"1","0.9.0","dc1f0bf2046cf08d9484a287dee02ff058961ca4","openjpa-jdbc/src/main/java/org/apache/openjpa/jdbc/kernel/exps/Min.java","1"
"1","0.9.0","dc1f0bf2046cf08d9484a287dee02ff058961ca4","openjpa-jdbc/src/main/java/org/apache/openjpa/jdbc/kernel/exps/NotContainsExpression.java","2"
"1","0.9.0","dc1f0bf2046cf08d9484a287dee02ff058961ca4","openjpa-jdbc/src/main/java/org/apache/openjpa/jdbc/kernel/exps/NotEqualExpression.java","1"
"1","0.9.0","dc1f0bf2046cf08d9484a287dee02ff058961ca4","openjpa-jdbc/src/main/java/org/apache/openjpa/jdbc/kernel/exps/NotExpression.java","2"
"1","0.9.0","dc1f0bf2046cf08d9484a287dee02ff058961ca4","openjpa-jdbc/src/main/java/org/apache/openjpa/jdbc/kernel/exps/Null.java","4"
"1","0.9.0","dc1f0bf2046cf08d9484a287dee02ff058961ca4","openjpa-jdbc/src/main/java/org/apache/openjpa/jdbc/kernel/exps/OrExpression.java","4"
"1","0.9.0","dc1f0bf2046cf08d9484a287dee02ff058961ca4","openjpa-jdbc/src/main/java/org/apache/openjpa/jdbc/kernel/exps/PCPath.java","33"
"1","0.9.0","dc1f0bf2046cf08d9484a287dee02ff058961ca4","openjpa-jdbc/src/main/java/org/apache/openjpa/jdbc/kernel/exps/Param.java","10"
"1","0.9.0","dc1f0bf2046cf08d9484a287dee02ff058961ca4","openjpa-jdbc/src/main/java/org/apache/openjpa/jdbc/kernel/exps/SQLEmbed.java","0"
"1","0.9.0","dc1f0bf2046cf08d9484a287dee02ff058961ca4","openjpa-jdbc/src/main/java/org/apache/openjpa/jdbc/kernel/exps/SQLExpression.java","3"
"1","0.9.0","dc1f0bf2046cf08d9484a287dee02ff058961ca4","openjpa-jdbc/src/main/java/org/apache/openjpa/jdbc/kernel/exps/SQLValue.java","3"
"1","0.9.0","dc1f0bf2046cf08d9484a287dee02ff058961ca4","openjpa-jdbc/src/main/java/org/apache/openjpa/jdbc/kernel/exps/SelectConstructor.java","17"
"1","0.9.0","dc1f0bf2046cf08d9484a287dee02ff058961ca4","openjpa-jdbc/src/main/java/org/apache/openjpa/jdbc/kernel/exps/Size.java","3"
"1","0.9.0","dc1f0bf2046cf08d9484a287dee02ff058961ca4","openjpa-jdbc/src/main/java/org/apache/openjpa/jdbc/kernel/exps/Sqrt.java","1"
"1","0.9.0","dc1f0bf2046cf08d9484a287dee02ff058961ca4","openjpa-jdbc/src/main/java/org/apache/openjpa/jdbc/kernel/exps/StartsWithExpression.java","10"
"1","0.9.0","dc1f0bf2046cf08d9484a287dee02ff058961ca4","openjpa-jdbc/src/main/java/org/apache/openjpa/jdbc/kernel/exps/StringFunction.java","7"
"1","0.9.0","dc1f0bf2046cf08d9484a287dee02ff058961ca4","openjpa-jdbc/src/main/java/org/apache/openjpa/jdbc/kernel/exps/StringLength.java","3"
"1","0.9.0","dc1f0bf2046cf08d9484a287dee02ff058961ca4","openjpa-jdbc/src/main/java/org/apache/openjpa/jdbc/kernel/exps/SubQ.java","20"
"1","0.9.0","dc1f0bf2046cf08d9484a287dee02ff058961ca4","openjpa-jdbc/src/main/java/org/apache/openjpa/jdbc/kernel/exps/Substring.java","7"
"1","0.9.0","dc1f0bf2046cf08d9484a287dee02ff058961ca4","openjpa-jdbc/src/main/java/org/apache/openjpa/jdbc/kernel/exps/Sum.java","2"
"1","0.9.0","dc1f0bf2046cf08d9484a287dee02ff058961ca4","openjpa-jdbc/src/main/java/org/apache/openjpa/jdbc/kernel/exps/ToLowerCase.java","0"
"1","0.9.0","dc1f0bf2046cf08d9484a287dee02ff058961ca4","openjpa-jdbc/src/main/java/org/apache/openjpa/jdbc/kernel/exps/ToUpperCase.java","0"
"1","0.9.0","dc1f0bf2046cf08d9484a287dee02ff058961ca4","openjpa-jdbc/src/main/java/org/apache/openjpa/jdbc/kernel/exps/Trim.java","9"
"1","0.9.0","dc1f0bf2046cf08d9484a287dee02ff058961ca4","openjpa-jdbc/src/main/java/org/apache/openjpa/jdbc/kernel/exps/UnaryOp.java","6"
"1","0.9.0","dc1f0bf2046cf08d9484a287dee02ff058961ca4","openjpa-jdbc/src/main/java/org/apache/openjpa/jdbc/kernel/exps/Val.java","0"
"1","0.9.0","dc1f0bf2046cf08d9484a287dee02ff058961ca4","openjpa-jdbc/src/main/java/org/apache/openjpa/jdbc/kernel/exps/Variable.java","22"
"1","0.9.0","dc1f0bf2046cf08d9484a287dee02ff058961ca4","openjpa-jdbc/src/main/java/org/apache/openjpa/jdbc/meta/ClassMapping.java","27"
"1","0.9.0","dc1f0bf2046cf08d9484a287dee02ff058961ca4","openjpa-jdbc/src/main/java/org/apache/openjpa/jdbc/meta/ClassMappingInfo.java","16"
"1","0.9.0","dc1f0bf2046cf08d9484a287dee02ff058961ca4","openjpa-jdbc/src/main/java/org/apache/openjpa/jdbc/meta/ClassStrategy.java","0"
"1","0.9.0","dc1f0bf2046cf08d9484a287dee02ff058961ca4","openjpa-jdbc/src/main/java/org/apache/openjpa/jdbc/meta/DelegatingJoinable.java","3"
"1","0.9.0","dc1f0bf2046cf08d9484a287dee02ff058961ca4","openjpa-jdbc/src/main/java/org/apache/openjpa/jdbc/meta/Discriminator.java","9"
"1","0.9.0","dc1f0bf2046cf08d9484a287dee02ff058961ca4","openjpa-jdbc/src/main/java/org/apache/openjpa/jdbc/meta/DiscriminatorMappingInfo.java","3"
"1","0.9.0","dc1f0bf2046cf08d9484a287dee02ff058961ca4","openjpa-jdbc/src/main/java/org/apache/openjpa/jdbc/meta/DiscriminatorStrategy.java","0"
"1","0.9.0","dc1f0bf2046cf08d9484a287dee02ff058961ca4","openjpa-jdbc/src/main/java/org/apache/openjpa/jdbc/meta/Embeddable.java","0"
"1","0.9.0","dc1f0bf2046cf08d9484a287dee02ff058961ca4","openjpa-jdbc/src/main/java/org/apache/openjpa/jdbc/meta/FieldMapping.java","21"
"1","0.9.0","dc1f0bf2046cf08d9484a287dee02ff058961ca4","openjpa-jdbc/src/main/java/org/apache/openjpa/jdbc/meta/FieldMappingInfo.java","9"
"1","0.9.0","dc1f0bf2046cf08d9484a287dee02ff058961ca4","openjpa-jdbc/src/main/java/org/apache/openjpa/jdbc/meta/FieldStrategy.java","0"
"1","0.9.0","dc1f0bf2046cf08d9484a287dee02ff058961ca4","openjpa-jdbc/src/main/java/org/apache/openjpa/jdbc/meta/JDBCColumnOrder.java","2"
"1","0.9.0","dc1f0bf2046cf08d9484a287dee02ff058961ca4","openjpa-jdbc/src/main/java/org/apache/openjpa/jdbc/meta/JDBCOrder.java","0"
"1","0.9.0","dc1f0bf2046cf08d9484a287dee02ff058961ca4","openjpa-jdbc/src/main/java/org/apache/openjpa/jdbc/meta/JDBCRelatedFieldOrder.java","2"
"1","0.9.0","dc1f0bf2046cf08d9484a287dee02ff058961ca4","openjpa-jdbc/src/main/java/org/apache/openjpa/jdbc/meta/JDBCValueOrder.java","2"
"1","0.9.0","dc1f0bf2046cf08d9484a287dee02ff058961ca4","openjpa-jdbc/src/main/java/org/apache/openjpa/jdbc/meta/JavaSQLTypes.java","12"
"1","0.9.0","dc1f0bf2046cf08d9484a287dee02ff058961ca4","openjpa-jdbc/src/main/java/org/apache/openjpa/jdbc/meta/Joinable.java","0"
"1","0.9.0","dc1f0bf2046cf08d9484a287dee02ff058961ca4","openjpa-jdbc/src/main/java/org/apache/openjpa/jdbc/meta/MappingDefaults.java","1"
"1","0.9.0","dc1f0bf2046cf08d9484a287dee02ff058961ca4","openjpa-jdbc/src/main/java/org/apache/openjpa/jdbc/meta/MappingDefaultsImpl.java","25"
"1","0.9.0","dc1f0bf2046cf08d9484a287dee02ff058961ca4","openjpa-jdbc/src/main/java/org/apache/openjpa/jdbc/meta/MappingInfo.java","29"
"1","0.9.0","dc1f0bf2046cf08d9484a287dee02ff058961ca4","openjpa-jdbc/src/main/java/org/apache/openjpa/jdbc/meta/MappingRepository.java","35"
"1","0.9.0","dc1f0bf2046cf08d9484a287dee02ff058961ca4","openjpa-jdbc/src/main/java/org/apache/openjpa/jdbc/meta/MappingStrategyInstaller.java","2"
"1","0.9.0","dc1f0bf2046cf08d9484a287dee02ff058961ca4","openjpa-jdbc/src/main/java/org/apache/openjpa/jdbc/meta/MappingTool.java","41"
"1","0.9.0","dc1f0bf2046cf08d9484a287dee02ff058961ca4","openjpa-jdbc/src/main/java/org/apache/openjpa/jdbc/meta/MetaDataPlusMappingFactory.java","12"
"1","0.9.0","dc1f0bf2046cf08d9484a287dee02ff058961ca4","openjpa-jdbc/src/main/java/org/apache/openjpa/jdbc/meta/NoneMappingDefaults.java","8"
"1","0.9.0","dc1f0bf2046cf08d9484a287dee02ff058961ca4","openjpa-jdbc/src/main/java/org/apache/openjpa/jdbc/meta/NoneStrategyInstaller.java","1"
"1","0.9.0","dc1f0bf2046cf08d9484a287dee02ff058961ca4","openjpa-jdbc/src/main/java/org/apache/openjpa/jdbc/meta/PropertiesReverseCustomizer.java","4"
"1","0.9.0","dc1f0bf2046cf08d9484a287dee02ff058961ca4","openjpa-jdbc/src/main/java/org/apache/openjpa/jdbc/meta/QueryResultMapping.java","23"
"1","0.9.0","dc1f0bf2046cf08d9484a287dee02ff058961ca4","openjpa-jdbc/src/main/java/org/apache/openjpa/jdbc/meta/RefreshStrategyInstaller.java","3"
"1","0.9.0","dc1f0bf2046cf08d9484a287dee02ff058961ca4","openjpa-jdbc/src/main/java/org/apache/openjpa/jdbc/meta/RelationId.java","0"
"1","0.9.0","dc1f0bf2046cf08d9484a287dee02ff058961ca4","openjpa-jdbc/src/main/java/org/apache/openjpa/jdbc/meta/ReverseCustomizer.java","0"
"1","0.9.0","dc1f0bf2046cf08d9484a287dee02ff058961ca4","openjpa-jdbc/src/main/java/org/apache/openjpa/jdbc/meta/ReverseMappingTool.java","61"
"1","0.9.0","dc1f0bf2046cf08d9484a287dee02ff058961ca4","openjpa-jdbc/src/main/java/org/apache/openjpa/jdbc/meta/RuntimeStrategyInstaller.java","1"
"1","0.9.0","dc1f0bf2046cf08d9484a287dee02ff058961ca4","openjpa-jdbc/src/main/java/org/apache/openjpa/jdbc/meta/SequenceMapping.java","7"
"1","0.9.0","dc1f0bf2046cf08d9484a287dee02ff058961ca4","openjpa-jdbc/src/main/java/org/apache/openjpa/jdbc/meta/Strategy.java","0"
"1","0.9.0","dc1f0bf2046cf08d9484a287dee02ff058961ca4","openjpa-jdbc/src/main/java/org/apache/openjpa/jdbc/meta/StrategyInstaller.java","1"
"1","0.9.0","dc1f0bf2046cf08d9484a287dee02ff058961ca4","openjpa-jdbc/src/main/java/org/apache/openjpa/jdbc/meta/ValueHandler.java","0"
"1","0.9.0","dc1f0bf2046cf08d9484a287dee02ff058961ca4","openjpa-jdbc/src/main/java/org/apache/openjpa/jdbc/meta/ValueMapping.java","0"
"1","0.9.0","dc1f0bf2046cf08d9484a287dee02ff058961ca4","openjpa-jdbc/src/main/java/org/apache/openjpa/jdbc/meta/ValueMappingImpl.java","15"
"1","0.9.0","dc1f0bf2046cf08d9484a287dee02ff058961ca4","openjpa-jdbc/src/main/java/org/apache/openjpa/jdbc/meta/ValueMappingInfo.java","7"
"1","0.9.0","dc1f0bf2046cf08d9484a287dee02ff058961ca4","openjpa-jdbc/src/main/java/org/apache/openjpa/jdbc/meta/Version.java","7"
"1","0.9.0","dc1f0bf2046cf08d9484a287dee02ff058961ca4","openjpa-jdbc/src/main/java/org/apache/openjpa/jdbc/meta/VersionMappingInfo.java","0"
"1","0.9.0","dc1f0bf2046cf08d9484a287dee02ff058961ca4","openjpa-jdbc/src/main/java/org/apache/openjpa/jdbc/meta/VersionStrategy.java","0"
"1","0.9.0","dc1f0bf2046cf08d9484a287dee02ff058961ca4","openjpa-jdbc/src/main/java/org/apache/openjpa/jdbc/meta/strats/AbstractClassStrategy.java","0"
"1","0.9.0","dc1f0bf2046cf08d9484a287dee02ff058961ca4","openjpa-jdbc/src/main/java/org/apache/openjpa/jdbc/meta/strats/AbstractDiscriminatorStrategy.java","0"
"1","0.9.0","dc1f0bf2046cf08d9484a287dee02ff058961ca4","openjpa-jdbc/src/main/java/org/apache/openjpa/jdbc/meta/strats/AbstractFieldStrategy.java","1"
"1","0.9.0","dc1f0bf2046cf08d9484a287dee02ff058961ca4","openjpa-jdbc/src/main/java/org/apache/openjpa/jdbc/meta/strats/AbstractStrategy.java","0"
"1","0.9.0","dc1f0bf2046cf08d9484a287dee02ff058961ca4","openjpa-jdbc/src/main/java/org/apache/openjpa/jdbc/meta/strats/AbstractValueHandler.java","0"
"1","0.9.0","dc1f0bf2046cf08d9484a287dee02ff058961ca4","openjpa-jdbc/src/main/java/org/apache/openjpa/jdbc/meta/strats/AbstractVersionStrategy.java","0"
"1","0.9.0","dc1f0bf2046cf08d9484a287dee02ff058961ca4","openjpa-jdbc/src/main/java/org/apache/openjpa/jdbc/meta/strats/BlobValueHandler.java","0"
"1","0.9.0","dc1f0bf2046cf08d9484a287dee02ff058961ca4","openjpa-jdbc/src/main/java/org/apache/openjpa/jdbc/meta/strats/ByteArrayValueHandler.java","2"
"1","0.9.0","dc1f0bf2046cf08d9484a287dee02ff058961ca4","openjpa-jdbc/src/main/java/org/apache/openjpa/jdbc/meta/strats/CharArrayStreamValueHandler.java","2"
"1","0.9.0","dc1f0bf2046cf08d9484a287dee02ff058961ca4","openjpa-jdbc/src/main/java/org/apache/openjpa/jdbc/meta/strats/CharArrayValueHandler.java","2"
"1","0.9.0","dc1f0bf2046cf08d9484a287dee02ff058961ca4","openjpa-jdbc/src/main/java/org/apache/openjpa/jdbc/meta/strats/ClassNameDiscriminatorStrategy.java","5"
"1","0.9.0","dc1f0bf2046cf08d9484a287dee02ff058961ca4","openjpa-jdbc/src/main/java/org/apache/openjpa/jdbc/meta/strats/ClobValueHandler.java","0"
"1","0.9.0","dc1f0bf2046cf08d9484a287dee02ff058961ca4","openjpa-jdbc/src/main/java/org/apache/openjpa/jdbc/meta/strats/ColumnVersionStrategy.java","10"
"1","0.9.0","dc1f0bf2046cf08d9484a287dee02ff058961ca4","openjpa-jdbc/src/main/java/org/apache/openjpa/jdbc/meta/strats/ContainerFieldStrategy.java","7"
"1","0.9.0","dc1f0bf2046cf08d9484a287dee02ff058961ca4","openjpa-jdbc/src/main/java/org/apache/openjpa/jdbc/meta/strats/EmbedFieldStrategy.java","38"
"1","0.9.0","dc1f0bf2046cf08d9484a287dee02ff058961ca4","openjpa-jdbc/src/main/java/org/apache/openjpa/jdbc/meta/strats/EmbedValueHandler.java","9"
"1","0.9.0","dc1f0bf2046cf08d9484a287dee02ff058961ca4","openjpa-jdbc/src/main/java/org/apache/openjpa/jdbc/meta/strats/EmbeddedClassStrategy.java","3"
"1","0.9.0","dc1f0bf2046cf08d9484a287dee02ff058961ca4","openjpa-jdbc/src/main/java/org/apache/openjpa/jdbc/meta/strats/FlatClassStrategy.java","3"
"1","0.9.0","dc1f0bf2046cf08d9484a287dee02ff058961ca4","openjpa-jdbc/src/main/java/org/apache/openjpa/jdbc/meta/strats/FullClassStrategy.java","10"
"1","0.9.0","dc1f0bf2046cf08d9484a287dee02ff058961ca4","openjpa-jdbc/src/main/java/org/apache/openjpa/jdbc/meta/strats/HandlerFieldStrategy.java","26"
"1","0.9.0","dc1f0bf2046cf08d9484a287dee02ff058961ca4","openjpa-jdbc/src/main/java/org/apache/openjpa/jdbc/meta/strats/HandlerHandlerMapTableFieldStrategy.java","14"
"1","0.9.0","dc1f0bf2046cf08d9484a287dee02ff058961ca4","openjpa-jdbc/src/main/java/org/apache/openjpa/jdbc/meta/strats/HandlerStrategies.java","4"
"1","0.9.0","dc1f0bf2046cf08d9484a287dee02ff058961ca4","openjpa-jdbc/src/main/java/org/apache/openjpa/jdbc/meta/strats/IdentityJoinable.java","0"
"1","0.9.0","dc1f0bf2046cf08d9484a287dee02ff058961ca4","openjpa-jdbc/src/main/java/org/apache/openjpa/jdbc/meta/strats/ImmutableValueHandler.java","3"
"1","0.9.0","dc1f0bf2046cf08d9484a287dee02ff058961ca4","openjpa-jdbc/src/main/java/org/apache/openjpa/jdbc/meta/strats/InValueDiscriminatorStrategy.java","5"
"1","0.9.0","dc1f0bf2046cf08d9484a287dee02ff058961ca4","openjpa-jdbc/src/main/java/org/apache/openjpa/jdbc/meta/strats/LRSCollectionFieldStrategy.java","0"
"1","0.9.0","dc1f0bf2046cf08d9484a287dee02ff058961ca4","openjpa-jdbc/src/main/java/org/apache/openjpa/jdbc/meta/strats/LRSMapFieldStrategy.java","0"
"1","0.9.0","dc1f0bf2046cf08d9484a287dee02ff058961ca4","openjpa-jdbc/src/main/java/org/apache/openjpa/jdbc/meta/strats/LRSProxyCollection.java","11"
"1","0.9.0","dc1f0bf2046cf08d9484a287dee02ff058961ca4","openjpa-jdbc/src/main/java/org/apache/openjpa/jdbc/meta/strats/LRSProxyMap.java","16"
"1","0.9.0","dc1f0bf2046cf08d9484a287dee02ff058961ca4","openjpa-jdbc/src/main/java/org/apache/openjpa/jdbc/meta/strats/MapTableFieldStrategy.java","10"
"1","0.9.0","dc1f0bf2046cf08d9484a287dee02ff058961ca4","openjpa-jdbc/src/main/java/org/apache/openjpa/jdbc/meta/strats/MaxEmbeddedBlobFieldStrategy.java","3"
"1","0.9.0","dc1f0bf2046cf08d9484a287dee02ff058961ca4","openjpa-jdbc/src/main/java/org/apache/openjpa/jdbc/meta/strats/MaxEmbeddedByteArrayFieldStrategy.java","5"
"1","0.9.0","dc1f0bf2046cf08d9484a287dee02ff058961ca4","openjpa-jdbc/src/main/java/org/apache/openjpa/jdbc/meta/strats/MaxEmbeddedCharArrayFieldStrategy.java","4"
"1","0.9.0","dc1f0bf2046cf08d9484a287dee02ff058961ca4","openjpa-jdbc/src/main/java/org/apache/openjpa/jdbc/meta/strats/MaxEmbeddedClobFieldStrategy.java","3"
"1","0.9.0","dc1f0bf2046cf08d9484a287dee02ff058961ca4","openjpa-jdbc/src/main/java/org/apache/openjpa/jdbc/meta/strats/MaxEmbeddedLobFieldStrategy.java","21"
"1","0.9.0","dc1f0bf2046cf08d9484a287dee02ff058961ca4","openjpa-jdbc/src/main/java/org/apache/openjpa/jdbc/meta/strats/NoneClassStrategy.java","6"
"1","0.9.0","dc1f0bf2046cf08d9484a287dee02ff058961ca4","openjpa-jdbc/src/main/java/org/apache/openjpa/jdbc/meta/strats/NoneDiscriminatorStrategy.java","2"
"1","0.9.0","dc1f0bf2046cf08d9484a287dee02ff058961ca4","openjpa-jdbc/src/main/java/org/apache/openjpa/jdbc/meta/strats/NoneFieldStrategy.java","3"
"1","0.9.0","dc1f0bf2046cf08d9484a287dee02ff058961ca4","openjpa-jdbc/src/main/java/org/apache/openjpa/jdbc/meta/strats/NoneVersionStrategy.java","3"
"1","0.9.0","dc1f0bf2046cf08d9484a287dee02ff058961ca4","openjpa-jdbc/src/main/java/org/apache/openjpa/jdbc/meta/strats/NumberVersionStrategy.java","2"
"1","0.9.0","dc1f0bf2046cf08d9484a287dee02ff058961ca4","openjpa-jdbc/src/main/java/org/apache/openjpa/jdbc/meta/strats/ObjectIdClassStrategy.java","1"
"1","0.9.0","dc1f0bf2046cf08d9484a287dee02ff058961ca4","openjpa-jdbc/src/main/java/org/apache/openjpa/jdbc/meta/strats/ObjectIdValueHandler.java","4"
"1","0.9.0","dc1f0bf2046cf08d9484a287dee02ff058961ca4","openjpa-jdbc/src/main/java/org/apache/openjpa/jdbc/meta/strats/PrimitiveFieldStrategy.java","17"
"1","0.9.0","dc1f0bf2046cf08d9484a287dee02ff058961ca4","openjpa-jdbc/src/main/java/org/apache/openjpa/jdbc/meta/strats/PrimitiveWrapperArrays.java","3"
"1","0.9.0","dc1f0bf2046cf08d9484a287dee02ff058961ca4","openjpa-jdbc/src/main/java/org/apache/openjpa/jdbc/meta/strats/RelationCollectionInverseKeyFieldStrategy.java","8"
"1","0.9.0","dc1f0bf2046cf08d9484a287dee02ff058961ca4","openjpa-jdbc/src/main/java/org/apache/openjpa/jdbc/meta/strats/RelationCollectionTableFieldStrategy.java","8"
"1","0.9.0","dc1f0bf2046cf08d9484a287dee02ff058961ca4","openjpa-jdbc/src/main/java/org/apache/openjpa/jdbc/meta/strats/RelationFieldStrategy.java","52"
"1","0.9.0","dc1f0bf2046cf08d9484a287dee02ff058961ca4","openjpa-jdbc/src/main/java/org/apache/openjpa/jdbc/meta/strats/RelationMapInverseKeyFieldStrategy.java","8"
"1","0.9.0","dc1f0bf2046cf08d9484a287dee02ff058961ca4","openjpa-jdbc/src/main/java/org/apache/openjpa/jdbc/meta/strats/RelationMapTableFieldStrategy.java","8"
"1","0.9.0","dc1f0bf2046cf08d9484a287dee02ff058961ca4","openjpa-jdbc/src/main/java/org/apache/openjpa/jdbc/meta/strats/RelationStrategies.java","3"
"1","0.9.0","dc1f0bf2046cf08d9484a287dee02ff058961ca4","openjpa-jdbc/src/main/java/org/apache/openjpa/jdbc/meta/strats/RelationToManyInverseKeyFieldStrategy.java","12"
"1","0.9.0","dc1f0bf2046cf08d9484a287dee02ff058961ca4","openjpa-jdbc/src/main/java/org/apache/openjpa/jdbc/meta/strats/RelationToManyTableFieldStrategy.java","11"
"1","0.9.0","dc1f0bf2046cf08d9484a287dee02ff058961ca4","openjpa-jdbc/src/main/java/org/apache/openjpa/jdbc/meta/strats/StateComparisonVersionStrategy.java","14"
"1","0.9.0","dc1f0bf2046cf08d9484a287dee02ff058961ca4","openjpa-jdbc/src/main/java/org/apache/openjpa/jdbc/meta/strats/StoreCollectionFieldStrategy.java","22"
"1","0.9.0","dc1f0bf2046cf08d9484a287dee02ff058961ca4","openjpa-jdbc/src/main/java/org/apache/openjpa/jdbc/meta/strats/StringFieldStrategy.java","16"
"1","0.9.0","dc1f0bf2046cf08d9484a287dee02ff058961ca4","openjpa-jdbc/src/main/java/org/apache/openjpa/jdbc/meta/strats/SubclassJoinDiscriminatorStrategy.java","6"
"1","0.9.0","dc1f0bf2046cf08d9484a287dee02ff058961ca4","openjpa-jdbc/src/main/java/org/apache/openjpa/jdbc/meta/strats/SuperclassDiscriminatorStrategy.java","4"
"1","0.9.0","dc1f0bf2046cf08d9484a287dee02ff058961ca4","openjpa-jdbc/src/main/java/org/apache/openjpa/jdbc/meta/strats/SuperclassVersionStrategy.java","3"
"1","0.9.0","dc1f0bf2046cf08d9484a287dee02ff058961ca4","openjpa-jdbc/src/main/java/org/apache/openjpa/jdbc/meta/strats/TimestampVersionStrategy.java","1"
"1","0.9.0","dc1f0bf2046cf08d9484a287dee02ff058961ca4","openjpa-jdbc/src/main/java/org/apache/openjpa/jdbc/meta/strats/UntypedPCValueHandler.java","4"
"1","0.9.0","dc1f0bf2046cf08d9484a287dee02ff058961ca4","openjpa-jdbc/src/main/java/org/apache/openjpa/jdbc/meta/strats/ValueMapDiscriminatorStrategy.java","3"
"1","0.9.0","dc1f0bf2046cf08d9484a287dee02ff058961ca4","openjpa-jdbc/src/main/java/org/apache/openjpa/jdbc/meta/strats/VerticalClassStrategy.java","10"
"1","0.9.0","dc1f0bf2046cf08d9484a287dee02ff058961ca4","openjpa-jdbc/src/main/java/org/apache/openjpa/jdbc/schema/Column.java","24"
"1","0.9.0","dc1f0bf2046cf08d9484a287dee02ff058961ca4","openjpa-jdbc/src/main/java/org/apache/openjpa/jdbc/schema/ColumnIO.java","8"
"1","0.9.0","dc1f0bf2046cf08d9484a287dee02ff058961ca4","openjpa-jdbc/src/main/java/org/apache/openjpa/jdbc/schema/Constraint.java","7"
"1","0.9.0","dc1f0bf2046cf08d9484a287dee02ff058961ca4","openjpa-jdbc/src/main/java/org/apache/openjpa/jdbc/schema/DataSourceFactory.java","8"
"1","0.9.0","dc1f0bf2046cf08d9484a287dee02ff058961ca4","openjpa-jdbc/src/main/java/org/apache/openjpa/jdbc/schema/DriverDataSource.java","0"
"1","0.9.0","dc1f0bf2046cf08d9484a287dee02ff058961ca4","openjpa-jdbc/src/main/java/org/apache/openjpa/jdbc/schema/DynamicSchemaFactory.java","11"
"1","0.9.0","dc1f0bf2046cf08d9484a287dee02ff058961ca4","openjpa-jdbc/src/main/java/org/apache/openjpa/jdbc/schema/FileSchemaFactory.java","8"
"1","0.9.0","dc1f0bf2046cf08d9484a287dee02ff058961ca4","openjpa-jdbc/src/main/java/org/apache/openjpa/jdbc/schema/ForeignKey.java","27"
"1","0.9.0","dc1f0bf2046cf08d9484a287dee02ff058961ca4","openjpa-jdbc/src/main/java/org/apache/openjpa/jdbc/schema/Index.java","1"
"1","0.9.0","dc1f0bf2046cf08d9484a287dee02ff058961ca4","openjpa-jdbc/src/main/java/org/apache/openjpa/jdbc/schema/LazySchemaFactory.java","13"
"1","0.9.0","dc1f0bf2046cf08d9484a287dee02ff058961ca4","openjpa-jdbc/src/main/java/org/apache/openjpa/jdbc/schema/LocalConstraint.java","5"
"1","0.9.0","dc1f0bf2046cf08d9484a287dee02ff058961ca4","openjpa-jdbc/src/main/java/org/apache/openjpa/jdbc/schema/NameSet.java","1"
"1","0.9.0","dc1f0bf2046cf08d9484a287dee02ff058961ca4","openjpa-jdbc/src/main/java/org/apache/openjpa/jdbc/schema/PrimaryKey.java","3"
"1","0.9.0","dc1f0bf2046cf08d9484a287dee02ff058961ca4","openjpa-jdbc/src/main/java/org/apache/openjpa/jdbc/schema/ReferenceCounter.java","1"
"1","0.9.0","dc1f0bf2046cf08d9484a287dee02ff058961ca4","openjpa-jdbc/src/main/java/org/apache/openjpa/jdbc/schema/Schema.java","6"
"1","0.9.0","dc1f0bf2046cf08d9484a287dee02ff058961ca4","openjpa-jdbc/src/main/java/org/apache/openjpa/jdbc/schema/SchemaFactory.java","0"
"1","0.9.0","dc1f0bf2046cf08d9484a287dee02ff058961ca4","openjpa-jdbc/src/main/java/org/apache/openjpa/jdbc/schema/SchemaGenerator.java","41"
"1","0.9.0","dc1f0bf2046cf08d9484a287dee02ff058961ca4","openjpa-jdbc/src/main/java/org/apache/openjpa/jdbc/schema/SchemaGroup.java","5"
"1","0.9.0","dc1f0bf2046cf08d9484a287dee02ff058961ca4","openjpa-jdbc/src/main/java/org/apache/openjpa/jdbc/schema/SchemaParser.java","0"
"1","0.9.0","dc1f0bf2046cf08d9484a287dee02ff058961ca4","openjpa-jdbc/src/main/java/org/apache/openjpa/jdbc/schema/SchemaSerializer.java","0"
"1","0.9.0","dc1f0bf2046cf08d9484a287dee02ff058961ca4","openjpa-jdbc/src/main/java/org/apache/openjpa/jdbc/schema/SchemaTool.java","47"
"1","0.9.0","dc1f0bf2046cf08d9484a287dee02ff058961ca4","openjpa-jdbc/src/main/java/org/apache/openjpa/jdbc/schema/Schemas.java","3"
"1","0.9.0","dc1f0bf2046cf08d9484a287dee02ff058961ca4","openjpa-jdbc/src/main/java/org/apache/openjpa/jdbc/schema/Sequence.java","9"
"1","0.9.0","dc1f0bf2046cf08d9484a287dee02ff058961ca4","openjpa-jdbc/src/main/java/org/apache/openjpa/jdbc/schema/SimpleDriverDataSource.java","18"
"1","0.9.0","dc1f0bf2046cf08d9484a287dee02ff058961ca4","openjpa-jdbc/src/main/java/org/apache/openjpa/jdbc/schema/Table.java","21"
"1","0.9.0","dc1f0bf2046cf08d9484a287dee02ff058961ca4","openjpa-jdbc/src/main/java/org/apache/openjpa/jdbc/schema/TableSchemaFactory.java","25"
"1","0.9.0","dc1f0bf2046cf08d9484a287dee02ff058961ca4","openjpa-jdbc/src/main/java/org/apache/openjpa/jdbc/schema/Unique.java","0"
"1","0.9.0","dc1f0bf2046cf08d9484a287dee02ff058961ca4","openjpa-jdbc/src/main/java/org/apache/openjpa/jdbc/schema/XMLSchemaParser.java","22"
"1","0.9.0","dc1f0bf2046cf08d9484a287dee02ff058961ca4","openjpa-jdbc/src/main/java/org/apache/openjpa/jdbc/schema/XMLSchemaSerializer.java","4"
"1","0.9.0","dc1f0bf2046cf08d9484a287dee02ff058961ca4","openjpa-jdbc/src/main/java/org/apache/openjpa/jdbc/sql/AbstractDB2Dictionary.java","4"
"1","0.9.0","dc1f0bf2046cf08d9484a287dee02ff058961ca4","openjpa-jdbc/src/main/java/org/apache/openjpa/jdbc/sql/AbstractResult.java","15"
"1","0.9.0","dc1f0bf2046cf08d9484a287dee02ff058961ca4","openjpa-jdbc/src/main/java/org/apache/openjpa/jdbc/sql/AbstractSQLServerDictionary.java","11"
"1","0.9.0","dc1f0bf2046cf08d9484a287dee02ff058961ca4","openjpa-jdbc/src/main/java/org/apache/openjpa/jdbc/sql/AccessDictionary.java","3"
"1","0.9.0","dc1f0bf2046cf08d9484a287dee02ff058961ca4","openjpa-jdbc/src/main/java/org/apache/openjpa/jdbc/sql/CacheDictionary.java","0"
"1","0.9.0","dc1f0bf2046cf08d9484a287dee02ff058961ca4","openjpa-jdbc/src/main/java/org/apache/openjpa/jdbc/sql/Calendard.java","0"
"1","0.9.0","dc1f0bf2046cf08d9484a287dee02ff058961ca4","openjpa-jdbc/src/main/java/org/apache/openjpa/jdbc/sql/DB2Dictionary.java","10"
"1","0.9.0","dc1f0bf2046cf08d9484a287dee02ff058961ca4","openjpa-jdbc/src/main/java/org/apache/openjpa/jdbc/sql/DBDictionary.java","100"
"1","0.9.0","dc1f0bf2046cf08d9484a287dee02ff058961ca4","openjpa-jdbc/src/main/java/org/apache/openjpa/jdbc/sql/DBDictionaryFactory.java","5"
"1","0.9.0","dc1f0bf2046cf08d9484a287dee02ff058961ca4","openjpa-jdbc/src/main/java/org/apache/openjpa/jdbc/sql/DerbyDictionary.java","3"
"1","0.9.0","dc1f0bf2046cf08d9484a287dee02ff058961ca4","openjpa-jdbc/src/main/java/org/apache/openjpa/jdbc/sql/EmpressDictionary.java","14"
"1","0.9.0","dc1f0bf2046cf08d9484a287dee02ff058961ca4","openjpa-jdbc/src/main/java/org/apache/openjpa/jdbc/sql/FirebirdDictionary.java","2"
"1","0.9.0","dc1f0bf2046cf08d9484a287dee02ff058961ca4","openjpa-jdbc/src/main/java/org/apache/openjpa/jdbc/sql/FoxProDictionary.java","12"
"1","0.9.0","dc1f0bf2046cf08d9484a287dee02ff058961ca4","openjpa-jdbc/src/main/java/org/apache/openjpa/jdbc/sql/HSQLDictionary.java","22"
"1","0.9.0","dc1f0bf2046cf08d9484a287dee02ff058961ca4","openjpa-jdbc/src/main/java/org/apache/openjpa/jdbc/sql/InformixDictionary.java","16"
"1","0.9.0","dc1f0bf2046cf08d9484a287dee02ff058961ca4","openjpa-jdbc/src/main/java/org/apache/openjpa/jdbc/sql/InterbaseDictionary.java","7"
"1","0.9.0","dc1f0bf2046cf08d9484a287dee02ff058961ca4","openjpa-jdbc/src/main/java/org/apache/openjpa/jdbc/sql/JDataStoreDictionary.java","4"
"1","0.9.0","dc1f0bf2046cf08d9484a287dee02ff058961ca4","openjpa-jdbc/src/main/java/org/apache/openjpa/jdbc/sql/Join.java","11"
"1","0.9.0","dc1f0bf2046cf08d9484a287dee02ff058961ca4","openjpa-jdbc/src/main/java/org/apache/openjpa/jdbc/sql/JoinSet.java","10"
"1","0.9.0","dc1f0bf2046cf08d9484a287dee02ff058961ca4","openjpa-jdbc/src/main/java/org/apache/openjpa/jdbc/sql/JoinSyntaxes.java","1"
"1","0.9.0","dc1f0bf2046cf08d9484a287dee02ff058961ca4","openjpa-jdbc/src/main/java/org/apache/openjpa/jdbc/sql/Joins.java","1"
"1","0.9.0","dc1f0bf2046cf08d9484a287dee02ff058961ca4","openjpa-jdbc/src/main/java/org/apache/openjpa/jdbc/sql/LogicalUnion.java","9"
"1","0.9.0","dc1f0bf2046cf08d9484a287dee02ff058961ca4","openjpa-jdbc/src/main/java/org/apache/openjpa/jdbc/sql/MergedResult.java","9"
"1","0.9.0","dc1f0bf2046cf08d9484a287dee02ff058961ca4","openjpa-jdbc/src/main/java/org/apache/openjpa/jdbc/sql/MySQLDictionary.java","10"
"1","0.9.0","dc1f0bf2046cf08d9484a287dee02ff058961ca4","openjpa-jdbc/src/main/java/org/apache/openjpa/jdbc/sql/OracleDictionary.java","82"
"1","0.9.0","dc1f0bf2046cf08d9484a287dee02ff058961ca4","openjpa-jdbc/src/main/java/org/apache/openjpa/jdbc/sql/PointbaseDictionary.java","6"
"1","0.9.0","dc1f0bf2046cf08d9484a287dee02ff058961ca4","openjpa-jdbc/src/main/java/org/apache/openjpa/jdbc/sql/PostgresDictionary.java","25"
"1","0.9.0","dc1f0bf2046cf08d9484a287dee02ff058961ca4","openjpa-jdbc/src/main/java/org/apache/openjpa/jdbc/sql/PrimaryRow.java","31"
"1","0.9.0","dc1f0bf2046cf08d9484a287dee02ff058961ca4","openjpa-jdbc/src/main/java/org/apache/openjpa/jdbc/sql/Raw.java","0"
"1","0.9.0","dc1f0bf2046cf08d9484a287dee02ff058961ca4","openjpa-jdbc/src/main/java/org/apache/openjpa/jdbc/sql/Result.java","0"
"1","0.9.0","dc1f0bf2046cf08d9484a287dee02ff058961ca4","openjpa-jdbc/src/main/java/org/apache/openjpa/jdbc/sql/ResultSetResult.java","51"
"1","0.9.0","dc1f0bf2046cf08d9484a287dee02ff058961ca4","openjpa-jdbc/src/main/java/org/apache/openjpa/jdbc/sql/Row.java","0"
"1","0.9.0","dc1f0bf2046cf08d9484a287dee02ff058961ca4","openjpa-jdbc/src/main/java/org/apache/openjpa/jdbc/sql/RowImpl.java","25"
"1","0.9.0","dc1f0bf2046cf08d9484a287dee02ff058961ca4","openjpa-jdbc/src/main/java/org/apache/openjpa/jdbc/sql/RowManager.java","0"
"1","0.9.0","dc1f0bf2046cf08d9484a287dee02ff058961ca4","openjpa-jdbc/src/main/java/org/apache/openjpa/jdbc/sql/RowManagerImpl.java","20"
"1","0.9.0","dc1f0bf2046cf08d9484a287dee02ff058961ca4","openjpa-jdbc/src/main/java/org/apache/openjpa/jdbc/sql/SQLBuffer.java","23"
"1","0.9.0","dc1f0bf2046cf08d9484a287dee02ff058961ca4","openjpa-jdbc/src/main/java/org/apache/openjpa/jdbc/sql/SQLExceptions.java","1"
"1","0.9.0","dc1f0bf2046cf08d9484a287dee02ff058961ca4","openjpa-jdbc/src/main/java/org/apache/openjpa/jdbc/sql/SQLFactory.java","0"
"1","0.9.0","dc1f0bf2046cf08d9484a287dee02ff058961ca4","openjpa-jdbc/src/main/java/org/apache/openjpa/jdbc/sql/SQLFactoryImpl.java","3"
"1","0.9.0","dc1f0bf2046cf08d9484a287dee02ff058961ca4","openjpa-jdbc/src/main/java/org/apache/openjpa/jdbc/sql/SQLServerDictionary.java","3"
"1","0.9.0","dc1f0bf2046cf08d9484a287dee02ff058961ca4","openjpa-jdbc/src/main/java/org/apache/openjpa/jdbc/sql/SecondaryRow.java","11"
"1","0.9.0","dc1f0bf2046cf08d9484a287dee02ff058961ca4","openjpa-jdbc/src/main/java/org/apache/openjpa/jdbc/sql/Select.java","0"
"1","0.9.0","dc1f0bf2046cf08d9484a287dee02ff058961ca4","openjpa-jdbc/src/main/java/org/apache/openjpa/jdbc/sql/SelectExecutor.java","0"
"1","0.9.0","dc1f0bf2046cf08d9484a287dee02ff058961ca4","openjpa-jdbc/src/main/java/org/apache/openjpa/jdbc/sql/SelectImpl.java","122"
"1","0.9.0","dc1f0bf2046cf08d9484a287dee02ff058961ca4","openjpa-jdbc/src/main/java/org/apache/openjpa/jdbc/sql/Sized.java","0"
"1","0.9.0","dc1f0bf2046cf08d9484a287dee02ff058961ca4","openjpa-jdbc/src/main/java/org/apache/openjpa/jdbc/sql/SybaseDictionary.java","15"
"1","0.9.0","dc1f0bf2046cf08d9484a287dee02ff058961ca4","openjpa-jdbc/src/main/java/org/apache/openjpa/jdbc/sql/Union.java","0"
"1","0.9.0","dc1f0bf2046cf08d9484a287dee02ff058961ca4","openjpa-kernel-4/src/main/java/org/apache/openjpa/util/ProxyGregorianCalendar4.java","2"
"1","0.9.0","dc1f0bf2046cf08d9484a287dee02ff058961ca4","openjpa-kernel-5/src/main/java/org/apache/openjpa/enhance/PCClassFileTransformer.java","14"
"1","0.9.0","dc1f0bf2046cf08d9484a287dee02ff058961ca4","openjpa-kernel-5/src/main/java/org/apache/openjpa/enhance/PCEnhancerAgent.java","1"
"1","0.9.0","dc1f0bf2046cf08d9484a287dee02ff058961ca4","openjpa-kernel/src/main/java/org/apache/openjpa/abstractstore/AbstractStoreBrokerFactory.java","4"
"1","0.9.0","dc1f0bf2046cf08d9484a287dee02ff058961ca4","openjpa-kernel/src/main/java/org/apache/openjpa/abstractstore/AbstractStoreManager.java","5"
"1","0.9.0","dc1f0bf2046cf08d9484a287dee02ff058961ca4","openjpa-kernel/src/main/java/org/apache/openjpa/ant/MetaDataToolTask.java","2"
"1","0.9.0","dc1f0bf2046cf08d9484a287dee02ff058961ca4","openjpa-kernel/src/main/java/org/apache/openjpa/ant/PCEnhancerTask.java","0"
"1","0.9.0","dc1f0bf2046cf08d9484a287dee02ff058961ca4","openjpa-kernel/src/main/java/org/apache/openjpa/conf/AutoDetachValue.java","4"
"1","0.9.0","dc1f0bf2046cf08d9484a287dee02ff058961ca4","openjpa-kernel/src/main/java/org/apache/openjpa/conf/BrokerFactoryValue.java","1"
"1","0.9.0","dc1f0bf2046cf08d9484a287dee02ff058961ca4","openjpa-kernel/src/main/java/org/apache/openjpa/conf/Compatibility.java","6"
"1","0.9.0","dc1f0bf2046cf08d9484a287dee02ff058961ca4","openjpa-kernel/src/main/java/org/apache/openjpa/conf/DetachOptions.java","4"
"1","0.9.0","dc1f0bf2046cf08d9484a287dee02ff058961ca4","openjpa-kernel/src/main/java/org/apache/openjpa/conf/OpenJPAConfiguration.java","0"
"1","0.9.0","dc1f0bf2046cf08d9484a287dee02ff058961ca4","openjpa-kernel/src/main/java/org/apache/openjpa/conf/OpenJPAConfigurationImpl.java","70"
"1","0.9.0","dc1f0bf2046cf08d9484a287dee02ff058961ca4","openjpa-kernel/src/main/java/org/apache/openjpa/conf/OpenJPAVersion.java","4"
"1","0.9.0","dc1f0bf2046cf08d9484a287dee02ff058961ca4","openjpa-kernel/src/main/java/org/apache/openjpa/conf/ProductDerivation.java","0"
"1","0.9.0","dc1f0bf2046cf08d9484a287dee02ff058961ca4","openjpa-kernel/src/main/java/org/apache/openjpa/conf/ProductDerivations.java","2"
"1","0.9.0","dc1f0bf2046cf08d9484a287dee02ff058961ca4","openjpa-kernel/src/main/java/org/apache/openjpa/conf/RemoteCommitProviderValue.java","6"
"1","0.9.0","dc1f0bf2046cf08d9484a287dee02ff058961ca4","openjpa-kernel/src/main/java/org/apache/openjpa/conf/SeqValue.java","0"
"1","0.9.0","dc1f0bf2046cf08d9484a287dee02ff058961ca4","openjpa-kernel/src/main/java/org/apache/openjpa/datacache/AbstractDataCache.java","3"
"1","0.9.0","dc1f0bf2046cf08d9484a287dee02ff058961ca4","openjpa-kernel/src/main/java/org/apache/openjpa/datacache/AbstractQueryCache.java","2"
"1","0.9.0","dc1f0bf2046cf08d9484a287dee02ff058961ca4","openjpa-kernel/src/main/java/org/apache/openjpa/datacache/Caches.java","2"
"1","0.9.0","dc1f0bf2046cf08d9484a287dee02ff058961ca4","openjpa-kernel/src/main/java/org/apache/openjpa/datacache/ConcurrentDataCache.java","4"
"1","0.9.0","dc1f0bf2046cf08d9484a287dee02ff058961ca4","openjpa-kernel/src/main/java/org/apache/openjpa/datacache/ConcurrentQueryCache.java","2"
"1","0.9.0","dc1f0bf2046cf08d9484a287dee02ff058961ca4","openjpa-kernel/src/main/java/org/apache/openjpa/datacache/DataCache.java","0"
"1","0.9.0","dc1f0bf2046cf08d9484a287dee02ff058961ca4","openjpa-kernel/src/main/java/org/apache/openjpa/datacache/DataCacheManager.java","0"
"1","0.9.0","dc1f0bf2046cf08d9484a287dee02ff058961ca4","openjpa-kernel/src/main/java/org/apache/openjpa/datacache/DataCacheManagerImpl.java","4"
"1","0.9.0","dc1f0bf2046cf08d9484a287dee02ff058961ca4","openjpa-kernel/src/main/java/org/apache/openjpa/datacache/DataCachePCData.java","0"
"1","0.9.0","dc1f0bf2046cf08d9484a287dee02ff058961ca4","openjpa-kernel/src/main/java/org/apache/openjpa/datacache/DataCachePCDataGenerator.java","15"
"1","0.9.0","dc1f0bf2046cf08d9484a287dee02ff058961ca4","openjpa-kernel/src/main/java/org/apache/openjpa/datacache/DataCachePCDataImpl.java","19"
"1","0.9.0","dc1f0bf2046cf08d9484a287dee02ff058961ca4","openjpa-kernel/src/main/java/org/apache/openjpa/datacache/DataCacheScheduler.java","7"
"1","0.9.0","dc1f0bf2046cf08d9484a287dee02ff058961ca4","openjpa-kernel/src/main/java/org/apache/openjpa/datacache/DataCacheStoreManager.java","24"
"1","0.9.0","dc1f0bf2046cf08d9484a287dee02ff058961ca4","openjpa-kernel/src/main/java/org/apache/openjpa/datacache/DelegatingDataCache.java","3"
"1","0.9.0","dc1f0bf2046cf08d9484a287dee02ff058961ca4","openjpa-kernel/src/main/java/org/apache/openjpa/datacache/DelegatingQueryCache.java","6"
"1","0.9.0","dc1f0bf2046cf08d9484a287dee02ff058961ca4","openjpa-kernel/src/main/java/org/apache/openjpa/datacache/ExpirationEvent.java","3"
"1","0.9.0","dc1f0bf2046cf08d9484a287dee02ff058961ca4","openjpa-kernel/src/main/java/org/apache/openjpa/datacache/ExpirationListener.java","0"
"1","0.9.0","dc1f0bf2046cf08d9484a287dee02ff058961ca4","openjpa-kernel/src/main/java/org/apache/openjpa/datacache/QueryCache.java","0"
"1","0.9.0","dc1f0bf2046cf08d9484a287dee02ff058961ca4","openjpa-kernel/src/main/java/org/apache/openjpa/datacache/QueryCacheStoreQuery.java","31"
"1","0.9.0","dc1f0bf2046cf08d9484a287dee02ff058961ca4","openjpa-kernel/src/main/java/org/apache/openjpa/datacache/QueryKey.java","17"
"1","0.9.0","dc1f0bf2046cf08d9484a287dee02ff058961ca4","openjpa-kernel/src/main/java/org/apache/openjpa/datacache/QueryResult.java","2"
"1","0.9.0","dc1f0bf2046cf08d9484a287dee02ff058961ca4","openjpa-kernel/src/main/java/org/apache/openjpa/datacache/TypesChangedEvent.java","2"
"1","0.9.0","dc1f0bf2046cf08d9484a287dee02ff058961ca4","openjpa-kernel/src/main/java/org/apache/openjpa/datacache/TypesChangedListener.java","0"
"1","0.9.0","dc1f0bf2046cf08d9484a287dee02ff058961ca4","openjpa-kernel/src/main/java/org/apache/openjpa/ee/AutomaticManagedRuntime.java","13"
"1","0.9.0","dc1f0bf2046cf08d9484a287dee02ff058961ca4","openjpa-kernel/src/main/java/org/apache/openjpa/ee/InvocationManagedRuntime.java","7"
"1","0.9.0","dc1f0bf2046cf08d9484a287dee02ff058961ca4","openjpa-kernel/src/main/java/org/apache/openjpa/ee/JNDIManagedRuntime.java","1"
"1","0.9.0","dc1f0bf2046cf08d9484a287dee02ff058961ca4","openjpa-kernel/src/main/java/org/apache/openjpa/ee/ManagedRuntime.java","1"
"1","0.9.0","dc1f0bf2046cf08d9484a287dee02ff058961ca4","openjpa-kernel/src/main/java/org/apache/openjpa/ee/SunOneManagedRuntime.java","3"
"1","0.9.0","dc1f0bf2046cf08d9484a287dee02ff058961ca4","openjpa-kernel/src/main/java/org/apache/openjpa/ee/WLSManagedRuntime.java","3"
"1","0.9.0","dc1f0bf2046cf08d9484a287dee02ff058961ca4","openjpa-kernel/src/main/java/org/apache/openjpa/enhance/ApplicationIdTool.java","36"
"1","0.9.0","dc1f0bf2046cf08d9484a287dee02ff058961ca4","openjpa-kernel/src/main/java/org/apache/openjpa/enhance/CodeGenerator.java","12"
"1","0.9.0","dc1f0bf2046cf08d9484a287dee02ff058961ca4","openjpa-kernel/src/main/java/org/apache/openjpa/enhance/DynamicStorage.java","0"
"1","0.9.0","dc1f0bf2046cf08d9484a287dee02ff058961ca4","openjpa-kernel/src/main/java/org/apache/openjpa/enhance/DynamicStorageGenerator.java","15"
"1","0.9.0","dc1f0bf2046cf08d9484a287dee02ff058961ca4","openjpa-kernel/src/main/java/org/apache/openjpa/enhance/FieldConsumer.java","0"
"1","0.9.0","dc1f0bf2046cf08d9484a287dee02ff058961ca4","openjpa-kernel/src/main/java/org/apache/openjpa/enhance/FieldManager.java","0"
"1","0.9.0","dc1f0bf2046cf08d9484a287dee02ff058961ca4","openjpa-kernel/src/main/java/org/apache/openjpa/enhance/FieldSupplier.java","0"
"1","0.9.0","dc1f0bf2046cf08d9484a287dee02ff058961ca4","openjpa-kernel/src/main/java/org/apache/openjpa/enhance/PCDataGenerator.java","64"
"1","0.9.0","dc1f0bf2046cf08d9484a287dee02ff058961ca4","openjpa-kernel/src/main/java/org/apache/openjpa/enhance/PCEnhancer.java","139"
"1","0.9.0","dc1f0bf2046cf08d9484a287dee02ff058961ca4","openjpa-kernel/src/main/java/org/apache/openjpa/enhance/PCRegistry.java","2"
"1","0.9.0","dc1f0bf2046cf08d9484a287dee02ff058961ca4","openjpa-kernel/src/main/java/org/apache/openjpa/enhance/PersistenceCapable.java","0"
"1","0.9.0","dc1f0bf2046cf08d9484a287dee02ff058961ca4","openjpa-kernel/src/main/java/org/apache/openjpa/enhance/StateManager.java","0"
"1","0.9.0","dc1f0bf2046cf08d9484a287dee02ff058961ca4","openjpa-kernel/src/main/java/org/apache/openjpa/event/AbstractLifecycleListener.java","0"
"1","0.9.0","dc1f0bf2046cf08d9484a287dee02ff058961ca4","openjpa-kernel/src/main/java/org/apache/openjpa/event/AbstractRemoteCommitProvider.java","0"
"1","0.9.0","dc1f0bf2046cf08d9484a287dee02ff058961ca4","openjpa-kernel/src/main/java/org/apache/openjpa/event/AbstractTransactionListener.java","0"
"1","0.9.0","dc1f0bf2046cf08d9484a287dee02ff058961ca4","openjpa-kernel/src/main/java/org/apache/openjpa/event/AttachListener.java","0"
"1","0.9.0","dc1f0bf2046cf08d9484a287dee02ff058961ca4","openjpa-kernel/src/main/java/org/apache/openjpa/event/BeanLifecycleCallbacks.java","5"
"1","0.9.0","dc1f0bf2046cf08d9484a287dee02ff058961ca4","openjpa-kernel/src/main/java/org/apache/openjpa/event/BeginTransactionListener.java","0"
"1","0.9.0","dc1f0bf2046cf08d9484a287dee02ff058961ca4","openjpa-kernel/src/main/java/org/apache/openjpa/event/CallbackModes.java","1"
"1","0.9.0","dc1f0bf2046cf08d9484a287dee02ff058961ca4","openjpa-kernel/src/main/java/org/apache/openjpa/event/ClearListener.java","0"
"1","0.9.0","dc1f0bf2046cf08d9484a287dee02ff058961ca4","openjpa-kernel/src/main/java/org/apache/openjpa/event/DeleteListener.java","0"
"1","0.9.0","dc1f0bf2046cf08d9484a287dee02ff058961ca4","openjpa-kernel/src/main/java/org/apache/openjpa/event/DetachListener.java","0"
"1","0.9.0","dc1f0bf2046cf08d9484a287dee02ff058961ca4","openjpa-kernel/src/main/java/org/apache/openjpa/event/DirtyListener.java","0"
"1","0.9.0","dc1f0bf2046cf08d9484a287dee02ff058961ca4","openjpa-kernel/src/main/java/org/apache/openjpa/event/EndTransactionListener.java","0"
"1","0.9.0","dc1f0bf2046cf08d9484a287dee02ff058961ca4","openjpa-kernel/src/main/java/org/apache/openjpa/event/ExceptionOrphanedKeyAction.java","0"
"1","0.9.0","dc1f0bf2046cf08d9484a287dee02ff058961ca4","openjpa-kernel/src/main/java/org/apache/openjpa/event/FlushTransactionListener.java","0"
"1","0.9.0","dc1f0bf2046cf08d9484a287dee02ff058961ca4","openjpa-kernel/src/main/java/org/apache/openjpa/event/JMSRemoteCommitProvider.java","11"
"1","0.9.0","dc1f0bf2046cf08d9484a287dee02ff058961ca4","openjpa-kernel/src/main/java/org/apache/openjpa/event/LifecycleCallbacks.java","1"
"1","0.9.0","dc1f0bf2046cf08d9484a287dee02ff058961ca4","openjpa-kernel/src/main/java/org/apache/openjpa/event/LifecycleEvent.java","4"
"1","0.9.0","dc1f0bf2046cf08d9484a287dee02ff058961ca4","openjpa-kernel/src/main/java/org/apache/openjpa/event/LifecycleEventManager.java","16"
"1","0.9.0","dc1f0bf2046cf08d9484a287dee02ff058961ca4","openjpa-kernel/src/main/java/org/apache/openjpa/event/LifecycleListener.java","0"
"1","0.9.0","dc1f0bf2046cf08d9484a287dee02ff058961ca4","openjpa-kernel/src/main/java/org/apache/openjpa/event/LoadListener.java","0"
"1","0.9.0","dc1f0bf2046cf08d9484a287dee02ff058961ca4","openjpa-kernel/src/main/java/org/apache/openjpa/event/LogOrphanedKeyAction.java","3"
"1","0.9.0","dc1f0bf2046cf08d9484a287dee02ff058961ca4","openjpa-kernel/src/main/java/org/apache/openjpa/event/MethodLifecycleCallbacks.java","5"
"1","0.9.0","dc1f0bf2046cf08d9484a287dee02ff058961ca4","openjpa-kernel/src/main/java/org/apache/openjpa/event/NoneOrphanedKeyAction.java","0"
"1","0.9.0","dc1f0bf2046cf08d9484a287dee02ff058961ca4","openjpa-kernel/src/main/java/org/apache/openjpa/event/OrphanedKeyAction.java","0"
"1","0.9.0","dc1f0bf2046cf08d9484a287dee02ff058961ca4","openjpa-kernel/src/main/java/org/apache/openjpa/event/PersistListener.java","0"
"1","0.9.0","dc1f0bf2046cf08d9484a287dee02ff058961ca4","openjpa-kernel/src/main/java/org/apache/openjpa/event/RemoteCommitEvent.java","16"
"1","0.9.0","dc1f0bf2046cf08d9484a287dee02ff058961ca4","openjpa-kernel/src/main/java/org/apache/openjpa/event/RemoteCommitEventManager.java","10"
"1","0.9.0","dc1f0bf2046cf08d9484a287dee02ff058961ca4","openjpa-kernel/src/main/java/org/apache/openjpa/event/RemoteCommitListener.java","0"
"1","0.9.0","dc1f0bf2046cf08d9484a287dee02ff058961ca4","openjpa-kernel/src/main/java/org/apache/openjpa/event/RemoteCommitProvider.java","0"
"1","0.9.0","dc1f0bf2046cf08d9484a287dee02ff058961ca4","openjpa-kernel/src/main/java/org/apache/openjpa/event/SingleJVMRemoteCommitProvider.java","0"
"1","0.9.0","dc1f0bf2046cf08d9484a287dee02ff058961ca4","openjpa-kernel/src/main/java/org/apache/openjpa/event/StoreListener.java","0"
"1","0.9.0","dc1f0bf2046cf08d9484a287dee02ff058961ca4","openjpa-kernel/src/main/java/org/apache/openjpa/event/TCPRemoteCommitProvider.java","48"
"1","0.9.0","dc1f0bf2046cf08d9484a287dee02ff058961ca4","openjpa-kernel/src/main/java/org/apache/openjpa/event/TransactionEvent.java","13"
"1","0.9.0","dc1f0bf2046cf08d9484a287dee02ff058961ca4","openjpa-kernel/src/main/java/org/apache/openjpa/event/TransactionEventManager.java","7"
"1","0.9.0","dc1f0bf2046cf08d9484a287dee02ff058961ca4","openjpa-kernel/src/main/java/org/apache/openjpa/event/TransactionListener.java","0"
"1","0.9.0","dc1f0bf2046cf08d9484a287dee02ff058961ca4","openjpa-kernel/src/main/java/org/apache/openjpa/kernel/AbstractBrokerFactory.java","17"
"1","0.9.0","dc1f0bf2046cf08d9484a287dee02ff058961ca4","openjpa-kernel/src/main/java/org/apache/openjpa/kernel/AbstractFieldManager.java","0"
"1","0.9.0","dc1f0bf2046cf08d9484a287dee02ff058961ca4","openjpa-kernel/src/main/java/org/apache/openjpa/kernel/AbstractLockManager.java","0"
"1","0.9.0","dc1f0bf2046cf08d9484a287dee02ff058961ca4","openjpa-kernel/src/main/java/org/apache/openjpa/kernel/AbstractPCData.java","10"
"1","0.9.0","dc1f0bf2046cf08d9484a287dee02ff058961ca4","openjpa-kernel/src/main/java/org/apache/openjpa/kernel/AbstractPCResultObjectProvider.java","5"
"1","0.9.0","dc1f0bf2046cf08d9484a287dee02ff058961ca4","openjpa-kernel/src/main/java/org/apache/openjpa/kernel/AbstractStoreQuery.java","3"
"1","0.9.0","dc1f0bf2046cf08d9484a287dee02ff058961ca4","openjpa-kernel/src/main/java/org/apache/openjpa/kernel/AttachManager.java","10"
"1","0.9.0","dc1f0bf2046cf08d9484a287dee02ff058961ca4","openjpa-kernel/src/main/java/org/apache/openjpa/kernel/AttachStrategy.java","4"
"1","0.9.0","dc1f0bf2046cf08d9484a287dee02ff058961ca4","openjpa-kernel/src/main/java/org/apache/openjpa/kernel/AutoClear.java","1"
"1","0.9.0","dc1f0bf2046cf08d9484a287dee02ff058961ca4","openjpa-kernel/src/main/java/org/apache/openjpa/kernel/AutoDetach.java","1"
"1","0.9.0","dc1f0bf2046cf08d9484a287dee02ff058961ca4","openjpa-kernel/src/main/java/org/apache/openjpa/kernel/Bootstrap.java","3"
"1","0.9.0","dc1f0bf2046cf08d9484a287dee02ff058961ca4","openjpa-kernel/src/main/java/org/apache/openjpa/kernel/Broker.java","0"
"1","0.9.0","dc1f0bf2046cf08d9484a287dee02ff058961ca4","openjpa-kernel/src/main/java/org/apache/openjpa/kernel/BrokerFactory.java","0"
"1","0.9.0","dc1f0bf2046cf08d9484a287dee02ff058961ca4","openjpa-kernel/src/main/java/org/apache/openjpa/kernel/BrokerImpl.java","143"
"1","0.9.0","dc1f0bf2046cf08d9484a287dee02ff058961ca4","openjpa-kernel/src/main/java/org/apache/openjpa/kernel/ClearFieldManager.java","10"
"1","0.9.0","dc1f0bf2046cf08d9484a287dee02ff058961ca4","openjpa-kernel/src/main/java/org/apache/openjpa/kernel/ConnectionRetainModes.java","1"
"1","0.9.0","dc1f0bf2046cf08d9484a287dee02ff058961ca4","openjpa-kernel/src/main/java/org/apache/openjpa/kernel/DelegatingBroker.java","3"
"1","0.9.0","dc1f0bf2046cf08d9484a287dee02ff058961ca4","openjpa-kernel/src/main/java/org/apache/openjpa/kernel/DelegatingBrokerFactory.java","3"
"1","0.9.0","dc1f0bf2046cf08d9484a287dee02ff058961ca4","openjpa-kernel/src/main/java/org/apache/openjpa/kernel/DelegatingExtent.java","3"
"1","0.9.0","dc1f0bf2046cf08d9484a287dee02ff058961ca4","openjpa-kernel/src/main/java/org/apache/openjpa/kernel/DelegatingFetchConfiguration.java","5"
"1","0.9.0","dc1f0bf2046cf08d9484a287dee02ff058961ca4","openjpa-kernel/src/main/java/org/apache/openjpa/kernel/DelegatingQuery.java","3"
"1","0.9.0","dc1f0bf2046cf08d9484a287dee02ff058961ca4","openjpa-kernel/src/main/java/org/apache/openjpa/kernel/DelegatingResultList.java","3"
"1","0.9.0","dc1f0bf2046cf08d9484a287dee02ff058961ca4","openjpa-kernel/src/main/java/org/apache/openjpa/kernel/DelegatingSeq.java","3"
"1","0.9.0","dc1f0bf2046cf08d9484a287dee02ff058961ca4","openjpa-kernel/src/main/java/org/apache/openjpa/kernel/DelegatingStoreManager.java","3"
"1","0.9.0","dc1f0bf2046cf08d9484a287dee02ff058961ca4","openjpa-kernel/src/main/java/org/apache/openjpa/kernel/DetachManager.java","30"
"1","0.9.0","dc1f0bf2046cf08d9484a287dee02ff058961ca4","openjpa-kernel/src/main/java/org/apache/openjpa/kernel/DetachState.java","1"
"1","0.9.0","dc1f0bf2046cf08d9484a287dee02ff058961ca4","openjpa-kernel/src/main/java/org/apache/openjpa/kernel/DetachedStateAttachStrategy.java","5"
"1","0.9.0","dc1f0bf2046cf08d9484a287dee02ff058961ca4","openjpa-kernel/src/main/java/org/apache/openjpa/kernel/DetachedStateManager.java","16"
"1","0.9.0","dc1f0bf2046cf08d9484a287dee02ff058961ca4","openjpa-kernel/src/main/java/org/apache/openjpa/kernel/DetachedValueStateManager.java","11"
"1","0.9.0","dc1f0bf2046cf08d9484a287dee02ff058961ca4","openjpa-kernel/src/main/java/org/apache/openjpa/kernel/ECleanState.java","13"
"1","0.9.0","dc1f0bf2046cf08d9484a287dee02ff058961ca4","openjpa-kernel/src/main/java/org/apache/openjpa/kernel/ECopyState.java","12"
"1","0.9.0","dc1f0bf2046cf08d9484a287dee02ff058961ca4","openjpa-kernel/src/main/java/org/apache/openjpa/kernel/EDeletedState.java","11"
"1","0.9.0","dc1f0bf2046cf08d9484a287dee02ff058961ca4","openjpa-kernel/src/main/java/org/apache/openjpa/kernel/EDirtyState.java","14"
"1","0.9.0","dc1f0bf2046cf08d9484a287dee02ff058961ca4","openjpa-kernel/src/main/java/org/apache/openjpa/kernel/ENonTransState.java","9"
"1","0.9.0","dc1f0bf2046cf08d9484a287dee02ff058961ca4","openjpa-kernel/src/main/java/org/apache/openjpa/kernel/ExpressionStoreQuery.java","60"
"1","0.9.0","dc1f0bf2046cf08d9484a287dee02ff058961ca4","openjpa-kernel/src/main/java/org/apache/openjpa/kernel/Extent.java","0"
"1","0.9.0","dc1f0bf2046cf08d9484a287dee02ff058961ca4","openjpa-kernel/src/main/java/org/apache/openjpa/kernel/ExtentImpl.java","20"
"1","0.9.0","dc1f0bf2046cf08d9484a287dee02ff058961ca4","openjpa-kernel/src/main/java/org/apache/openjpa/kernel/FetchConfiguration.java","1"
"1","0.9.0","dc1f0bf2046cf08d9484a287dee02ff058961ca4","openjpa-kernel/src/main/java/org/apache/openjpa/kernel/FetchConfigurationImpl.java","19"
"1","0.9.0","dc1f0bf2046cf08d9484a287dee02ff058961ca4","openjpa-kernel/src/main/java/org/apache/openjpa/kernel/Filters.java","26"
"1","0.9.0","dc1f0bf2046cf08d9484a287dee02ff058961ca4","openjpa-kernel/src/main/java/org/apache/openjpa/kernel/FindCallbacks.java","0"
"1","0.9.0","dc1f0bf2046cf08d9484a287dee02ff058961ca4","openjpa-kernel/src/main/java/org/apache/openjpa/kernel/HollowState.java","11"
"1","0.9.0","dc1f0bf2046cf08d9484a287dee02ff058961ca4","openjpa-kernel/src/main/java/org/apache/openjpa/kernel/InMemorySavepointManager.java","1"
"1","0.9.0","dc1f0bf2046cf08d9484a287dee02ff058961ca4","openjpa-kernel/src/main/java/org/apache/openjpa/kernel/InverseManager.java","18"
"1","0.9.0","dc1f0bf2046cf08d9484a287dee02ff058961ca4","openjpa-kernel/src/main/java/org/apache/openjpa/kernel/LocalManagedRuntime.java","5"
"1","0.9.0","dc1f0bf2046cf08d9484a287dee02ff058961ca4","openjpa-kernel/src/main/java/org/apache/openjpa/kernel/LockLevels.java","1"
"1","0.9.0","dc1f0bf2046cf08d9484a287dee02ff058961ca4","openjpa-kernel/src/main/java/org/apache/openjpa/kernel/LockManager.java","0"
"1","0.9.0","dc1f0bf2046cf08d9484a287dee02ff058961ca4","openjpa-kernel/src/main/java/org/apache/openjpa/kernel/MethodStoreQuery.java","16"
"1","0.9.0","dc1f0bf2046cf08d9484a287dee02ff058961ca4","openjpa-kernel/src/main/java/org/apache/openjpa/kernel/NoneLockManager.java","0"
"1","0.9.0","dc1f0bf2046cf08d9484a287dee02ff058961ca4","openjpa-kernel/src/main/java/org/apache/openjpa/kernel/ObjectIdStateManager.java","17"
"1","0.9.0","dc1f0bf2046cf08d9484a287dee02ff058961ca4","openjpa-kernel/src/main/java/org/apache/openjpa/kernel/OpCallbacks.java","0"
"1","0.9.0","dc1f0bf2046cf08d9484a287dee02ff058961ca4","openjpa-kernel/src/main/java/org/apache/openjpa/kernel/OpenJPASavepoint.java","4"
"1","0.9.0","dc1f0bf2046cf08d9484a287dee02ff058961ca4","openjpa-kernel/src/main/java/org/apache/openjpa/kernel/OpenJPAStateManager.java","0"
"1","0.9.0","dc1f0bf2046cf08d9484a287dee02ff058961ca4","openjpa-kernel/src/main/java/org/apache/openjpa/kernel/OrderingMergedResultObjectProvider.java","6"
"1","0.9.0","dc1f0bf2046cf08d9484a287dee02ff058961ca4","openjpa-kernel/src/main/java/org/apache/openjpa/kernel/PCData.java","0"
"1","0.9.0","dc1f0bf2046cf08d9484a287dee02ff058961ca4","openjpa-kernel/src/main/java/org/apache/openjpa/kernel/PCDataImpl.java","14"
"1","0.9.0","dc1f0bf2046cf08d9484a287dee02ff058961ca4","openjpa-kernel/src/main/java/org/apache/openjpa/kernel/PCResultObjectProvider.java","1"
"1","0.9.0","dc1f0bf2046cf08d9484a287dee02ff058961ca4","openjpa-kernel/src/main/java/org/apache/openjpa/kernel/PCState.java","22"
"1","0.9.0","dc1f0bf2046cf08d9484a287dee02ff058961ca4","openjpa-kernel/src/main/java/org/apache/openjpa/kernel/PCleanState.java","13"
"1","0.9.0","dc1f0bf2046cf08d9484a287dee02ff058961ca4","openjpa-kernel/src/main/java/org/apache/openjpa/kernel/PDeletedFlushedState.java","2"
"1","0.9.0","dc1f0bf2046cf08d9484a287dee02ff058961ca4","openjpa-kernel/src/main/java/org/apache/openjpa/kernel/PDeletedState.java","16"
"1","0.9.0","dc1f0bf2046cf08d9484a287dee02ff058961ca4","openjpa-kernel/src/main/java/org/apache/openjpa/kernel/PDirtyState.java","14"
"1","0.9.0","dc1f0bf2046cf08d9484a287dee02ff058961ca4","openjpa-kernel/src/main/java/org/apache/openjpa/kernel/PNewDeletedState.java","16"
"1","0.9.0","dc1f0bf2046cf08d9484a287dee02ff058961ca4","openjpa-kernel/src/main/java/org/apache/openjpa/kernel/PNewFlushedDeletedFlushedState.java","3"
"1","0.9.0","dc1f0bf2046cf08d9484a287dee02ff058961ca4","openjpa-kernel/src/main/java/org/apache/openjpa/kernel/PNewFlushedDeletedState.java","17"
"1","0.9.0","dc1f0bf2046cf08d9484a287dee02ff058961ca4","openjpa-kernel/src/main/java/org/apache/openjpa/kernel/PNewState.java","13"
"1","0.9.0","dc1f0bf2046cf08d9484a287dee02ff058961ca4","openjpa-kernel/src/main/java/org/apache/openjpa/kernel/PNonTransDeletedState.java","13"
"1","0.9.0","dc1f0bf2046cf08d9484a287dee02ff058961ca4","openjpa-kernel/src/main/java/org/apache/openjpa/kernel/PNonTransDirtyState.java","9"
"1","0.9.0","dc1f0bf2046cf08d9484a287dee02ff058961ca4","openjpa-kernel/src/main/java/org/apache/openjpa/kernel/PNonTransNewState.java","8"
"1","0.9.0","dc1f0bf2046cf08d9484a287dee02ff058961ca4","openjpa-kernel/src/main/java/org/apache/openjpa/kernel/PNonTransState.java","11"
"1","0.9.0","dc1f0bf2046cf08d9484a287dee02ff058961ca4","openjpa-kernel/src/main/java/org/apache/openjpa/kernel/Query.java","0"
"1","0.9.0","dc1f0bf2046cf08d9484a287dee02ff058961ca4","openjpa-kernel/src/main/java/org/apache/openjpa/kernel/QueryContext.java","0"
"1","0.9.0","dc1f0bf2046cf08d9484a287dee02ff058961ca4","openjpa-kernel/src/main/java/org/apache/openjpa/kernel/QueryFlushModes.java","1"
"1","0.9.0","dc1f0bf2046cf08d9484a287dee02ff058961ca4","openjpa-kernel/src/main/java/org/apache/openjpa/kernel/QueryImpl.java","70"
"1","0.9.0","dc1f0bf2046cf08d9484a287dee02ff058961ca4","openjpa-kernel/src/main/java/org/apache/openjpa/kernel/QueryLanguages.java","1"
"1","0.9.0","dc1f0bf2046cf08d9484a287dee02ff058961ca4","openjpa-kernel/src/main/java/org/apache/openjpa/kernel/QueryOperations.java","1"
"1","0.9.0","dc1f0bf2046cf08d9484a287dee02ff058961ca4","openjpa-kernel/src/main/java/org/apache/openjpa/kernel/ROPStoreManager.java","4"
"1","0.9.0","dc1f0bf2046cf08d9484a287dee02ff058961ca4","openjpa-kernel/src/main/java/org/apache/openjpa/kernel/RestoreState.java","1"
"1","0.9.0","dc1f0bf2046cf08d9484a287dee02ff058961ca4","openjpa-kernel/src/main/java/org/apache/openjpa/kernel/ResultPacker.java","12"
"1","0.9.0","dc1f0bf2046cf08d9484a287dee02ff058961ca4","openjpa-kernel/src/main/java/org/apache/openjpa/kernel/SaveFieldManager.java","10"
"1","0.9.0","dc1f0bf2046cf08d9484a287dee02ff058961ca4","openjpa-kernel/src/main/java/org/apache/openjpa/kernel/SavepointFieldManager.java","12"
"1","0.9.0","dc1f0bf2046cf08d9484a287dee02ff058961ca4","openjpa-kernel/src/main/java/org/apache/openjpa/kernel/SavepointManager.java","0"
"1","0.9.0","dc1f0bf2046cf08d9484a287dee02ff058961ca4","openjpa-kernel/src/main/java/org/apache/openjpa/kernel/Seq.java","0"
"1","0.9.0","dc1f0bf2046cf08d9484a287dee02ff058961ca4","openjpa-kernel/src/main/java/org/apache/openjpa/kernel/SingleFieldManager.java","15"
"1","0.9.0","dc1f0bf2046cf08d9484a287dee02ff058961ca4","openjpa-kernel/src/main/java/org/apache/openjpa/kernel/StateManagerImpl.java","53"
"1","0.9.0","dc1f0bf2046cf08d9484a287dee02ff058961ca4","openjpa-kernel/src/main/java/org/apache/openjpa/kernel/StoreContext.java","0"
"1","0.9.0","dc1f0bf2046cf08d9484a287dee02ff058961ca4","openjpa-kernel/src/main/java/org/apache/openjpa/kernel/StoreManager.java","0"
"1","0.9.0","dc1f0bf2046cf08d9484a287dee02ff058961ca4","openjpa-kernel/src/main/java/org/apache/openjpa/kernel/StoreQuery.java","0"
"1","0.9.0","dc1f0bf2046cf08d9484a287dee02ff058961ca4","openjpa-kernel/src/main/java/org/apache/openjpa/kernel/TCleanState.java","6"
"1","0.9.0","dc1f0bf2046cf08d9484a287dee02ff058961ca4","openjpa-kernel/src/main/java/org/apache/openjpa/kernel/TDirtyState.java","10"
"1","0.9.0","dc1f0bf2046cf08d9484a287dee02ff058961ca4","openjpa-kernel/src/main/java/org/apache/openjpa/kernel/TLoadedState.java","2"
"1","0.9.0","dc1f0bf2046cf08d9484a287dee02ff058961ca4","openjpa-kernel/src/main/java/org/apache/openjpa/kernel/TimeSeededSeq.java","5"
"1","0.9.0","dc1f0bf2046cf08d9484a287dee02ff058961ca4","openjpa-kernel/src/main/java/org/apache/openjpa/kernel/TransferFieldManager.java","1"
"1","0.9.0","dc1f0bf2046cf08d9484a287dee02ff058961ca4","openjpa-kernel/src/main/java/org/apache/openjpa/kernel/TransientState.java","1"
"1","0.9.0","dc1f0bf2046cf08d9484a287dee02ff058961ca4","openjpa-kernel/src/main/java/org/apache/openjpa/kernel/UUIDHexSeq.java","4"
"1","0.9.0","dc1f0bf2046cf08d9484a287dee02ff058961ca4","openjpa-kernel/src/main/java/org/apache/openjpa/kernel/UUIDStringSeq.java","4"
"1","0.9.0","dc1f0bf2046cf08d9484a287dee02ff058961ca4","openjpa-kernel/src/main/java/org/apache/openjpa/kernel/VersionAttachStrategy.java","9"
"1","0.9.0","dc1f0bf2046cf08d9484a287dee02ff058961ca4","openjpa-kernel/src/main/java/org/apache/openjpa/kernel/VersionLockManager.java","3"
"1","0.9.0","dc1f0bf2046cf08d9484a287dee02ff058961ca4","openjpa-kernel/src/main/java/org/apache/openjpa/kernel/exps/Abs.java","2"
"1","0.9.0","dc1f0bf2046cf08d9484a287dee02ff058961ca4","openjpa-kernel/src/main/java/org/apache/openjpa/kernel/exps/AbstractExpressionBuilder.java","9"
"1","0.9.0","dc1f0bf2046cf08d9484a287dee02ff058961ca4","openjpa-kernel/src/main/java/org/apache/openjpa/kernel/exps/AbstractExpressionVisitor.java","0"
"1","0.9.0","dc1f0bf2046cf08d9484a287dee02ff058961ca4","openjpa-kernel/src/main/java/org/apache/openjpa/kernel/exps/Add.java","0"
"1","0.9.0","dc1f0bf2046cf08d9484a287dee02ff058961ca4","openjpa-kernel/src/main/java/org/apache/openjpa/kernel/exps/Aggregate.java","8"
"1","0.9.0","dc1f0bf2046cf08d9484a287dee02ff058961ca4","openjpa-kernel/src/main/java/org/apache/openjpa/kernel/exps/AggregateListener.java","0"
"1","0.9.0","dc1f0bf2046cf08d9484a287dee02ff058961ca4","openjpa-kernel/src/main/java/org/apache/openjpa/kernel/exps/AggregateVal.java","6"
"1","0.9.0","dc1f0bf2046cf08d9484a287dee02ff058961ca4","openjpa-kernel/src/main/java/org/apache/openjpa/kernel/exps/All.java","0"
"1","0.9.0","dc1f0bf2046cf08d9484a287dee02ff058961ca4","openjpa-kernel/src/main/java/org/apache/openjpa/kernel/exps/AndExpression.java","5"
"1","0.9.0","dc1f0bf2046cf08d9484a287dee02ff058961ca4","openjpa-kernel/src/main/java/org/apache/openjpa/kernel/exps/Any.java","0"
"1","0.9.0","dc1f0bf2046cf08d9484a287dee02ff058961ca4","openjpa-kernel/src/main/java/org/apache/openjpa/kernel/exps/Args.java","3"
"1","0.9.0","dc1f0bf2046cf08d9484a287dee02ff058961ca4","openjpa-kernel/src/main/java/org/apache/openjpa/kernel/exps/Arguments.java","0"
"1","0.9.0","dc1f0bf2046cf08d9484a287dee02ff058961ca4","openjpa-kernel/src/main/java/org/apache/openjpa/kernel/exps/Avg.java","0"
"1","0.9.0","dc1f0bf2046cf08d9484a287dee02ff058961ca4","openjpa-kernel/src/main/java/org/apache/openjpa/kernel/exps/BindKeyVariableExpression.java","2"
"1","0.9.0","dc1f0bf2046cf08d9484a287dee02ff058961ca4","openjpa-kernel/src/main/java/org/apache/openjpa/kernel/exps/BindValueVariableExpression.java","2"
"1","0.9.0","dc1f0bf2046cf08d9484a287dee02ff058961ca4","openjpa-kernel/src/main/java/org/apache/openjpa/kernel/exps/BindVariableAndExpression.java","4"
"1","0.9.0","dc1f0bf2046cf08d9484a287dee02ff058961ca4","openjpa-kernel/src/main/java/org/apache/openjpa/kernel/exps/BindVariableExpression.java","7"
"1","0.9.0","dc1f0bf2046cf08d9484a287dee02ff058961ca4","openjpa-kernel/src/main/java/org/apache/openjpa/kernel/exps/BoundVariable.java","3"
"1","0.9.0","dc1f0bf2046cf08d9484a287dee02ff058961ca4","openjpa-kernel/src/main/java/org/apache/openjpa/kernel/exps/CandidatePath.java","3"
"1","0.9.0","dc1f0bf2046cf08d9484a287dee02ff058961ca4","openjpa-kernel/src/main/java/org/apache/openjpa/kernel/exps/Cast.java","5"
"1","0.9.0","dc1f0bf2046cf08d9484a287dee02ff058961ca4","openjpa-kernel/src/main/java/org/apache/openjpa/kernel/exps/CompareExpression.java","6"
"1","0.9.0","dc1f0bf2046cf08d9484a287dee02ff058961ca4","openjpa-kernel/src/main/java/org/apache/openjpa/kernel/exps/Concat.java","4"
"1","0.9.0","dc1f0bf2046cf08d9484a287dee02ff058961ca4","openjpa-kernel/src/main/java/org/apache/openjpa/kernel/exps/Constant.java","0"
"1","0.9.0","dc1f0bf2046cf08d9484a287dee02ff058961ca4","openjpa-kernel/src/main/java/org/apache/openjpa/kernel/exps/ContainsExpression.java","5"
"1","0.9.0","dc1f0bf2046cf08d9484a287dee02ff058961ca4","openjpa-kernel/src/main/java/org/apache/openjpa/kernel/exps/ContainsKeyExpression.java","1"
"1","0.9.0","dc1f0bf2046cf08d9484a287dee02ff058961ca4","openjpa-kernel/src/main/java/org/apache/openjpa/kernel/exps/ContainsValueExpression.java","1"
"1","0.9.0","dc1f0bf2046cf08d9484a287dee02ff058961ca4","openjpa-kernel/src/main/java/org/apache/openjpa/kernel/exps/Count.java","0"
"1","0.9.0","dc1f0bf2046cf08d9484a287dee02ff058961ca4","openjpa-kernel/src/main/java/org/apache/openjpa/kernel/exps/CurrentDate.java","1"
"1","0.9.0","dc1f0bf2046cf08d9484a287dee02ff058961ca4","openjpa-kernel/src/main/java/org/apache/openjpa/kernel/exps/Distinct.java","5"
"1","0.9.0","dc1f0bf2046cf08d9484a287dee02ff058961ca4","openjpa-kernel/src/main/java/org/apache/openjpa/kernel/exps/Divide.java","0"
"1","0.9.0","dc1f0bf2046cf08d9484a287dee02ff058961ca4","openjpa-kernel/src/main/java/org/apache/openjpa/kernel/exps/EndsWithExpression.java","0"
"1","0.9.0","dc1f0bf2046cf08d9484a287dee02ff058961ca4","openjpa-kernel/src/main/java/org/apache/openjpa/kernel/exps/EqualExpression.java","0"
"1","0.9.0","dc1f0bf2046cf08d9484a287dee02ff058961ca4","openjpa-kernel/src/main/java/org/apache/openjpa/kernel/exps/Exp.java","3"
"1","0.9.0","dc1f0bf2046cf08d9484a287dee02ff058961ca4","openjpa-kernel/src/main/java/org/apache/openjpa/kernel/exps/Expression.java","0"
"1","0.9.0","dc1f0bf2046cf08d9484a287dee02ff058961ca4","openjpa-kernel/src/main/java/org/apache/openjpa/kernel/exps/ExpressionFactory.java","3"
"1","0.9.0","dc1f0bf2046cf08d9484a287dee02ff058961ca4","openjpa-kernel/src/main/java/org/apache/openjpa/kernel/exps/ExpressionParser.java","0"
"1","0.9.0","dc1f0bf2046cf08d9484a287dee02ff058961ca4","openjpa-kernel/src/main/java/org/apache/openjpa/kernel/exps/ExpressionVisitor.java","0"
"1","0.9.0","dc1f0bf2046cf08d9484a287dee02ff058961ca4","openjpa-kernel/src/main/java/org/apache/openjpa/kernel/exps/Extension.java","7"
"1","0.9.0","dc1f0bf2046cf08d9484a287dee02ff058961ca4","openjpa-kernel/src/main/java/org/apache/openjpa/kernel/exps/FilterListener.java","0"
"1","0.9.0","dc1f0bf2046cf08d9484a287dee02ff058961ca4","openjpa-kernel/src/main/java/org/apache/openjpa/kernel/exps/GetMapValue.java","4"
"1","0.9.0","dc1f0bf2046cf08d9484a287dee02ff058961ca4","openjpa-kernel/src/main/java/org/apache/openjpa/kernel/exps/GetObjectId.java","3"
"1","0.9.0","dc1f0bf2046cf08d9484a287dee02ff058961ca4","openjpa-kernel/src/main/java/org/apache/openjpa/kernel/exps/GreaterThanEqualExpression.java","0"
"1","0.9.0","dc1f0bf2046cf08d9484a287dee02ff058961ca4","openjpa-kernel/src/main/java/org/apache/openjpa/kernel/exps/GreaterThanExpression.java","0"
"1","0.9.0","dc1f0bf2046cf08d9484a287dee02ff058961ca4","openjpa-kernel/src/main/java/org/apache/openjpa/kernel/exps/InMemoryExpressionFactory.java","20"
"1","0.9.0","dc1f0bf2046cf08d9484a287dee02ff058961ca4","openjpa-kernel/src/main/java/org/apache/openjpa/kernel/exps/IndexOf.java","4"
"1","0.9.0","dc1f0bf2046cf08d9484a287dee02ff058961ca4","openjpa-kernel/src/main/java/org/apache/openjpa/kernel/exps/InstanceofExpression.java","5"
"1","0.9.0","dc1f0bf2046cf08d9484a287dee02ff058961ca4","openjpa-kernel/src/main/java/org/apache/openjpa/kernel/exps/IsEmptyExpression.java","4"
"1","0.9.0","dc1f0bf2046cf08d9484a287dee02ff058961ca4","openjpa-kernel/src/main/java/org/apache/openjpa/kernel/exps/LessThanEqualExpression.java","0"
"1","0.9.0","dc1f0bf2046cf08d9484a287dee02ff058961ca4","openjpa-kernel/src/main/java/org/apache/openjpa/kernel/exps/LessThanExpression.java","0"
"1","0.9.0","dc1f0bf2046cf08d9484a287dee02ff058961ca4","openjpa-kernel/src/main/java/org/apache/openjpa/kernel/exps/Lit.java","2"
"1","0.9.0","dc1f0bf2046cf08d9484a287dee02ff058961ca4","openjpa-kernel/src/main/java/org/apache/openjpa/kernel/exps/Literal.java","0"
"1","0.9.0","dc1f0bf2046cf08d9484a287dee02ff058961ca4","openjpa-kernel/src/main/java/org/apache/openjpa/kernel/exps/MatchesExpression.java","4"
"1","0.9.0","dc1f0bf2046cf08d9484a287dee02ff058961ca4","openjpa-kernel/src/main/java/org/apache/openjpa/kernel/exps/MathVal.java","4"
"1","0.9.0","dc1f0bf2046cf08d9484a287dee02ff058961ca4","openjpa-kernel/src/main/java/org/apache/openjpa/kernel/exps/Max.java","0"
"1","0.9.0","dc1f0bf2046cf08d9484a287dee02ff058961ca4","openjpa-kernel/src/main/java/org/apache/openjpa/kernel/exps/Min.java","0"
"1","0.9.0","dc1f0bf2046cf08d9484a287dee02ff058961ca4","openjpa-kernel/src/main/java/org/apache/openjpa/kernel/exps/Mod.java","0"
"1","0.9.0","dc1f0bf2046cf08d9484a287dee02ff058961ca4","openjpa-kernel/src/main/java/org/apache/openjpa/kernel/exps/Multiply.java","0"
"1","0.9.0","dc1f0bf2046cf08d9484a287dee02ff058961ca4","openjpa-kernel/src/main/java/org/apache/openjpa/kernel/exps/NotEqualExpression.java","0"
"1","0.9.0","dc1f0bf2046cf08d9484a287dee02ff058961ca4","openjpa-kernel/src/main/java/org/apache/openjpa/kernel/exps/NotExpression.java","4"
"1","0.9.0","dc1f0bf2046cf08d9484a287dee02ff058961ca4","openjpa-kernel/src/main/java/org/apache/openjpa/kernel/exps/Null.java","1"
"1","0.9.0","dc1f0bf2046cf08d9484a287dee02ff058961ca4","openjpa-kernel/src/main/java/org/apache/openjpa/kernel/exps/OrExpression.java","5"
"1","0.9.0","dc1f0bf2046cf08d9484a287dee02ff058961ca4","openjpa-kernel/src/main/java/org/apache/openjpa/kernel/exps/Param.java","3"
"1","0.9.0","dc1f0bf2046cf08d9484a287dee02ff058961ca4","openjpa-kernel/src/main/java/org/apache/openjpa/kernel/exps/Parameter.java","0"
"1","0.9.0","dc1f0bf2046cf08d9484a287dee02ff058961ca4","openjpa-kernel/src/main/java/org/apache/openjpa/kernel/exps/Path.java","0"
"1","0.9.0","dc1f0bf2046cf08d9484a287dee02ff058961ca4","openjpa-kernel/src/main/java/org/apache/openjpa/kernel/exps/QueryExpressions.java","5"
"1","0.9.0","dc1f0bf2046cf08d9484a287dee02ff058961ca4","openjpa-kernel/src/main/java/org/apache/openjpa/kernel/exps/Resolver.java","0"
"1","0.9.0","dc1f0bf2046cf08d9484a287dee02ff058961ca4","openjpa-kernel/src/main/java/org/apache/openjpa/kernel/exps/Size.java","0"
"1","0.9.0","dc1f0bf2046cf08d9484a287dee02ff058961ca4","openjpa-kernel/src/main/java/org/apache/openjpa/kernel/exps/Sqrt.java","1"
"1","0.9.0","dc1f0bf2046cf08d9484a287dee02ff058961ca4","openjpa-kernel/src/main/java/org/apache/openjpa/kernel/exps/StartsWithExpression.java","0"
"1","0.9.0","dc1f0bf2046cf08d9484a287dee02ff058961ca4","openjpa-kernel/src/main/java/org/apache/openjpa/kernel/exps/StringContains.java","1"
"1","0.9.0","dc1f0bf2046cf08d9484a287dee02ff058961ca4","openjpa-kernel/src/main/java/org/apache/openjpa/kernel/exps/StringLength.java","3"
"1","0.9.0","dc1f0bf2046cf08d9484a287dee02ff058961ca4","openjpa-kernel/src/main/java/org/apache/openjpa/kernel/exps/SubQ.java","3"
"1","0.9.0","dc1f0bf2046cf08d9484a287dee02ff058961ca4","openjpa-kernel/src/main/java/org/apache/openjpa/kernel/exps/Subquery.java","0"
"1","0.9.0","dc1f0bf2046cf08d9484a287dee02ff058961ca4","openjpa-kernel/src/main/java/org/apache/openjpa/kernel/exps/Substring.java","4"
"1","0.9.0","dc1f0bf2046cf08d9484a287dee02ff058961ca4","openjpa-kernel/src/main/java/org/apache/openjpa/kernel/exps/Subtract.java","0"
"1","0.9.0","dc1f0bf2046cf08d9484a287dee02ff058961ca4","openjpa-kernel/src/main/java/org/apache/openjpa/kernel/exps/Sum.java","0"
"1","0.9.0","dc1f0bf2046cf08d9484a287dee02ff058961ca4","openjpa-kernel/src/main/java/org/apache/openjpa/kernel/exps/This.java","1"
"1","0.9.0","dc1f0bf2046cf08d9484a287dee02ff058961ca4","openjpa-kernel/src/main/java/org/apache/openjpa/kernel/exps/ToLowerCase.java","3"
"1","0.9.0","dc1f0bf2046cf08d9484a287dee02ff058961ca4","openjpa-kernel/src/main/java/org/apache/openjpa/kernel/exps/ToUpperCase.java","3"
"1","0.9.0","dc1f0bf2046cf08d9484a287dee02ff058961ca4","openjpa-kernel/src/main/java/org/apache/openjpa/kernel/exps/Trim.java","5"
"1","0.9.0","dc1f0bf2046cf08d9484a287dee02ff058961ca4","openjpa-kernel/src/main/java/org/apache/openjpa/kernel/exps/UnaryMathVal.java","3"
"1","0.9.0","dc1f0bf2046cf08d9484a287dee02ff058961ca4","openjpa-kernel/src/main/java/org/apache/openjpa/kernel/exps/UnboundVariable.java","3"
"1","0.9.0","dc1f0bf2046cf08d9484a287dee02ff058961ca4","openjpa-kernel/src/main/java/org/apache/openjpa/kernel/exps/Val.java","2"
"1","0.9.0","dc1f0bf2046cf08d9484a287dee02ff058961ca4","openjpa-kernel/src/main/java/org/apache/openjpa/kernel/exps/ValExpression.java","4"
"1","0.9.0","dc1f0bf2046cf08d9484a287dee02ff058961ca4","openjpa-kernel/src/main/java/org/apache/openjpa/kernel/exps/Value.java","0"
"1","0.9.0","dc1f0bf2046cf08d9484a287dee02ff058961ca4","openjpa-kernel/src/main/java/org/apache/openjpa/kernel/exps/ValuePath.java","5"
"1","0.9.0","dc1f0bf2046cf08d9484a287dee02ff058961ca4","openjpa-kernel/src/main/java/org/apache/openjpa/kernel/exps/WildcardMatch.java","1"
"1","0.9.0","dc1f0bf2046cf08d9484a287dee02ff058961ca4","openjpa-kernel/src/main/java/org/apache/openjpa/kernel/jpql/JPQLExpressionBuilder.java","34"
"1","0.9.0","dc1f0bf2046cf08d9484a287dee02ff058961ca4","openjpa-kernel/src/main/java/org/apache/openjpa/kernel/jpql/JPQLParser.java","1"
"1","0.9.0","dc1f0bf2046cf08d9484a287dee02ff058961ca4","openjpa-kernel/src/main/java/org/apache/openjpa/kernel/jpql/ParseException.java","5"
"1","0.9.0","dc1f0bf2046cf08d9484a287dee02ff058961ca4","openjpa-kernel/src/main/java/org/apache/openjpa/kernel/jpql/SimpleNode.java","0"
"1","0.9.0","dc1f0bf2046cf08d9484a287dee02ff058961ca4","openjpa-kernel/src/main/java/org/apache/openjpa/meta/AbstractCFMetaDataFactory.java","18"
"1","0.9.0","dc1f0bf2046cf08d9484a287dee02ff058961ca4","openjpa-kernel/src/main/java/org/apache/openjpa/meta/AbstractMetaDataDefaults.java","8"
"1","0.9.0","dc1f0bf2046cf08d9484a287dee02ff058961ca4","openjpa-kernel/src/main/java/org/apache/openjpa/meta/AbstractMetaDataFactory.java","0"
"1","0.9.0","dc1f0bf2046cf08d9484a287dee02ff058961ca4","openjpa-kernel/src/main/java/org/apache/openjpa/meta/ClassMetaData.java","71"
"1","0.9.0","dc1f0bf2046cf08d9484a287dee02ff058961ca4","openjpa-kernel/src/main/java/org/apache/openjpa/meta/DelegatingMetaDataFactory.java","1"
"1","0.9.0","dc1f0bf2046cf08d9484a287dee02ff058961ca4","openjpa-kernel/src/main/java/org/apache/openjpa/meta/Extensions.java","11"
"1","0.9.0","dc1f0bf2046cf08d9484a287dee02ff058961ca4","openjpa-kernel/src/main/java/org/apache/openjpa/meta/FetchGroup.java","8"
"1","0.9.0","dc1f0bf2046cf08d9484a287dee02ff058961ca4","openjpa-kernel/src/main/java/org/apache/openjpa/meta/FieldMetaData.java","90"
"1","0.9.0","dc1f0bf2046cf08d9484a287dee02ff058961ca4","openjpa-kernel/src/main/java/org/apache/openjpa/meta/InMemoryRelatedFieldOrder.java","2"
"1","0.9.0","dc1f0bf2046cf08d9484a287dee02ff058961ca4","openjpa-kernel/src/main/java/org/apache/openjpa/meta/InMemoryValueOrder.java","2"
"1","0.9.0","dc1f0bf2046cf08d9484a287dee02ff058961ca4","openjpa-kernel/src/main/java/org/apache/openjpa/meta/InheritanceComparator.java","1"
"1","0.9.0","dc1f0bf2046cf08d9484a287dee02ff058961ca4","openjpa-kernel/src/main/java/org/apache/openjpa/meta/JavaTypes.java","18"
"1","0.9.0","dc1f0bf2046cf08d9484a287dee02ff058961ca4","openjpa-kernel/src/main/java/org/apache/openjpa/meta/LifecycleMetaData.java","12"
"1","0.9.0","dc1f0bf2046cf08d9484a287dee02ff058961ca4","openjpa-kernel/src/main/java/org/apache/openjpa/meta/MetaDataContext.java","0"
"1","0.9.0","dc1f0bf2046cf08d9484a287dee02ff058961ca4","openjpa-kernel/src/main/java/org/apache/openjpa/meta/MetaDataDefaults.java","0"
"1","0.9.0","dc1f0bf2046cf08d9484a287dee02ff058961ca4","openjpa-kernel/src/main/java/org/apache/openjpa/meta/MetaDataFactory.java","0"
"1","0.9.0","dc1f0bf2046cf08d9484a287dee02ff058961ca4","openjpa-kernel/src/main/java/org/apache/openjpa/meta/MetaDataInheritanceComparator.java","1"
"1","0.9.0","dc1f0bf2046cf08d9484a287dee02ff058961ca4","openjpa-kernel/src/main/java/org/apache/openjpa/meta/MetaDataModes.java","1"
"1","0.9.0","dc1f0bf2046cf08d9484a287dee02ff058961ca4","openjpa-kernel/src/main/java/org/apache/openjpa/meta/MetaDataRepository.java","45"
"1","0.9.0","dc1f0bf2046cf08d9484a287dee02ff058961ca4","openjpa-kernel/src/main/java/org/apache/openjpa/meta/MetaDataTool.java","13"
"1","0.9.0","dc1f0bf2046cf08d9484a287dee02ff058961ca4","openjpa-kernel/src/main/java/org/apache/openjpa/meta/NoneMetaDataFactory.java","11"
"1","0.9.0","dc1f0bf2046cf08d9484a287dee02ff058961ca4","openjpa-kernel/src/main/java/org/apache/openjpa/meta/Order.java","0"
"1","0.9.0","dc1f0bf2046cf08d9484a287dee02ff058961ca4","openjpa-kernel/src/main/java/org/apache/openjpa/meta/PersistenceAwareClass.java","7"
"1","0.9.0","dc1f0bf2046cf08d9484a287dee02ff058961ca4","openjpa-kernel/src/main/java/org/apache/openjpa/meta/ProxySetupStateManager.java","3"
"1","0.9.0","dc1f0bf2046cf08d9484a287dee02ff058961ca4","openjpa-kernel/src/main/java/org/apache/openjpa/meta/QueryMetaData.java","14"
"1","0.9.0","dc1f0bf2046cf08d9484a287dee02ff058961ca4","openjpa-kernel/src/main/java/org/apache/openjpa/meta/SequenceMetaData.java","18"
"1","0.9.0","dc1f0bf2046cf08d9484a287dee02ff058961ca4","openjpa-kernel/src/main/java/org/apache/openjpa/meta/UpdateStrategies.java","4"
"1","0.9.0","dc1f0bf2046cf08d9484a287dee02ff058961ca4","openjpa-kernel/src/main/java/org/apache/openjpa/meta/ValueMetaData.java","0"
"1","0.9.0","dc1f0bf2046cf08d9484a287dee02ff058961ca4","openjpa-kernel/src/main/java/org/apache/openjpa/meta/ValueMetaDataImpl.java","21"
"1","0.9.0","dc1f0bf2046cf08d9484a287dee02ff058961ca4","openjpa-kernel/src/main/java/org/apache/openjpa/meta/ValueStrategies.java","2"
"1","0.9.0","dc1f0bf2046cf08d9484a287dee02ff058961ca4","openjpa-kernel/src/main/java/org/apache/openjpa/util/AbstractChangeTracker.java","13"
"1","0.9.0","dc1f0bf2046cf08d9484a287dee02ff058961ca4","openjpa-kernel/src/main/java/org/apache/openjpa/util/AbstractLRSProxyCollection.java","15"
"1","0.9.0","dc1f0bf2046cf08d9484a287dee02ff058961ca4","openjpa-kernel/src/main/java/org/apache/openjpa/util/AbstractLRSProxyMap.java","19"
"1","0.9.0","dc1f0bf2046cf08d9484a287dee02ff058961ca4","openjpa-kernel/src/main/java/org/apache/openjpa/util/ApplicationIds.java","13"
"1","0.9.0","dc1f0bf2046cf08d9484a287dee02ff058961ca4","openjpa-kernel/src/main/java/org/apache/openjpa/util/ArrayStateImage.java","1"
"1","0.9.0","dc1f0bf2046cf08d9484a287dee02ff058961ca4","openjpa-kernel/src/main/java/org/apache/openjpa/util/ByteId.java","3"
"1","0.9.0","dc1f0bf2046cf08d9484a287dee02ff058961ca4","openjpa-kernel/src/main/java/org/apache/openjpa/util/CacheMap.java","16"
"1","0.9.0","dc1f0bf2046cf08d9484a287dee02ff058961ca4","openjpa-kernel/src/main/java/org/apache/openjpa/util/CallbackException.java","2"
"1","0.9.0","dc1f0bf2046cf08d9484a287dee02ff058961ca4","openjpa-kernel/src/main/java/org/apache/openjpa/util/ChangeTracker.java","0"
"1","0.9.0","dc1f0bf2046cf08d9484a287dee02ff058961ca4","openjpa-kernel/src/main/java/org/apache/openjpa/util/CharId.java","3"
"1","0.9.0","dc1f0bf2046cf08d9484a287dee02ff058961ca4","openjpa-kernel/src/main/java/org/apache/openjpa/util/ClassResolver.java","0"
"1","0.9.0","dc1f0bf2046cf08d9484a287dee02ff058961ca4","openjpa-kernel/src/main/java/org/apache/openjpa/util/ClassResolverImpl.java","0"
"1","0.9.0","dc1f0bf2046cf08d9484a287dee02ff058961ca4","openjpa-kernel/src/main/java/org/apache/openjpa/util/CollectionChangeTracker.java","0"
"1","0.9.0","dc1f0bf2046cf08d9484a287dee02ff058961ca4","openjpa-kernel/src/main/java/org/apache/openjpa/util/CollectionChangeTrackerImpl.java","8"
"1","0.9.0","dc1f0bf2046cf08d9484a287dee02ff058961ca4","openjpa-kernel/src/main/java/org/apache/openjpa/util/DateId.java","2"
"1","0.9.0","dc1f0bf2046cf08d9484a287dee02ff058961ca4","openjpa-kernel/src/main/java/org/apache/openjpa/util/ExceptionInfo.java","0"
"1","0.9.0","dc1f0bf2046cf08d9484a287dee02ff058961ca4","openjpa-kernel/src/main/java/org/apache/openjpa/util/Exceptions.java","5"
"1","0.9.0","dc1f0bf2046cf08d9484a287dee02ff058961ca4","openjpa-kernel/src/main/java/org/apache/openjpa/util/GeneralException.java","0"
"1","0.9.0","dc1f0bf2046cf08d9484a287dee02ff058961ca4","openjpa-kernel/src/main/java/org/apache/openjpa/util/Id.java","3"
"1","0.9.0","dc1f0bf2046cf08d9484a287dee02ff058961ca4","openjpa-kernel/src/main/java/org/apache/openjpa/util/ImplHelper.java","3"
"1","0.9.0","dc1f0bf2046cf08d9484a287dee02ff058961ca4","openjpa-kernel/src/main/java/org/apache/openjpa/util/IntId.java","2"
"1","0.9.0","dc1f0bf2046cf08d9484a287dee02ff058961ca4","openjpa-kernel/src/main/java/org/apache/openjpa/util/InternalException.java","0"
"1","0.9.0","dc1f0bf2046cf08d9484a287dee02ff058961ca4","openjpa-kernel/src/main/java/org/apache/openjpa/util/InvalidStateException.java","2"
"1","0.9.0","dc1f0bf2046cf08d9484a287dee02ff058961ca4","openjpa-kernel/src/main/java/org/apache/openjpa/util/LRSProxy.java","0"
"1","0.9.0","dc1f0bf2046cf08d9484a287dee02ff058961ca4","openjpa-kernel/src/main/java/org/apache/openjpa/util/LockException.java","4"
"1","0.9.0","dc1f0bf2046cf08d9484a287dee02ff058961ca4","openjpa-kernel/src/main/java/org/apache/openjpa/util/LongId.java","1"
"1","0.9.0","dc1f0bf2046cf08d9484a287dee02ff058961ca4","openjpa-kernel/src/main/java/org/apache/openjpa/util/MapChangeTracker.java","0"
"1","0.9.0","dc1f0bf2046cf08d9484a287dee02ff058961ca4","openjpa-kernel/src/main/java/org/apache/openjpa/util/MapChangeTrackerImpl.java","3"
"1","0.9.0","dc1f0bf2046cf08d9484a287dee02ff058961ca4","openjpa-kernel/src/main/java/org/apache/openjpa/util/MetaDataException.java","2"
"1","0.9.0","dc1f0bf2046cf08d9484a287dee02ff058961ca4","openjpa-kernel/src/main/java/org/apache/openjpa/util/MultiLoaderClassResolver.java","2"
"1","0.9.0","dc1f0bf2046cf08d9484a287dee02ff058961ca4","openjpa-kernel/src/main/java/org/apache/openjpa/util/NoTransactionException.java","2"
"1","0.9.0","dc1f0bf2046cf08d9484a287dee02ff058961ca4","openjpa-kernel/src/main/java/org/apache/openjpa/util/ObjectExistsException.java","2"
"1","0.9.0","dc1f0bf2046cf08d9484a287dee02ff058961ca4","openjpa-kernel/src/main/java/org/apache/openjpa/util/ObjectId.java","4"
"1","0.9.0","dc1f0bf2046cf08d9484a287dee02ff058961ca4","openjpa-kernel/src/main/java/org/apache/openjpa/util/ObjectNotFoundException.java","2"
"1","0.9.0","dc1f0bf2046cf08d9484a287dee02ff058961ca4","openjpa-kernel/src/main/java/org/apache/openjpa/util/OpenJPAException.java","19"
"1","0.9.0","dc1f0bf2046cf08d9484a287dee02ff058961ca4","openjpa-kernel/src/main/java/org/apache/openjpa/util/OpenJPAId.java","1"
"1","0.9.0","dc1f0bf2046cf08d9484a287dee02ff058961ca4","openjpa-kernel/src/main/java/org/apache/openjpa/util/OptimisticException.java","2"
"1","0.9.0","dc1f0bf2046cf08d9484a287dee02ff058961ca4","openjpa-kernel/src/main/java/org/apache/openjpa/util/Proxies.java","7"
"1","0.9.0","dc1f0bf2046cf08d9484a287dee02ff058961ca4","openjpa-kernel/src/main/java/org/apache/openjpa/util/Proxy.java","0"
"1","0.9.0","dc1f0bf2046cf08d9484a287dee02ff058961ca4","openjpa-kernel/src/main/java/org/apache/openjpa/util/ProxyArrayList.java","18"
"1","0.9.0","dc1f0bf2046cf08d9484a287dee02ff058961ca4","openjpa-kernel/src/main/java/org/apache/openjpa/util/ProxyCalendar.java","0"
"1","0.9.0","dc1f0bf2046cf08d9484a287dee02ff058961ca4","openjpa-kernel/src/main/java/org/apache/openjpa/util/ProxyCollection.java","0"
"1","0.9.0","dc1f0bf2046cf08d9484a287dee02ff058961ca4","openjpa-kernel/src/main/java/org/apache/openjpa/util/ProxyDate.java","0"
"1","0.9.0","dc1f0bf2046cf08d9484a287dee02ff058961ca4","openjpa-kernel/src/main/java/org/apache/openjpa/util/ProxyGregorianCalendar.java","13"
"1","0.9.0","dc1f0bf2046cf08d9484a287dee02ff058961ca4","openjpa-kernel/src/main/java/org/apache/openjpa/util/ProxyHashMap.java","13"
"1","0.9.0","dc1f0bf2046cf08d9484a287dee02ff058961ca4","openjpa-kernel/src/main/java/org/apache/openjpa/util/ProxyHashSet.java","12"
"1","0.9.0","dc1f0bf2046cf08d9484a287dee02ff058961ca4","openjpa-kernel/src/main/java/org/apache/openjpa/util/ProxyHashtable.java","13"
"1","0.9.0","dc1f0bf2046cf08d9484a287dee02ff058961ca4","openjpa-kernel/src/main/java/org/apache/openjpa/util/ProxyLinkedList.java","22"
"1","0.9.0","dc1f0bf2046cf08d9484a287dee02ff058961ca4","openjpa-kernel/src/main/java/org/apache/openjpa/util/ProxyManager.java","0"
"1","0.9.0","dc1f0bf2046cf08d9484a287dee02ff058961ca4","openjpa-kernel/src/main/java/org/apache/openjpa/util/ProxyManagerImpl.java","7"
"1","0.9.0","dc1f0bf2046cf08d9484a287dee02ff058961ca4","openjpa-kernel/src/main/java/org/apache/openjpa/util/ProxyMap.java","0"
"1","0.9.0","dc1f0bf2046cf08d9484a287dee02ff058961ca4","openjpa-kernel/src/main/java/org/apache/openjpa/util/ProxyProperties.java","13"
"1","0.9.0","dc1f0bf2046cf08d9484a287dee02ff058961ca4","openjpa-kernel/src/main/java/org/apache/openjpa/util/ProxySQLDate.java","10"
"1","0.9.0","dc1f0bf2046cf08d9484a287dee02ff058961ca4","openjpa-kernel/src/main/java/org/apache/openjpa/util/ProxyTime.java","10"
"1","0.9.0","dc1f0bf2046cf08d9484a287dee02ff058961ca4","openjpa-kernel/src/main/java/org/apache/openjpa/util/ProxyTimestamp.java","11"
"1","0.9.0","dc1f0bf2046cf08d9484a287dee02ff058961ca4","openjpa-kernel/src/main/java/org/apache/openjpa/util/ProxyTreeMap.java","13"
"1","0.9.0","dc1f0bf2046cf08d9484a287dee02ff058961ca4","openjpa-kernel/src/main/java/org/apache/openjpa/util/ProxyTreeSet.java","12"
"1","0.9.0","dc1f0bf2046cf08d9484a287dee02ff058961ca4","openjpa-kernel/src/main/java/org/apache/openjpa/util/ProxyUtilDate.java","10"
"1","0.9.0","dc1f0bf2046cf08d9484a287dee02ff058961ca4","openjpa-kernel/src/main/java/org/apache/openjpa/util/ProxyVector.java","24"
"1","0.9.0","dc1f0bf2046cf08d9484a287dee02ff058961ca4","openjpa-kernel/src/main/java/org/apache/openjpa/util/ReferentialIntegrityException.java","4"
"1","0.9.0","dc1f0bf2046cf08d9484a287dee02ff058961ca4","openjpa-kernel/src/main/java/org/apache/openjpa/util/RuntimeExceptionTranslator.java","0"
"1","0.9.0","dc1f0bf2046cf08d9484a287dee02ff058961ca4","openjpa-kernel/src/main/java/org/apache/openjpa/util/Serialization.java","6"
"1","0.9.0","dc1f0bf2046cf08d9484a287dee02ff058961ca4","openjpa-kernel/src/main/java/org/apache/openjpa/util/ShortId.java","3"
"1","0.9.0","dc1f0bf2046cf08d9484a287dee02ff058961ca4","openjpa-kernel/src/main/java/org/apache/openjpa/util/StoreException.java","0"
"1","0.9.0","dc1f0bf2046cf08d9484a287dee02ff058961ca4","openjpa-kernel/src/main/java/org/apache/openjpa/util/StoreFacadeTypeRegistry.java","3"
"1","0.9.0","dc1f0bf2046cf08d9484a287dee02ff058961ca4","openjpa-kernel/src/main/java/org/apache/openjpa/util/StringId.java","3"
"1","0.9.0","dc1f0bf2046cf08d9484a287dee02ff058961ca4","openjpa-kernel/src/main/java/org/apache/openjpa/util/UnsupportedException.java","0"
"1","0.9.0","dc1f0bf2046cf08d9484a287dee02ff058961ca4","openjpa-kernel/src/main/java/org/apache/openjpa/util/UserException.java","0"
"1","0.9.0","dc1f0bf2046cf08d9484a287dee02ff058961ca4","openjpa-lib/src/main/java/org/apache/openjpa/lib/ant/AbstractTask.java","3"
"1","0.9.0","dc1f0bf2046cf08d9484a287dee02ff058961ca4","openjpa-lib/src/main/java/org/apache/openjpa/lib/conf/BooleanValue.java","2"
"1","0.9.0","dc1f0bf2046cf08d9484a287dee02ff058961ca4","openjpa-lib/src/main/java/org/apache/openjpa/lib/conf/Configurable.java","0"
"1","0.9.0","dc1f0bf2046cf08d9484a287dee02ff058961ca4","openjpa-lib/src/main/java/org/apache/openjpa/lib/conf/Configuration.java","1"
"1","0.9.0","dc1f0bf2046cf08d9484a287dee02ff058961ca4","openjpa-lib/src/main/java/org/apache/openjpa/lib/conf/ConfigurationImpl.java","35"
"1","0.9.0","dc1f0bf2046cf08d9484a287dee02ff058961ca4","openjpa-lib/src/main/java/org/apache/openjpa/lib/conf/ConfigurationProvider.java","4"
"1","0.9.0","dc1f0bf2046cf08d9484a287dee02ff058961ca4","openjpa-lib/src/main/java/org/apache/openjpa/lib/conf/Configurations.java","11"
"1","0.9.0","dc1f0bf2046cf08d9484a287dee02ff058961ca4","openjpa-lib/src/main/java/org/apache/openjpa/lib/conf/DoubleValue.java","1"
"1","0.9.0","dc1f0bf2046cf08d9484a287dee02ff058961ca4","openjpa-lib/src/main/java/org/apache/openjpa/lib/conf/FileValue.java","1"
"1","0.9.0","dc1f0bf2046cf08d9484a287dee02ff058961ca4","openjpa-lib/src/main/java/org/apache/openjpa/lib/conf/GenericConfigurable.java","0"
"1","0.9.0","dc1f0bf2046cf08d9484a287dee02ff058961ca4","openjpa-lib/src/main/java/org/apache/openjpa/lib/conf/IntValue.java","1"
"1","0.9.0","dc1f0bf2046cf08d9484a287dee02ff058961ca4","openjpa-lib/src/main/java/org/apache/openjpa/lib/conf/MapConfigurationProvider.java","2"
"1","0.9.0","dc1f0bf2046cf08d9484a287dee02ff058961ca4","openjpa-lib/src/main/java/org/apache/openjpa/lib/conf/ObjectValue.java","3"
"1","0.9.0","dc1f0bf2046cf08d9484a287dee02ff058961ca4","openjpa-lib/src/main/java/org/apache/openjpa/lib/conf/PluginListValue.java","10"
"1","0.9.0","dc1f0bf2046cf08d9484a287dee02ff058961ca4","openjpa-lib/src/main/java/org/apache/openjpa/lib/conf/PluginValue.java","12"
"1","0.9.0","dc1f0bf2046cf08d9484a287dee02ff058961ca4","openjpa-lib/src/main/java/org/apache/openjpa/lib/conf/StringListValue.java","2"
"1","0.9.0","dc1f0bf2046cf08d9484a287dee02ff058961ca4","openjpa-lib/src/main/java/org/apache/openjpa/lib/conf/StringValue.java","1"
"1","0.9.0","dc1f0bf2046cf08d9484a287dee02ff058961ca4","openjpa-lib/src/main/java/org/apache/openjpa/lib/conf/Value.java","4"
"1","0.9.0","dc1f0bf2046cf08d9484a287dee02ff058961ca4","openjpa-lib/src/main/java/org/apache/openjpa/lib/conf/ValueListener.java","0"
"1","0.9.0","dc1f0bf2046cf08d9484a287dee02ff058961ca4","openjpa-lib/src/main/java/org/apache/openjpa/lib/jdbc/AbstractJDBCListener.java","1"
"1","0.9.0","dc1f0bf2046cf08d9484a287dee02ff058961ca4","openjpa-lib/src/main/java/org/apache/openjpa/lib/jdbc/ConfiguringConnectionDecorator.java","12"
"1","0.9.0","dc1f0bf2046cf08d9484a287dee02ff058961ca4","openjpa-lib/src/main/java/org/apache/openjpa/lib/jdbc/ConnectionDecorator.java","0"
"1","0.9.0","dc1f0bf2046cf08d9484a287dee02ff058961ca4","openjpa-lib/src/main/java/org/apache/openjpa/lib/jdbc/DataSourceLogs.java","2"
"1","0.9.0","dc1f0bf2046cf08d9484a287dee02ff058961ca4","openjpa-lib/src/main/java/org/apache/openjpa/lib/jdbc/DecoratingDataSource.java","4"
"1","0.9.0","dc1f0bf2046cf08d9484a287dee02ff058961ca4","openjpa-lib/src/main/java/org/apache/openjpa/lib/jdbc/DelegatingCallableStatement.java","3"
"1","0.9.0","dc1f0bf2046cf08d9484a287dee02ff058961ca4","openjpa-lib/src/main/java/org/apache/openjpa/lib/jdbc/DelegatingConnection.java","10"
"1","0.9.0","dc1f0bf2046cf08d9484a287dee02ff058961ca4","openjpa-lib/src/main/java/org/apache/openjpa/lib/jdbc/DelegatingDataSource.java","2"
"1","0.9.0","dc1f0bf2046cf08d9484a287dee02ff058961ca4","openjpa-lib/src/main/java/org/apache/openjpa/lib/jdbc/DelegatingDatabaseMetaData.java","2"
"1","0.9.0","dc1f0bf2046cf08d9484a287dee02ff058961ca4","openjpa-lib/src/main/java/org/apache/openjpa/lib/jdbc/DelegatingPreparedStatement.java","3"
"1","0.9.0","dc1f0bf2046cf08d9484a287dee02ff058961ca4","openjpa-lib/src/main/java/org/apache/openjpa/lib/jdbc/DelegatingResultSet.java","4"
"1","0.9.0","dc1f0bf2046cf08d9484a287dee02ff058961ca4","openjpa-lib/src/main/java/org/apache/openjpa/lib/jdbc/DelegatingStatement.java","3"
"1","0.9.0","dc1f0bf2046cf08d9484a287dee02ff058961ca4","openjpa-lib/src/main/java/org/apache/openjpa/lib/jdbc/JDBCEvent.java","0"
"1","0.9.0","dc1f0bf2046cf08d9484a287dee02ff058961ca4","openjpa-lib/src/main/java/org/apache/openjpa/lib/jdbc/JDBCEventConnectionDecorator.java","18"
"1","0.9.0","dc1f0bf2046cf08d9484a287dee02ff058961ca4","openjpa-lib/src/main/java/org/apache/openjpa/lib/jdbc/JDBCListener.java","0"
"1","0.9.0","dc1f0bf2046cf08d9484a287dee02ff058961ca4","openjpa-lib/src/main/java/org/apache/openjpa/lib/jdbc/LoggingConnectionDecorator.java","120"
"1","0.9.0","dc1f0bf2046cf08d9484a287dee02ff058961ca4","openjpa-lib/src/main/java/org/apache/openjpa/lib/jdbc/ReportingSQLException.java","6"
"1","0.9.0","dc1f0bf2046cf08d9484a287dee02ff058961ca4","openjpa-lib/src/main/java/org/apache/openjpa/lib/jdbc/SQLFormatter.java","3"
"1","0.9.0","dc1f0bf2046cf08d9484a287dee02ff058961ca4","openjpa-lib/src/main/java/org/apache/openjpa/lib/log/AbstractLog.java","0"
"1","0.9.0","dc1f0bf2046cf08d9484a287dee02ff058961ca4","openjpa-lib/src/main/java/org/apache/openjpa/lib/log/CommonsLogFactory.java","2"
"1","0.9.0","dc1f0bf2046cf08d9484a287dee02ff058961ca4","openjpa-lib/src/main/java/org/apache/openjpa/lib/log/Log.java","10"
"1","0.9.0","dc1f0bf2046cf08d9484a287dee02ff058961ca4","openjpa-lib/src/main/java/org/apache/openjpa/lib/log/Log4JLogFactory.java","1"
"1","0.9.0","dc1f0bf2046cf08d9484a287dee02ff058961ca4","openjpa-lib/src/main/java/org/apache/openjpa/lib/log/LogFactory.java","0"
"1","0.9.0","dc1f0bf2046cf08d9484a287dee02ff058961ca4","openjpa-lib/src/main/java/org/apache/openjpa/lib/log/LogFactoryAdapter.java","1"
"1","0.9.0","dc1f0bf2046cf08d9484a287dee02ff058961ca4","openjpa-lib/src/main/java/org/apache/openjpa/lib/log/LogFactoryImpl.java","16"
"1","0.9.0","dc1f0bf2046cf08d9484a287dee02ff058961ca4","openjpa-lib/src/main/java/org/apache/openjpa/lib/log/LogOutputStream.java","5"
"1","0.9.0","dc1f0bf2046cf08d9484a287dee02ff058961ca4","openjpa-lib/src/main/java/org/apache/openjpa/lib/log/MultiLogFactory.java","2"
"1","0.9.0","dc1f0bf2046cf08d9484a287dee02ff058961ca4","openjpa-lib/src/main/java/org/apache/openjpa/lib/log/NoneLogFactory.java","10"
"1","0.9.0","dc1f0bf2046cf08d9484a287dee02ff058961ca4","openjpa-lib/src/main/java/org/apache/openjpa/lib/meta/CFMetaDataParser.java","20"
"1","0.9.0","dc1f0bf2046cf08d9484a287dee02ff058961ca4","openjpa-lib/src/main/java/org/apache/openjpa/lib/meta/CFMetaDataSerializer.java","2"
"1","0.9.0","dc1f0bf2046cf08d9484a287dee02ff058961ca4","openjpa-lib/src/main/java/org/apache/openjpa/lib/meta/ClassAnnotationMetaDataFilter.java","1"
"1","0.9.0","dc1f0bf2046cf08d9484a287dee02ff058961ca4","openjpa-lib/src/main/java/org/apache/openjpa/lib/meta/ClassArgParser.java","28"
"1","0.9.0","dc1f0bf2046cf08d9484a287dee02ff058961ca4","openjpa-lib/src/main/java/org/apache/openjpa/lib/meta/ClassMetaDataIterator.java","13"
"1","0.9.0","dc1f0bf2046cf08d9484a287dee02ff058961ca4","openjpa-lib/src/main/java/org/apache/openjpa/lib/meta/ClasspathMetaDataIterator.java","1"
"1","0.9.0","dc1f0bf2046cf08d9484a287dee02ff058961ca4","openjpa-lib/src/main/java/org/apache/openjpa/lib/meta/FileMetaDataIterator.java","5"
"1","0.9.0","dc1f0bf2046cf08d9484a287dee02ff058961ca4","openjpa-lib/src/main/java/org/apache/openjpa/lib/meta/MetaDataFilter.java","0"
"1","0.9.0","dc1f0bf2046cf08d9484a287dee02ff058961ca4","openjpa-lib/src/main/java/org/apache/openjpa/lib/meta/MetaDataIterator.java","0"
"1","0.9.0","dc1f0bf2046cf08d9484a287dee02ff058961ca4","openjpa-lib/src/main/java/org/apache/openjpa/lib/meta/MetaDataIteratorChain.java","3"
"1","0.9.0","dc1f0bf2046cf08d9484a287dee02ff058961ca4","openjpa-lib/src/main/java/org/apache/openjpa/lib/meta/MetaDataParser.java","0"
"1","0.9.0","dc1f0bf2046cf08d9484a287dee02ff058961ca4","openjpa-lib/src/main/java/org/apache/openjpa/lib/meta/MetaDataSerializer.java","0"
"1","0.9.0","dc1f0bf2046cf08d9484a287dee02ff058961ca4","openjpa-lib/src/main/java/org/apache/openjpa/lib/meta/ResourceMetaDataIterator.java","5"
"1","0.9.0","dc1f0bf2046cf08d9484a287dee02ff058961ca4","openjpa-lib/src/main/java/org/apache/openjpa/lib/meta/SourceTracker.java","0"
"1","0.9.0","dc1f0bf2046cf08d9484a287dee02ff058961ca4","openjpa-lib/src/main/java/org/apache/openjpa/lib/meta/SourceTrackers.java","1"
"1","0.9.0","dc1f0bf2046cf08d9484a287dee02ff058961ca4","openjpa-lib/src/main/java/org/apache/openjpa/lib/meta/SuffixMetaDataFilter.java","1"
"1","0.9.0","dc1f0bf2046cf08d9484a287dee02ff058961ca4","openjpa-lib/src/main/java/org/apache/openjpa/lib/meta/URLMetaDataIterator.java","3"
"1","0.9.0","dc1f0bf2046cf08d9484a287dee02ff058961ca4","openjpa-lib/src/main/java/org/apache/openjpa/lib/meta/XMLMetaDataParser.java","31"
"1","0.9.0","dc1f0bf2046cf08d9484a287dee02ff058961ca4","openjpa-lib/src/main/java/org/apache/openjpa/lib/meta/XMLMetaDataSerializer.java","8"
"1","0.9.0","dc1f0bf2046cf08d9484a287dee02ff058961ca4","openjpa-lib/src/main/java/org/apache/openjpa/lib/meta/ZipFileMetaDataIterator.java","7"
"1","0.9.0","dc1f0bf2046cf08d9484a287dee02ff058961ca4","openjpa-lib/src/main/java/org/apache/openjpa/lib/meta/ZipStreamMetaDataIterator.java","10"
"1","0.9.0","dc1f0bf2046cf08d9484a287dee02ff058961ca4","openjpa-lib/src/main/java/org/apache/openjpa/lib/rop/AbstractListIterator.java","1"
"1","0.9.0","dc1f0bf2046cf08d9484a287dee02ff058961ca4","openjpa-lib/src/main/java/org/apache/openjpa/lib/rop/AbstractNonSequentialResultList.java","2"
"1","0.9.0","dc1f0bf2046cf08d9484a287dee02ff058961ca4","openjpa-lib/src/main/java/org/apache/openjpa/lib/rop/AbstractResultList.java","1"
"1","0.9.0","dc1f0bf2046cf08d9484a287dee02ff058961ca4","openjpa-lib/src/main/java/org/apache/openjpa/lib/rop/AbstractSequentialResultList.java","0"
"1","0.9.0","dc1f0bf2046cf08d9484a287dee02ff058961ca4","openjpa-lib/src/main/java/org/apache/openjpa/lib/rop/EagerResultList.java","1"
"1","0.9.0","dc1f0bf2046cf08d9484a287dee02ff058961ca4","openjpa-lib/src/main/java/org/apache/openjpa/lib/rop/LazyForwardResultList.java","8"
"1","0.9.0","dc1f0bf2046cf08d9484a287dee02ff058961ca4","openjpa-lib/src/main/java/org/apache/openjpa/lib/rop/ListResultList.java","3"
"1","0.9.0","dc1f0bf2046cf08d9484a287dee02ff058961ca4","openjpa-lib/src/main/java/org/apache/openjpa/lib/rop/ListResultObjectProvider.java","4"
"1","0.9.0","dc1f0bf2046cf08d9484a287dee02ff058961ca4","openjpa-lib/src/main/java/org/apache/openjpa/lib/rop/MergedResultObjectProvider.java","10"
"1","0.9.0","dc1f0bf2046cf08d9484a287dee02ff058961ca4","openjpa-lib/src/main/java/org/apache/openjpa/lib/rop/RandomAccessResultList.java","11"
"1","0.9.0","dc1f0bf2046cf08d9484a287dee02ff058961ca4","openjpa-lib/src/main/java/org/apache/openjpa/lib/rop/RangeResultObjectProvider.java","4"
"1","0.9.0","dc1f0bf2046cf08d9484a287dee02ff058961ca4","openjpa-lib/src/main/java/org/apache/openjpa/lib/rop/ResultList.java","0"
"1","0.9.0","dc1f0bf2046cf08d9484a287dee02ff058961ca4","openjpa-lib/src/main/java/org/apache/openjpa/lib/rop/ResultListIterator.java","2"
"1","0.9.0","dc1f0bf2046cf08d9484a287dee02ff058961ca4","openjpa-lib/src/main/java/org/apache/openjpa/lib/rop/ResultObjectProvider.java","6"
"1","0.9.0","dc1f0bf2046cf08d9484a287dee02ff058961ca4","openjpa-lib/src/main/java/org/apache/openjpa/lib/rop/ResultObjectProviderIterator.java","6"
"1","0.9.0","dc1f0bf2046cf08d9484a287dee02ff058961ca4","openjpa-lib/src/main/java/org/apache/openjpa/lib/rop/SimpleResultList.java","4"
"1","0.9.0","dc1f0bf2046cf08d9484a287dee02ff058961ca4","openjpa-lib/src/main/java/org/apache/openjpa/lib/rop/SoftRandomAccessResultList.java","1"
"1","0.9.0","dc1f0bf2046cf08d9484a287dee02ff058961ca4","openjpa-lib/src/main/java/org/apache/openjpa/lib/rop/WindowResultList.java","10"
"1","0.9.0","dc1f0bf2046cf08d9484a287dee02ff058961ca4","openjpa-lib/src/main/java/org/apache/openjpa/lib/util/AbstractEventManager.java","5"
"1","0.9.0","dc1f0bf2046cf08d9484a287dee02ff058961ca4","openjpa-lib/src/main/java/org/apache/openjpa/lib/util/Base16Encoder.java","3"
"1","0.9.0","dc1f0bf2046cf08d9484a287dee02ff058961ca4","openjpa-lib/src/main/java/org/apache/openjpa/lib/util/BytecodeWriter.java","0"
"1","0.9.0","dc1f0bf2046cf08d9484a287dee02ff058961ca4","openjpa-lib/src/main/java/org/apache/openjpa/lib/util/Closeable.java","1"
"1","0.9.0","dc1f0bf2046cf08d9484a287dee02ff058961ca4","openjpa-lib/src/main/java/org/apache/openjpa/lib/util/CodeFormat.java","11"
"1","0.9.0","dc1f0bf2046cf08d9484a287dee02ff058961ca4","openjpa-lib/src/main/java/org/apache/openjpa/lib/util/EventManager.java","0"
"1","0.9.0","dc1f0bf2046cf08d9484a287dee02ff058961ca4","openjpa-lib/src/main/java/org/apache/openjpa/lib/util/Files.java","7"
"1","0.9.0","dc1f0bf2046cf08d9484a287dee02ff058961ca4","openjpa-lib/src/main/java/org/apache/openjpa/lib/util/FormatPreservingProperties.java","28"
"1","0.9.0","dc1f0bf2046cf08d9484a287dee02ff058961ca4","openjpa-lib/src/main/java/org/apache/openjpa/lib/util/JavaVersions.java","16"
"1","0.9.0","dc1f0bf2046cf08d9484a287dee02ff058961ca4","openjpa-lib/src/main/java/org/apache/openjpa/lib/util/LRUMap.java","3"
"1","0.9.0","dc1f0bf2046cf08d9484a287dee02ff058961ca4","openjpa-lib/src/main/java/org/apache/openjpa/lib/util/Localizer.java","7"
"1","0.9.0","dc1f0bf2046cf08d9484a287dee02ff058961ca4","openjpa-lib/src/main/java/org/apache/openjpa/lib/util/MultiClassLoader.java","6"
"1","0.9.0","dc1f0bf2046cf08d9484a287dee02ff058961ca4","openjpa-lib/src/main/java/org/apache/openjpa/lib/util/Options.java","22"
"1","0.9.0","dc1f0bf2046cf08d9484a287dee02ff058961ca4","openjpa-lib/src/main/java/org/apache/openjpa/lib/util/ParameterTemplate.java","5"
"1","0.9.0","dc1f0bf2046cf08d9484a287dee02ff058961ca4","openjpa-lib/src/main/java/org/apache/openjpa/lib/util/ParseException.java","0"
"1","0.9.0","dc1f0bf2046cf08d9484a287dee02ff058961ca4","openjpa-lib/src/main/java/org/apache/openjpa/lib/util/ReferenceHashMap.java","5"
"1","0.9.0","dc1f0bf2046cf08d9484a287dee02ff058961ca4","openjpa-lib/src/main/java/org/apache/openjpa/lib/util/ReferenceHashSet.java","2"
"1","0.9.0","dc1f0bf2046cf08d9484a287dee02ff058961ca4","openjpa-lib/src/main/java/org/apache/openjpa/lib/util/ReferenceMap.java","0"
"1","0.9.0","dc1f0bf2046cf08d9484a287dee02ff058961ca4","openjpa-lib/src/main/java/org/apache/openjpa/lib/util/ResourceBundleProvider.java","0"
"1","0.9.0","dc1f0bf2046cf08d9484a287dee02ff058961ca4","openjpa-lib/src/main/java/org/apache/openjpa/lib/util/Services.java","2"
"1","0.9.0","dc1f0bf2046cf08d9484a287dee02ff058961ca4","openjpa-lib/src/main/java/org/apache/openjpa/lib/util/SimpleRegex.java","1"
"1","0.9.0","dc1f0bf2046cf08d9484a287dee02ff058961ca4","openjpa-lib/src/main/java/org/apache/openjpa/lib/util/SimpleResourceBundleProvider.java","4"
"1","0.9.0","dc1f0bf2046cf08d9484a287dee02ff058961ca4","openjpa-lib/src/main/java/org/apache/openjpa/lib/util/SizedMap.java","0"
"1","0.9.0","dc1f0bf2046cf08d9484a287dee02ff058961ca4","openjpa-lib/src/main/java/org/apache/openjpa/lib/util/StreamResourceBundleProvider.java","2"
"1","0.9.0","dc1f0bf2046cf08d9484a287dee02ff058961ca4","openjpa-lib/src/main/java/org/apache/openjpa/lib/util/StringDistance.java","1"
"1","0.9.0","dc1f0bf2046cf08d9484a287dee02ff058961ca4","openjpa-lib/src/main/java/org/apache/openjpa/lib/util/TemporaryClassLoader.java","3"
"1","0.9.0","dc1f0bf2046cf08d9484a287dee02ff058961ca4","openjpa-lib/src/main/java/org/apache/openjpa/lib/util/TypedProperties.java","1"
"1","0.9.0","dc1f0bf2046cf08d9484a287dee02ff058961ca4","openjpa-lib/src/main/java/org/apache/openjpa/lib/util/UUIDGenerator.java","2"
"1","0.9.0","dc1f0bf2046cf08d9484a287dee02ff058961ca4","openjpa-lib/src/main/java/org/apache/openjpa/lib/util/ZipResourceBundleProvider.java","2"
"1","0.9.0","dc1f0bf2046cf08d9484a287dee02ff058961ca4","openjpa-lib/src/main/java/org/apache/openjpa/lib/util/concurrent/AbstractCollection.java","3"
"1","0.9.0","dc1f0bf2046cf08d9484a287dee02ff058961ca4","openjpa-lib/src/main/java/org/apache/openjpa/lib/util/concurrent/AbstractConcurrentEventManager.java","3"
"1","0.9.0","dc1f0bf2046cf08d9484a287dee02ff058961ca4","openjpa-lib/src/main/java/org/apache/openjpa/lib/util/concurrent/AbstractQueue.java","3"
"1","0.9.0","dc1f0bf2046cf08d9484a287dee02ff058961ca4","openjpa-lib/src/main/java/org/apache/openjpa/lib/util/concurrent/AbstractSet.java","3"
"1","0.9.0","dc1f0bf2046cf08d9484a287dee02ff058961ca4","openjpa-lib/src/main/java/org/apache/openjpa/lib/util/concurrent/Arrays.java","39"
"1","0.9.0","dc1f0bf2046cf08d9484a287dee02ff058961ca4","openjpa-lib/src/main/java/org/apache/openjpa/lib/util/concurrent/ConcurrentHashMap.java","44"
"1","0.9.0","dc1f0bf2046cf08d9484a287dee02ff058961ca4","openjpa-lib/src/main/java/org/apache/openjpa/lib/util/concurrent/ConcurrentHashSet.java","2"
"1","0.9.0","dc1f0bf2046cf08d9484a287dee02ff058961ca4","openjpa-lib/src/main/java/org/apache/openjpa/lib/util/concurrent/ConcurrentLinkedQueue.java","9"
"1","0.9.0","dc1f0bf2046cf08d9484a287dee02ff058961ca4","openjpa-lib/src/main/java/org/apache/openjpa/lib/util/concurrent/ConcurrentMap.java","0"
"1","0.9.0","dc1f0bf2046cf08d9484a287dee02ff058961ca4","openjpa-lib/src/main/java/org/apache/openjpa/lib/util/concurrent/ConcurrentReferenceHashMap.java","52"
"1","0.9.0","dc1f0bf2046cf08d9484a287dee02ff058961ca4","openjpa-lib/src/main/java/org/apache/openjpa/lib/util/concurrent/ConcurrentReferenceHashSet.java","5"
"1","0.9.0","dc1f0bf2046cf08d9484a287dee02ff058961ca4","openjpa-lib/src/main/java/org/apache/openjpa/lib/util/concurrent/CondVar.java","4"
"1","0.9.0","dc1f0bf2046cf08d9484a287dee02ff058961ca4","openjpa-lib/src/main/java/org/apache/openjpa/lib/util/concurrent/Condition.java","1"
"1","0.9.0","dc1f0bf2046cf08d9484a287dee02ff058961ca4","openjpa-lib/src/main/java/org/apache/openjpa/lib/util/concurrent/CopyOnWriteArrayList.java","39"
"1","0.9.0","dc1f0bf2046cf08d9484a287dee02ff058961ca4","openjpa-lib/src/main/java/org/apache/openjpa/lib/util/concurrent/CopyOnWriteArraySet.java","13"
"1","0.9.0","dc1f0bf2046cf08d9484a287dee02ff058961ca4","openjpa-lib/src/main/java/org/apache/openjpa/lib/util/concurrent/FIFOCondVar.java","11"
"1","0.9.0","dc1f0bf2046cf08d9484a287dee02ff058961ca4","openjpa-lib/src/main/java/org/apache/openjpa/lib/util/concurrent/FIFOWaitQueue.java","3"
"1","0.9.0","dc1f0bf2046cf08d9484a287dee02ff058961ca4","openjpa-lib/src/main/java/org/apache/openjpa/lib/util/concurrent/Lock.java","0"
"1","0.9.0","dc1f0bf2046cf08d9484a287dee02ff058961ca4","openjpa-lib/src/main/java/org/apache/openjpa/lib/util/concurrent/NanoTimer.java","0"
"1","0.9.0","dc1f0bf2046cf08d9484a287dee02ff058961ca4","openjpa-lib/src/main/java/org/apache/openjpa/lib/util/concurrent/Queue.java","0"
"1","0.9.0","dc1f0bf2046cf08d9484a287dee02ff058961ca4","openjpa-lib/src/main/java/org/apache/openjpa/lib/util/concurrent/ReentrantLock.java","17"
"1","0.9.0","dc1f0bf2046cf08d9484a287dee02ff058961ca4","openjpa-lib/src/main/java/org/apache/openjpa/lib/util/concurrent/TimeUnit.java","9"
"1","0.9.0","dc1f0bf2046cf08d9484a287dee02ff058961ca4","openjpa-lib/src/main/java/org/apache/openjpa/lib/util/concurrent/Utils.java","10"
"1","0.9.0","dc1f0bf2046cf08d9484a287dee02ff058961ca4","openjpa-lib/src/main/java/org/apache/openjpa/lib/util/concurrent/WaitQueue.java","2"
"1","0.9.0","dc1f0bf2046cf08d9484a287dee02ff058961ca4","openjpa-lib/src/main/java/org/apache/openjpa/lib/xml/Commentable.java","0"
"1","0.9.0","dc1f0bf2046cf08d9484a287dee02ff058961ca4","openjpa-lib/src/main/java/org/apache/openjpa/lib/xml/DocTypeReader.java","13"
"1","0.9.0","dc1f0bf2046cf08d9484a287dee02ff058961ca4","openjpa-lib/src/main/java/org/apache/openjpa/lib/xml/Location.java","3"
"1","0.9.0","dc1f0bf2046cf08d9484a287dee02ff058961ca4","openjpa-lib/src/main/java/org/apache/openjpa/lib/xml/ValidatingErrorHandler.java","0"
"1","0.9.0","dc1f0bf2046cf08d9484a287dee02ff058961ca4","openjpa-lib/src/main/java/org/apache/openjpa/lib/xml/XMLFactory.java","1"
"1","0.9.0","dc1f0bf2046cf08d9484a287dee02ff058961ca4","openjpa-lib/src/main/java/org/apache/openjpa/lib/xml/XMLWriter.java","8"
"1","0.9.0","dc1f0bf2046cf08d9484a287dee02ff058961ca4","openjpa-persistence-jdbc/src/main/java/org/apache/openjpa/persistence/jdbc/AnnotationPersistenceMappingParser.java","23"
"1","0.9.0","dc1f0bf2046cf08d9484a287dee02ff058961ca4","openjpa-persistence-jdbc/src/main/java/org/apache/openjpa/persistence/jdbc/ClassCriteria.java","0"
"1","0.9.0","dc1f0bf2046cf08d9484a287dee02ff058961ca4","openjpa-persistence-jdbc/src/main/java/org/apache/openjpa/persistence/jdbc/Columns.java","0"
"1","0.9.0","dc1f0bf2046cf08d9484a287dee02ff058961ca4","openjpa-persistence-jdbc/src/main/java/org/apache/openjpa/persistence/jdbc/ContainerTable.java","0"
"1","0.9.0","dc1f0bf2046cf08d9484a287dee02ff058961ca4","openjpa-persistence-jdbc/src/main/java/org/apache/openjpa/persistence/jdbc/DataStoreIdColumn.java","0"
"1","0.9.0","dc1f0bf2046cf08d9484a287dee02ff058961ca4","openjpa-persistence-jdbc/src/main/java/org/apache/openjpa/persistence/jdbc/DiscriminatorStrategy.java","0"
"1","0.9.0","dc1f0bf2046cf08d9484a287dee02ff058961ca4","openjpa-persistence-jdbc/src/main/java/org/apache/openjpa/persistence/jdbc/EagerFetchMode.java","0"
"1","0.9.0","dc1f0bf2046cf08d9484a287dee02ff058961ca4","openjpa-persistence-jdbc/src/main/java/org/apache/openjpa/persistence/jdbc/EagerFetchType.java","1"
"1","0.9.0","dc1f0bf2046cf08d9484a287dee02ff058961ca4","openjpa-persistence-jdbc/src/main/java/org/apache/openjpa/persistence/jdbc/ElementClassCriteria.java","0"
"1","0.9.0","dc1f0bf2046cf08d9484a287dee02ff058961ca4","openjpa-persistence-jdbc/src/main/java/org/apache/openjpa/persistence/jdbc/ElementForeignKey.java","0"
"1","0.9.0","dc1f0bf2046cf08d9484a287dee02ff058961ca4","openjpa-persistence-jdbc/src/main/java/org/apache/openjpa/persistence/jdbc/ElementIndex.java","0"
"1","0.9.0","dc1f0bf2046cf08d9484a287dee02ff058961ca4","openjpa-persistence-jdbc/src/main/java/org/apache/openjpa/persistence/jdbc/ElementJoinColumn.java","0"
"1","0.9.0","dc1f0bf2046cf08d9484a287dee02ff058961ca4","openjpa-persistence-jdbc/src/main/java/org/apache/openjpa/persistence/jdbc/ElementJoinColumns.java","0"
"1","0.9.0","dc1f0bf2046cf08d9484a287dee02ff058961ca4","openjpa-persistence-jdbc/src/main/java/org/apache/openjpa/persistence/jdbc/ElementNonpolymorphic.java","0"
"1","0.9.0","dc1f0bf2046cf08d9484a287dee02ff058961ca4","openjpa-persistence-jdbc/src/main/java/org/apache/openjpa/persistence/jdbc/EmbeddedMapping.java","0"
"1","0.9.0","dc1f0bf2046cf08d9484a287dee02ff058961ca4","openjpa-persistence-jdbc/src/main/java/org/apache/openjpa/persistence/jdbc/ForeignKey.java","0"
"1","0.9.0","dc1f0bf2046cf08d9484a287dee02ff058961ca4","openjpa-persistence-jdbc/src/main/java/org/apache/openjpa/persistence/jdbc/ForeignKeyAction.java","1"
"1","0.9.0","dc1f0bf2046cf08d9484a287dee02ff058961ca4","openjpa-persistence-jdbc/src/main/java/org/apache/openjpa/persistence/jdbc/Index.java","0"
"1","0.9.0","dc1f0bf2046cf08d9484a287dee02ff058961ca4","openjpa-persistence-jdbc/src/main/java/org/apache/openjpa/persistence/jdbc/JDBCFetchPlan.java","2"
"1","0.9.0","dc1f0bf2046cf08d9484a287dee02ff058961ca4","openjpa-persistence-jdbc/src/main/java/org/apache/openjpa/persistence/jdbc/JDBCPersistenceProductDerivation.java","1"
"1","0.9.0","dc1f0bf2046cf08d9484a287dee02ff058961ca4","openjpa-persistence-jdbc/src/main/java/org/apache/openjpa/persistence/jdbc/MappingOverride.java","0"
"1","0.9.0","dc1f0bf2046cf08d9484a287dee02ff058961ca4","openjpa-persistence-jdbc/src/main/java/org/apache/openjpa/persistence/jdbc/MappingOverrides.java","0"
"1","0.9.0","dc1f0bf2046cf08d9484a287dee02ff058961ca4","openjpa-persistence-jdbc/src/main/java/org/apache/openjpa/persistence/jdbc/MappingTag.java","0"
"1","0.9.0","dc1f0bf2046cf08d9484a287dee02ff058961ca4","openjpa-persistence-jdbc/src/main/java/org/apache/openjpa/persistence/jdbc/Nonpolymorphic.java","0"
"1","0.9.0","dc1f0bf2046cf08d9484a287dee02ff058961ca4","openjpa-persistence-jdbc/src/main/java/org/apache/openjpa/persistence/jdbc/NonpolymorphicType.java","1"
"1","0.9.0","dc1f0bf2046cf08d9484a287dee02ff058961ca4","openjpa-persistence-jdbc/src/main/java/org/apache/openjpa/persistence/jdbc/OrderColumn.java","0"
"1","0.9.0","dc1f0bf2046cf08d9484a287dee02ff058961ca4","openjpa-persistence-jdbc/src/main/java/org/apache/openjpa/persistence/jdbc/PersistenceMappingDefaults.java","0"
"1","0.9.0","dc1f0bf2046cf08d9484a287dee02ff058961ca4","openjpa-persistence-jdbc/src/main/java/org/apache/openjpa/persistence/jdbc/PersistenceMappingFactory.java","0"
"1","0.9.0","dc1f0bf2046cf08d9484a287dee02ff058961ca4","openjpa-persistence-jdbc/src/main/java/org/apache/openjpa/persistence/jdbc/Strategy.java","0"
"1","0.9.0","dc1f0bf2046cf08d9484a287dee02ff058961ca4","openjpa-persistence-jdbc/src/main/java/org/apache/openjpa/persistence/jdbc/SubclassFetchMode.java","0"
"1","0.9.0","dc1f0bf2046cf08d9484a287dee02ff058961ca4","openjpa-persistence-jdbc/src/main/java/org/apache/openjpa/persistence/jdbc/Unique.java","0"
"1","0.9.0","dc1f0bf2046cf08d9484a287dee02ff058961ca4","openjpa-persistence-jdbc/src/main/java/org/apache/openjpa/persistence/jdbc/VersionColumn.java","0"
"1","0.9.0","dc1f0bf2046cf08d9484a287dee02ff058961ca4","openjpa-persistence-jdbc/src/main/java/org/apache/openjpa/persistence/jdbc/VersionColumns.java","0"
"1","0.9.0","dc1f0bf2046cf08d9484a287dee02ff058961ca4","openjpa-persistence-jdbc/src/main/java/org/apache/openjpa/persistence/jdbc/VersionStrategy.java","0"
"1","0.9.0","dc1f0bf2046cf08d9484a287dee02ff058961ca4","openjpa-persistence-jdbc/src/main/java/org/apache/openjpa/persistence/jdbc/XJoinColumn.java","0"
"1","0.9.0","dc1f0bf2046cf08d9484a287dee02ff058961ca4","openjpa-persistence-jdbc/src/main/java/org/apache/openjpa/persistence/jdbc/XJoinColumns.java","0"
"1","0.9.0","dc1f0bf2046cf08d9484a287dee02ff058961ca4","openjpa-persistence-jdbc/src/main/java/org/apache/openjpa/persistence/jdbc/XMLPersistenceMappingParser.java","34"
"1","0.9.0","dc1f0bf2046cf08d9484a287dee02ff058961ca4","openjpa-persistence-jdbc/src/main/java/org/apache/openjpa/persistence/jdbc/XMLPersistenceMappingSerializer.java","29"
"1","0.9.0","dc1f0bf2046cf08d9484a287dee02ff058961ca4","openjpa-persistence-jdbc/src/main/java/org/apache/openjpa/persistence/jdbc/XSecondaryTable.java","0"
"1","0.9.0","dc1f0bf2046cf08d9484a287dee02ff058961ca4","openjpa-persistence-jdbc/src/main/java/org/apache/openjpa/persistence/jdbc/XSecondaryTables.java","0"
"1","0.9.0","dc1f0bf2046cf08d9484a287dee02ff058961ca4","openjpa-persistence-jdbc/src/main/java/org/apache/openjpa/persistence/jdbc/XTable.java","0"
"1","0.9.0","dc1f0bf2046cf08d9484a287dee02ff058961ca4","openjpa-persistence/src/main/java/org/apache/openjpa/persistence/AnnotationPersistenceMetaDataParser.java","45"
"1","0.9.0","dc1f0bf2046cf08d9484a287dee02ff058961ca4","openjpa-persistence/src/main/java/org/apache/openjpa/persistence/ArgumentException.java","12"
"1","0.9.0","dc1f0bf2046cf08d9484a287dee02ff058961ca4","openjpa-persistence/src/main/java/org/apache/openjpa/persistence/ConfigurationProviderImpl.java","10"
"1","0.9.0","dc1f0bf2046cf08d9484a287dee02ff058961ca4","openjpa-persistence/src/main/java/org/apache/openjpa/persistence/DataCache.java","0"
"1","0.9.0","dc1f0bf2046cf08d9484a287dee02ff058961ca4","openjpa-persistence/src/main/java/org/apache/openjpa/persistence/DataStoreId.java","0"
"1","0.9.0","dc1f0bf2046cf08d9484a287dee02ff058961ca4","openjpa-persistence/src/main/java/org/apache/openjpa/persistence/Dependent.java","0"
"1","0.9.0","dc1f0bf2046cf08d9484a287dee02ff058961ca4","openjpa-persistence/src/main/java/org/apache/openjpa/persistence/DetachedState.java","0"
"1","0.9.0","dc1f0bf2046cf08d9484a287dee02ff058961ca4","openjpa-persistence/src/main/java/org/apache/openjpa/persistence/ElementDependent.java","0"
"1","0.9.0","dc1f0bf2046cf08d9484a287dee02ff058961ca4","openjpa-persistence/src/main/java/org/apache/openjpa/persistence/ElementType.java","0"
"1","0.9.0","dc1f0bf2046cf08d9484a287dee02ff058961ca4","openjpa-persistence/src/main/java/org/apache/openjpa/persistence/EntityExistsException.java","5"
"1","0.9.0","dc1f0bf2046cf08d9484a287dee02ff058961ca4","openjpa-persistence/src/main/java/org/apache/openjpa/persistence/EntityManagerFactoryImpl.java","9"
"1","0.9.0","dc1f0bf2046cf08d9484a287dee02ff058961ca4","openjpa-persistence/src/main/java/org/apache/openjpa/persistence/EntityManagerImpl.java","8"
"1","0.9.0","dc1f0bf2046cf08d9484a287dee02ff058961ca4","openjpa-persistence/src/main/java/org/apache/openjpa/persistence/EntityNotFoundException.java","5"
"1","0.9.0","dc1f0bf2046cf08d9484a287dee02ff058961ca4","openjpa-persistence/src/main/java/org/apache/openjpa/persistence/Extent.java","3"
"1","0.9.0","dc1f0bf2046cf08d9484a287dee02ff058961ca4","openjpa-persistence/src/main/java/org/apache/openjpa/persistence/ExternalValues.java","0"
"1","0.9.0","dc1f0bf2046cf08d9484a287dee02ff058961ca4","openjpa-persistence/src/main/java/org/apache/openjpa/persistence/Externalizer.java","0"
"1","0.9.0","dc1f0bf2046cf08d9484a287dee02ff058961ca4","openjpa-persistence/src/main/java/org/apache/openjpa/persistence/Factory.java","0"
"1","0.9.0","dc1f0bf2046cf08d9484a287dee02ff058961ca4","openjpa-persistence/src/main/java/org/apache/openjpa/persistence/FetchAttribute.java","0"
"1","0.9.0","dc1f0bf2046cf08d9484a287dee02ff058961ca4","openjpa-persistence/src/main/java/org/apache/openjpa/persistence/FetchGroup.java","0"
"1","0.9.0","dc1f0bf2046cf08d9484a287dee02ff058961ca4","openjpa-persistence/src/main/java/org/apache/openjpa/persistence/FetchGroups.java","0"
"1","0.9.0","dc1f0bf2046cf08d9484a287dee02ff058961ca4","openjpa-persistence/src/main/java/org/apache/openjpa/persistence/FetchPlan.java","2"
"1","0.9.0","dc1f0bf2046cf08d9484a287dee02ff058961ca4","openjpa-persistence/src/main/java/org/apache/openjpa/persistence/Generator.java","4"
"1","0.9.0","dc1f0bf2046cf08d9484a287dee02ff058961ca4","openjpa-persistence/src/main/java/org/apache/openjpa/persistence/InvalidStateException.java","12"
"1","0.9.0","dc1f0bf2046cf08d9484a287dee02ff058961ca4","openjpa-persistence/src/main/java/org/apache/openjpa/persistence/InverseLogical.java","0"
"1","0.9.0","dc1f0bf2046cf08d9484a287dee02ff058961ca4","openjpa-persistence/src/main/java/org/apache/openjpa/persistence/KeyDependent.java","0"
"1","0.9.0","dc1f0bf2046cf08d9484a287dee02ff058961ca4","openjpa-persistence/src/main/java/org/apache/openjpa/persistence/KeyType.java","0"
"1","0.9.0","dc1f0bf2046cf08d9484a287dee02ff058961ca4","openjpa-persistence/src/main/java/org/apache/openjpa/persistence/LRS.java","0"
"1","0.9.0","dc1f0bf2046cf08d9484a287dee02ff058961ca4","openjpa-persistence/src/main/java/org/apache/openjpa/persistence/LoadFetchGroup.java","0"
"1","0.9.0","dc1f0bf2046cf08d9484a287dee02ff058961ca4","openjpa-persistence/src/main/java/org/apache/openjpa/persistence/MetaDataTag.java","0"
"1","0.9.0","dc1f0bf2046cf08d9484a287dee02ff058961ca4","openjpa-persistence/src/main/java/org/apache/openjpa/persistence/NoResultException.java","5"
"1","0.9.0","dc1f0bf2046cf08d9484a287dee02ff058961ca4","openjpa-persistence/src/main/java/org/apache/openjpa/persistence/NonUniqueResultException.java","5"
"1","0.9.0","dc1f0bf2046cf08d9484a287dee02ff058961ca4","openjpa-persistence/src/main/java/org/apache/openjpa/persistence/OpenJPAEntityManager.java","0"
"1","0.9.0","dc1f0bf2046cf08d9484a287dee02ff058961ca4","openjpa-persistence/src/main/java/org/apache/openjpa/persistence/OpenJPAEntityManagerFactory.java","0"
"1","0.9.0","dc1f0bf2046cf08d9484a287dee02ff058961ca4","openjpa-persistence/src/main/java/org/apache/openjpa/persistence/OpenJPAPersistence.java","3"
"1","0.9.0","dc1f0bf2046cf08d9484a287dee02ff058961ca4","openjpa-persistence/src/main/java/org/apache/openjpa/persistence/OpenJPAQuery.java","0"
"1","0.9.0","dc1f0bf2046cf08d9484a287dee02ff058961ca4","openjpa-persistence/src/main/java/org/apache/openjpa/persistence/OptimisticLockException.java","5"
"1","0.9.0","dc1f0bf2046cf08d9484a287dee02ff058961ca4","openjpa-persistence/src/main/java/org/apache/openjpa/persistence/PersistenceException.java","5"
"1","0.9.0","dc1f0bf2046cf08d9484a287dee02ff058961ca4","openjpa-persistence/src/main/java/org/apache/openjpa/persistence/PersistenceExceptions.java","3"
"1","0.9.0","dc1f0bf2046cf08d9484a287dee02ff058961ca4","openjpa-persistence/src/main/java/org/apache/openjpa/persistence/PersistenceListenerAdapter.java","4"
"1","0.9.0","dc1f0bf2046cf08d9484a287dee02ff058961ca4","openjpa-persistence/src/main/java/org/apache/openjpa/persistence/PersistenceMetaDataDefaults.java","3"
"1","0.9.0","dc1f0bf2046cf08d9484a287dee02ff058961ca4","openjpa-persistence/src/main/java/org/apache/openjpa/persistence/PersistenceMetaDataFactory.java","16"
"1","0.9.0","dc1f0bf2046cf08d9484a287dee02ff058961ca4","openjpa-persistence/src/main/java/org/apache/openjpa/persistence/PersistenceProductDerivation.java","1"
"1","0.9.0","dc1f0bf2046cf08d9484a287dee02ff058961ca4","openjpa-persistence/src/main/java/org/apache/openjpa/persistence/PersistenceProviderImpl.java","1"
"1","0.9.0","dc1f0bf2046cf08d9484a287dee02ff058961ca4","openjpa-persistence/src/main/java/org/apache/openjpa/persistence/PersistenceStrategy.java","0"
"1","0.9.0","dc1f0bf2046cf08d9484a287dee02ff058961ca4","openjpa-persistence/src/main/java/org/apache/openjpa/persistence/PersistenceUnitInfoImpl.java","21"
"1","0.9.0","dc1f0bf2046cf08d9484a287dee02ff058961ca4","openjpa-persistence/src/main/java/org/apache/openjpa/persistence/Persistent.java","0"
"1","0.9.0","dc1f0bf2046cf08d9484a287dee02ff058961ca4","openjpa-persistence/src/main/java/org/apache/openjpa/persistence/PersistentCollection.java","0"
"1","0.9.0","dc1f0bf2046cf08d9484a287dee02ff058961ca4","openjpa-persistence/src/main/java/org/apache/openjpa/persistence/PersistentMap.java","0"
"1","0.9.0","dc1f0bf2046cf08d9484a287dee02ff058961ca4","openjpa-persistence/src/main/java/org/apache/openjpa/persistence/QueryImpl.java","14"
"1","0.9.0","dc1f0bf2046cf08d9484a287dee02ff058961ca4","openjpa-persistence/src/main/java/org/apache/openjpa/persistence/QueryResultCache.java","1"
"1","0.9.0","dc1f0bf2046cf08d9484a287dee02ff058961ca4","openjpa-persistence/src/main/java/org/apache/openjpa/persistence/ReadOnly.java","0"
"1","0.9.0","dc1f0bf2046cf08d9484a287dee02ff058961ca4","openjpa-persistence/src/main/java/org/apache/openjpa/persistence/RollbackException.java","3"
"1","0.9.0","dc1f0bf2046cf08d9484a287dee02ff058961ca4","openjpa-persistence/src/main/java/org/apache/openjpa/persistence/StoreCache.java","2"
"1","0.9.0","dc1f0bf2046cf08d9484a287dee02ff058961ca4","openjpa-persistence/src/main/java/org/apache/openjpa/persistence/TransactionRequiredException.java","5"
"1","0.9.0","dc1f0bf2046cf08d9484a287dee02ff058961ca4","openjpa-persistence/src/main/java/org/apache/openjpa/persistence/Type.java","0"
"1","0.9.0","dc1f0bf2046cf08d9484a287dee02ff058961ca4","openjpa-persistence/src/main/java/org/apache/openjpa/persistence/UpdateAction.java","1"
"1","0.9.0","dc1f0bf2046cf08d9484a287dee02ff058961ca4","openjpa-persistence/src/main/java/org/apache/openjpa/persistence/XMLPersistenceMetaDataParser.java","80"
"1","0.9.0","dc1f0bf2046cf08d9484a287dee02ff058961ca4","openjpa-persistence/src/main/java/org/apache/openjpa/persistence/XMLPersistenceMetaDataSerializer.java","47"
"1","0.9.0","dc1f0bf2046cf08d9484a287dee02ff058961ca4","openjpa-xmlstore/src/main/java/org/apache/openjpa/xmlstore/ObjectData.java","10"
"1","0.9.0","dc1f0bf2046cf08d9484a287dee02ff058961ca4","openjpa-xmlstore/src/main/java/org/apache/openjpa/xmlstore/XMLConfiguration.java","5"
"1","0.9.0","dc1f0bf2046cf08d9484a287dee02ff058961ca4","openjpa-xmlstore/src/main/java/org/apache/openjpa/xmlstore/XMLFileHandler.java","29"
"1","0.9.0","dc1f0bf2046cf08d9484a287dee02ff058961ca4","openjpa-xmlstore/src/main/java/org/apache/openjpa/xmlstore/XMLStore.java","4"
"1","0.9.0","dc1f0bf2046cf08d9484a287dee02ff058961ca4","openjpa-xmlstore/src/main/java/org/apache/openjpa/xmlstore/XMLStoreManager.java","11"
