IssueId,IssueKey,CommitId,CommitDate,Subject,CreatedDate,ResolutionDate,TemporalRelation,HoursAfterResolution,AffectedVersions,FixVersions,ChangedFiles,ChangedJavaFiles,ChangedProductionJavaFiles,ProductionFiles
12360237,OPENJPA-100,6055a34b4215b472dce012d28ead7a2a7c6f8f19,2007-01-10T23:06:42Z,"OPENJPA-100: <jar-file> processing bugfix, and logging improvements",2007-01-10T23:06:27Z,2007-01-10T23:07:35Z,INSIDE_LIFECYCLE,,,0.9.7,4,2,2,openjpa-kernel/src/main/java/org/apache/openjpa/meta/AbstractCFMetaDataFactory.java|openjpa-persistence/src/main/java/org/apache/openjpa/persistence/PersistenceMetaDataFactory.java
12421534,OPENJPA-1002,e4b87fd6b34dfb2b508b387bf8e365507509eb4f,2009-04-16T23:27:02Z,"Fix for OpenJPA-1002, patch submitted by Ravi Palacherla",2009-03-30T08:25Z,2009-09-16T14:31:48Z,INSIDE_LIFECYCLE,,1.1.0|1.2.1|1.3.0|2.0.0-M2,1.2.0|2.0.0-M3,2,2,1,openjpa-kernel/src/main/java/org/apache/openjpa/datacache/QueryCacheStoreQuery.java
12421534,OPENJPA-1002,09859699f9087e5d7200999cb8eae48bc04aa201,2009-04-28T19:14:40Z,"OpenJPA-1002: fixed select range for Oracle drivers, patch submitted by Amy Yang and Ravi Palacherla",2009-03-30T08:25Z,2009-09-16T14:31:48Z,INSIDE_LIFECYCLE,,1.1.0|1.2.1|1.3.0|2.0.0-M2,1.2.0|2.0.0-M3,4,3,2,openjpa-jdbc/src/main/java/org/apache/openjpa/jdbc/sql/DBDictionary.java|openjpa-jdbc/src/main/java/org/apache/openjpa/jdbc/sql/OracleDictionary.java
12421561,OPENJPA-1004,f21f7b5ae5d52a2897fc96916ef20fb6f0f541a8,2009-04-02T15:38:34Z,OPENJPA-1004: fix problems with IdClass which has a derived identity and the relation corresponding to the derived identity uses generatedKey,2009-03-30T16:06:33Z,2009-04-02T20:07:53Z,INSIDE_LIFECYCLE,,1.2.2|2.0.0-M2,2.0.0-M2,7,7,3,openjpa-jdbc/src/main/java/org/apache/openjpa/jdbc/kernel/AbstractUpdateManager.java|openjpa-jdbc/src/main/java/org/apache/openjpa/jdbc/kernel/PreparedStatementManagerImpl.java|openjpa-kernel/src/main/java/org/apache/openjpa/kernel/StateManagerImpl.java
12360647,OPENJPA-102,c7128669c7e1f439f45c62d07b58e8add38343d2,2007-01-17T21:40:37Z,fixes for OPENJPA-102 and OPENJPA-104,2007-01-17T04:07:30Z,2007-01-17T22:17:18Z,INSIDE_LIFECYCLE,,,0.9.7,5,5,5,openjpa-kernel/src/main/java/org/apache/openjpa/conf/AutoDetachValue.java|openjpa-kernel/src/main/java/org/apache/openjpa/kernel/AutoDetach.java|openjpa-kernel/src/main/java/org/apache/openjpa/kernel/BrokerImpl.java|openjpa-kernel/src/main/java/org/apache/openjpa/kernel/DetachManager.java|openjpa-persistence/src/main/java/org/apache/openjpa/persistence/EntityManagerFactoryImpl.java
12421989,OPENJPA-1020,3320287392e035415d7867ac7312d9109d02306a,2010-01-04T21:17:35Z,OPENJPA-1020: fix class cast exception when retrieving eager persistent collection,2009-04-03T17:18:23Z,2010-03-09T14:36:29Z,INSIDE_LIFECYCLE,,1.2.1|2.0.0-M2,2.0.0-beta,4,4,1,openjpa-jdbc/src/main/java/org/apache/openjpa/jdbc/kernel/JDBCStoreManager.java
12422203,OPENJPA-1025,14ae1c34cf1481607b2f321b625014fed59d6e29,2009-04-29T15:37:41Z,OPENJPA-1025 committing patch provided by B.J. Reed. Removin subList method from AbstractResultList forcing subclasses to override the method,2009-04-07T07:13:37Z,2009-04-30T15:45:38Z,INSIDE_LIFECYCLE,,1.2.1|1.3.0|2.0.0-M2,1.0.4|1.2.2|1.3.0|2.0.0-beta,8,8,4,openjpa-lib/src/main/java/org/apache/openjpa/lib/rop/AbstractNonSequentialResultList.java|openjpa-lib/src/main/java/org/apache/openjpa/lib/rop/AbstractResultList.java|openjpa-lib/src/main/java/org/apache/openjpa/lib/rop/LazyForwardResultList.java|openjpa-lib/src/main/java/org/apache/openjpa/lib/rop/ListResultList.java
12422304,OPENJPA-1028,2901ea6e52b348dde119185181c33a5038f47922,2009-04-08T22:06:56Z,OPENJPA-1028: fixed setMappedByValue when embeddable is involved.,2009-04-07T21:49:01Z,2009-04-10T23:20:23Z,INSIDE_LIFECYCLE,,2.0.0-M2,2.0.0-M2,5,5,1,openjpa-jdbc/src/main/java/org/apache/openjpa/jdbc/meta/strats/RelationFieldStrategy.java
12422393,OPENJPA-1029,d9039ca64064c99558efd6db6d15c4028ad63236,2009-04-17T03:15:38Z,OPENJPA-1029 SQLServerDictionary updates contributed by Donald Woods,2009-04-08T18:47:28Z,2009-04-30T16:32:42Z,INSIDE_LIFECYCLE,,2.0.0-M2,1.0.4|1.2.2|1.3.0|2.0.0-M2,1,1,1,openjpa-jdbc/src/main/java/org/apache/openjpa/jdbc/sql/SQLServerDictionary.java
12360675,OPENJPA-103,bb7bf5940928786ce650ef9e3f6c0fb4c84d57ce,2007-01-17T22:46:39Z,Changes for JIRA OPENJPA-103 issue.,2007-01-17T17:08:31Z,2007-01-17T22:50:03Z,INSIDE_LIFECYCLE,,,0.9.7,1,1,1,openjpa-persistence/src/main/java/org/apache/openjpa/persistence/XMLPersistenceMetaDataParser.java
12422851,OPENJPA-1039,21b41a50fe101d6003fac68b940032dd9bc1f0f9,2009-04-15T08:34:45Z,OPENJPA-1039: treat AND OR operators as non-associative,2009-04-15T08:33:30Z,2009-05-08T00:09:27Z,INSIDE_LIFECYCLE,,,2.0.0-M1,2,2,1,openjpa-persistence/src/main/java/org/apache/openjpa/persistence/query/LogicalPredicate.java
12360697,OPENJPA-104,c7128669c7e1f439f45c62d07b58e8add38343d2,2007-01-17T21:40:37Z,fixes for OPENJPA-102 and OPENJPA-104,2007-01-17T20:23:12Z,2007-01-17T22:17:38Z,INSIDE_LIFECYCLE,,,0.9.7,5,5,5,openjpa-kernel/src/main/java/org/apache/openjpa/conf/AutoDetachValue.java|openjpa-kernel/src/main/java/org/apache/openjpa/kernel/AutoDetach.java|openjpa-kernel/src/main/java/org/apache/openjpa/kernel/BrokerImpl.java|openjpa-kernel/src/main/java/org/apache/openjpa/kernel/DetachManager.java|openjpa-persistence/src/main/java/org/apache/openjpa/persistence/EntityManagerFactoryImpl.java
12422962,OPENJPA-1041,0daf1bffc8bef922263cee1cb5da605137fdcba1,2009-04-16T23:24:07Z,OPENJPA-1041: allow orderBy on nested embeddables,2009-04-15T23:22:05Z,2009-05-01T20:20:46Z,INSIDE_LIFECYCLE,,2.0.0-M2,2.0.0-M2,7,7,3,openjpa-jdbc/src/main/java/org/apache/openjpa/jdbc/meta/JDBCRelatedFieldOrder.java|openjpa-kernel/src/main/java/org/apache/openjpa/meta/MetaDataRepository.java|openjpa-persistence/src/main/java/org/apache/openjpa/persistence/AnnotationPersistenceMetaDataParser.java
12423531,OPENJPA-1049,861db8ddd022c1b27c9ab3bf36df80cf5517c046,2009-05-01T02:22:35Z,OPENJPA-1049: Register type alias for MappedSuperclass.,2009-04-22T23:57:50Z,2009-08-28T01:44:09Z,INSIDE_LIFECYCLE,,1.2.1|1.3.0|2.0.0-M2,2.0.0-M3,2,2,1,openjpa-kernel/src/main/java/org/apache/openjpa/enhance/PCEnhancer.java
12424056,OPENJPA-1051,862edc8fe177faede47a4ea09f7c3cdb9a4abff7,2009-05-13T22:54:32Z,OpenJPA-1051: Fixed MappingDefaultsImpl to avoid column name duplications when long column names are supplied for a database that accepts only shorter names.  Changes submitted for Ravi Palacherla.,2009-04-28T16:13:17Z,2009-05-13T22:57:54Z,INSIDE_LIFECYCLE,,1.0.0|2.0.0-M2,1.2.0|2.0.0-M2,4,4,3,openjpa-jdbc/src/main/java/org/apache/openjpa/jdbc/meta/MappingDefaultsImpl.java|openjpa-jdbc/src/main/java/org/apache/openjpa/jdbc/schema/NameSet.java|openjpa-jdbc/src/main/java/org/apache/openjpa/jdbc/schema/Table.java
12424056,OPENJPA-1051,a91e85e6db73b4c2c6b2e89eb75b2516d1bb99c6,2009-11-16T09:33:29Z,OPENJPA-1051: Simplify check for uniqueness of column names. Patch contributed by Ravi Palacherla.,2009-04-28T16:13:17Z,2009-05-13T22:57:54Z,AFTER_RESOLUTION,4474,1.0.0|2.0.0-M2,1.2.0|2.0.0-M2,1,1,1,openjpa-jdbc/src/main/java/org/apache/openjpa/jdbc/schema/Table.java
12424056,OPENJPA-1051,93ae72d15f2b767c41ffc4458d95d4c64e3cc74d,2009-11-16T15:58:24Z,OPENJPA-1051: Simplify check for uniqueness of column names. Patch contributed by Ravi Palacherla.,2009-04-28T16:13:17Z,2009-05-13T22:57:54Z,AFTER_RESOLUTION,4481,1.0.0|2.0.0-M2,1.2.0|2.0.0-M2,2,2,2,openjpa-jdbc/src/main/java/org/apache/openjpa/jdbc/meta/MappingDefaultsImpl.java|openjpa-jdbc/src/main/java/org/apache/openjpa/jdbc/schema/NameSet.java
12424056,OPENJPA-1051,9c275904f3a7a6f7f5740cf641bf7fcccb710186,2009-11-16T19:34:11Z,OPENJPA-1387: Revert unique colum related changes to before 880685 plus other changes after that related to OPENJPA-1051 and OPENJPA-1381.,2009-04-28T16:13:17Z,2009-05-13T22:57:54Z,AFTER_RESOLUTION,4484,1.0.0|2.0.0-M2,1.2.0|2.0.0-M2,12,12,11,openjpa-jdbc/src/main/java/org/apache/openjpa/jdbc/kernel/TableJDBCSeq.java|openjpa-jdbc/src/main/java/org/apache/openjpa/jdbc/meta/MappingTool.java|openjpa-jdbc/src/main/java/org/apache/openjpa/jdbc/schema/Constraint.java|openjpa-jdbc/src/main/java/org/apache/openjpa/jdbc/schema/LocalConstraint.java|openjpa-jdbc/src/main/java/org/apache/openjpa/jdbc/schema/NameSet.java|openjpa-jdbc/src/main/java/org/apache/openjpa/jdbc/schema/SchemaTool.java|openjpa-jdbc/src/main/java/org/apache/openjpa/jdbc/schema/Table.java|openjpa-jdbc/src/main/java/org/apache/openjpa/jdbc/schema/Unique.java|openjpa-jdbc/src/main/java/org/apache/openjpa/jdbc/sql/AbstractDB2Dictionary.java|openjpa-jdbc/src/main/java/org/apache/openjpa/jdbc/sql/DBDictionary.java|openjpa-persistence/src/main/java/org/apache/openjpa/persistence/QueryImpl.java
12424056,OPENJPA-1051,9a7bab2a6a54849fe98de374be278f3c303e68ec,2009-11-16T21:41:55Z,OPENJPA-1051: Simplify check for uniqueness of column names. Patch contributed by Ravi Palacherla.,2009-04-28T16:13:17Z,2009-05-13T22:57:54Z,AFTER_RESOLUTION,4486,1.0.0|2.0.0-M2,1.2.0|2.0.0-M2,1,1,1,openjpa-jdbc/src/main/java/org/apache/openjpa/jdbc/schema/Table.java
12424056,OPENJPA-1051,d9d6898558b809c0c630c0db869d4fe8f4ec61b4,2009-11-16T21:49:59Z,OPENJPA-1051,2009-04-28T16:13:17Z,2009-05-13T22:57:54Z,AFTER_RESOLUTION,4486,1.0.0|2.0.0-M2,1.2.0|2.0.0-M2,2,2,2,openjpa-jdbc/src/main/java/org/apache/openjpa/jdbc/meta/MappingDefaultsImpl.java|openjpa-jdbc/src/main/java/org/apache/openjpa/jdbc/schema/NameSet.java
12424125,OPENJPA-1053,1677b481b2783ee02aeba8c7175a0ae27d18fa92,2009-04-29T19:08:11Z,OPENJPA-1053: fix update by setting an embeddable which contains a cascade delete relation with another entity.,2009-04-29T04:56Z,2009-05-01T20:22Z,INSIDE_LIFECYCLE,,2.0.0-M2,2.0.0-M2,7,7,3,openjpa-kernel/src/main/java/org/apache/openjpa/kernel/BrokerImpl.java|openjpa-kernel/src/main/java/org/apache/openjpa/kernel/SingleFieldManager.java|openjpa-kernel/src/main/java/org/apache/openjpa/kernel/StateManagerImpl.java
12424125,OPENJPA-1053,5cb14fe384cf59d2612817ec4c3f1c62e17dd611,2010-03-09T16:54:55Z,OPENJPA-1053:: unwrap() query failure to throw correct exception and  set rollback,2009-04-29T04:56Z,2009-05-01T20:22Z,AFTER_RESOLUTION,7484,2.0.0-M2,2.0.0-M2,2,2,1,openjpa-persistence/src/main/java/org/apache/openjpa/persistence/QueryImpl.java
12424186,OPENJPA-1054,3c88ac3d20d871db3535a06d04735a9f7d2a7874,2009-05-28T18:31:12Z,OPENJPA-1054 committing patch from Rick Curtis and Fay Wang. Testcase has been updated to use jMock instead of creating its own mock objects,2009-04-29T16:41:12Z,2009-05-28T20:46:04Z,INSIDE_LIFECYCLE,,,1.3.0|2.0.0-M2,7,4,3,openjpa-jdbc/src/main/java/org/apache/openjpa/jdbc/sql/DBDictionary.java|openjpa-jdbc/src/main/java/org/apache/openjpa/jdbc/sql/MySQLDictionary.java|openjpa-jdbc/src/main/java/org/apache/openjpa/jdbc/sql/SQLBuffer.java
12424186,OPENJPA-1054,0d6f1a02143b3fd12342fd783f0438d764759645,2009-05-28T20:45:27Z,OPENJPA-1054. Added testcase for callable statements and fixed typo.,2009-04-29T16:41:12Z,2009-05-28T20:46:04Z,INSIDE_LIFECYCLE,,,1.3.0|2.0.0-M2,2,2,1,openjpa-jdbc/src/main/java/org/apache/openjpa/jdbc/sql/SQLBuffer.java
12424543,OPENJPA-1060,6bccd91606d09db80dc8bf03ed6a23c47cf153fe,2009-05-05T13:47:56Z,OPENJPA-1060 Made userObject transient to correct serialization issue,2009-05-04T19:18:41Z,2009-05-05T13:50:57Z,INSIDE_LIFECYCLE,,2.0.0-M2,2.0.0-M2,1,1,1,openjpa-lib/src/main/java/org/apache/openjpa/lib/rop/AbstractResultList.java
12424625,OPENJPA-1061,03d9e24bc6a10c3bea737678606d74f7c6fb86fc,2009-06-30T01:05:16Z,OPENJPA-1061 merging patch provided by Jody Grassel to trunk 	modified:   openjpa-kernel/src/main/java/org/apache/openjpa/enhance/PCEnhancer.java 	modified:   openjpa-kernel/src/main/java/org/apache/openjpa/meta/ClassMetaData.java,2009-05-05T18:26:31Z,2009-06-30T03:12:19Z,INSIDE_LIFECYCLE,,1.2.0|1.2.1,1.0.4|1.2.2|1.3.0|2.0.0-M3,2,2,2,openjpa-kernel/src/main/java/org/apache/openjpa/enhance/PCEnhancer.java|openjpa-kernel/src/main/java/org/apache/openjpa/meta/ClassMetaData.java
12424719,OPENJPA-1067,09a77eeae3b1e25244490f0c93dc159314a872f9,2009-05-06T22:40:43Z,OPENJPA-1067. Do not call setQueryTimeout for DB2 on Z/OS,2009-05-06T15:58:41Z,2009-05-27T21:06:44Z,INSIDE_LIFECYCLE,,1.0.3|1.2.1|1.3.0|2.0.0-M2,1.0.4|1.2.2|1.3.0|2.0.0-M2,1,1,1,openjpa-jdbc/src/main/java/org/apache/openjpa/jdbc/sql/DB2Dictionary.java
12424719,OPENJPA-1067,ef204040c208c6250fda950dfbca58ea187619ad,2009-05-19T21:26:37Z,OPENJPA-1067. Restoring original behavior - pending JDBC spec interpretation with DB2,2009-05-06T15:58:41Z,2009-05-27T21:06:44Z,INSIDE_LIFECYCLE,,1.0.3|1.2.1|1.3.0|2.0.0-M2,1.0.4|1.2.2|1.3.0|2.0.0-M2,1,1,1,openjpa-jdbc/src/main/java/org/apache/openjpa/jdbc/sql/DB2Dictionary.java
12424719,OPENJPA-1067,2e9f4187ccf0bfc07629e062a0af745806440761,2009-05-26T19:12:40Z,OPENJPA-1067. Merely log SQLException from setQueryTimeout for DB2 on Z/OS,2009-05-06T15:58:41Z,2009-05-27T21:06:44Z,INSIDE_LIFECYCLE,,1.0.3|1.2.1|1.3.0|2.0.0-M2,1.0.4|1.2.2|1.3.0|2.0.0-M2,2,1,1,openjpa-jdbc/src/main/java/org/apache/openjpa/jdbc/sql/DB2Dictionary.java
12424829,OPENJPA-1072,3182ed978e2ebd4d96d5b2f2af6295a446cb2ad9,2009-05-08T07:48:08Z,OPENJPA-1072: set up foreign key relationship for the relation within an embeddable in an element collection.,2009-05-07T16:48:12Z,2009-05-08T15:17Z,INSIDE_LIFECYCLE,,2.0.0-M2,2.0.0-M2,6,6,2,openjpa-jdbc/src/main/java/org/apache/openjpa/jdbc/meta/ValueMappingImpl.java|openjpa-jdbc/src/main/java/org/apache/openjpa/jdbc/meta/strats/HandlerCollectionTableFieldStrategy.java
12424940,OPENJPA-1074,3eff16e07afd3ce6252574ded5a54920b2965c1f,2009-05-08T19:53:16Z,OPENJPA-1074 Maintain contiguous index for collection element removal,2009-05-08T15:16:54Z,2010-03-23T01:21:02Z,INSIDE_LIFECYCLE,,2.0.0-M2,2.0.0-M3,3,3,2,openjpa-jdbc/src/main/java/org/apache/openjpa/jdbc/meta/strats/HandlerCollectionTableFieldStrategy.java|openjpa-jdbc/src/main/java/org/apache/openjpa/jdbc/meta/strats/RelationToManyTableFieldStrategy.java
12424940,OPENJPA-1074,49596dc4e61534de612f34573db3167e05ddf6d2,2009-05-29T17:24:54Z,OPENJPA-1074 Fix for bidirectional ordered relationships. Modified order column tests to be included in compile time enhancement.,2009-05-08T15:16:54Z,2010-03-23T01:21:02Z,INSIDE_LIFECYCLE,,2.0.0-M2,2.0.0-M3,20,13,1,openjpa-jdbc/src/main/java/org/apache/openjpa/jdbc/meta/strats/RelationToManyInverseKeyFieldStrategy.java
12426020,OPENJPA-1097,b9a230567ec725cd06f5c0db326572907f42ea52,2010-03-06T03:26:24Z,"OPENJPA-1097 Detachment processing of our proxied mutable types (Date, Timestamp, etc) needs to be consistent as EM.clear() was not unproxying JavaTypes.OBJECT fields but detach()/detachAll() were.  Thanks to Rick Curtis for the DetachManager changes.",2009-05-21T13:45:28Z,2010-03-22T19:04:02Z,INSIDE_LIFECYCLE,,1.2.2|1.3.0|2.0.0-M1,1.3.0|2.0.0-beta3,4,4,1,openjpa-kernel/src/main/java/org/apache/openjpa/kernel/DetachManager.java
12426020,OPENJPA-1097,a99ea6218f5898e37e8a6965f812976bd3362b7e,2010-03-16T17:09:45Z,OPENJPA-1097 Revert previous DetachManager and TestProxyCollection changes in r919696.  New code changes Proxies to always remove  classes on serialization if the entity is detachable and one of our Proxy subclasses.,2009-05-21T13:45:28Z,2010-03-22T19:04:02Z,INSIDE_LIFECYCLE,,1.2.2|1.3.0|2.0.0-M1,1.3.0|2.0.0-beta3,4,4,2,openjpa-kernel/src/main/java/org/apache/openjpa/kernel/DetachManager.java|openjpa-kernel/src/main/java/org/apache/openjpa/util/Proxies.java
12426020,OPENJPA-1097,e56be85085acfc32977ddd3dc1bbb63c2f7ebd71,2010-03-16T20:08:28Z,OPENJPA-1097 Remove duplicate code in DetachManager and cleanup comments/traces in tests,2009-05-21T13:45:28Z,2010-03-22T19:04:02Z,INSIDE_LIFECYCLE,,1.2.2|1.3.0|2.0.0-M1,1.3.0|2.0.0-beta3,2,2,1,openjpa-kernel/src/main/java/org/apache/openjpa/kernel/DetachManager.java
12426020,OPENJPA-1097,4f9de8e360c8fcb2dda9100c01b2761a3ec21f5c,2010-03-19T20:51:20Z,OPENJPA-1097 Use DetachedStateField to determine when to keep  in the serialized entities or not,2009-05-21T13:45:28Z,2010-03-22T19:04:02Z,INSIDE_LIFECYCLE,,1.2.2|1.3.0|2.0.0-M1,1.3.0|2.0.0-beta3,1,1,1,openjpa-kernel/src/main/java/org/apache/openjpa/util/Proxies.java
12426020,OPENJPA-1097,773eefc3135294aa18d1122483e8a1d1b82f0c53,2010-03-22T14:25:22Z,OPENJPA-1097 Cleanup imports and add more comments on the before/after behavior of writeReplace().,2009-05-21T13:45:28Z,2010-03-22T19:04:02Z,INSIDE_LIFECYCLE,,1.2.2|1.3.0|2.0.0-M1,1.3.0|2.0.0-beta3,1,1,1,openjpa-kernel/src/main/java/org/apache/openjpa/util/Proxies.java
12426042,OPENJPA-1099,a224644c4c475b08fae3aa27cfb325b035982e0a,2009-05-22T14:16:23Z,OpenJPA-1099: Replaced <xmp> tag with <pre> tag in Javadoc comments.,2009-05-21T18:42:01Z,2009-05-22T14:19:46Z,INSIDE_LIFECYCLE,,1.1.0|1.2.0|1.2.1,2.0.0-M2,2,2,1,openjpa-lib/src/main/java/org/apache/openjpa/lib/util/J2DoPrivHelper.java
12426109,OPENJPA-1100,250186fbcbf7b82437ae4e912cdcd92bab8640b8,2009-08-28T01:39:15Z,OPENJPA-1100: Raise exception for unsupported version field type rather than silently ignoring,2009-05-22T13:12:16Z,2009-08-28T01:40:03Z,INSIDE_LIFECYCLE,,1.2.1|1.3.0|2.0.0-M2,2.0.0-M3,3,2,1,openjpa-jdbc/src/main/java/org/apache/openjpa/jdbc/meta/MappingRepository.java
12427028,OPENJPA-1116,149dbef93b99ab50350f352a4864054c38ec863d,2009-08-28T00:54:52Z,OPENJPA-1116: Setting strategy on FieldMappingInfo instead of ValueMappingInfo. RuntimeStrategyInstaller installs strategy from FieldMappingInfo. Contributed by Ashish Palliwal.,2009-06-03T13:38:56Z,2009-09-23T19:25:27Z,INSIDE_LIFECYCLE,,1.3.0|2.0.0-M2,1.3.0|2.0.0-M3,1,1,1,openjpa-persistence-jdbc/src/main/java/org/apache/openjpa/persistence/jdbc/AnnotationPersistenceMappingParser.java
12427147,OPENJPA-1119,0e055fb013c5713be573c5088c18320dc16764d4,2009-06-22T19:16:19Z,OPENJPA-1119 committing patch from Rick Curtis.,2009-06-04T20:03:19Z,2009-06-22T19:16:40Z,INSIDE_LIFECYCLE,,2.0.0,2.0.0-M3,2,1,1,openjpa-kernel/src/main/java/org/apache/openjpa/enhance/InstrumentationFactory.java
12361228,OPENJPA-112,d1a165bc613d54bd9ff9baa2ca0fbca8305b70f0,2008-06-19T00:40:17Z,"OPENJPA-112,OPENJPA-111: Early check for 1-based positional parameter and no named parameter in native query. Also more specific error message",2007-01-25T01:38:08Z,2008-06-19T00:40:53Z,INSIDE_LIFECYCLE,,,1.2.0,3,2,1,openjpa-persistence/src/main/java/org/apache/openjpa/persistence/QueryImpl.java
12427192,OPENJPA-1120,16344b5b33639767eecffa16c769b956633d14e2,2009-07-29T23:53:18Z,OPENJPA-1120 idEquals() broken in BigDecimalId and BigIntegerId.  Patch contributed by Dieter Von Holten with additional updates from Albert Lee.,2009-06-05T09:17:41Z,2009-09-14T19:54:19Z,INSIDE_LIFECYCLE,,1.0.3|1.1.0|1.2.1|1.3.0|2.0.0,1.3.0|2.0.0-M3,2,2,2,openjpa-kernel/src/main/java/org/apache/openjpa/util/BigDecimalId.java|openjpa-kernel/src/main/java/org/apache/openjpa/util/BigIntegerId.java
12427202,OPENJPA-1121,59c81b98aa2730084defb28839661bda5aad8bc3,2009-10-20T05:40:40Z,OPENJPA-1121: Load user-defined Enums.,2009-06-05T11:17:40Z,2010-03-08T18:31:01Z,INSIDE_LIFECYCLE,,1.2.1,1.3.0|2.0.0-M3,1,1,1,openjpa-lib/src/main/java/org/apache/openjpa/lib/util/TemporaryClassLoader.java
12427202,OPENJPA-1121,045eb544de1a22761d7aa35b9da7571be21bc37e,2010-03-08T18:26:20Z,OPENJPA-1121 add ref to JIRA,2009-06-05T11:17:40Z,2010-03-08T18:31:01Z,INSIDE_LIFECYCLE,,1.2.1,1.3.0|2.0.0-M3,1,1,1,openjpa-lib/src/main/java/org/apache/openjpa/lib/util/TemporaryClassLoader.java
12427229,OPENJPA-1125,d7a6e1a08b976fb1363599412b7e13258f865999,2009-06-10T14:45:32Z,OPENJPA-1125 committing patch from Rick Curtis. Preventing misleading enhancement message.,2009-06-05T16:29:44Z,2009-06-10T14:56:02Z,INSIDE_LIFECYCLE,,2.0.0,2.0.0-M3,1,1,1,openjpa-kernel/src/main/java/org/apache/openjpa/enhance/PCEnhancerAgent.java
12427388,OPENJPA-1129,2236c1833ecb454e69dee813ddb32933292c5e5a,2009-06-08T21:02:17Z,OPENJPA-1129: Remove wrong hint setting from NamedQuery,2009-06-08T18:41:49Z,2009-10-20T04:27:15Z,INSIDE_LIFECYCLE,,2.0.0,2.0.0-M2|2.0.0-M3,1,1,1,openjpa-persistence/src/main/java/org/apache/openjpa/persistence/AnnotationPersistenceMetaDataParser.java
12361229,OPENJPA-113,cb2a061dc7b46245b5ff4ee2478ffdb848a01315,2007-10-24T04:17:59Z,OPENJPA-113 with testcase,2007-01-25T02:04:02Z,2007-10-24T18:10:19Z,INSIDE_LIFECYCLE,,,1.0.1|1.1.0,3,3,1,openjpa-jdbc/src/main/java/org/apache/openjpa/jdbc/meta/FieldMapping.java
12427582,OPENJPA-1132,5d1bd85ca843ab91f666129588621d6a74c34f5b,2009-06-13T14:42:45Z,OPENJPA-1132: Use MySQL-specific syntax for dropping foreign and primary keys.,2009-06-10T17:57:38Z,2009-06-13T15:06:58Z,INSIDE_LIFECYCLE,,1.3.0|2.0.0,2.0.0-M3,1,1,1,openjpa-jdbc/src/main/java/org/apache/openjpa/jdbc/sql/MySQLDictionary.java
12427606,OPENJPA-1133,4c9be63dc661abcc91b727102d8ab72f9d92496b,2009-06-16T15:51:15Z,"OPENJPA-1133 committing patch provided by Ravi Palacherla. PostgreSQL Dictionary will now use ""false"" as a placeholder instead of 0 for columns of type BIT. 	modified:   openjpa-jdbc/src/main/java/org/apache/openjpa/jdbc/sql/PostgresDictionary.java 	new file:   openjpa-persistence-jdbc/src/test/java/org/apache/openjpa/jdbc/meta/EntityBool.java 	new file:   openjpa-persistence-jdbc/src/test/java/org/apache/openjpa/jdbc/meta/TestBooleanValue.java",2009-06-11T02:02:45Z,2009-06-16T16:18:21Z,INSIDE_LIFECYCLE,,2.0.0,1.2.0|2.0.0-M3,3,3,1,openjpa-jdbc/src/main/java/org/apache/openjpa/jdbc/sql/PostgresDictionary.java
12427677,OPENJPA-1135,62be4544b36fcc2f9cd343c0dbbeb177bf6a9f29,2009-06-12T02:40:14Z,OPENJPA-1135 Apply overrides to deferred embeddable attributes,2009-06-11T19:13:47Z,2009-09-09T19:37:25Z,INSIDE_LIFECYCLE,,2.0.0,2.0.0-M3,8,7,4,openjpa-lib/src/main/java/org/apache/openjpa/lib/meta/XMLMetaDataParser.java|openjpa-persistence-jdbc/src/main/java/org/apache/openjpa/persistence/jdbc/AnnotationPersistenceMappingParser.java|openjpa-persistence-jdbc/src/main/java/org/apache/openjpa/persistence/jdbc/XMLPersistenceMappingParser.java|openjpa-persistence/src/main/java/org/apache/openjpa/persistence/XMLPersistenceMetaDataParser.java
12427677,OPENJPA-1135,0f45f13fc297d6b73c12e3e0a0b0b155112d4457,2009-07-01T12:52:56Z,OPENJPA-1135 Correct access type related issues with attribute overrides and multi-level parsing.,2009-06-11T19:13:47Z,2009-09-09T19:37:25Z,INSIDE_LIFECYCLE,,2.0.0,2.0.0-M3,16,12,3,openjpa-persistence/src/main/java/org/apache/openjpa/persistence/PersistenceMetaDataDefaults.java|openjpa-persistence/src/main/java/org/apache/openjpa/persistence/PersistenceMetaDataFactory.java|openjpa-persistence/src/main/java/org/apache/openjpa/persistence/XMLPersistenceMetaDataParser.java
12427677,OPENJPA-1135,ac12bb4ade57471e9eefa6f66ca9521c867d9adf,2009-07-01T12:53:39Z,OPENJPA-1135 Correct access type related issue with multi-level parsing,2009-06-11T19:13:47Z,2009-09-09T19:37:25Z,INSIDE_LIFECYCLE,,2.0.0,2.0.0-M3,1,1,1,openjpa-lib/src/main/java/org/apache/openjpa/lib/meta/XMLMetaDataParser.java
12428375,OPENJPA-1141,530a190ebb90ffd97adc3a961c6d85c896ea9f41,2009-10-28T17:34:45Z,OPENJPA-1141: Optionally reorder MetaData resolution for entities which use derived IDs Submitted By: Jody Grassel,2009-06-19T15:35:19Z,2010-01-08T00:07:29Z,INSIDE_LIFECYCLE,,1.2.0,1.2.2|1.3.0|2.0.0-beta,8,7,2,openjpa-kernel/src/main/java/org/apache/openjpa/conf/Compatibility.java|openjpa-kernel/src/main/java/org/apache/openjpa/meta/MetaDataRepository.java
12428598,OPENJPA-1142,4991e6bdc22bdda1ac5d8bee44f9f3e73d94a2d0,2009-11-12T02:04:12Z,OPENJPA-1142 - Propagate lock level into LockException so that the proper optimistic/pessimistic exception is translated.,2009-06-22T18:51:46Z,2010-03-03T23:37:52Z,INSIDE_LIFECYCLE,,2.0.0-M3,2.0.0-beta,8,8,5,openjpa-jdbc/src/main/java/org/apache/openjpa/jdbc/kernel/GenericResultObjectProvider.java|openjpa-jdbc/src/main/java/org/apache/openjpa/jdbc/kernel/JDBCStoreManager.java|openjpa-jdbc/src/main/java/org/apache/openjpa/jdbc/kernel/PessimisticLockManager.java|openjpa-jdbc/src/main/java/org/apache/openjpa/jdbc/kernel/SelectResultObjectProvider.java|openjpa-jdbc/src/main/java/org/apache/openjpa/jdbc/sql/SQLExceptions.java
12361497,OPENJPA-115,3c58b8840cfe65a2cbe4283897c846e18919311e,2007-02-01T22:53:20Z,"Changes for OPENJPA-115.  Removed the explicit lock/unlock invocations when obtaining an EM (broker).  Changed _brokers to use ConcurrentReferenceHashSet (with weak references).  And, due to the weak references (probable cause), I had to check for nulls when iterating through the _brokers during the close processing.",2007-01-29T19:20:46Z,2007-02-01T22:57:42Z,INSIDE_LIFECYCLE,,,0.9.7,1,1,1,openjpa-kernel/src/main/java/org/apache/openjpa/kernel/AbstractBrokerFactory.java
12429397,OPENJPA-1155,9ee5383721d40820f36cfbc30618b8a56e9b348b,2009-07-06T19:06:19Z,"OPENJPA-1155 Committing code contributed by Dianne Richards.  This update ensures that all entities, especially those loaded during detachment get cascaded during detach.",2009-07-02T15:41:31Z,2010-03-03T18:10:19Z,INSIDE_LIFECYCLE,,2.0.0,2.0.0-M3,1,1,1,openjpa-kernel/src/main/java/org/apache/openjpa/kernel/BrokerImpl.java
12361513,OPENJPA-116,17c6580e4ce21e706513f77586372d9bf257a244,2007-01-30T16:19:59Z,Changes for JIRA OPENJPA-116 issue.,2007-01-29T22:28:58Z,2007-01-30T19:45:05Z,INSIDE_LIFECYCLE,,,0.9.7,1,1,1,openjpa-persistence/src/main/java/org/apache/openjpa/persistence/EntityManagerImpl.java
12429818,OPENJPA-1163,5232b727949d00add9cb61e153cbbcdc9e13c769,2009-08-03T21:04:50Z,OPENJPA-1163: Add configuration option that allows the elements in a persistent map to be treated as the owners of the relationship (ie updates to the hashmap can add elements without removing old ones). Submitted By : Ravi Palacherla,2009-07-08T15:31:56Z,2009-08-03T21:07:10Z,INSIDE_LIFECYCLE,,,1.2.0|2.0.0-M3,13,13,12,openjpa-kernel/src/main/java/org/apache/openjpa/conf/Compatibility.java|openjpa-kernel/src/main/java/org/apache/openjpa/kernel/DetachManager.java|openjpa-kernel/src/main/java/org/apache/openjpa/kernel/SingleFieldManager.java|openjpa-kernel/src/main/java/org/apache/openjpa/kernel/StateManagerImpl.java|openjpa-kernel/src/main/java/org/apache/openjpa/util/AbstractLRSProxyCollection.java|openjpa-kernel/src/main/java/org/apache/openjpa/util/AbstractLRSProxyMap.java|openjpa-kernel/src/main/java/org/apache/openjpa/util/CollectionChangeTrackerImpl.java|openjpa-kernel/src/main/java/org/apache/openjpa/util/MapChangeTrackerImpl.java|openjpa-kernel/src/main/java/org/apache/openjpa/util/ProxyCollection.java|openjpa-kernel/src/main/java/org/apache/openjpa/util/ProxyManager.java|openjpa-kernel/src/main/java/org/apache/openjpa/util/ProxyManagerImpl.java|openjpa-kernel/src/main/java/org/apache/openjpa/util/ProxyMap.java
12429866,OPENJPA-1168,f6413764d5b41a83003a163b74023dce8398fb05,2009-07-09T16:01:48Z,OPENJPA-1168: Improved checking for type1 UUID generator is initialized. Reducing timing window which could result in a NPE. Submitted by: Rick Curtis 	modified:   openjpa-lib/src/main/java/org/apache/openjpa/lib/util/UUIDGenerator.java 	modified:   openjpa-lib/src/test/java/org/apache/openjpa/lib/util/TestUUIDGenerator.java,2009-07-08T22:00:13Z,2009-07-14T17:57:45Z,INSIDE_LIFECYCLE,,,1.3.0|2.0.0-M3,2,2,1,openjpa-lib/src/main/java/org/apache/openjpa/lib/util/UUIDGenerator.java
12430079,OPENJPA-1174,ff932542e851f486df77726ee5ea2c9fe65a901a,2009-07-31T22:04:13Z,OPENJPA-1174: Ensure lazy hint from mapping-file is handled the same as an annotation Submitted by: Ravi Palacherla,2009-07-10T17:02:49Z,2009-08-25T13:05:37Z,INSIDE_LIFECYCLE,,2.0.0,1.2.0|2.0.0-M3,9,7,1,openjpa-persistence/src/main/java/org/apache/openjpa/persistence/XMLPersistenceMetaDataParser.java
12430079,OPENJPA-1174,9a4406038e22e14cd9a5b6ac96bb4cd2244dcb6f,2009-08-25T13:04:12Z,OPENJPA-1174: default fetch type for ManyToOne and OneToOne is eager.,2009-07-10T17:02:49Z,2009-08-25T13:05:37Z,INSIDE_LIFECYCLE,,2.0.0,1.2.0|2.0.0-M3,5,4,1,openjpa-persistence/src/main/java/org/apache/openjpa/persistence/XMLPersistenceMetaDataParser.java
12361655,OPENJPA-118,2ac1bcccbb4070da2c86bfee4c7368d9466141ca,2007-01-31T22:27:29Z,OPENJPA-118: Implemented patch provided by David Ezzio for broken openjpa.AutoDetach behavior,2007-01-31T16:05:53Z,2007-01-31T22:27:36Z,INSIDE_LIFECYCLE,,,0.9.7,6,5,3,openjpa-kernel/src/main/java/org/apache/openjpa/conf/AutoDetachValue.java|openjpa-lib/src/main/java/org/apache/openjpa/lib/conf/StringListValue.java|openjpa-persistence/src/main/java/org/apache/openjpa/persistence/EntityManagerFactoryImpl.java
12430939,OPENJPA-1184,048419e89b2ccdfb3c3f32d86ec1dd4b81bda8a5,2009-07-20T18:36:24Z,OPENJPA-1184  Inverse relations not set for MapKey field when using parallel eager select.  Patch contributed by David Minor.,2009-07-20T15:55:45Z,2009-09-11T20:08:59Z,INSIDE_LIFECYCLE,,1.2.1,1.3.0|2.0.0-M3,1,1,1,openjpa-jdbc/src/main/java/org/apache/openjpa/jdbc/kernel/JDBCStoreManager.java
12430947,OPENJPA-1185,f74c5d7a69fb3dda67fb26c1c0250d48e29fe359,2009-07-20T17:49:36Z,OPENJPA-1185: commit subquery overhaul on behalf of Catalina,2009-07-20T16:47:38Z,2010-02-07T00:09Z,INSIDE_LIFECYCLE,,2.0.0-M3,1.3.0|2.0.0-beta,29,29,28,openjpa-jdbc/src/main/java/org/apache/openjpa/jdbc/kernel/JDBCStoreQuery.java|openjpa-jdbc/src/main/java/org/apache/openjpa/jdbc/kernel/exps/AbstractVal.java|openjpa-jdbc/src/main/java/org/apache/openjpa/jdbc/kernel/exps/ConstPath.java|openjpa-jdbc/src/main/java/org/apache/openjpa/jdbc/kernel/exps/JDBCExpressionFactory.java|openjpa-jdbc/src/main/java/org/apache/openjpa/jdbc/kernel/exps/Lit.java|openjpa-jdbc/src/main/java/org/apache/openjpa/jdbc/kernel/exps/NotContainsExpression.java|openjpa-jdbc/src/main/java/org/apache/openjpa/jdbc/kernel/exps/PCPath.java|openjpa-jdbc/src/main/java/org/apache/openjpa/jdbc/kernel/exps/SelectConstructor.java|openjpa-jdbc/src/main/java/org/apache/openjpa/jdbc/kernel/exps/SubQ.java|openjpa-jdbc/src/main/java/org/apache/openjpa/jdbc/meta/FieldMapping.java|openjpa-jdbc/src/main/java/org/apache/openjpa/jdbc/schema/Table.java|openjpa-jdbc/src/main/java/org/apache/openjpa/jdbc/sql/AbstractResult.java|openjpa-jdbc/src/main/java/org/apache/openjpa/jdbc/sql/DBDictionary.java|openjpa-jdbc/src/main/java/org/apache/openjpa/jdbc/sql/Join.java|openjpa-jdbc/src/main/java/org/apache/openjpa/jdbc/sql/Joins.java|openjpa-jdbc/src/main/java/org/apache/openjpa/jdbc/sql/LogicalUnion.java|openjpa-jdbc/src/main/java/org/apache/openjpa/jdbc/sql/Select.java|openjpa-jdbc/src/main/java/org/apache/openjpa/jdbc/sql/SelectImpl.java|openjpa-kernel/src/main/java/org/apache/openjpa/kernel/exps/AbstractExpressionBuilder.java|openjpa-kernel/src/main/java/org/apache/openjpa/kernel/exps/CandidatePath.java|openjpa-kernel/src/main/java/org/apache/openjpa/kernel/exps/Context.java|openjpa-kernel/src/main/java/org/apache/openjpa/kernel/exps/Path.java|openjpa-kernel/src/main/java/org/apache/openjpa/kernel/exps/QueryExpressions.java|openjpa-kernel/src/main/java/org/apache/openjpa/kernel/exps/SubQ.java|openjpa-kernel/src/main/java/org/apache/openjpa/kernel/exps/Subquery.java|openjpa-kernel/src/main/java/org/apache/openjpa/kernel/exps/Val.java|openjpa-kernel/src/main/java/org/apache/openjpa/kernel/exps/Value.java|openjpa-kernel/src/main/java/org/apache/openjpa/kernel/jpql/JPQLExpressionBuilder.java
12430947,OPENJPA-1185,53805483fc610b6f8491eec1e027ce99ca735553,2009-07-29T23:53:46Z,OPENJPA-1185 JPA2 fix thread-safe problems of subquery restructured code. Committing patch provided by Fay Wang.,2009-07-20T16:47:38Z,2010-02-07T00:09Z,INSIDE_LIFECYCLE,,2.0.0-M3,1.3.0|2.0.0-beta,7,7,7,openjpa-jdbc/src/main/java/org/apache/openjpa/jdbc/kernel/JDBCStoreQuery.java|openjpa-jdbc/src/main/java/org/apache/openjpa/jdbc/kernel/exps/PCPath.java|openjpa-jdbc/src/main/java/org/apache/openjpa/jdbc/kernel/exps/SelectConstructor.java|openjpa-jdbc/src/main/java/org/apache/openjpa/jdbc/kernel/exps/SubQ.java|openjpa-jdbc/src/main/java/org/apache/openjpa/jdbc/sql/SelectImpl.java|openjpa-kernel/src/main/java/org/apache/openjpa/kernel/exps/Context.java|openjpa-kernel/src/main/java/org/apache/openjpa/kernel/jpql/JPQLExpressionBuilder.java
12430947,OPENJPA-1185,ccfbe6cd3187c1a585633c32e8db9486e591a099,2009-08-13T20:01:38Z,OPENJPA-1185: check in embeddable in subquery support on behalf of Catalina,2009-07-20T16:47:38Z,2010-02-07T00:09Z,INSIDE_LIFECYCLE,,2.0.0-M3,1.3.0|2.0.0-beta,12,12,12,openjpa-jdbc/src/main/java/org/apache/openjpa/jdbc/kernel/exps/ConstPath.java|openjpa-jdbc/src/main/java/org/apache/openjpa/jdbc/kernel/exps/PCPath.java|openjpa-jdbc/src/main/java/org/apache/openjpa/jdbc/kernel/exps/SubQ.java|openjpa-jdbc/src/main/java/org/apache/openjpa/jdbc/sql/DBDictionary.java|openjpa-jdbc/src/main/java/org/apache/openjpa/jdbc/sql/Join.java|openjpa-jdbc/src/main/java/org/apache/openjpa/jdbc/sql/SelectImpl.java|openjpa-kernel/src/main/java/org/apache/openjpa/kernel/exps/AbstractExpressionBuilder.java|openjpa-kernel/src/main/java/org/apache/openjpa/kernel/exps/CandidatePath.java|openjpa-kernel/src/main/java/org/apache/openjpa/kernel/exps/Path.java|openjpa-kernel/src/main/java/org/apache/openjpa/kernel/exps/SubQ.java|openjpa-kernel/src/main/java/org/apache/openjpa/kernel/exps/Subquery.java|openjpa-kernel/src/main/java/org/apache/openjpa/kernel/jpql/JPQLExpressionBuilder.java
12430947,OPENJPA-1185,222e01d2f3215aafd876380e3ac270c37252a95d,2009-08-13T20:02:42Z,OPENJPA-1185: criteria embeddable subquery support,2009-07-20T16:47:38Z,2010-02-07T00:09Z,INSIDE_LIFECYCLE,,2.0.0-M3,1.3.0|2.0.0-beta,7,7,3,openjpa-persistence/src/main/java/org/apache/openjpa/persistence/criteria/CriteriaExpressionBuilder.java|openjpa-persistence/src/main/java/org/apache/openjpa/persistence/criteria/CriteriaQueryImpl.java|openjpa-persistence/src/main/java/org/apache/openjpa/persistence/criteria/Joins.java
12430947,OPENJPA-1185,a32bb62381a03d9901298e55daf68569f0394942,2009-10-17T00:07:04Z,OPENJPA-1185 Subquery overhaul fix subquery correlation involving association table,2009-07-20T16:47:38Z,2010-02-07T00:09Z,INSIDE_LIFECYCLE,,2.0.0-M3,1.3.0|2.0.0-beta,2,2,1,openjpa-jdbc/src/main/java/org/apache/openjpa/jdbc/sql/SelectImpl.java
12431056,OPENJPA-1189,6c2e3e2d03e22f0d0f9ffc4a35aef186f1070928,2009-08-12T21:45:51Z,OPENJPA-1189: Try delimited table names if we can't find a match for non-delimited names Submitted by : Dianne Richards,2009-07-21T17:55:55Z,2010-03-24T18:19:17Z,INSIDE_LIFECYCLE,,2.0.0-beta,2.0.0-beta,8,8,7,openjpa-jdbc/src/main/java/org/apache/openjpa/jdbc/kernel/TableJDBCSeq.java|openjpa-jdbc/src/main/java/org/apache/openjpa/jdbc/schema/DynamicSchemaFactory.java|openjpa-jdbc/src/main/java/org/apache/openjpa/jdbc/schema/ForeignKey.java|openjpa-jdbc/src/main/java/org/apache/openjpa/jdbc/schema/SchemaGenerator.java|openjpa-jdbc/src/main/java/org/apache/openjpa/jdbc/schema/SchemaTool.java|openjpa-jdbc/src/main/java/org/apache/openjpa/jdbc/schema/Table.java|openjpa-jdbc/src/main/java/org/apache/openjpa/jdbc/schema/XMLSchemaParser.java
12361701,OPENJPA-119,d826caf71175811a23214b4e23545aee7625d7ed,2007-02-02T21:12:35Z,"OPENJPA-119.  Needed to allow the EM.clear operation to perform without doing an implicit flush.  Introduced a new boolean parameter to indicate whether a flush is desired or not.  This allows both the new (correct) behaviour for JPA as well as the old behaviour for other persistence personalities (JDO, etc).  I also introduced a new testcase for this scenario, and updated a couple of other tests.",2007-01-31T23:58:33Z,2007-02-02T21:17:27Z,INSIDE_LIFECYCLE,,,0.9.7,8,8,5,openjpa-kernel/src/main/java/org/apache/openjpa/kernel/AbstractBrokerFactory.java|openjpa-kernel/src/main/java/org/apache/openjpa/kernel/Broker.java|openjpa-kernel/src/main/java/org/apache/openjpa/kernel/BrokerImpl.java|openjpa-kernel/src/main/java/org/apache/openjpa/kernel/DelegatingBroker.java|openjpa-persistence/src/main/java/org/apache/openjpa/persistence/EntityManagerImpl.java
12431612,OPENJPA-1200,bb7048d27c55141851d7f9496f17aae407eca4e4,2009-08-21T19:55:09Z,OPENJPA-1200: Discriminator column ignored for in select statement for OneToMany relationships. Submitted By : Ravi Palacherla,2009-07-28T17:45:50Z,2009-08-21T20:37:54Z,INSIDE_LIFECYCLE,,2.0.0-M2,1.2.0|2.0.0-M3,7,7,2,openjpa-jdbc/src/main/java/org/apache/openjpa/jdbc/kernel/JDBCStoreManager.java|openjpa-kernel/src/main/java/org/apache/openjpa/conf/Compatibility.java
12431617,OPENJPA-1201,ee9210be92ff0279aeed80460ead1f2a279c6f6e,2009-09-14T14:29:34Z,OPENJPA-1201 [Mapped by] field not set when contained in superclass.  Patch and testcases contributed by David Minor.,2009-07-28T18:17:29Z,2009-09-14T14:52:29Z,INSIDE_LIFECYCLE,,1.2.0|1.2.1,1.3.0|2.0.0-M3,4,4,1,openjpa-jdbc/src/main/java/org/apache/openjpa/jdbc/kernel/JDBCStoreManager.java
12431662,OPENJPA-1204,ec483537da504f3ea5c4371fe096ba636211c0c6,2009-07-29T12:09:16Z,OPENJPA-1204: fix enum evaluation in EmbeddedId,2009-07-29T05:40:52Z,2009-07-29T19:59:13Z,INSIDE_LIFECYCLE,,,2.0.0-M3,5,5,1,openjpa-jdbc/src/main/java/org/apache/openjpa/jdbc/meta/strats/EmbedValueHandler.java
12361710,OPENJPA-121,d2c748d1094f295243c7a3b9efe2b937d8bc9b0b,2007-03-06T23:57:29Z,OPENJPA-121: Table name defaults to the class name instead of the entity name. The key change is in PersistenceMappingDefaults; other changes include a new test case and removal of spurious @Table annotations from previous workaround.,2007-02-01T02:42:25Z,2007-03-07T02:04:18Z,INSIDE_LIFECYCLE,,,0.9.7,34,34,1,openjpa-persistence-jdbc/src/main/java/org/apache/openjpa/persistence/jdbc/PersistenceMappingDefaults.java
12431808,OPENJPA-1211,aa72c08d4469c3e7635e972d99674e2b9f30e407,2009-07-30T14:36:53Z,OPENJPA-1211: Add getPath method to FromImpl. Remove @allowFailure annotation from passing testcases in TestStringCriteria.,2009-07-30T14:35:03Z,2009-07-31T22:01:24Z,INSIDE_LIFECYCLE,,2.0.0-M2,2.0.0-M3,2,2,1,openjpa-persistence/src/main/java/org/apache/openjpa/persistence/criteria/FromImpl.java
12431808,OPENJPA-1211,5432ffecbb765de57791f414aa88c9dd88cd55c6,2009-07-30T15:57:31Z,OPENJPA-1211: check null value to prevent NPE.,2009-07-30T14:35:03Z,2009-07-31T22:01:24Z,INSIDE_LIFECYCLE,,2.0.0-M2,2.0.0-M3,1,1,1,openjpa-persistence/src/main/java/org/apache/openjpa/persistence/criteria/FromImpl.java
12431808,OPENJPA-1211,5f83298a9541a5a60ac8e4b3f44d1e541ed90039,2009-07-30T16:05:12Z,OPENJPA-1211: Adding brackets.,2009-07-30T14:35:03Z,2009-07-31T22:01:24Z,INSIDE_LIFECYCLE,,2.0.0-M2,2.0.0-M3,1,1,1,openjpa-persistence/src/main/java/org/apache/openjpa/persistence/criteria/FromImpl.java
12431940,OPENJPA-1218,655ec577e9d0452d06a7ce74d6571a810605e220,2009-07-31T22:54:25Z,OPENJPA-1218: Evict subclasses automatically when called from JPA facade.,2009-07-31T21:44:50Z,2009-07-31T22:54:45Z,INSIDE_LIFECYCLE,,2.0.0|2.0.0-M1|2.0.0-M2,2.0.0-M3,3,3,2,openjpa-kernel/src/main/java/org/apache/openjpa/datacache/ConcurrentDataCache.java|openjpa-persistence/src/main/java/org/apache/openjpa/persistence/StoreCacheImpl.java
12361713,OPENJPA-122,862cd158ed5acee7361881860548c03444d01dd6,2007-02-01T19:35:30Z,OPENJPA-122 Added check for methods that require the EntityManager to be open but where the Broker would throw a different exception,2007-02-01T05:34:40Z,2007-02-01T20:06:51Z,INSIDE_LIFECYCLE,,,0.9.7,1,1,1,openjpa-persistence/src/main/java/org/apache/openjpa/persistence/EntityManagerImpl.java
12432116,OPENJPA-1224,c06481b4527a8e6903ebe62df9c040171435fbf5,2009-09-29T18:12:15Z,OPENJPA-1224. Updated DBDictionary and AbstractDB2Dictionary to properly support java.math.BigDecimal.,2009-08-04T01:57:53Z,2009-12-22T16:39:22Z,INSIDE_LIFECYCLE,,1.2.1,1.3.0|2.0.0-beta,4,4,2,openjpa-jdbc/src/main/java/org/apache/openjpa/jdbc/sql/AbstractDB2Dictionary.java|openjpa-jdbc/src/main/java/org/apache/openjpa/jdbc/sql/DBDictionary.java
12432116,OPENJPA-1224,63a3408d7d291fd3c965500c33fabf2189530d65,2009-10-06T14:14:49Z,OPENJPA-1224: backing out changes while investigating a test regression.,2009-08-04T01:57:53Z,2009-12-22T16:39:22Z,INSIDE_LIFECYCLE,,1.2.1,1.3.0|2.0.0-beta,3,3,2,openjpa-jdbc/src/main/java/org/apache/openjpa/jdbc/sql/AbstractDB2Dictionary.java|openjpa-jdbc/src/main/java/org/apache/openjpa/jdbc/sql/DBDictionary.java
12432116,OPENJPA-1224,3067245dac166500fd0cc15c445f222334afba27,2009-12-14T21:31:31Z,OPENJPA-1224: Updating DBDictionaries to support setting precision on a BigDecimal column.,2009-08-04T01:57:53Z,2009-12-22T16:39:22Z,INSIDE_LIFECYCLE,,1.2.1,1.3.0|2.0.0-beta,3,3,2,openjpa-jdbc/src/main/java/org/apache/openjpa/jdbc/sql/AbstractDB2Dictionary.java|openjpa-jdbc/src/main/java/org/apache/openjpa/jdbc/sql/MySQLDictionary.java
12432116,OPENJPA-1224,781654af6044d7c3854d2e9d4ace73999081ba9d,2009-12-22T16:28:09Z,OPENJPA-1224: Backing out DB2 and Derby related changes to investigate in a seperate JIRA.,2009-08-04T01:57:53Z,2009-12-22T16:39:22Z,INSIDE_LIFECYCLE,,1.2.1,1.3.0|2.0.0-beta,2,2,1,openjpa-jdbc/src/main/java/org/apache/openjpa/jdbc/sql/AbstractDB2Dictionary.java
12432220,OPENJPA-1226,a4a94f5331993bc50bf1f2168246e91c2864141f,2009-08-05T02:56:41Z,OPENJPA-1226: fix merge entities with nested embeddables,2009-08-05T00:12:48Z,2013-04-10T19:57:57Z,INSIDE_LIFECYCLE,,,1.2.3|2.0.0-M3,3,3,2,openjpa-kernel/src/main/java/org/apache/openjpa/kernel/DetachedStateManager.java|openjpa-kernel/src/main/java/org/apache/openjpa/kernel/VersionAttachStrategy.java
12432298,OPENJPA-1227,416b8d3ccb65f8ecf612513489ed78e5cebe8641,2009-09-14T15:42:03Z,OPENJPA-1227 SQL generation error when using data cache.  Patch and testcase contributed by David Minor.,2009-08-05T16:26:53Z,2009-09-14T15:58:08Z,INSIDE_LIFECYCLE,,1.2.1,1.3.0|2.0.0-M3,4,4,1,openjpa-jdbc/src/main/java/org/apache/openjpa/jdbc/kernel/JDBCStoreManager.java
12432298,OPENJPA-1227,201701459ab6a3fa8fd715700855f11e756436cf,2011-10-27T16:42:11Z,OPENJPA-2066 Edge case in OPENJPA-1227. openJPA fails to create a join and thus returns wrong data when a collection is selected from superclass and another field is selected from subclass two or more levels down the hierarchy,2009-08-05T16:26:53Z,2009-09-14T15:58:08Z,AFTER_RESOLUTION,18552,1.2.1,1.3.0|2.0.0-M3,6,6,1,openjpa-jdbc/src/main/java/org/apache/openjpa/jdbc/kernel/JDBCStoreManager.java
12432427,OPENJPA-1230,c1ac969c7d951967f1faa772c65bcfa34918326e,2009-08-06T17:37:34Z,OPENJPA-1230 - transform javax.persistence.validatin.mode value to upper case before ValidationMode conversion.,2009-08-06T17:28:27Z,2009-08-11T01:35:17Z,INSIDE_LIFECYCLE,,2.0.0-M3,2.0.0-M3,1,1,1,openjpa-persistence/src/main/java/org/apache/openjpa/persistence/PersistenceUnitInfoImpl.java
12432427,OPENJPA-1230,cbfd6b88dd152206de1c972f82600c001354a495,2009-08-07T02:32:03Z,OPENJPA-1230 - Make sure the javax.persistence.validatin.mode value usage matches the spec's requirement(i.e. lower case).,2009-08-06T17:28:27Z,2009-08-11T01:35:17Z,INSIDE_LIFECYCLE,,2.0.0-M3,2.0.0-M3,1,1,1,openjpa-persistence/src/main/java/org/apache/openjpa/persistence/PersistenceUnitInfoImpl.java
12432553,OPENJPA-1232,3b327b5fbb3fe45f6f691d738b16fa567d345541,2009-08-07T21:31:45Z,OPENJPA-1232: Call toNestedFields for Map Keys as well as Map values.,2009-08-07T19:34:36Z,2009-08-07T21:32:29Z,INSIDE_LIFECYCLE,,2.0.0-M2,2.0.0-M3,4,4,1,openjpa-kernel/src/main/java/org/apache/openjpa/kernel/AbstractPCData.java
12432817,OPENJPA-1239,5b68196cf1b235977c9134fe57f5ef694f8eafa1,2009-08-12T02:31:53Z,OPENJPA-1239 Corrected method which determines explicit access type to set explicit bit,2009-08-11T19:53:29Z,2009-09-09T19:35:29Z,INSIDE_LIFECYCLE,,2.0.0-M3,2.0.0-M3,5,5,1,openjpa-persistence/src/main/java/org/apache/openjpa/persistence/PersistenceMetaDataDefaults.java
12432914,OPENJPA-1242,a488a122cf639eb23b37ba23670758ce6b2eef40,2009-08-13T03:08:55Z,OPENJPA-1242: fix cascade delete for 1-1 relation in an embeddable,2009-08-12T21:41:39Z,2009-08-13T16:02:24Z,INSIDE_LIFECYCLE,,2.0.0-M2,2.0.0-M3,4,4,2,openjpa-kernel/src/main/java/org/apache/openjpa/kernel/SingleFieldManager.java|openjpa-kernel/src/main/java/org/apache/openjpa/kernel/StateManagerImpl.java
12433149,OPENJPA-1248,363f7f6e3f16bf0693fce192683685894946e252,2009-09-27T09:35:38Z,"OPENJPA-1248: Remove OracleDictionary.insertBlobForStreamingLoad(Row row, Column col, Object ob) - it was dead code.",2009-08-15T11:04:05Z,2010-03-21T10:27:23Z,INSIDE_LIFECYCLE,,1.1.0|1.2.0|1.2.1|1.2.2|1.3.0,1.3.0|2.0.0-beta3,1,1,1,openjpa-jdbc/src/main/java/org/apache/openjpa/jdbc/sql/OracleDictionary.java
12433149,OPENJPA-1248,ab18db113b1fcdef7db9e96d8dcd6728cda576d8,2009-11-10T17:53:32Z,OPENJPA-1248 Set null or empty_lob as appropriate when inserting a new streaming lob for update on Oracle.  Also configured test to retain connection over the life of the tx and updated manual to document this requirement.,2009-08-15T11:04:05Z,2010-03-21T10:27:23Z,INSIDE_LIFECYCLE,,1.1.0|1.2.0|1.2.1|1.2.2|1.3.0,1.3.0|2.0.0-beta3,3,2,1,openjpa-jdbc/src/main/java/org/apache/openjpa/jdbc/sql/OracleDictionary.java
12433149,OPENJPA-1248,110cb20e798f6c6eb2211b973ff23826604daf84,2009-12-01T21:13:30Z,OPENJPA-1248: Improve LOB streaming with PostgreSQL when connections are being wrapped by data source; refactor and modify test case not to run Reader LOB tests while on PostgreSQL,2009-08-15T11:04:05Z,2010-03-21T10:27:23Z,INSIDE_LIFECYCLE,,1.1.0|1.2.0|1.2.1|1.2.2|1.3.0,1.3.0|2.0.0-beta3,4,3,1,openjpa-jdbc/src/main/java/org/apache/openjpa/jdbc/sql/PostgresDictionary.java
12433149,OPENJPA-1248,e5d2bd435f0c0fe502ed21a7df97672406d225c9,2010-01-03T15:10:42Z,OPENJPA-1248: PostgreSQL needs truncating LOB content on update when new content is shorter than the existing content.,2009-08-15T11:04:05Z,2010-03-21T10:27:23Z,INSIDE_LIFECYCLE,,1.1.0|1.2.0|1.2.1|1.2.2|1.3.0,1.3.0|2.0.0-beta3,1,1,1,openjpa-jdbc/src/main/java/org/apache/openjpa/jdbc/sql/PostgresDictionary.java
12433149,OPENJPA-1248,c6459391c8a8668cfc0ecd7ba7de95f7b0f956bd,2010-01-03T17:55:35Z,OPENJPA-1248: Add limited support of LOB streaming on SQL Server; wording corrections.,2009-08-15T11:04:05Z,2010-03-21T10:27:23Z,INSIDE_LIFECYCLE,,1.1.0|1.2.0|1.2.1|1.2.2|1.3.0,1.3.0|2.0.0-beta3,3,1,1,openjpa-jdbc/src/main/java/org/apache/openjpa/jdbc/sql/SQLServerDictionary.java
12433250,OPENJPA-1250,c35c13497b03903fe2aef6a5f96e37a9642a627d,2009-08-17T18:47:59Z,OPENJPA-1250: fix ClassCast exception with eagerly fetched ElementCollection,2009-08-17T16:44:47Z,2009-08-17T18:53:48Z,INSIDE_LIFECYCLE,,2.0.0-M2,2.0.0-M3,2,2,1,openjpa-jdbc/src/main/java/org/apache/openjpa/jdbc/kernel/JDBCStoreManager.java
12433473,OPENJPA-1253,72f2cb8516ee11accbb4cda1ed7c6d8479b79ee2,2009-09-16T22:13:26Z,OPENJPA-1253: allow JoinColumn in conjunction with OneToMany annotation,2009-08-19T15:18:05Z,2009-09-28T16:22:11Z,INSIDE_LIFECYCLE,,2.0.0-M1|2.0.0-M2|2.0.0-M3,2.0.0-M3,11,10,7,openjpa-jdbc/src/main/java/org/apache/openjpa/jdbc/meta/strats/RelationFieldStrategy.java|openjpa-jdbc/src/main/java/org/apache/openjpa/jdbc/meta/strats/RelationToManyInverseKeyFieldStrategy.java|openjpa-kernel/src/main/java/org/apache/openjpa/conf/Compatibility.java|openjpa-kernel/src/main/java/org/apache/openjpa/meta/MetaDataDefaults.java|openjpa-kernel/src/main/java/org/apache/openjpa/meta/NoneMetaDataFactory.java|openjpa-persistence/src/main/java/org/apache/openjpa/persistence/PersistenceMetaDataDefaults.java|openjpa-persistence/src/main/java/org/apache/openjpa/persistence/PersistenceProductDerivation.java
12433473,OPENJPA-1253,8c1e1a7ea57a3ebb21757762696ef9592022c71d,2009-09-17T07:49:13Z,"OPENJPA-1253: support non-default uni-directional OneToMany using foreign key strategy, using JoinColumn annotation.",2009-08-19T15:18:05Z,2009-09-28T16:22:11Z,INSIDE_LIFECYCLE,,2.0.0-M1|2.0.0-M2|2.0.0-M3,2.0.0-M3,11,10,6,openjpa-jdbc/src/main/java/org/apache/openjpa/jdbc/meta/MappingRepository.java|openjpa-kernel/src/main/java/org/apache/openjpa/conf/Compatibility.java|openjpa-kernel/src/main/java/org/apache/openjpa/meta/MetaDataDefaults.java|openjpa-kernel/src/main/java/org/apache/openjpa/meta/NoneMetaDataFactory.java|openjpa-persistence/src/main/java/org/apache/openjpa/persistence/PersistenceMetaDataDefaults.java|openjpa-persistence/src/main/java/org/apache/openjpa/persistence/PersistenceProductDerivation.java
12433473,OPENJPA-1253,cf7f69bbd57fe1f40f9c7341c10788a591278777,2009-09-18T21:53:47Z,OPENJPA-1253: support non-default One-To-Many mappings,2009-08-19T15:18:05Z,2009-09-28T16:22:11Z,INSIDE_LIFECYCLE,,2.0.0-M1|2.0.0-M2|2.0.0-M3,2.0.0-M3,20,20,11,openjpa-jdbc/src/main/java/org/apache/openjpa/jdbc/meta/MappingRepository.java|openjpa-jdbc/src/main/java/org/apache/openjpa/jdbc/meta/strats/RelationFieldStrategy.java|openjpa-jdbc/src/main/java/org/apache/openjpa/jdbc/meta/strats/RelationToManyInverseKeyFieldStrategy.java|openjpa-jdbc/src/main/java/org/apache/openjpa/jdbc/meta/strats/RelationToManyTableFieldStrategy.java|openjpa-kernel/src/main/java/org/apache/openjpa/conf/Compatibility.java|openjpa-kernel/src/main/java/org/apache/openjpa/meta/FieldMetaData.java|openjpa-kernel/src/main/java/org/apache/openjpa/meta/MetaDataDefaults.java|openjpa-kernel/src/main/java/org/apache/openjpa/meta/NoneMetaDataFactory.java|openjpa-persistence/src/main/java/org/apache/openjpa/persistence/AnnotationPersistenceMetaDataParser.java|openjpa-persistence/src/main/java/org/apache/openjpa/persistence/PersistenceMetaDataDefaults.java|openjpa-persistence/src/main/java/org/apache/openjpa/persistence/PersistenceProductDerivation.java
12433473,OPENJPA-1253,5c23058b0ea70d802a55cdb3f94722138d75910b,2009-09-21T02:13:18Z,OPENJPA-1253: support non-default bi-directional one to many using Join Table/Join column annotation,2009-08-19T15:18:05Z,2009-09-28T16:22:11Z,INSIDE_LIFECYCLE,,2.0.0-M1|2.0.0-M2|2.0.0-M3,2.0.0-M3,3,3,1,openjpa-persistence-jdbc/src/main/java/org/apache/openjpa/persistence/jdbc/AnnotationPersistenceMappingParser.java
12433473,OPENJPA-1253,19da9769b0b11017a169f84125813ecae51a3458,2009-09-21T20:21:50Z,OPENJPA-1253: support non-default uni-directional OneToMany mapping using foreign key strategy.,2009-08-19T15:18:05Z,2009-09-28T16:22:11Z,INSIDE_LIFECYCLE,,2.0.0-M1|2.0.0-M2|2.0.0-M3,2.0.0-M3,4,4,3,openjpa-jdbc/src/main/java/org/apache/openjpa/jdbc/meta/strats/RelationToManyInverseKeyFieldStrategy.java|openjpa-jdbc/src/main/java/org/apache/openjpa/jdbc/schema/Column.java|openjpa-jdbc/src/main/java/org/apache/openjpa/jdbc/sql/PrimaryRow.java
12433473,OPENJPA-1253,6f1b9627fe928732b637e409c95669fd0cc94746,2009-09-22T20:38:36Z,OPENJPA-1253: support non-default bi-directional one-to-many using foreign key strategy to find/query from the ower's side,2009-08-19T15:18:05Z,2009-09-28T16:22:11Z,INSIDE_LIFECYCLE,,2.0.0-M1|2.0.0-M2|2.0.0-M3,2.0.0-M3,2,2,1,openjpa-jdbc/src/main/java/org/apache/openjpa/jdbc/meta/strats/RelationFieldStrategy.java
12433473,OPENJPA-1253,067a6f0ffb8d51201614adace89568473ad4147c,2009-09-24T09:00:12Z,OPENJPA-1253: support non-default uni-directional one to many map using foreign key strategy,2009-08-19T15:18:05Z,2009-09-28T16:22:11Z,INSIDE_LIFECYCLE,,2.0.0-M1|2.0.0-M2|2.0.0-M3,2.0.0-M3,8,8,5,openjpa-jdbc/src/main/java/org/apache/openjpa/jdbc/meta/strats/HandlerRelationMapTableFieldStrategy.java|openjpa-jdbc/src/main/java/org/apache/openjpa/jdbc/meta/strats/MapTableFieldStrategy.java|openjpa-jdbc/src/main/java/org/apache/openjpa/jdbc/meta/strats/RelationFieldStrategy.java|openjpa-jdbc/src/main/java/org/apache/openjpa/jdbc/meta/strats/RelationRelationMapTableFieldStrategy.java|openjpa-persistence-jdbc/src/main/java/org/apache/openjpa/persistence/jdbc/PersistenceMappingDefaults.java
12433473,OPENJPA-1253,7d3497781c1a9660863e9eb10ada9c2ae107360e,2009-09-24T16:12:09Z,OPENJPA-1253: clean up code for uni-directional one-to-many Map using foreign key strategy,2009-08-19T15:18:05Z,2009-09-28T16:22:11Z,INSIDE_LIFECYCLE,,2.0.0-M1|2.0.0-M2|2.0.0-M3,2.0.0-M3,1,1,1,openjpa-jdbc/src/main/java/org/apache/openjpa/jdbc/meta/strats/HandlerRelationMapTableFieldStrategy.java
12433473,OPENJPA-1253,ef54e75107ffb98f144f86937a292330a11fb823,2009-09-24T20:26:04Z,OPENJPA-1253: support bi-directional one-to-many map using join table strategy,2009-08-19T15:18:05Z,2009-09-28T16:22:11Z,INSIDE_LIFECYCLE,,2.0.0-M1|2.0.0-M2|2.0.0-M3,2.0.0-M3,6,6,3,openjpa-jdbc/src/main/java/org/apache/openjpa/jdbc/meta/strats/HandlerRelationMapTableFieldStrategy.java|openjpa-jdbc/src/main/java/org/apache/openjpa/jdbc/meta/strats/MapTableFieldStrategy.java|openjpa-jdbc/src/main/java/org/apache/openjpa/jdbc/meta/strats/RelationFieldStrategy.java
12433473,OPENJPA-1253,9f29552e858bceac4e69e11547db9118d228461d,2009-09-26T13:42:19Z,OPENJPA-1253: support foreign key strategy for uni-directional one to many mapping using Map with entity as the Map key.,2009-08-19T15:18:05Z,2009-09-28T16:22:11Z,INSIDE_LIFECYCLE,,2.0.0-M1|2.0.0-M2|2.0.0-M3,2.0.0-M3,9,9,5,openjpa-jdbc/src/main/java/org/apache/openjpa/jdbc/meta/FieldMappingInfo.java|openjpa-jdbc/src/main/java/org/apache/openjpa/jdbc/meta/ValueMappingInfo.java|openjpa-jdbc/src/main/java/org/apache/openjpa/jdbc/meta/strats/HandlerRelationMapTableFieldStrategy.java|openjpa-jdbc/src/main/java/org/apache/openjpa/jdbc/meta/strats/MapTableFieldStrategy.java|openjpa-jdbc/src/main/java/org/apache/openjpa/jdbc/meta/strats/RelationRelationMapTableFieldStrategy.java
12433473,OPENJPA-1253,c8d1003612cd9845c5e6df4f2c27c10d12c02dae,2009-09-29T03:31:34Z,OPENJPA-1253: refactoring the checking of non-default mapping to AbstractFieldStrategy,2009-08-19T15:18:05Z,2009-09-28T16:22:11Z,AFTER_RESOLUTION,11,2.0.0-M1|2.0.0-M2|2.0.0-M3,2.0.0-M3,3,3,3,openjpa-jdbc/src/main/java/org/apache/openjpa/jdbc/meta/strats/AbstractFieldStrategy.java|openjpa-jdbc/src/main/java/org/apache/openjpa/jdbc/meta/strats/MapTableFieldStrategy.java|openjpa-jdbc/src/main/java/org/apache/openjpa/jdbc/meta/strats/RelationFieldStrategy.java
12433510,OPENJPA-1256,21d88cadc79848e5c678069478a036fbac439ddf,2009-08-20T00:03:30Z,OPENJPA-1256: fix ClassCastExcepton when IdClass contains an ENUM type,2009-08-19T21:04:55Z,2009-08-20T18:28:23Z,INSIDE_LIFECYCLE,,2.0.0-M2,2.0.0-M3,5,5,1,openjpa-kernel/src/main/java/org/apache/openjpa/enhance/PCEnhancer.java
12433797,OPENJPA-1260,dac8af35b4ade56f49747380f1de3487bd164c5b,2009-09-10T21:35:57Z,"OPENJPA-1260.  Committing this change for Ravi Palacherla.  Mike had previously reviewed the patch for correctness.  Ravi changed the patch slightly and re-submitted.  Based on a request from the mailing list, I reviewed Ravi's second patch and am committing the changes with a couple of minor modifications.  I updated the comments slightly to make sentences.  And, I moved the testcases to the ""generationtype"" package to be with similar testcases.",2009-08-23T12:25:28Z,2009-09-11T15:07:08Z,INSIDE_LIFECYCLE,,1.3.0|2.0.0,1.2.0|1.3.0|2.0.0-M3,3,3,1,openjpa-kernel/src/main/java/org/apache/openjpa/kernel/BrokerImpl.java
12434240,OPENJPA-1269,78e93abb515193f3b1abd00ee9074186527fb110,2009-08-28T04:27:53Z,OPENJPA-1269: honor the table attribute in the MapKeyColumn annotation,2009-08-28T04:25:27Z,2009-08-28T04:29:39Z,INSIDE_LIFECYCLE,,2.0.0-M2,2.0.0-M3,3,3,1,openjpa-persistence-jdbc/src/main/java/org/apache/openjpa/persistence/jdbc/AnnotationPersistenceMappingParser.java
12434547,OPENJPA-1279,69cf52f68d306838a40ffbadab9b3444be5f7f4a,2009-09-01T19:48:09Z,OPENJPA-1279: Adding testcases and fixing cache exclusion logic in DataCacheStoreManager,2009-09-01T19:47:30Z,2009-09-16T14:48:29Z,INSIDE_LIFECYCLE,,2.0.0-M2,2.0.0-M3,5,4,1,openjpa-kernel/src/main/java/org/apache/openjpa/datacache/DataCacheStoreManager.java
12434574,OPENJPA-1281,ac939f7b5f23e8ef73e37c8baa1b0b23c5c4edce,2009-09-02T01:46:54Z,OPENJPA-1281: fix reparameter when PreparedQueryCache is on,2009-09-02T01:44:19Z,2009-09-02T15:31:10Z,INSIDE_LIFECYCLE,,2.0.0-M2,2.0.0-M3,3,3,1,openjpa-jdbc/src/main/java/org/apache/openjpa/jdbc/sql/SQLBuffer.java
12434675,OPENJPA-1283,5d6581bf7f75ddf7c77e37a087cf6a63cc757e94,2009-09-03T00:45:17Z,OPENJPA-1283 Incorrect SQL for a JPQL query selecting Map value from an elementCollection of a Map and the map the value is an embeddable,2009-09-02T21:14:46Z,2009-09-03T00:55:40Z,INSIDE_LIFECYCLE,,2.0.0-M2,2.0.0-M3,2,2,1,openjpa-jdbc/src/main/java/org/apache/openjpa/jdbc/kernel/exps/PCPath.java
12434783,OPENJPA-1286,701221576dc7ff77a99ea8df5c8975ac866f92c0,2009-09-04T03:20:19Z,OPENJPA-1286: Relationships in mapped superclass must be unidirectional,2009-09-03T21:49:58Z,2009-09-09T21:28:06Z,INSIDE_LIFECYCLE,,2.0.0-M2,2.0.0-M3,1,1,1,openjpa-kernel/src/main/java/org/apache/openjpa/meta/FieldMetaData.java
12434783,OPENJPA-1286,eb5baa42a27e626373134486869b1ab873ac82cb,2009-09-10T21:50:08Z,OPENJPA-1286: use Compatibility to check if the relationship defined in the MappedSuperclass must be uni-directional.,2009-09-03T21:49:58Z,2009-09-09T21:28:06Z,AFTER_RESOLUTION,24,2.0.0-M2,2.0.0-M3,6,6,6,openjpa-kernel/src/main/java/org/apache/openjpa/conf/Compatibility.java|openjpa-kernel/src/main/java/org/apache/openjpa/meta/FieldMetaData.java|openjpa-kernel/src/main/java/org/apache/openjpa/meta/MetaDataDefaults.java|openjpa-kernel/src/main/java/org/apache/openjpa/meta/NoneMetaDataFactory.java|openjpa-persistence/src/main/java/org/apache/openjpa/persistence/PersistenceMetaDataDefaults.java|openjpa-persistence/src/main/java/org/apache/openjpa/persistence/PersistenceProductDerivation.java
12434783,OPENJPA-1286,1e77f6a3e1492e289ce99b071376cdd3e90372cd,2009-09-11T21:24:12Z,OPENJPA-1286: default isAbstractMappingUniDirectional to false,2009-09-03T21:49:58Z,2009-09-09T21:28:06Z,AFTER_RESOLUTION,47,2.0.0-M2,2.0.0-M3,2,2,2,openjpa-kernel/src/main/java/org/apache/openjpa/conf/Compatibility.java|openjpa-persistence/src/main/java/org/apache/openjpa/persistence/PersistenceProductDerivation.java
12435247,OPENJPA-1289,ed40459a2a4f9bac6e449b5697c995d465d854a2,2009-09-09T19:56:37Z,OPENJPA-1289 Added Oracle specific type to compatibility checking method.  Added new method to dictionary to pass in XML indicator.  Updated Oracle dictionary to use it to make LOB determination.,2009-09-09T19:49:55Z,2010-01-27T16:02:17Z,INSIDE_LIFECYCLE,,1.2.2|2.0.0-M3,1.2.3|1.3.0|2.0.0-beta,4,4,4,openjpa-jdbc/src/main/java/org/apache/openjpa/jdbc/meta/MappingInfo.java|openjpa-jdbc/src/main/java/org/apache/openjpa/jdbc/schema/Column.java|openjpa-jdbc/src/main/java/org/apache/openjpa/jdbc/sql/DBDictionary.java|openjpa-jdbc/src/main/java/org/apache/openjpa/jdbc/sql/OracleDictionary.java
12435480,OPENJPA-1294,5120b0e629a208ae7dc9f7f049e342ef15c2ea7c,2009-09-11T22:12:18Z,OPENJPA-1294: Allow a new connection to obtain query for size of the result set when the original connection is still being open.,2009-09-11T21:59:51Z,2009-11-12T06:38:54Z,INSIDE_LIFECYCLE,,2.0.0-M3,2.0.0-beta,3,3,2,openjpa-jdbc/src/main/java/org/apache/openjpa/jdbc/kernel/JDBCStoreManager.java|openjpa-jdbc/src/main/java/org/apache/openjpa/jdbc/sql/SelectImpl.java
12435480,OPENJPA-1294,6b96b82d31027452ceb1bfdc1e6a6fa42f7ca7f9,2009-09-11T22:59:15Z,OPENJPA-1294: getNewConnection(),2009-09-11T21:59:51Z,2009-11-12T06:38:54Z,INSIDE_LIFECYCLE,,2.0.0-M3,2.0.0-beta,1,1,1,openjpa-jdbc/src/main/java/org/apache/openjpa/jdbc/kernel/JDBCStore.java
12435480,OPENJPA-1294,8abf57d913548526a24da7e321de62b45d03ba54,2010-03-30T16:33:16Z,OPENJPA-1294: New connection is not reference counted,2009-09-11T21:59:51Z,2009-11-12T06:38:54Z,AFTER_RESOLUTION,3321,2.0.0-M3,2.0.0-beta,1,1,1,openjpa-jdbc/src/main/java/org/apache/openjpa/jdbc/kernel/JDBCStoreManager.java
12435487,OPENJPA-1295,1aab5c3c6cfa9876161ff4b7e307012c7ee0b406,2009-09-11T23:15:06Z,OPENJPA-1295: fix the problem of escape character for MySQL,2009-09-11T23:10:43Z,2009-09-11T23:17:10Z,INSIDE_LIFECYCLE,,1.0.3|1.1.0|1.2.1|1.3.0|2.0.0-M2,2.0.0-M3,1,1,1,openjpa-jdbc/src/main/java/org/apache/openjpa/jdbc/kernel/exps/MatchesExpression.java
12435487,OPENJPA-1295,558446dfe975d67e530e8ec35df976d605d35e0a,2009-09-12T14:58:07Z,OPENJPA-1295: fix the escape character,2009-09-11T23:10:43Z,2009-09-11T23:17:10Z,AFTER_RESOLUTION,15,1.0.3|1.1.0|1.2.1|1.3.0|2.0.0-M2,2.0.0-M3,1,1,1,openjpa-jdbc/src/main/java/org/apache/openjpa/jdbc/kernel/exps/MatchesExpression.java
12347935,OPENJPA-13,5337ce10d0a4f00c3b04ca6bfe5cc05a76020afc,2006-10-04T20:46:25Z,Possible fix for OPENJPA-13 JIRA issue.  Also fix possible NPE on delayed close on transaction completion in managed environment.,2006-08-14T22:09:30Z,2006-10-04T21:42:45Z,INSIDE_LIFECYCLE,,,,3,3,3,openjpa-jdbc/src/main/java/org/apache/openjpa/jdbc/meta/strats/HandlerFieldStrategy.java|openjpa-kernel/src/main/java/org/apache/openjpa/kernel/BrokerImpl.java|openjpa-kernel/src/main/java/org/apache/openjpa/meta/JavaTypes.java
12435743,OPENJPA-1302,eded0dd8facefda2af83567ecdae12f4c09eb53f,2009-09-15T18:56:55Z,OPENJPA-1302: Use ContextClassloader in addition to the ProductDeivation's ClassLoader to find/load product derivations. Patch contributed by Rick Curtis.,2009-09-15T18:48:53Z,2009-09-15T19:45:43Z,INSIDE_LIFECYCLE,,1.0.3|1.1.0|1.2.1|2.0.0-M2,2.0.0-M3,1,1,1,openjpa-lib/src/main/java/org/apache/openjpa/lib/conf/ProductDerivations.java
12435837,OPENJPA-1303,6a47c4c03328689d1133c1a46c1f5d20b56549b9,2021-03-31T00:29:51+02:00,OPENJPA-1303 ColumnDefIdentifierRule did not use invalidColumnWordSet,2009-09-16T15:15:49Z,2021-03-30T18:59:34Z,AFTER_RESOLUTION,3,2.0.0,3.2.0,5,4,3,openjpa-jdbc/src/main/java/org/apache/openjpa/jdbc/identifier/ColumnDefIdentifierRule.java|openjpa-jdbc/src/main/java/org/apache/openjpa/jdbc/sql/DBDictionary.java|openjpa-jdbc/src/main/java/org/apache/openjpa/jdbc/sql/SQLServerDictionary.java
12435837,OPENJPA-1303,6861dd1d02751ae55ef64dd51f6808d044dc560d,2021-04-02T12:01:02+02:00,OPENJPA-1303 differentiate btw COLUMN and COLUMN_DEF rules,2009-09-16T15:15:49Z,2021-03-30T18:59:34Z,AFTER_RESOLUTION,63,2.0.0,3.2.0,4,4,4,openjpa-jdbc/src/main/java/org/apache/openjpa/jdbc/identifier/ColumnDefIdentifierRule.java|openjpa-jdbc/src/main/java/org/apache/openjpa/jdbc/identifier/ColumnIdentifierRule.java|openjpa-jdbc/src/main/java/org/apache/openjpa/jdbc/identifier/DBIdentifier.java|openjpa-jdbc/src/main/java/org/apache/openjpa/jdbc/sql/DBDictionary.java
12435837,OPENJPA-1303,53cc83eb7ee995aa3d645f7b4bdc6492f0e609d1,2021-04-02T18:00:03+02:00,"OPENJPA-1303 ""KEY"" is also a reserved word for columns",2009-09-16T15:15:49Z,2021-03-30T18:59:34Z,AFTER_RESOLUTION,69,2.0.0,3.2.0,4,4,3,openjpa-jdbc/src/main/java/org/apache/openjpa/jdbc/identifier/DBIdentifier.java|openjpa-jdbc/src/main/java/org/apache/openjpa/jdbc/sql/H2Dictionary.java|openjpa-jdbc/src/main/java/org/apache/openjpa/jdbc/sql/PostgresDictionary.java
12436067,OPENJPA-1308,105d46c6eacbaad594e991b012f046da5d7d38fd,2009-10-22T16:19:17Z,OPENJPA-1308: Remove extraneous cast of VARCHAR to VARCHAR for DB2. Submitted By: B.J. Reed,2009-09-18T14:23:43Z,2009-10-23T17:41:58Z,INSIDE_LIFECYCLE,,1.0.3|1.2.1|2.0.0-M2|2.0.0-M3,1.0.4|1.2.2|1.3.0|2.0.0-beta,9,9,6,openjpa-jdbc/src/main/java/org/apache/openjpa/jdbc/kernel/exps/ToLowerCase.java|openjpa-jdbc/src/main/java/org/apache/openjpa/jdbc/kernel/exps/ToUpperCase.java|openjpa-jdbc/src/main/java/org/apache/openjpa/jdbc/sql/AbstractDB2Dictionary.java|openjpa-jdbc/src/main/java/org/apache/openjpa/jdbc/sql/DB2Dictionary.java|openjpa-jdbc/src/main/java/org/apache/openjpa/jdbc/sql/DBDictionary.java|openjpa-jdbc/src/main/java/org/apache/openjpa/jdbc/sql/DerbyDictionary.java
12362259,OPENJPA-132,eb27482080af614ff7e387b9659e72571f8ce029,2007-03-20T19:00:38Z,"OPENJPA-132 : Fix bugs with using a field of type java.sql.Date/Time/Timestamp as a single-field identity primary key.  Replaced ""generationtype"" test package with ""identity"" test package and moved old identity generation tests to new package, along with new test for java.sql.Date id fields.",2007-02-07T22:40:38Z,2007-03-20T19:02:16Z,INSIDE_LIFECYCLE,,,0.9.7,4,4,2,openjpa-kernel/src/main/java/org/apache/openjpa/enhance/PCEnhancer.java|openjpa-kernel/src/main/java/org/apache/openjpa/util/ApplicationIds.java
12436419,OPENJPA-1325,fbb7e1208aaa9c9462a00766e26e5147e4ab44f1,2009-09-23T15:07:31Z,OPENJPA-1325 Defer embeddable population until after class metadata is parsed.,2009-09-23T14:19:06Z,2010-01-18T19:59:27Z,INSIDE_LIFECYCLE,,2.0.0-M3,2.0.0-M3,1,1,1,openjpa-persistence/src/main/java/org/apache/openjpa/persistence/XMLPersistenceMetaDataParser.java
12436426,OPENJPA-1326,82aece97114ff940964db9bca34b62c9bd5279c7,2009-12-11T19:08:01Z,OPENJPA-1326: Set schema names for Sybase when creating new indexes and primary keys. Submitted By : BJ Reed,2009-09-23T15:42:32Z,2009-12-11T19:08:29Z,INSIDE_LIFECYCLE,,1.2.1,1.2.2|1.3.0|2.0.0-beta,1,1,1,openjpa-jdbc/src/main/java/org/apache/openjpa/jdbc/sql/SybaseDictionary.java
12436629,OPENJPA-1328,cc5664fe2d6d2cdd08e7b9744d69075541931965,2009-10-03T23:40:49Z,OPENJPA-1328: Check cacheability in ClassMetaData instead of AbstractDataCache. Merged patch from Jody Grassel to trunk,2009-09-25T18:38:22Z,2009-11-13T01:37:54Z,INSIDE_LIFECYCLE,,1.2.0|1.2.1,1.0.4|1.2.2|1.3.0|2.0.0-beta,3,3,3,openjpa-kernel/src/main/java/org/apache/openjpa/datacache/AbstractDataCache.java|openjpa-kernel/src/main/java/org/apache/openjpa/meta/ClassMetaData.java|openjpa-persistence/src/main/java/org/apache/openjpa/persistence/AnnotationPersistenceMetaDataParser.java
12362260,OPENJPA-133,859da3f913d8b4f0b142fe872d78847f958f0614,2007-02-08T17:21:19Z,"OPENJPA-133.  Change the processing of the getMethod() method to properly recognize non-public callback methods, along with validating the parameter types.",2007-02-07T22:52:36Z,2007-02-08T18:44:25Z,INSIDE_LIFECYCLE,,,0.9.7,1,1,1,openjpa-kernel/src/main/java/org/apache/openjpa/event/MethodLifecycleCallbacks.java
12437409,OPENJPA-1338,020d46ef1231ce51ce231581c2e9c3d52dd7fbb4,2009-10-06T16:13:33Z,OPENJPA-1338 Allow comparison for VALUE(e) that maps to basic type,2009-10-06T16:10:54Z,2009-10-06T16:33:35Z,INSIDE_LIFECYCLE,,2.0.0,2.0.0-M3,4,4,1,openjpa-kernel/src/main/java/org/apache/openjpa/kernel/jpql/JPQLExpressionBuilder.java
12437409,OPENJPA-1338,1b91bd3b58fc2451148d1006f6546843cc2c1201,2009-10-06T22:22:09Z,OPENJPA-1338 Allow comparison for VALUE(e) that maps to basic type,2009-10-06T16:10:54Z,2009-10-06T16:33:35Z,AFTER_RESOLUTION,5,2.0.0,2.0.0-M3,3,2,1,openjpa-kernel/src/main/java/org/apache/openjpa/kernel/jpql/JPQLExpressionBuilder.java
12362266,OPENJPA-134,b4a3a77840af840f9cd2800b717c585a3c135e5e,2007-04-11T16:21:13Z,"OPENJPA-134 : When we're performing eager fetches and we can detect that we're already fetching the owning side of a bidi relation, cut off eager selecting and loading when we come across the back-ptr to the owner again.",2007-02-08T01:47:21Z,2007-04-11T16:26:31Z,INSIDE_LIFECYCLE,,,0.9.7,17,17,14,openjpa-jdbc/src/main/java/org/apache/openjpa/jdbc/kernel/DelegatingJDBCFetchConfiguration.java|openjpa-jdbc/src/main/java/org/apache/openjpa/jdbc/kernel/JDBCFetchConfiguration.java|openjpa-jdbc/src/main/java/org/apache/openjpa/jdbc/kernel/JDBCFetchConfigurationImpl.java|openjpa-jdbc/src/main/java/org/apache/openjpa/jdbc/kernel/JDBCStoreManager.java|openjpa-jdbc/src/main/java/org/apache/openjpa/jdbc/kernel/PagingResultObjectProvider.java|openjpa-kernel/src/main/java/org/apache/openjpa/kernel/BrokerImpl.java|openjpa-kernel/src/main/java/org/apache/openjpa/kernel/DelegatingFetchConfiguration.java|openjpa-kernel/src/main/java/org/apache/openjpa/kernel/DetachManager.java|openjpa-kernel/src/main/java/org/apache/openjpa/kernel/FetchConfiguration.java|openjpa-kernel/src/main/java/org/apache/openjpa/kernel/FetchConfigurationImpl.java|openjpa-kernel/src/main/java/org/apache/openjpa/kernel/PCDataImpl.java|openjpa-kernel/src/main/java/org/apache/openjpa/kernel/StateManagerImpl.java|openjpa-kernel/src/main/java/org/apache/openjpa/kernel/VersionAttachStrategy.java|openjpa-xmlstore/src/main/java/org/apache/openjpa/xmlstore/ObjectData.java
12437651,OPENJPA-1341,f74e98808838fd02f31b1fb4856821920b1df536,2009-10-12T18:48:10Z,OPENJPA-1341: PostRemove callback trigger points,2009-10-08T21:55:02Z,2009-10-20T04:02:58Z,INSIDE_LIFECYCLE,,2.0.0,2.0.0-beta,6,5,1,openjpa-kernel/src/main/java/org/apache/openjpa/kernel/BrokerImpl.java
12437821,OPENJPA-1344,eb41b03ff4263cb004d7c0695f103c7f12203fde,2009-10-12T01:49:30Z,OPENJPA-1344 Add checks for needed exception conditions.,2009-10-12T00:51:17Z,2009-10-12T20:40:53Z,INSIDE_LIFECYCLE,,2.0.0-M2|2.0.0-M3,2.0.0-beta,4,3,2,openjpa-kernel/src/main/java/org/apache/openjpa/kernel/FetchConfigurationImpl.java|openjpa-persistence/src/main/java/org/apache/openjpa/persistence/QueryImpl.java
12437821,OPENJPA-1344,87e07a9d47a05cb6ee72c80d932a20023a296a15,2009-10-12T16:17:34Z,OPENJPA-1344 Add checks for needed exception conditions.,2009-10-12T00:51:17Z,2009-10-12T20:40:53Z,INSIDE_LIFECYCLE,,2.0.0-M2|2.0.0-M3,2.0.0-beta,2,2,1,openjpa-persistence/src/main/java/org/apache/openjpa/persistence/EntityManagerImpl.java
12438038,OPENJPA-1349,cc59e096ef9850ec1638ebcf001d558b9cfaa166,2009-10-14T04:01:45Z,"OPENJPA-1349 Spec version property was being prematurely removed from the config map in the  create container emf path.  Spec version was always set to 2.0, thus compatibility and other options were not set properly for a 1.0 persistence.xml.  Also added a test framework class that allows pseudo-testing of the createContainerEMF path using a specific persistence.xml and pu name.",2009-10-14T03:23:13Z,2009-10-14T04:02:41Z,INSIDE_LIFECYCLE,,2.0.0-beta,2.0.0-beta,3,3,1,openjpa-persistence/src/main/java/org/apache/openjpa/persistence/PersistenceProductDerivation.java
12438142,OPENJPA-1351,65d2ea8b1922cae9f68dddbdcd1e8e1212a62ba4,2009-10-15T23:32:44Z,OPENJPA-1351: fix ClassCastException when downlevel jdbc driver is used.,2009-10-14T23:30:39Z,2009-10-16T15:23:25Z,INSIDE_LIFECYCLE,,2.0.0-M3,2.0.0-beta,2,1,1,openjpa-jdbc/src/main/java/org/apache/openjpa/jdbc/conf/JDBCConfigurationImpl.java
12438171,OPENJPA-1352,79a4b76fdf0038f2460f6a5c828ab1e04ddf67ae,2009-10-15T23:35:42Z,OPENJPA-1352: fix instantiation of proxyCollection/Map for Arrays.asList,2009-10-15T06:50:33Z,2009-10-16T15:28:02Z,INSIDE_LIFECYCLE,,2.0.0-M3,2.0.0-beta,4,4,2,openjpa-kernel/src/main/java/org/apache/openjpa/kernel/AttachStrategy.java|openjpa-kernel/src/main/java/org/apache/openjpa/kernel/SingleFieldManager.java
12438475,OPENJPA-1354,3ec0fbf66fd6fd433d25e9884e2bd3453e78f1f4,2009-10-28T03:00:17Z,OPENJPA-1354: DBCP getConnection with user/password,2009-10-19T18:29:36Z,2009-11-12T04:43:05Z,INSIDE_LIFECYCLE,,,2.0.0-beta,1,1,1,openjpa-lib/src/main/java/org/apache/openjpa/lib/jdbc/DelegatingDataSource.java
12438580,OPENJPA-1355,2ef5d26a8ead4d86219aeb533f83f54851357ac5,2009-10-20T15:54:34Z,OPENJPA-1355: Correct argument list for Postgres dictionary,2009-10-20T15:13:28Z,2009-11-12T04:42:10Z,INSIDE_LIFECYCLE,,2.0.0-beta,2.0.0-beta,1,1,1,openjpa-jdbc/src/main/java/org/apache/openjpa/jdbc/sql/PostgresDictionary.java
12438938,OPENJPA-1360,14996dfd406d3f59d6d106ca9f89faf753b18eea,2010-03-08T19:20:32Z,"OPENJPA-1360 ReverseMappingTool omits nullable, length, etc. when ClassMapping.setEmbedded(true) is called",2009-10-23T15:53:05Z,2010-03-08T21:48:27Z,INSIDE_LIFECYCLE,,1.2.2,1.3.0|2.0.0-beta3,1,1,1,openjpa-persistence/src/main/java/org/apache/openjpa/persistence/AnnotationPersistenceMetaDataSerializer.java
12439523,OPENJPA-1367,97496b0bd6fe8d7471c3b3495ecab01614b8dfd9,2010-01-31T11:15:01Z,OPENJPA-1367: Improvements for H2 database. Commit patch provided by Prashant Bhat with slight modifications. Information on CROSS JOIN provided by Thomas Mueller.,2009-10-30T13:00:06Z,2010-02-08T19:30:17Z,INSIDE_LIFECYCLE,,1.2.1|2.0.0-M1|2.0.0-M2|2.0.0-M3|2.0.0-beta,1.3.0|2.0.0-beta2,4,2,1,openjpa-jdbc/src/main/java/org/apache/openjpa/jdbc/sql/H2Dictionary.java
12439572,OPENJPA-1370,f25b573aa08af7d0d26d5bb2b40d8e3be15a6874,2009-10-30T23:21:09Z,"OPENJPA-1370 JPA2 missing implementation for createNamedQuery(String name, Class<T> resultClass)",2009-10-30T20:40:25Z,2009-11-02T17:33:40Z,INSIDE_LIFECYCLE,,2.0.0-M3,2.0.0-beta,2,2,1,openjpa-persistence/src/main/java/org/apache/openjpa/persistence/EntityManagerImpl.java
12439580,OPENJPA-1371,eabd0c9454bab3170ce7c10208afd687c96b84b1,2009-11-01T00:50:15Z,"OPENJPA-1371: fail to extract correct id from an entity during merge when this entity has compound primary key using IdClass, and some field in the IdClass is a derived identity from a not-yet-managed toOne relation.",2009-10-30T22:51:47Z,2010-03-24T17:47:55Z,INSIDE_LIFECYCLE,,2.0.0-M3,2.0.0-M3,4,4,2,openjpa-kernel/src/main/java/org/apache/openjpa/enhance/PCEnhancer.java|openjpa-lib/src/main/java/org/apache/openjpa/lib/conf/ProductDerivations.java
12439580,OPENJPA-1371,d1feecbc9e3750c2b887f0ae95b509569d28d22e,2009-11-01T00:52:48Z,OPENJPA-1371: wrong commit. Revert it to the previous version,2009-10-30T22:51:47Z,2010-03-24T17:47:55Z,INSIDE_LIFECYCLE,,2.0.0-M3,2.0.0-M3,1,1,1,openjpa-lib/src/main/java/org/apache/openjpa/lib/conf/ProductDerivations.java
12439892,OPENJPA-1375,3e83d5d15b2095330d21739e1244db9b52a1a9b3,2009-11-05T19:54:32Z,OPENJPA-1375 - Clean _plans IdentityHashMap when clear or close is called.,2009-11-04T21:56:14Z,2009-11-06T15:48:39Z,INSIDE_LIFECYCLE,,1.3.0|2.0.0-M3,1.3.0|2.0.0-beta,1,1,1,openjpa-persistence/src/main/java/org/apache/openjpa/persistence/EntityManagerImpl.java
12439900,OPENJPA-1376,e0a0050e7bec8032ec0160bdf3c955b1e437737c,2011-02-27T11:15:55Z,OPENJPA-1376: Cache values of @SequenceGenerator as specified by allocationSize parameter instead of setting CACHE on database sequence. Idea submitted by Palmer Cox.,2009-11-04T23:49:17Z,2011-03-13T09:57:14Z,INSIDE_LIFECYCLE,,1.2.1|2.0.0-M3|2.1.0,1.2.3|1.3.0|2.0.2|2.1.2|2.2.0,6,6,6,openjpa-jdbc/src/main/java/org/apache/openjpa/jdbc/kernel/NativeJDBCSeq.java|openjpa-jdbc/src/main/java/org/apache/openjpa/jdbc/sql/DB2Dictionary.java|openjpa-jdbc/src/main/java/org/apache/openjpa/jdbc/sql/DBDictionary.java|openjpa-jdbc/src/main/java/org/apache/openjpa/jdbc/sql/FirebirdDictionary.java|openjpa-jdbc/src/main/java/org/apache/openjpa/jdbc/sql/OracleDictionary.java|openjpa-jdbc/src/main/java/org/apache/openjpa/jdbc/sql/PostgresDictionary.java
12439900,OPENJPA-1376,0022b991ab84c0425663eb6475c6c2c75dcae0f2,2011-03-07T15:30:25Z,OPENJPA-1376: Correctly handle the case when sequence increment is > 1.,2009-11-04T23:49:17Z,2011-03-13T09:57:14Z,INSIDE_LIFECYCLE,,1.2.1|2.0.0-M3|2.1.0,1.2.3|1.3.0|2.0.2|2.1.2|2.2.0,1,1,1,openjpa-jdbc/src/main/java/org/apache/openjpa/jdbc/kernel/NativeJDBCSeq.java
12439900,OPENJPA-1376,529827b0fb77ddfdcec4474772972da6c02b51e3,2011-08-09T13:30:29Z,"OPENJPA-1376: Added property for forward compatibility, documented property and migration considerations.",2009-11-04T23:49:17Z,2011-03-13T09:57:14Z,AFTER_RESOLUTION,3579,1.2.1|2.0.0-M3|2.1.0,1.2.3|1.3.0|2.0.2|2.1.2|2.2.0,4,1,1,openjpa-jdbc/src/main/java/org/apache/openjpa/jdbc/sql/DBDictionary.java
12440071,OPENJPA-1377,75f3a174a46540cdcf3509396f7c82febcfd6c2f,2009-11-08T05:03:29Z,OPENJPA-1377 - convert property value to upper-case before converting to its corresponding enum type.,2009-11-06T22:43:57Z,2009-11-19T21:45:17Z,INSIDE_LIFECYCLE,,2.0.0-M3,2.0.0-beta,1,1,1,openjpa-persistence/src/main/java/org/apache/openjpa/persistence/JPAProperties.java
12440211,OPENJPA-1379,19eb9f2615a15ae74a13668b88e3fd6136911d3e,2009-11-09T22:02:15Z,OPENJPA-1379: Fixed locking problem in AbstractQueryCache when using timestamp eviction policy and added new test case.,2009-11-09T20:47:12Z,2009-11-09T22:10:48Z,INSIDE_LIFECYCLE,,2.0.0-M3,2.0.0-beta,2,2,1,openjpa-kernel/src/main/java/org/apache/openjpa/datacache/AbstractQueryCache.java
12440367,OPENJPA-1380,983b34b68e9b5cf2fb5b78744f6bb2fcb654389c,2009-11-11T20:40:18Z,OPENJPA-1380: queryCache is not refreshed for cross-join jpql.,2009-11-11T00:54:42Z,2009-11-12T21:50:38Z,INSIDE_LIFECYCLE,,1.2.1,1.3.0|2.0.0-beta,4,3,1,openjpa-kernel/src/main/java/org/apache/openjpa/kernel/jpql/JPQLExpressionBuilder.java
12440421,OPENJPA-1381,6f11e4d9836fa362d530d00cdd01342594eef1ab,2009-11-12T04:14:55Z,OPENJPA-1381: Ignore cached target query when lock mode is set,2009-11-11T15:53:47Z,2010-01-18T19:50:34Z,INSIDE_LIFECYCLE,,2.0.0,2.0.0-beta,2,2,1,openjpa-persistence/src/main/java/org/apache/openjpa/persistence/QueryImpl.java
12440421,OPENJPA-1381,cfea146c2953a8b46abed0f5de50cf42701ccf7b,2009-11-16T18:27:20Z,OPENJPA-1381: Ignore preapared query if lock mode changes,2009-11-11T15:53:47Z,2010-01-18T19:50:34Z,INSIDE_LIFECYCLE,,2.0.0,2.0.0-beta,2,2,1,openjpa-persistence/src/main/java/org/apache/openjpa/persistence/QueryImpl.java
12440421,OPENJPA-1381,9c275904f3a7a6f7f5740cf641bf7fcccb710186,2009-11-16T19:34:11Z,OPENJPA-1387: Revert unique colum related changes to before 880685 plus other changes after that related to OPENJPA-1051 and OPENJPA-1381.,2009-11-11T15:53:47Z,2010-01-18T19:50:34Z,INSIDE_LIFECYCLE,,2.0.0,2.0.0-beta,12,12,11,openjpa-jdbc/src/main/java/org/apache/openjpa/jdbc/kernel/TableJDBCSeq.java|openjpa-jdbc/src/main/java/org/apache/openjpa/jdbc/meta/MappingTool.java|openjpa-jdbc/src/main/java/org/apache/openjpa/jdbc/schema/Constraint.java|openjpa-jdbc/src/main/java/org/apache/openjpa/jdbc/schema/LocalConstraint.java|openjpa-jdbc/src/main/java/org/apache/openjpa/jdbc/schema/NameSet.java|openjpa-jdbc/src/main/java/org/apache/openjpa/jdbc/schema/SchemaTool.java|openjpa-jdbc/src/main/java/org/apache/openjpa/jdbc/schema/Table.java|openjpa-jdbc/src/main/java/org/apache/openjpa/jdbc/schema/Unique.java|openjpa-jdbc/src/main/java/org/apache/openjpa/jdbc/sql/AbstractDB2Dictionary.java|openjpa-jdbc/src/main/java/org/apache/openjpa/jdbc/sql/DBDictionary.java|openjpa-persistence/src/main/java/org/apache/openjpa/persistence/QueryImpl.java
12440421,OPENJPA-1381,fb82c6ad138638358017b9516f3340bf1a75e4fe,2009-11-16T22:23:09Z,OPENJPA-1381: Ignore preapared query if lock mode changes,2009-11-11T15:53:47Z,2010-01-18T19:50:34Z,INSIDE_LIFECYCLE,,2.0.0,2.0.0-beta,2,2,1,openjpa-persistence/src/main/java/org/apache/openjpa/persistence/QueryImpl.java
12440529,OPENJPA-1384,27996efb4882423eb1fce9425626d068e4eb501b,2009-11-17T23:09:57Z,OPENJPA-1384: Try current classloader when loading DBDictionary. Submitted By: B.J. Reed,2009-11-12T18:43:45Z,2010-01-08T00:07:30Z,INSIDE_LIFECYCLE,,1.2.1,1.2.2|1.3.0|2.0.0-beta,1,1,1,openjpa-jdbc/src/main/java/org/apache/openjpa/jdbc/sql/DBDictionaryFactory.java
12440555,OPENJPA-1385,865dad93aac88d8cf206825c60b1c7f340fe70eb,2009-11-12T23:10:46Z,OPENJPA-1385: Visit having clause to collect query parameters,2009-11-12T22:35:25Z,2009-11-12T23:11:12Z,INSIDE_LIFECYCLE,,2.0.0-M3,2.0.0-beta,1,1,1,openjpa-persistence/src/main/java/org/apache/openjpa/persistence/criteria/CriteriaQueryImpl.java
12440584,OPENJPA-1386,6e630e827ea2a257b2277c5589532b3b3b2e7fea,2009-11-13T06:32:43Z,OPENJPA-1386: Support field types that can hide each other,2009-11-13T05:46:22Z,2009-11-16T09:37:07Z,INSIDE_LIFECYCLE,,2.0.0-M3,2.0.0-beta,1,1,1,openjpa-persistence/src/main/java/org/apache/openjpa/persistence/util/SourceCode.java
12440584,OPENJPA-1386,5d765ea05b1f786c2bc6d48e3231c5d3a5166269,2009-11-24T20:12Z,OPENJPA-1386: Improve handling of imports that can hide each other,2009-11-13T05:46:22Z,2009-11-16T09:37:07Z,AFTER_RESOLUTION,202,2.0.0-M3,2.0.0-beta,1,1,1,openjpa-persistence/src/main/java/org/apache/openjpa/persistence/util/SourceCode.java
12440619,OPENJPA-1387,61f9b32a496f538e89074b5edd563bc1f01fb532,2009-11-16T09:19:24Z,OPENJPA-1387: Remove non-nullable constraint from Unique column.,2009-11-13T14:50:35Z,2013-01-23T23:41:40Z,INSIDE_LIFECYCLE,,1.2.3|2.0.0-M3,1.2.3|2.0.0-beta,3,3,3,openjpa-jdbc/src/main/java/org/apache/openjpa/jdbc/schema/Constraint.java|openjpa-jdbc/src/main/java/org/apache/openjpa/jdbc/schema/LocalConstraint.java|openjpa-jdbc/src/main/java/org/apache/openjpa/jdbc/schema/Unique.java
12440619,OPENJPA-1387,05c785704cc706a1ca3745a5b2a3625eafb96c21,2009-11-16T16:29:18Z,OPENJPA-1387: Remove non-nullable constraint from Unique column.,2009-11-13T14:50:35Z,2013-01-23T23:41:40Z,INSIDE_LIFECYCLE,,1.2.3|2.0.0-M3,1.2.3|2.0.0-beta,3,3,3,openjpa-jdbc/src/main/java/org/apache/openjpa/jdbc/meta/MappingTool.java|openjpa-jdbc/src/main/java/org/apache/openjpa/jdbc/sql/AbstractDB2Dictionary.java|openjpa-jdbc/src/main/java/org/apache/openjpa/jdbc/sql/DBDictionary.java
12440619,OPENJPA-1387,69d2415b575d884968cb2e974173e6af570e093b,2009-11-16T17:32:21Z,OPENJPA-1387: Remove non-nullable constraint from Unique column.,2009-11-13T14:50:35Z,2013-01-23T23:41:40Z,INSIDE_LIFECYCLE,,1.2.3|2.0.0-M3,1.2.3|2.0.0-beta,2,2,2,openjpa-jdbc/src/main/java/org/apache/openjpa/jdbc/kernel/TableJDBCSeq.java|openjpa-jdbc/src/main/java/org/apache/openjpa/jdbc/schema/Table.java
12440619,OPENJPA-1387,5143d0cafd3ccd45a973f5945561675d87a5e81c,2009-11-16T17:38:16Z,OPENJPA-1387: Remove non-nullable constraint from Unique column.,2009-11-13T14:50:35Z,2013-01-23T23:41:40Z,INSIDE_LIFECYCLE,,1.2.3|2.0.0-M3,1.2.3|2.0.0-beta,2,2,2,openjpa-jdbc/src/main/java/org/apache/openjpa/jdbc/schema/SchemaGroup.java|openjpa-jdbc/src/main/java/org/apache/openjpa/jdbc/schema/SchemaTool.java
12440619,OPENJPA-1387,9c275904f3a7a6f7f5740cf641bf7fcccb710186,2009-11-16T19:34:11Z,OPENJPA-1387: Revert unique colum related changes to before 880685 plus other changes after that related to OPENJPA-1051 and OPENJPA-1381.,2009-11-13T14:50:35Z,2013-01-23T23:41:40Z,INSIDE_LIFECYCLE,,1.2.3|2.0.0-M3,1.2.3|2.0.0-beta,12,12,11,openjpa-jdbc/src/main/java/org/apache/openjpa/jdbc/kernel/TableJDBCSeq.java|openjpa-jdbc/src/main/java/org/apache/openjpa/jdbc/meta/MappingTool.java|openjpa-jdbc/src/main/java/org/apache/openjpa/jdbc/schema/Constraint.java|openjpa-jdbc/src/main/java/org/apache/openjpa/jdbc/schema/LocalConstraint.java|openjpa-jdbc/src/main/java/org/apache/openjpa/jdbc/schema/NameSet.java|openjpa-jdbc/src/main/java/org/apache/openjpa/jdbc/schema/SchemaTool.java|openjpa-jdbc/src/main/java/org/apache/openjpa/jdbc/schema/Table.java|openjpa-jdbc/src/main/java/org/apache/openjpa/jdbc/schema/Unique.java|openjpa-jdbc/src/main/java/org/apache/openjpa/jdbc/sql/AbstractDB2Dictionary.java|openjpa-jdbc/src/main/java/org/apache/openjpa/jdbc/sql/DBDictionary.java|openjpa-persistence/src/main/java/org/apache/openjpa/persistence/QueryImpl.java
12440619,OPENJPA-1387,7bd2b4ae49b25d040313dd17d2fbce9be74c3378,2010-05-05T16:17:31Z,OPENJPA-1387: Unique should not impose non-null constraint automatically.,2009-11-13T14:50:35Z,2013-01-23T23:41:40Z,INSIDE_LIFECYCLE,,1.2.3|2.0.0-M3,1.2.3|2.0.0-beta,3,3,1,openjpa-jdbc/src/main/java/org/apache/openjpa/jdbc/schema/Unique.java
12440838,OPENJPA-1388,ee30b010dcbd58258c5d940d121e02f70b8160d9,2009-11-17T22:59:01Z,OPENJPA-1388 JPQL named parameter using a reserved word (:vlaue) resulting in ArgumentException,2009-11-16T18:14:02Z,2009-11-17T23:36:03Z,INSIDE_LIFECYCLE,,1.3.0,1.3.0|2.0.0-beta,5,4,2,openjpa-kernel/src/main/java/org/apache/openjpa/kernel/QueryImpl.java|openjpa-kernel/src/main/java/org/apache/openjpa/kernel/jpql/JPQLExpressionBuilder.java
12362387,OPENJPA-139,7ea424bf0b36d6be115976fa6134877116fc2dee,2007-02-09T00:34:44Z,OPENJPA-139.  Need to include JavaTypes.CALENDAR in the switch statement when attempting to attach a field of type CALENDAR.,2007-02-09T00:19:03Z,2007-02-27T19:36:16Z,INSIDE_LIFECYCLE,,,0.9.7,1,1,1,openjpa-kernel/src/main/java/org/apache/openjpa/kernel/AttachStrategy.java
12440961,OPENJPA-1390,481bb3d6eb14697e425a673b643e6037424c173e,2009-11-17T20:35:20Z,OPENJPA-1390: From.join(String attr) checks any attribute not only singular attributes.,2009-11-17T18:07:30Z,2009-11-30T18:13:22Z,INSIDE_LIFECYCLE,,2.0.0-M3,2.0.0-beta,1,1,1,openjpa-persistence/src/main/java/org/apache/openjpa/persistence/criteria/FromImpl.java
12440971,OPENJPA-1391,be2ff16fe3ac83e54723daa4452dc71a6c1e2a14,2009-11-17T21:16:23Z,OPENJPA-1391: Handle untyped collection,2009-11-17T20:43:52Z,2009-11-30T18:13:38Z,INSIDE_LIFECYCLE,,2.0.0-M3,2.0.0-beta,4,3,3,openjpa-persistence/src/main/java/org/apache/openjpa/persistence/meta/AbstractManagedType.java|openjpa-persistence/src/main/java/org/apache/openjpa/persistence/meta/AnnotationProcessor6.java|openjpa-persistence/src/main/java/org/apache/openjpa/persistence/meta/SourceAnnotationHandler.java
12440993,OPENJPA-1392,f1451e5fd868eacfabaf3500faeae13f05de3e79,2009-11-18T00:53:03Z,"OPENJPA-1392, OPENJPA-1393: countDistinct() and integer return type for size()",2009-11-18T00:18:12Z,2009-11-30T18:12:56Z,INSIDE_LIFECYCLE,,2.0.0-M3,2.0.0-beta,2,2,1,openjpa-persistence/src/main/java/org/apache/openjpa/persistence/criteria/Expressions.java
12440994,OPENJPA-1393,f1451e5fd868eacfabaf3500faeae13f05de3e79,2009-11-18T00:53:03Z,"OPENJPA-1392, OPENJPA-1393: countDistinct() and integer return type for size()",2009-11-18T00:19:39Z,2009-11-30T18:12:22Z,INSIDE_LIFECYCLE,,2.0.0-M3,2.0.0-beta,2,2,1,openjpa-persistence/src/main/java/org/apache/openjpa/persistence/criteria/Expressions.java
12441056,OPENJPA-1394,f6a6ee15f23f7bf7d99d33a3c904985b1ef8e98a,2009-11-19T23:28:45Z,"OPENJPA-1394 - DB2 supports Order By clause with recording locking using ""WITH R*"" construct. By enabling this feature in the DB2 dictionary, row locking can be perform with the fetch and eliminate the time window other thread snike in to fetch the same row.",2009-11-18T15:38:01Z,2009-11-19T23:39:15Z,INSIDE_LIFECYCLE,,2.0.0-M3,2.0.0-beta,4,4,1,openjpa-jdbc/src/main/java/org/apache/openjpa/jdbc/sql/DB2Dictionary.java
12441146,OPENJPA-1396,c3a856faa022f43d8fe9b30d954edd46e1401131,2009-11-19T15:12:36Z,OPENJPA-1396: fix metadata-complete problem so that it will override @Transient annotation in the entity class,2009-11-19T05:58:51Z,2009-11-19T15:15:05Z,INSIDE_LIFECYCLE,,2.0.0-M3,2.0.0-beta,8,7,6,openjpa-kernel/src/main/java/org/apache/openjpa/meta/AbstractMetaDataDefaults.java|openjpa-kernel/src/main/java/org/apache/openjpa/meta/MetaDataDefaults.java|openjpa-kernel/src/main/java/org/apache/openjpa/meta/MetaDataRepository.java|openjpa-kernel/src/main/java/org/apache/openjpa/meta/NoneMetaDataFactory.java|openjpa-persistence/src/main/java/org/apache/openjpa/persistence/PersistenceMetaDataDefaults.java|openjpa-persistence/src/main/java/org/apache/openjpa/persistence/XMLPersistenceMetaDataParser.java
12441180,OPENJPA-1397,8607e0b3b4050a29c93c15bdd23fe676bf76490f,2009-12-08T14:51:44Z,OPENJPA-1397: Allow some columns of compound key to be null.,2009-11-19T13:43:43Z,2009-12-18T13:22:10Z,INSIDE_LIFECYCLE,,1.2.1|2.0.0-M3,1.2.2|1.3.0|2.0.0-beta,1,1,1,openjpa-jdbc/src/main/java/org/apache/openjpa/jdbc/meta/ClassMapping.java
12348082,OPENJPA-14,978bc40091963f9a89f08b64a4163687a0d9fec7,2006-08-21T16:53:51Z,JIRA: OPENJPA-14 Applied patch (with some minor corrections).,2006-08-16T17:44:33Z,2006-08-24T18:21:44Z,INSIDE_LIFECYCLE,,,,3,1,1,openjpa-kernel/src/main/java/org/apache/openjpa/meta/MetaDataRepository.java
12348082,OPENJPA-14,dcb47f0fe406c5d926c2d0e654b6690a15111cf1,2006-08-25T07:33:50Z,"OPENJPA-14. Use the class's classloader in environments when service lookups should be looking in the OpenJPA distribution. This imposes the restriction that OpenJPA will only find services in the same classloader as the OpenJPA jars themselves, which is a much better restriction than requiring that the classes be in the thread's context classloader.",2006-08-16T17:44:33Z,2006-08-24T18:21:44Z,AFTER_RESOLUTION,13,,,4,4,4,openjpa-kernel/src/main/java/org/apache/openjpa/conf/ProductDerivations.java|openjpa-kernel/src/main/java/org/apache/openjpa/enhance/PCEnhancer.java|openjpa-kernel/src/main/java/org/apache/openjpa/kernel/QueryLanguages.java|openjpa-lib/src/main/java/org/apache/openjpa/lib/ant/AbstractTask.java
12441523,OPENJPA-1400,2c00f18f0c634ed5c16ebdbb90188e24033ef124,2009-12-01T19:13:01Z,OPENJPA-1400: Fix PersistenceCapable.pcIsDetached() when using no statemanager and version is zero.,2009-11-23T22:19:10Z,2009-12-08T15:02:14Z,INSIDE_LIFECYCLE,,1.2.1|2.0.0-M3,1.2.2|1.3.0|2.0.0-beta,4,4,1,openjpa-kernel/src/main/java/org/apache/openjpa/enhance/PCEnhancer.java
12441721,OPENJPA-1401,9e8b0ded0b5c204f3de3df3abb8f79b44d9f7421,2009-12-16T23:31:44Z,OPENJPA-1401 Inheritance using Join Strategy may fail in cross join JPQL,2009-11-25T22:55:41Z,2009-12-18T17:47:50Z,INSIDE_LIFECYCLE,,2.0.0-M3,1.3.0|2.0.0-beta,6,6,1,openjpa-jdbc/src/main/java/org/apache/openjpa/jdbc/kernel/exps/PCPath.java
12442150,OPENJPA-1409,1aaa1aa08647c357a406ecee42e6b2439c60fb27,2009-12-01T22:51:01Z,OPENJPA-1409: Preserve type for currentDate/Time expressions,2009-12-01T21:35:55Z,2010-01-18T18:52:39Z,INSIDE_LIFECYCLE,,,2.0.0-beta,7,7,6,openjpa-jdbc/src/main/java/org/apache/openjpa/jdbc/kernel/exps/JDBCExpressionFactory.java|openjpa-kernel/src/main/java/org/apache/openjpa/kernel/exps/CurrentDate.java|openjpa-kernel/src/main/java/org/apache/openjpa/kernel/exps/ExpressionFactory.java|openjpa-kernel/src/main/java/org/apache/openjpa/kernel/exps/InMemoryExpressionFactory.java|openjpa-kernel/src/main/java/org/apache/openjpa/kernel/jpql/JPQLExpressionBuilder.java|openjpa-persistence/src/main/java/org/apache/openjpa/persistence/criteria/Expressions.java
12442150,OPENJPA-1409,2353db803d1f862a2b1a30052cc56346ac59cf06,2009-12-02T03:55:09Z,OPENJPA-1409: Missing from TeamCity commit,2009-12-01T21:35:55Z,2010-01-18T18:52:39Z,INSIDE_LIFECYCLE,,,2.0.0-beta,1,1,1,openjpa-jdbc/src/main/java/org/apache/openjpa/jdbc/kernel/exps/CurrentDate.java
12442243,OPENJPA-1410,9ea3fe08956adcf351ceaa6ca8fd8f7dfd4989e6,2010-01-20T21:22:10Z,"OPENJPA-1374 undo changes to PersistenceProviderImpl.java, which are for OPENJPA-1410 instead",2009-12-02T18:13:44Z,2010-03-22T12:41:53Z,INSIDE_LIFECYCLE,,2.0.0-M3|2.0.0-beta|2.0.0-beta2,2.0.0-beta3,1,1,1,openjpa-persistence/src/main/java/org/apache/openjpa/persistence/PersistenceProviderImpl.java
12442243,OPENJPA-1410,acafc94a5e539c4b0bd2a3913006cb32da303f67,2010-01-20T21:24:14Z,OPENJPA-1410 Class linkage exception when creating an EMF with OpenJPA M3 caused by ValidationUtils.setupValidation().  First round of cleanup.,2009-12-02T18:13:44Z,2010-03-22T12:41:53Z,INSIDE_LIFECYCLE,,2.0.0-M3|2.0.0-beta|2.0.0-beta2,2.0.0-beta3,1,1,1,openjpa-persistence/src/main/java/org/apache/openjpa/persistence/PersistenceProviderImpl.java
12442243,OPENJPA-1410,d299ac431108416d606549ec771ca5b5a26d78a6,2010-01-22T03:34:57Z,OPENJPA-1410 Undo removal of code that was added by OPENJPA-1460,2009-12-02T18:13:44Z,2010-03-22T12:41:53Z,INSIDE_LIFECYCLE,,2.0.0-M3|2.0.0-beta|2.0.0-beta2,2.0.0-beta3,1,1,1,openjpa-persistence/src/main/java/org/apache/openjpa/persistence/PersistenceProviderImpl.java
12442243,OPENJPA-1410,04bb0664750212b332720e87b5f273310a8ed1f6,2010-03-17T17:58:40Z,OPENJPA-1410 Disable loading of dynamic enhancement agent if OpenJPA is not loaded with the system classloader.,2009-12-02T18:13:44Z,2010-03-22T12:41:53Z,INSIDE_LIFECYCLE,,2.0.0-M3|2.0.0-beta|2.0.0-beta2,2.0.0-beta3,1,1,1,openjpa-kernel/src/main/java/org/apache/openjpa/enhance/InstrumentationFactory.java
12442403,OPENJPA-1413,3f3d586c7301b1f2f926fb40fac194b6229d970e,2009-12-03T23:42Z,OPENJPA-1413: fix NPE when update using CASE expression on Derby,2009-12-03T23:14:33Z,2009-12-03T23:47:50Z,INSIDE_LIFECYCLE,,2.0.0-M3,1.3.0|2.0.0-beta,2,2,1,openjpa-jdbc/src/main/java/org/apache/openjpa/jdbc/kernel/exps/CompareEqualExpression.java
12362662,OPENJPA-142,b5bab78e043329c97b0ddac1558bd595e5a522aa,2007-03-10T11:14:44Z,OPENJPA-142: read entity names specified in XML. Also added comment clarifying that ClassMetaData.setTypeAlias() is only used at enhance time.,2007-02-13T07:58:54Z,2007-03-10T11:15:38Z,INSIDE_LIFECYCLE,,0.9.0|0.9.6,0.9.7,6,4,2,openjpa-kernel/src/main/java/org/apache/openjpa/meta/ClassMetaData.java|openjpa-persistence/src/main/java/org/apache/openjpa/persistence/XMLPersistenceMetaDataParser.java
12443011,OPENJPA-1424,e5ba74a9fcefaacdb963405c65910f9272c6829c,2009-12-11T20:27:05Z,OPENJPA-1424: Fix. Do not lookup extraFieldData with another mapping's field,2009-12-10T18:33:30Z,2010-05-03T19:27:30Z,INSIDE_LIFECYCLE,,1.2.1,1.2.3|1.3.0|2.0.1|2.1.0,1,1,1,openjpa-jdbc/src/main/java/org/apache/openjpa/jdbc/meta/strats/RelationFieldStrategy.java
12443011,OPENJPA-1424,43c55d05391c97160cb6e963742b19c62ba1a3b3,2009-12-11T20:28:57Z,OPENJPA-1424: Fix. Do not lookup extraFieldData with another mapping's field,2009-12-10T18:33:30Z,2010-05-03T19:27:30Z,INSIDE_LIFECYCLE,,1.2.1,1.2.3|1.3.0|2.0.1|2.1.0,1,1,1,openjpa-kernel/src/main/java/org/apache/openjpa/meta/ClassMetaData.java
12443051,OPENJPA-1425,b1ee063aa43a1e1fbfd837ef82a25a3e7ef937c4,2009-12-11T02:26:13Z,OPENJPA-1425:  Lieralize value if they appear in selection clause for databases that do not support parameters in selection terms.,2009-12-11T00:36:47Z,2010-01-18T19:50:34Z,INSIDE_LIFECYCLE,,,2.0.0-beta,3,3,2,openjpa-jdbc/src/main/java/org/apache/openjpa/jdbc/kernel/exps/SelectConstructor.java|openjpa-jdbc/src/main/java/org/apache/openjpa/jdbc/sql/DBDictionary.java
12443051,OPENJPA-1425,4515e2f5da657fedb0329c5bc5e48e657e861ebb,2009-12-11T15:09:03Z,OPENJPA-1425:  Lieralize value if they appear in selection clause for databases that do not support parameters in selection terms.,2009-12-11T00:36:47Z,2010-01-18T19:50:34Z,INSIDE_LIFECYCLE,,,2.0.0-beta,1,1,1,openjpa-jdbc/src/main/java/org/apache/openjpa/jdbc/sql/DerbyDictionary.java
12362705,OPENJPA-143,6cd259f310fb0feab604805ffd0578e85513b64c,2007-08-16T17:59:57Z,OPENJPA-143,2007-02-13T17:19:09Z,2007-08-16T21:13:13Z,INSIDE_LIFECYCLE,,,1.0.0,16,15,5,openjpa-jdbc/src/main/java/org/apache/openjpa/jdbc/meta/Discriminator.java|openjpa-jdbc/src/main/java/org/apache/openjpa/jdbc/meta/DiscriminatorMappingInfo.java|openjpa-jdbc/src/main/java/org/apache/openjpa/jdbc/meta/MappingDefaultsImpl.java|openjpa-persistence-jdbc/src/main/java/org/apache/openjpa/persistence/jdbc/AnnotationPersistenceMappingParser.java|openjpa-persistence-jdbc/src/main/java/org/apache/openjpa/persistence/jdbc/XMLPersistenceMappingParser.java
12443432,OPENJPA-1431,8dff01769495aa4fd94c83b58f144dfdebdfc581,2009-12-15T22:26:11Z,OPENJPA-1431: fix @Temporal annotation when used in conjunction with @Column and @ElementCollection,2009-12-15T18:44:55Z,2009-12-15T23:50:03Z,INSIDE_LIFECYCLE,,2.0.0-M3,2.0.0-beta,3,3,1,openjpa-persistence-jdbc/src/main/java/org/apache/openjpa/persistence/jdbc/AnnotationPersistenceMappingParser.java
12443492,OPENJPA-1432,5d9f08e72877b208dad9135afec8b630ce41f81d,2009-12-18T23:24:23Z,OPENJPA-1432: preserve Compatibility flags set in compliance with the Specification.,2009-12-16T04:26:54Z,2010-03-09T14:47:54Z,INSIDE_LIFECYCLE,,2.0.0-M3,2.0.0-beta,6,6,5,openjpa-kernel/src/main/java/org/apache/openjpa/conf/OpenJPAConfigurationImpl.java|openjpa-kernel/src/main/java/org/apache/openjpa/conf/Specification.java|openjpa-lib/src/main/java/org/apache/openjpa/lib/conf/ObjectValue.java|openjpa-lib/src/main/java/org/apache/openjpa/lib/conf/PluginValue.java|openjpa-persistence/src/main/java/org/apache/openjpa/persistence/PersistenceProductDerivation.java
12443551,OPENJPA-1435,8410bc88c6fca3587170b61ad9890c1717e81b1e,2009-12-16T20:33:31Z,OPENJPA-1435: remove null element from the coll,2009-12-16T16:55:31Z,2009-12-16T20:36:27Z,INSIDE_LIFECYCLE,,2.0.0-M3,2.0.0-beta,4,4,1,openjpa-jdbc/src/main/java/org/apache/openjpa/jdbc/meta/strats/StoreCollectionFieldStrategy.java
12443825,OPENJPA-1438,d189eac9dd6dd756643c3edce6932c56c87fb9a4,2009-12-19T04:50:24Z,OPENJPA-1438: fix wherePrimaryKey for entity using derived identity,2009-12-19T00:28:23Z,2010-03-09T18:08:56Z,INSIDE_LIFECYCLE,,2.0.0,2.0.0-beta3,2,2,1,openjpa-jdbc/src/main/java/org/apache/openjpa/jdbc/sql/RowImpl.java
12443865,OPENJPA-1439,d491a9cbed9beaf7f838e67e5ecd7aa8d10d58e5,2009-12-21T17:13:23Z,OPENJPA-1439: Cover for InputStream/Reader type fields,2009-12-20T17:10:38Z,2009-12-23T15:40:29Z,INSIDE_LIFECYCLE,,2.0.0,2.0.0-beta,1,1,1,openjpa-persistence/src/main/java/org/apache/openjpa/persistence/meta/AbstractManagedType.java
12443939,OPENJPA-1441,35377aace92dfd5554b0e795e8178f93f1878d3a,2009-12-22T14:27:19Z,OPENJPA-1441: Set pcVersionInit FieldMetaData to transient in PCEnhancer.,2009-12-21T20:38:31Z,2009-12-22T15:13:32Z,INSIDE_LIFECYCLE,,1.2.2|1.3.0|2.0.0-beta,1.2.2|1.3.0|2.0.0-beta,2,2,1,openjpa-kernel/src/main/java/org/apache/openjpa/enhance/PCEnhancer.java
12444057,OPENJPA-1442,a0e001e40ad600372f16d5708f580fc101fec3c3,2009-12-23T22:33:57Z,"OPENJPA-1442 JPA2 java.sql.Date, java.math.BigDecimal, or java.math.BigInteger types as derived primary keys are not Enhanced correctly",2009-12-23T03:12:35Z,2009-12-23T22:38:23Z,INSIDE_LIFECYCLE,,2.0.0-M3,2.0.0-beta,10,10,1,openjpa-kernel/src/main/java/org/apache/openjpa/enhance/PCEnhancer.java
12444071,OPENJPA-1444,3dee418d36c7aa1c217c3779ec7813ee9f9e87ae,2009-12-23T07:57:31Z,OPENJPA-1444: Use special result list for distinct query.,2009-12-23T07:56:42Z,2010-01-18T19:50:34Z,INSIDE_LIFECYCLE,,2.0.0-beta,2.0.0-beta,11,11,8,openjpa-kernel/src/main/java/org/apache/openjpa/kernel/DelegatingQuery.java|openjpa-kernel/src/main/java/org/apache/openjpa/kernel/DistinctResultList.java|openjpa-kernel/src/main/java/org/apache/openjpa/kernel/QueryContext.java|openjpa-kernel/src/main/java/org/apache/openjpa/kernel/QueryImpl.java|openjpa-persistence/src/main/java/org/apache/openjpa/persistence/EntityManagerImpl.java|openjpa-persistence/src/main/java/org/apache/openjpa/persistence/QueryImpl.java|openjpa-persistence/src/main/java/org/apache/openjpa/persistence/criteria/CriteriaExpressionBuilder.java|openjpa-persistence/src/main/java/org/apache/openjpa/persistence/criteria/CriteriaQueryImpl.java
12444071,OPENJPA-1444,29e919f2ccea6667a47212f1f333fe78a8b43fc0,2009-12-23T09:33:28Z,OPENJPA-1444:  distinct query,2009-12-23T07:56:42Z,2010-01-18T19:50:34Z,INSIDE_LIFECYCLE,,2.0.0-beta,2.0.0-beta,9,9,9,openjpa-kernel/src/main/java/org/apache/openjpa/datacache/QueryCacheStoreQuery.java|openjpa-kernel/src/main/java/org/apache/openjpa/kernel/AbstractStoreQuery.java|openjpa-kernel/src/main/java/org/apache/openjpa/kernel/DelegatingQuery.java|openjpa-kernel/src/main/java/org/apache/openjpa/kernel/ExpressionStoreQuery.java|openjpa-kernel/src/main/java/org/apache/openjpa/kernel/QueryContext.java|openjpa-kernel/src/main/java/org/apache/openjpa/kernel/QueryImpl.java|openjpa-kernel/src/main/java/org/apache/openjpa/kernel/exps/QueryExpressions.java|openjpa-persistence/src/main/java/org/apache/openjpa/persistence/criteria/CriteriaExpressionBuilder.java|openjpa-persistence/src/main/java/org/apache/openjpa/persistence/criteria/CriteriaQueryImpl.java
12444071,OPENJPA-1444,df5a403700ac8f070408bf86fdebeedbf209fea8,2009-12-23T09:35:07Z,OPENJPA-1444: distinct query,2009-12-23T07:56:42Z,2010-01-18T19:50:34Z,INSIDE_LIFECYCLE,,2.0.0-beta,2.0.0-beta,2,2,2,openjpa-kernel/src/main/java/org/apache/openjpa/kernel/StoreQuery.java|openjpa-persistence/src/main/java/org/apache/openjpa/persistence/EntityManagerImpl.java
12444086,OPENJPA-1445,fded22b2e04b8c2482fe257226c15a94bd8f23be,2009-12-23T13:06:03Z,OPENJPA-1445: Support enums as External values,2009-12-23T11:21:05Z,2010-01-18T19:50:34Z,INSIDE_LIFECYCLE,,2.0.0-beta,2.0.0-beta,4,4,3,openjpa-kernel/src/main/java/org/apache/openjpa/kernel/AttachStrategy.java|openjpa-kernel/src/main/java/org/apache/openjpa/meta/FieldMetaData.java|openjpa-kernel/src/main/java/org/apache/openjpa/meta/JavaTypes.java
12444086,OPENJPA-1445,775c627b8038f03a86bb1a0bd1cd03e3caf07070,2009-12-23T13:07:33Z,OPENJPA-1445: Support enums as External values,2009-12-23T11:21:05Z,2010-01-18T19:50:34Z,INSIDE_LIFECYCLE,,2.0.0-beta,2.0.0-beta,1,1,1,openjpa-persistence/src/main/java/org/apache/openjpa/persistence/meta/AbstractManagedType.java
12444508,OPENJPA-1452,6710465b7c66b61222d7c034022a143c93586225,2010-01-08T17:23:24Z,OPENJPA-1452 Configurations attempts to modiy an umodifiable map.  Patch contributed by JIRA uid baboune.,2010-01-02T18:53:10Z,2010-01-08T18:23:49Z,INSIDE_LIFECYCLE,,2.0.0-M3,2.0.0-beta,1,1,1,openjpa-lib/src/main/java/org/apache/openjpa/lib/conf/Configurations.java
12444508,OPENJPA-1452,3065f2febb333b4680ccd5649ece87dc2592afa9,2010-01-08T18:23:07Z,OPENJPA-1452 Configurations attempts to modiy an umodifiable map.  Add null checks back in to match 1.2/1.3 branches.,2010-01-02T18:53:10Z,2010-01-08T18:23:49Z,INSIDE_LIFECYCLE,,2.0.0-M3,2.0.0-beta,1,1,1,openjpa-lib/src/main/java/org/apache/openjpa/lib/conf/Configurations.java
12444936,OPENJPA-1455,e303892e2a16cc50785f37b951d047e394bf08ac,2010-01-07T23:42:31Z,OPENJPA-1455: fix add column problem involving tables with same name in multiple schemas for DB2,2010-01-07T16:57:53Z,2010-03-22T18:53:48Z,INSIDE_LIFECYCLE,,2.0.0,2.0.0-beta3,4,4,4,openjpa-jdbc/src/main/java/org/apache/openjpa/jdbc/schema/SchemaGroup.java|openjpa-jdbc/src/main/java/org/apache/openjpa/jdbc/schema/SchemaTool.java|openjpa-jdbc/src/main/java/org/apache/openjpa/jdbc/sql/DB2Dictionary.java|openjpa-jdbc/src/main/java/org/apache/openjpa/jdbc/sql/DBDictionary.java
12444936,OPENJPA-1455,e53378bd2697a023a2be5d4c9191fa80c3411800,2010-01-11T23:43:38Z,OPENJPA-1455: fix the way to get current schema per Milosz's suggestion.,2010-01-07T16:57:53Z,2010-03-22T18:53:48Z,INSIDE_LIFECYCLE,,2.0.0,2.0.0-beta3,1,1,1,openjpa-jdbc/src/main/java/org/apache/openjpa/jdbc/sql/DB2Dictionary.java
12444936,OPENJPA-1455,b08a0d179bb3fd690da18a2556e9ccc09dfb2c0a,2010-01-21T17:03:33Z,OPENJPA-1455: VALUES CURRENT SCHEMA fails in DB2 on zOS. Change the SQL to SELECT CURRENT SCHEMA FROM SYSIBM.SYSDUMMY1.,2010-01-07T16:57:53Z,2010-03-22T18:53:48Z,INSIDE_LIFECYCLE,,2.0.0,2.0.0-beta3,2,1,1,openjpa-jdbc/src/main/java/org/apache/openjpa/jdbc/sql/DB2Dictionary.java
12445430,OPENJPA-1458,2331d205229f72e7526d03896b5fbdca16ffca2b,2010-01-13T20:49:01Z,OPENJPA-1458: fix named parameter problem,2010-01-13T19:21:11Z,2010-03-09T18:12:04Z,INSIDE_LIFECYCLE,,2.0.0-M3,2.0.0-beta3,3,3,2,openjpa-kernel/src/main/java/org/apache/openjpa/kernel/jpql/JPQLExpressionBuilder.java|openjpa-lib/src/main/java/org/apache/openjpa/lib/util/OrderedMap.java
12362779,OPENJPA-146,1b446958f5699c2adecb3163ab9ce44b873b2f57,2007-02-20T16:33:54Z,"OPENJPA-146 : When copying an OID superclass field for re-mapping, revert type to PC.  It will re-resolve to OID on its own when the field's metadata is resolved, and in the meantime it will ensure we use the same path for metadata resolution as non-copied fields.",2007-02-14T12:00:07Z,2007-02-20T16:35:16Z,INSIDE_LIFECYCLE,,,0.9.7,2,2,2,openjpa-jdbc/src/main/java/org/apache/openjpa/jdbc/meta/MappingTool.java|openjpa-kernel/src/main/java/org/apache/openjpa/meta/ValueMetaDataImpl.java
12445570,OPENJPA-1460,36e31ae445e15bc38fdc93bf1d887fb670eac1c5,2010-01-17T23:41:45Z,OPENJPA-1460: resolve visibility scope of orm.xml.,2010-01-14T23:29:42Z,2010-03-09T14:57:01Z,INSIDE_LIFECYCLE,,2.0.0-M3|2.0.0-beta,2.0.0-beta2,5,4,4,openjpa-kernel/src/main/java/org/apache/openjpa/conf/OpenJPAConfiguration.java|openjpa-kernel/src/main/java/org/apache/openjpa/conf/OpenJPAConfigurationImpl.java|openjpa-kernel/src/main/java/org/apache/openjpa/meta/AbstractCFMetaDataFactory.java|openjpa-persistence/src/main/java/org/apache/openjpa/persistence/PersistenceProviderImpl.java
12445570,OPENJPA-1460,1049796100da5f1b082f026c73ae3bb19139dde1,2010-01-19T18:10:30Z,OPENJPA-1460: Rename the setter method,2010-01-14T23:29:42Z,2010-03-09T14:57:01Z,INSIDE_LIFECYCLE,,2.0.0-M3|2.0.0-beta,2.0.0-beta2,3,3,3,openjpa-kernel/src/main/java/org/apache/openjpa/conf/OpenJPAConfiguration.java|openjpa-kernel/src/main/java/org/apache/openjpa/conf/OpenJPAConfigurationImpl.java|openjpa-persistence/src/main/java/org/apache/openjpa/persistence/PersistenceProviderImpl.java
12445570,OPENJPA-1460,3bff9645033db9d990e80187a76b6de08e840aa8,2010-01-19T18:32:45Z,OPENJPA-1460: Rename the setter method,2010-01-14T23:29:42Z,2010-03-09T14:57:01Z,INSIDE_LIFECYCLE,,2.0.0-M3|2.0.0-beta,2.0.0-beta2,2,2,2,openjpa-kernel/src/main/java/org/apache/openjpa/conf/OpenJPAConfigurationImpl.java|openjpa-kernel/src/main/java/org/apache/openjpa/meta/AbstractCFMetaDataFactory.java
12445570,OPENJPA-1460,00c44aba43590c4e3f6dab5d71cbae433a13fdb9,2010-01-19T19:48:39Z,"OPENJPA-1460 Undo import of a spec api added in r900873, as openjpa-kernel does not have access to the spec api and should not by design.",2010-01-14T23:29:42Z,2010-03-09T14:57:01Z,INSIDE_LIFECYCLE,,2.0.0-M3|2.0.0-beta,2.0.0-beta2,1,1,1,openjpa-kernel/src/main/java/org/apache/openjpa/conf/OpenJPAConfiguration.java
12445570,OPENJPA-1460,d299ac431108416d606549ec771ca5b5a26d78a6,2010-01-22T03:34:57Z,OPENJPA-1410 Undo removal of code that was added by OPENJPA-1460,2010-01-14T23:29:42Z,2010-03-09T14:57:01Z,INSIDE_LIFECYCLE,,2.0.0-M3|2.0.0-beta,2.0.0-beta2,1,1,1,openjpa-persistence/src/main/java/org/apache/openjpa/persistence/PersistenceProviderImpl.java
12445570,OPENJPA-1460,c15f473949ca72a972dc75f61c5f0b43a9dd1e9f,2010-01-22T22:11:39Z,OPENJPA-1460: back out the previous change until the visibility scope of orm.xml is fully agreed upon.,2010-01-14T23:29:42Z,2010-03-09T14:57:01Z,INSIDE_LIFECYCLE,,2.0.0-M3|2.0.0-beta,2.0.0-beta2,4,4,4,openjpa-kernel/src/main/java/org/apache/openjpa/conf/OpenJPAConfiguration.java|openjpa-kernel/src/main/java/org/apache/openjpa/conf/OpenJPAConfigurationImpl.java|openjpa-kernel/src/main/java/org/apache/openjpa/meta/AbstractCFMetaDataFactory.java|openjpa-persistence/src/main/java/org/apache/openjpa/persistence/PersistenceProviderImpl.java
12445570,OPENJPA-1460,4a987190d99d77dd18878423280489367bd17397,2010-02-10T18:23:59Z,OPENJPA-1460: resolve visibility scope of orm.xml,2010-01-14T23:29:42Z,2010-03-09T14:57:01Z,INSIDE_LIFECYCLE,,2.0.0-M3|2.0.0-beta,2.0.0-beta2,4,3,3,openjpa-kernel/src/main/java/org/apache/openjpa/conf/OpenJPAConfigurationImpl.java|openjpa-kernel/src/main/java/org/apache/openjpa/meta/AbstractCFMetaDataFactory.java|openjpa-persistence/src/main/java/org/apache/openjpa/persistence/PersistenceProviderImpl.java
12445588,OPENJPA-1461,dad4ad195225eaa68e6e3bed942822f0ea86d434,2010-01-15T05:12:44Z,OPENJPA-1461: Incorrect Oracle CREATE TABLE DDL for XML column,2010-01-15T02:50:30Z,2010-01-15T05:20:08Z,INSIDE_LIFECYCLE,,2.0.0-M3,2.0.0-beta,3,3,1,openjpa-jdbc/src/main/java/org/apache/openjpa/jdbc/sql/OracleDictionary.java
12445657,OPENJPA-1464,7b53696e6e5162debf7d48d0f02940f5df15239e,2010-01-15T19:35:16Z,OPENJPA-1464: Reparameterize with enum-valued parameters.,2010-01-15T19:10:48Z,2010-01-18T19:50:34Z,INSIDE_LIFECYCLE,,,2.0.0-beta,3,3,1,openjpa-jdbc/src/main/java/org/apache/openjpa/jdbc/kernel/PreparedQueryImpl.java
12445849,OPENJPA-1467,a91f6d553e59d2c8a0f2c0b7ca4e4cedec33e9f6,2010-01-18T19:29:33Z,OPENJPA-1467: Revert ConcurrentDataCache.removeAllInternal(...) to prior revision (5529850).,2010-01-18T19:26:40Z,2010-01-18T19:34:59Z,INSIDE_LIFECYCLE,,2.0.0-M1|2.0.0-M2|2.0.0-M3,2.0.0-beta,1,1,1,openjpa-kernel/src/main/java/org/apache/openjpa/datacache/ConcurrentDataCache.java
12446255,OPENJPA-1477,ec8dba1465635ad5fdc8d993c73fa71616face71,2010-01-21T20:17:50Z,OPENJPA-1477: Do not use cached PreparedQuery unless it is initialized,2010-01-21T19:36:52Z,2010-03-15T21:29:37Z,INSIDE_LIFECYCLE,,,2.0.0-beta3,2,2,1,openjpa-persistence/src/main/java/org/apache/openjpa/persistence/EntityManagerImpl.java
12362833,OPENJPA-148,2f4cafdcfb6f0333538602b794a11e084d19cd3f,2007-05-04T09:31:17Z,OPENJPA-148 Fix for scanning directories for persistent types.,2007-02-14T21:45:24Z,2007-05-22T16:28:45Z,INSIDE_LIFECYCLE,,,1.0.0,1,1,1,openjpa-kernel/src/main/java/org/apache/openjpa/meta/AbstractCFMetaDataFactory.java
12362833,OPENJPA-148,e422a7d179d7f153927f3685acab59c1dcefb9fd,2007-05-04T16:36:15Z,OPENJPA-148 Applied the rest of the patch for this bug.,2007-02-14T21:45:24Z,2007-05-22T16:28:45Z,INSIDE_LIFECYCLE,,,1.0.0,1,1,1,openjpa-kernel/src/main/java/org/apache/openjpa/meta/AbstractCFMetaDataFactory.java
12362833,OPENJPA-148,04397f562eeffeeb521527f12bfe9ab8bb83a93e,2007-05-21T20:45:09Z,OPENJPA-148 Applied follow-up patch that resolved potential NPEs,2007-02-14T21:45:24Z,2007-05-22T16:28:45Z,INSIDE_LIFECYCLE,,,1.0.0,1,1,1,openjpa-kernel/src/main/java/org/apache/openjpa/meta/AbstractCFMetaDataFactory.java
12362833,OPENJPA-148,bc0c353ef0533d23863758c4bb5fce9008f2170f,2007-05-21T21:17:02Z,OPENJPA-148 Fixed incorrect import of non-existent ClassLoaderMetaDataIterator in patched file,2007-02-14T21:45:24Z,2007-05-22T16:28:45Z,INSIDE_LIFECYCLE,,,1.0.0,1,1,1,openjpa-kernel/src/main/java/org/apache/openjpa/meta/AbstractCFMetaDataFactory.java
12446709,OPENJPA-1482,a720a9c6f69baa0dd3bed4953fbb772b5a0a4915,2010-02-02T23:23:57Z,OPENJPA-1482: Prevent NoSuchMethodError when calling setVersion. Submitted By : Rick Curtis,2010-01-26T18:04:15Z,2010-03-04T19:12:06Z,INSIDE_LIFECYCLE,,1.2.2|1.3.0|2.0.0-M3|2.0.0-beta,1.2.3|1.3.0|2.0.0-beta3,2,2,1,openjpa-kernel/src/main/java/org/apache/openjpa/enhance/PCEnhancer.java
12446713,OPENJPA-1483,1a216e9fb71736bbcf2007c0e3a4463332280eeb,2010-02-02T07:58:31Z,OPENJPA-1483: support count distinct compound key,2010-01-26T18:36:06Z,2010-02-09T18:30:11Z,INSIDE_LIFECYCLE,,2.0.0-beta,1.2.3|1.3.0|2.0.0-beta2,8,7,6,openjpa-jdbc/src/main/java/org/apache/openjpa/jdbc/kernel/exps/Count.java|openjpa-jdbc/src/main/java/org/apache/openjpa/jdbc/kernel/exps/Distinct.java|openjpa-jdbc/src/main/java/org/apache/openjpa/jdbc/kernel/exps/PCPath.java|openjpa-jdbc/src/main/java/org/apache/openjpa/jdbc/kernel/exps/SelectConstructor.java|openjpa-jdbc/src/main/java/org/apache/openjpa/jdbc/kernel/exps/UnaryOp.java|openjpa-jdbc/src/main/java/org/apache/openjpa/jdbc/sql/SelectImpl.java
12446828,OPENJPA-1485,a32573481e7759f1c29fd12f9850193b8e611690,2010-01-27T19:57:59Z,OPENJPA-1485 Check persistent collection attributes for null when determining load state.,2010-01-27T16:14:45Z,2010-02-19T15:25:45Z,INSIDE_LIFECYCLE,,2.0.0-beta,2.0.0-beta2,5,5,1,openjpa-persistence/src/main/java/org/apache/openjpa/persistence/OpenJPAPersistenceUtil.java
12446828,OPENJPA-1485,4197457c850cba65612f29bb501f0f97e3e7fcd4,2010-01-28T00:04:31Z,OPENJPA-1485: isLoaded util method should return true for an entity when an unloaded basic type is not in the fetch plan.,2010-01-27T16:14:45Z,2010-02-19T15:25:45Z,INSIDE_LIFECYCLE,,2.0.0-beta,2.0.0-beta2,3,3,2,openjpa-kernel/src/main/java/org/apache/openjpa/kernel/StateManagerImpl.java|openjpa-persistence/src/main/java/org/apache/openjpa/persistence/OpenJPAPersistenceUtil.java
12446828,OPENJPA-1485,54ef07f799bfd130d825eef8a39257ff0f6eac1c,2010-01-28T05:53:47Z,OPENJPA-1485: fix potential classCast exception for StateManagerImpl,2010-01-27T16:14:45Z,2010-02-19T15:25:45Z,INSIDE_LIFECYCLE,,2.0.0-beta,2.0.0-beta2,1,1,1,openjpa-persistence/src/main/java/org/apache/openjpa/persistence/OpenJPAPersistenceUtil.java
12446828,OPENJPA-1485,7aad95a75b06f5620fb4d9ac9b50e1a8149d0e19,2010-01-30T04:46:42Z,OPENJPA-1485: null collection value can still be treated as loaded.,2010-01-27T16:14:45Z,2010-02-19T15:25:45Z,INSIDE_LIFECYCLE,,2.0.0-beta,2.0.0-beta2,2,2,1,openjpa-persistence/src/main/java/org/apache/openjpa/persistence/OpenJPAPersistenceUtil.java
12446928,OPENJPA-1486,1000f39d355943c8bfc31322f5a26ffd5a2a1d53,2010-01-28T21:57:48Z,OPENJPA-1486: lazily fetched embeddable should not be materialized in the query result,2010-01-28T16:55:12Z,2010-03-09T18:11:22Z,INSIDE_LIFECYCLE,,2.0.0-beta|2.0.0-beta2,2.0.0-beta3,3,3,1,openjpa-jdbc/src/main/java/org/apache/openjpa/jdbc/kernel/JDBCStoreManager.java
12454958,OPENJPA-1491,7c748e62df7235c4030e9b936759b0108ddc5c81,2010-03-12T19:05:30Z,"OPENJPA-1491 When used in an OSGi environment with Apache Aries, the org.apache.openjpa.kernel.Bootstrap should use the OpenJPA bundle classloader instead of the application bundle classloader to instatiate a BrokerFactory.  Also moved our BundleActivator from the openjpa module to openjpa-persistence module with a BundleUtils wrapper to remove direct OSGi class refs, so the BundleContext in it could be accessed by PersistenceProviderImpl.",2010-02-01T17:15:35Z,2010-03-12T21:01:18Z,INSIDE_LIFECYCLE,,2.0.0-beta,2.0.0-beta3,6,4,4,openjpa-persistence/src/main/java/org/apache/openjpa/persistence/PersistenceProviderImpl.java|openjpa-persistence/src/main/java/org/apache/openjpa/persistence/osgi/BundleDelegatingClassLoader.java|openjpa-persistence/src/main/java/org/apache/openjpa/persistence/osgi/BundleUtils.java|openjpa-persistence/src/main/java/org/apache/openjpa/persistence/osgi/PersistenceActivator.java
12455387,OPENJPA-1496,31265de187e0f6ba913ec895ef9e3374f4ecea47,2010-02-09T18:36:10Z,OPENJPA-1496: fix temporal parameter processing,2010-02-05T06:00:56Z,2010-02-09T18:40:26Z,INSIDE_LIFECYCLE,,2.0.0-beta,2.0.0-beta2,3,3,1,openjpa-kernel/src/main/java/org/apache/openjpa/kernel/Filters.java
12348106,OPENJPA-15,582c83b29b9e825ab80208737e1d4c88bb7859d5,2006-08-30T18:16:40Z,OPENJPA-15 Updated grammer to fix some inconsistencies with the spec,2006-08-16T22:46:57Z,2006-08-30T18:13:58Z,AFTER_RESOLUTION,0,,,2,1,1,openjpa-kernel/src/main/java/org/apache/openjpa/kernel/jpql/JPQLExpressionBuilder.java
12362925,OPENJPA-150,372b83736d50dba2a81f947b4bfd8220b8f62ed4,2007-02-20T17:37:18Z,OPENJPA-150 : Re-use parseColumns method when parsing AttributeOverride columns so that we get secondary table information.,2007-02-15T14:38:15Z,2007-02-20T17:38:06Z,INSIDE_LIFECYCLE,,,0.9.7,1,1,1,openjpa-persistence-jdbc/src/main/java/org/apache/openjpa/persistence/jdbc/AnnotationPersistenceMappingParser.java
12455690,OPENJPA-1500,06e6582ab859de863a192f05665d59dfb6256448,2010-03-01T23:46:33Z,OPENJPA-1500: Remove WriteBehind variable declarations in OpenJPAConfigImpl,2010-02-08T22:10:26Z,2010-03-04T16:07:59Z,INSIDE_LIFECYCLE,,1.0.3|1.2.2,1.2.3|1.3.0|2.0.0-beta3,1,1,1,openjpa-kernel/src/main/java/org/apache/openjpa/conf/OpenJPAConfigurationImpl.java
12455695,OPENJPA-1501,5668a18ec0a54730824d60d3a97a0c3031d4fda6,2010-07-06T19:06:14Z,OPENJPA-1501: trim trailing whitespace for entities with String IDs,2010-02-08T22:40:45Z,2010-07-15T20:59:51Z,INSIDE_LIFECYCLE,,1.2.2|1.3.0|2.0.0,1.3.0|2.0.2|2.1.0,3,3,1,openjpa-kernel/src/main/java/org/apache/openjpa/util/StringId.java
12455804,OPENJPA-1503,ad3cf2c68210d3ad53f71fdc3a5f9a543d12b748,2010-02-09T21:13:44Z,OPENJPA-1503: Use AccessController to load metamodel class.,2010-02-09T18:43:32Z,2010-03-15T21:29:37Z,INSIDE_LIFECYCLE,,,2.0.0-beta3,2,2,1,openjpa-kernel/src/main/java/org/apache/openjpa/meta/MetaDataRepository.java
12455804,OPENJPA-1503,ad106583e804914433e0ff9d3644b6e8894d821c,2010-02-16T17:44:30Z,OPENJPA-1503:Metamodel reflection  with security manager,2010-02-09T18:43:32Z,2010-03-15T21:29:37Z,INSIDE_LIFECYCLE,,,2.0.0-beta3,1,1,1,openjpa-persistence/src/main/java/org/apache/openjpa/persistence/meta/MetamodelImpl.java
12455804,OPENJPA-1503,d82add658d2dd767680978e038501895005a3eb3,2010-02-16T17:46Z,OPENJPA-1503:Metamodel reflection  with security manager,2010-02-09T18:43:32Z,2010-03-15T21:29:37Z,INSIDE_LIFECYCLE,,,2.0.0-beta3,1,1,1,openjpa-kernel/src/main/java/org/apache/openjpa/meta/MetaDataRepository.java
12455804,OPENJPA-1503,c043302e1e6c90d2859ae5833f455a53a3c62bd8,2010-02-18T01:28Z,OPENJPA-1503: Set txn for rollback directly on illegal argument,2010-02-09T18:43:32Z,2010-03-15T21:29:37Z,INSIDE_LIFECYCLE,,,2.0.0-beta3,1,1,1,openjpa-persistence/src/main/java/org/apache/openjpa/persistence/EntityManagerImpl.java
12455804,OPENJPA-1503,e71cd295fcb912db12fa9d51e3a451fc2ffa2859,2010-03-03T22:50:55Z,OPENJPA-1503: Throw persistence exception not illegalargument exception as per spec when fails to unwrap(),2010-02-09T18:43:32Z,2010-03-15T21:29:37Z,INSIDE_LIFECYCLE,,,2.0.0-beta3,1,1,1,openjpa-persistence/src/main/java/org/apache/openjpa/persistence/EntityManagerImpl.java
12456026,OPENJPA-1506,80d6c79b52588dd0c0f7e1fd76f02b67a9b9a945,2010-02-11T16:22:58Z,OPENJPA-1506 - Fix ConfigurationImpl.equals() to support derived provider.,2010-02-11T16:17:30Z,2010-03-02T15:46:03Z,INSIDE_LIFECYCLE,,2.0.0-beta2,2.0.0-beta3,1,1,1,openjpa-lib/src/main/java/org/apache/openjpa/lib/conf/ConfigurationImpl.java
12456100,OPENJPA-1507,e603bdc5c8e4a2d8c0be197490f2e71a33fdc553,2010-02-12T17:38:45Z,OPENJPA-1507. NPE fix.,2010-02-12T03:20:55Z,2010-02-12T22:37:33Z,INSIDE_LIFECYCLE,,2.0.0-beta,2.0.0-beta2,1,1,1,openjpa-kernel/src/main/java/org/apache/openjpa/conf/OpenJPAConfigurationImpl.java
12456207,OPENJPA-1509,23341c871cc395924aa984976c725af06af84315,2010-02-13T00:10:11Z,OPENJPA-1509. In-mem bulk update + enums.,2010-02-13T00:07:54Z,2010-02-13T00:09:44Z,AFTER_RESOLUTION,0,2.0.0-M3|2.0.0-beta,2.0.0-beta2,2,1,1,openjpa-kernel/src/main/java/org/apache/openjpa/kernel/QueryImpl.java
12456460,OPENJPA-1515,d037890f7410c1d3f96d87ad876726578b43c61c,2010-02-16T20:00:38Z,OPENJPA-1515: Make CacheStatistics configurable.,2010-02-16T18:00:17Z,2010-02-16T20:03:35Z,INSIDE_LIFECYCLE,,2.0.0-beta,2.0.0-beta,4,3,2,openjpa-kernel/src/main/java/org/apache/openjpa/datacache/AbstractDataCache.java|openjpa-kernel/src/main/java/org/apache/openjpa/datacache/CacheStatistics.java
12456798,OPENJPA-1524,dbe6745966ccd57b016ce50743abe43d918a83b9,2010-03-08T22:48:24Z,OPENJPA-1524 Update JNDI lookup to find TransactionManager when running in Apache Aries.  Still need to implement a better solution for non-Aries based OSGi environments.,2010-02-19T16:50:12Z,2010-03-22T19:15:39Z,INSIDE_LIFECYCLE,,2.0.0-beta,2.0.0-beta3,1,1,1,openjpa-kernel/src/main/java/org/apache/openjpa/ee/AutomaticManagedRuntime.java
12457126,OPENJPA-1527,7f319c44739aa96d4c54262c3c87d03ab857f3ec,2010-02-23T23:46:26Z,OPENJPA-1527: fix AssociationOverride on the key of map where the key is an embeddable via orm.xml.,2010-02-23T09:13:51Z,2010-02-24T17:46:44Z,INSIDE_LIFECYCLE,,2.1.0,2.0.0-beta,6,4,1,openjpa-persistence-jdbc/src/main/java/org/apache/openjpa/persistence/jdbc/XMLPersistenceMappingParser.java
12457344,OPENJPA-1535,daae61a6f50a98dddaf649d919d2a46e55567802,2010-02-25T16:28:54Z,OPENJPA-1535 Inconsistency in exceptions thrown from MetaDataRepository.resolve().  Patch contributed by Hiroki Tateno.,2010-02-24T21:34:26Z,2010-02-25T17:31:07Z,INSIDE_LIFECYCLE,,1.0.3|1.1.0|1.2.2|2.0.0-beta,1.3.0|2.0.0-beta3,1,1,1,openjpa-kernel/src/main/java/org/apache/openjpa/meta/MetaDataRepository.java
12457359,OPENJPA-1536,ea49b4cc6abcbf3cb38468a01df4187151fa5498,2010-02-25T03:33Z,OPENJPA-1536: fix the where clause in sql generation problem when join table strategy is used in toOne eager fetch,2010-02-24T22:55:52Z,2010-02-25T05:08:20Z,INSIDE_LIFECYCLE,,2.0.0-beta|2.0.0-beta2,2.0.0-beta3,7,7,1,openjpa-jdbc/src/main/java/org/apache/openjpa/jdbc/meta/strats/InValueDiscriminatorStrategy.java
12457460,OPENJPA-1538,4cb276067a472a4ff08636c208fff523bd38dced,2010-02-26T17:03:25Z,OPENJPA-1538 Move hard coded text in OpenJPAVersion.java to localizer.properties.  Patch contributed by Cathy Nordstrom.,2010-02-25T17:08:06Z,2010-02-26T17:05:18Z,INSIDE_LIFECYCLE,,2.0.0-beta2,2.0.0-beta3,2,1,1,openjpa-kernel/src/main/java/org/apache/openjpa/conf/OpenJPAVersion.java
12363186,OPENJPA-154,09e7aab7778db72e6412625f39a9557d6a2646be,2007-02-20T02:00:50Z,Capture the version fields into the memento when setting the savepoint and restore the version information into the StateManagerImpl as a part of the rollbackToSavepoint call. Fix addresses OPENJPA-154.,2007-02-20T01:41:05Z,2007-02-20T02:03:26Z,INSIDE_LIFECYCLE,,,0.9.7,2,2,2,openjpa-kernel/src/main/java/org/apache/openjpa/kernel/SavepointFieldManager.java|openjpa-kernel/src/main/java/org/apache/openjpa/kernel/StateManagerImpl.java
12457487,OPENJPA-1542,eca02573ba17e8e09bd0cf7120b87becd6f2646f,2010-02-26T15:23:26Z,OPENJPA-1542: Adding support for openjpa.DataCache Types and ExcludedTypes configuration back into trunk. Also updating TestCacheExclusions. No doc changes required as the user manual is up to date.,2010-02-25T21:25:07Z,2010-02-26T15:25:47Z,INSIDE_LIFECYCLE,,2.0.0-beta,2.0.0-beta3,4,3,2,openjpa-kernel/src/main/java/org/apache/openjpa/datacache/AbstractDataCache.java|openjpa-kernel/src/main/java/org/apache/openjpa/datacache/DataCacheManagerImpl.java
12457492,OPENJPA-1543,c1a32728724dec004e04aad8d7896e87508e1bf0,2010-03-01T19:12:21Z,OPENJPA-1543: Remove fragmented messages. Change to TRACE level logging.,2010-02-25T22:11:04Z,2010-03-03T17:43:02Z,INSIDE_LIFECYCLE,,2.0.0-beta2,2.0.0-beta3,2,1,1,openjpa-jdbc/src/main/java/org/apache/openjpa/jdbc/kernel/PreparedQueryImpl.java
12457492,OPENJPA-1543,11149ec5fba76796f2d3d9a2a8d26d7782d74a99,2010-03-01T19:16:22Z,OPENJPA-1543: Remove fragmented messages. Change to TRACE level logging.,2010-02-25T22:11:04Z,2010-03-03T17:43:02Z,INSIDE_LIFECYCLE,,2.0.0-beta2,2.0.0-beta3,1,1,1,openjpa-jdbc/src/main/java/org/apache/openjpa/jdbc/kernel/PreparedQueryCacheImpl.java
12457858,OPENJPA-1546,3aea82e40c85ff6d653095a797b00a189681d64f,2010-03-02T15:17:18Z,OPENJPA-1546 OpenJPA doesn't work as internal JPA inside web applicaion in JBoss AS due to PersistenceMetaDataFactory trying to parse directories as unparsed XML files.  Original patch contributed by Dmitri Babaev.,2010-03-02T13:35:35Z,2010-03-02T16:55:47Z,INSIDE_LIFECYCLE,,2.0.0-beta2,2.0.0-beta3,2,1,1,openjpa-persistence/src/main/java/org/apache/openjpa/persistence/PersistenceMetaDataFactory.java
12457889,OPENJPA-1547,8248d81a683ff3a23cccfee3394e5784bdf14760,2010-03-02T21:24:01Z,OPENJPA-1547: fix subquery syntax error for NOT IN (subquery with MEMBER OF),2010-03-02T17:28:06Z,2010-03-09T18:10:44Z,INSIDE_LIFECYCLE,,1.2.2|2.0.0|2.0.0-beta2,2.0.0-beta3,2,2,1,openjpa-jdbc/src/main/java/org/apache/openjpa/jdbc/kernel/exps/JDBCExpressionFactory.java
12458202,OPENJPA-1550,695bd9c4bf3b1e71db0da472d351a8d5806d5529,2010-03-09T22:29:18Z,"OPENJPA-1550 When batchLimit=-1 or >1 and an exception is caused, the params and failedObject are missing from the resultant exception.  Original patch contributed by Heath Thomann.",2010-03-05T03:32:48Z,2010-03-25T03:57:10Z,INSIDE_LIFECYCLE,,1.2.2|1.3.0|2.0.0-beta2,1.2.3|1.3.0|2.0.0|2.1.0,3,3,3,openjpa-jdbc/src/main/java/org/apache/openjpa/jdbc/kernel/BatchingPreparedStatementManagerImpl.java|openjpa-lib/src/main/java/org/apache/openjpa/lib/jdbc/LoggingConnectionDecorator.java|openjpa-lib/src/main/java/org/apache/openjpa/lib/jdbc/ReportingSQLException.java
12458202,OPENJPA-1550,f82184314ec6a914ce5ca9c3b8fbfa9cab31e276,2010-03-09T22:34:06Z,OPENJPA-1550 Fix comment,2010-03-05T03:32:48Z,2010-03-25T03:57:10Z,INSIDE_LIFECYCLE,,1.2.2|1.3.0|2.0.0-beta2,1.2.3|1.3.0|2.0.0|2.1.0,1,1,1,openjpa-jdbc/src/main/java/org/apache/openjpa/jdbc/kernel/BatchingPreparedStatementManagerImpl.java
12458202,OPENJPA-1550,6503eabef5327eaf3c20965d75ad086c3c4480dd,2010-03-12T17:17:23Z,"OPENJPA-1550: When batchLimit=-1 or >1 and an exception is caused, the params and failedObject are missing from the resultant exception. avoid NullPointerException for JDBC provider using PureQUery APIs.",2010-03-05T03:32:48Z,2010-03-25T03:57:10Z,INSIDE_LIFECYCLE,,1.2.2|1.3.0|2.0.0-beta2,1.2.3|1.3.0|2.0.0|2.1.0,1,1,1,openjpa-jdbc/src/main/java/org/apache/openjpa/jdbc/kernel/BatchingPreparedStatementManagerImpl.java
12458202,OPENJPA-1550,666ec6c6de38ba34062205f7d26913720eba8fa2,2010-03-25T03:55:43Z,OPENJPA-1550: Set failedObject on RollbackException. Submitted By: Heath Thomann,2010-03-05T03:32:48Z,2010-03-25T03:57:10Z,INSIDE_LIFECYCLE,,1.2.2|1.3.0|2.0.0-beta2,1.2.3|1.3.0|2.0.0|2.1.0,9,7,5,openjpa-jdbc/src/main/java/org/apache/openjpa/jdbc/kernel/BatchingPreparedStatementManagerImpl.java|openjpa-kernel/src/main/java/org/apache/openjpa/kernel/BrokerImpl.java|openjpa-lib/src/main/java/org/apache/openjpa/lib/jdbc/LoggingConnectionDecorator.java|openjpa-persistence/src/main/java/org/apache/openjpa/persistence/EntityManagerImpl.java|openjpa-persistence/src/main/java/org/apache/openjpa/persistence/RollbackException.java
12458565,OPENJPA-1556,2798b0dd7304466fea04bff576188ea23ef7e05b,2010-03-10T16:29:02Z,OPENJPA-1556: fix @Strategy inside Embeddable,2010-03-09T18:20:13Z,2010-03-10T22:43:03Z,INSIDE_LIFECYCLE,,2.0.0-beta2,2.0.0-beta3,4,4,1,openjpa-jdbc/src/main/java/org/apache/openjpa/jdbc/meta/RuntimeStrategyInstaller.java
12458577,OPENJPA-1558,dd210a2831e005f3f51ec85b00ae56699ecde27a,2010-03-10T23:19:25Z,OPENJPA-1558: Check whether the result type is in the same entity hierarchy before using discriminator value when loading a relationship.,2010-03-09T20:32:49Z,2010-03-11T02:47:43Z,INSIDE_LIFECYCLE,,1.2.3|1.3.0|2.0.0,1.3.0|2.0.0-beta3,5,5,1,openjpa-jdbc/src/main/java/org/apache/openjpa/jdbc/meta/strats/InValueDiscriminatorStrategy.java
12458596,OPENJPA-1559,137ad1bacc9ae57248e0339dd4252b3efc833fca,2010-03-10T15:47Z,OPENJPA-1559: Make DataCacheManager initialization thread safe.,2010-03-09T23:15:32Z,2010-04-10T17:41:35Z,INSIDE_LIFECYCLE,,2.0.0,2.0.0,2,2,1,openjpa-kernel/src/main/java/org/apache/openjpa/conf/OpenJPAConfigurationImpl.java
12458836,OPENJPA-1562,6d87bbdbb0d3571cf0e28f77273b1aab0cc79a2d,2010-03-16T16:32:14Z,OPENJPA-1562 Committing code and test updates contributed by Dianne Richards.  Refresh after remove was not throwing exception dictated by spec.,2010-03-11T17:52:56Z,2010-03-24T17:34:06Z,INSIDE_LIFECYCLE,,2.0.0-beta2,2.0.0-beta3,3,3,1,openjpa-persistence/src/main/java/org/apache/openjpa/persistence/EntityManagerImpl.java
12458864,OPENJPA-1565,4be5a5a194e541059709c9efcdd07c26990ab673,2010-03-12T15:08:16Z,OPENJPA-1565: Raise correct time out exception,2010-03-11T22:51:41Z,2010-03-22T20:11:05Z,INSIDE_LIFECYCLE,,2.0.0-M1|2.0.0-M2|2.0.0-M3|2.0.0-beta|2.0.0-beta2,2.0.0-beta3,17,16,14,openjpa-jdbc/src/main/java/org/apache/openjpa/jdbc/kernel/PessimisticLockManager.java|openjpa-jdbc/src/main/java/org/apache/openjpa/jdbc/sql/DB2Dictionary.java|openjpa-jdbc/src/main/java/org/apache/openjpa/jdbc/sql/DBDictionary.java|openjpa-jdbc/src/main/java/org/apache/openjpa/jdbc/sql/InformixDictionary.java|openjpa-jdbc/src/main/java/org/apache/openjpa/jdbc/sql/OracleDictionary.java|openjpa-kernel/src/main/java/org/apache/openjpa/kernel/Filters.java|openjpa-kernel/src/main/java/org/apache/openjpa/util/LockException.java|openjpa-kernel/src/main/java/org/apache/openjpa/util/OpenJPAException.java|openjpa-kernel/src/main/java/org/apache/openjpa/util/StoreException.java|openjpa-persistence/src/main/java/org/apache/openjpa/persistence/LockTimeoutException.java|openjpa-persistence/src/main/java/org/apache/openjpa/persistence/PersistenceExceptions.java|openjpa-persistence/src/main/java/org/apache/openjpa/persistence/PessimisticLockException.java|openjpa-persistence/src/main/java/org/apache/openjpa/persistence/QueryImpl.java|openjpa-persistence/src/main/java/org/apache/openjpa/persistence/QueryTimeoutException.java
12458864,OPENJPA-1565,f04031edc128146bb7cfa52e072affb904930a43,2010-03-12T15:17:58Z,OPENJPA-1565: Raise correct timeout exceptions.,2010-03-11T22:51:41Z,2010-03-22T20:11:05Z,INSIDE_LIFECYCLE,,2.0.0-M1|2.0.0-M2|2.0.0-M3|2.0.0-beta|2.0.0-beta2,2.0.0-beta3,6,6,6,openjpa-jdbc/src/main/java/org/apache/openjpa/jdbc/sql/DerbyDictionary.java|openjpa-jdbc/src/main/java/org/apache/openjpa/jdbc/sql/FirebirdDictionary.java|openjpa-jdbc/src/main/java/org/apache/openjpa/jdbc/sql/MySQLDictionary.java|openjpa-jdbc/src/main/java/org/apache/openjpa/jdbc/sql/SQLServerDictionary.java|openjpa-kernel/src/main/java/org/apache/openjpa/kernel/FetchConfigurationImpl.java|openjpa-kernel/src/main/java/org/apache/openjpa/util/Exceptions.java
12458864,OPENJPA-1565,f3b00d780109213bcef19166ae5d1894cab84c9f,2010-03-16T16:47:15Z,OPENJPA-1565: Raise correct Query/LockTimeout exception,2010-03-11T22:51:41Z,2010-03-22T20:11:05Z,INSIDE_LIFECYCLE,,2.0.0-M1|2.0.0-M2|2.0.0-M3|2.0.0-beta|2.0.0-beta2,2.0.0-beta3,1,1,1,openjpa-jdbc/src/main/java/org/apache/openjpa/jdbc/sql/DB2Dictionary.java
12458864,OPENJPA-1565,992ba73a7156efe8349639adcec7e714b359b99a,2010-03-16T18:39:02Z,OPENJPA-1565: Raise correct Query/LockTimeout exception,2010-03-11T22:51:41Z,2010-03-22T20:11:05Z,INSIDE_LIFECYCLE,,2.0.0-M1|2.0.0-M2|2.0.0-M3|2.0.0-beta|2.0.0-beta2,2.0.0-beta3,10,10,9,openjpa-jdbc/src/main/java/org/apache/openjpa/jdbc/kernel/PessimisticLockManager.java|openjpa-jdbc/src/main/java/org/apache/openjpa/jdbc/sql/DB2Dictionary.java|openjpa-jdbc/src/main/java/org/apache/openjpa/jdbc/sql/DBDictionary.java|openjpa-jdbc/src/main/java/org/apache/openjpa/jdbc/sql/DerbyDictionary.java|openjpa-jdbc/src/main/java/org/apache/openjpa/jdbc/sql/InformixDictionary.java|openjpa-jdbc/src/main/java/org/apache/openjpa/jdbc/sql/MySQLDictionary.java|openjpa-jdbc/src/main/java/org/apache/openjpa/jdbc/sql/OracleDictionary.java|openjpa-jdbc/src/main/java/org/apache/openjpa/jdbc/sql/SQLServerDictionary.java|openjpa-persistence/src/main/java/org/apache/openjpa/persistence/PersistenceExceptions.java
12458864,OPENJPA-1565,1b20902b507ca7e7209132297266968a92e0d472,2010-03-18T03:42:50Z,"OPENJPA-1565,OPENJPA-1578: Modify tests to raise correct lock/query exception Fill in details in exception Use retreive mode while initializing not store mode",2010-03-11T22:51:41Z,2010-03-22T20:11:05Z,INSIDE_LIFECYCLE,,2.0.0-M1|2.0.0-M2|2.0.0-M3|2.0.0-beta|2.0.0-beta2,2.0.0-beta3,12,12,10,openjpa-jdbc/src/main/java/org/apache/openjpa/jdbc/kernel/PessimisticLockManager.java|openjpa-jdbc/src/main/java/org/apache/openjpa/jdbc/sql/SQLExceptions.java|openjpa-kernel/src/main/java/org/apache/openjpa/datacache/DataCacheStoreManager.java|openjpa-kernel/src/main/java/org/apache/openjpa/kernel/DelegatingBroker.java|openjpa-kernel/src/main/java/org/apache/openjpa/util/LockException.java|openjpa-persistence/src/main/java/org/apache/openjpa/persistence/LockTimeoutException.java|openjpa-persistence/src/main/java/org/apache/openjpa/persistence/PersistenceExceptions.java|openjpa-persistence/src/main/java/org/apache/openjpa/persistence/PessimisticLockException.java|openjpa-persistence/src/main/java/org/apache/openjpa/persistence/QueryImpl.java|openjpa-persistence/src/main/java/org/apache/openjpa/persistence/QueryTimeoutException.java
12458864,OPENJPA-1565,cb895a2b25db52ebe4527a8845cf5a973dd9d54b,2010-03-18T05:26:36Z,OPENJPA-1565: Oracle exception code 72000 is not fatal,2010-03-11T22:51:41Z,2010-03-22T20:11:05Z,INSIDE_LIFECYCLE,,2.0.0-M1|2.0.0-M2|2.0.0-M3|2.0.0-beta|2.0.0-beta2,2.0.0-beta3,1,1,1,openjpa-jdbc/src/main/java/org/apache/openjpa/jdbc/sql/OracleDictionary.java
12458864,OPENJPA-1565,4f11cba18a9009cb6e187df080358c3758c5006b,2010-03-18T05:54:26Z,OPENJPA-1565: Some MySQL drivers return 0 error code for timeout exception,2010-03-11T22:51:41Z,2010-03-22T20:11:05Z,INSIDE_LIFECYCLE,,2.0.0-M1|2.0.0-M2|2.0.0-M3|2.0.0-beta|2.0.0-beta2,2.0.0-beta3,1,1,1,openjpa-jdbc/src/main/java/org/apache/openjpa/jdbc/sql/MySQLDictionary.java
12458969,OPENJPA-1568,e2df6f49e485380d9b462b486242205fec61a052,2010-03-12T19:18:07Z,OPENJPA-1568: Make createConnectionFactory() in JDBCConfigurationImpl public,2010-03-12T18:44:43Z,2010-03-16T06:34:53Z,INSIDE_LIFECYCLE,,2.0.0,2.0.0-beta3,1,1,1,openjpa-jdbc/src/main/java/org/apache/openjpa/jdbc/conf/JDBCConfigurationImpl.java
12458969,OPENJPA-1568,8f45b5bf0b20c1e371874defd0b9c20b6c0f58fa,2010-03-12T22:31:45Z,OPENJPA-1568: Make createConnectionFactory() in JDBCConfigurationImpl public,2010-03-12T18:44:43Z,2010-03-16T06:34:53Z,INSIDE_LIFECYCLE,,2.0.0,2.0.0-beta3,1,1,1,openjpa-jdbc/src/main/java/org/apache/openjpa/jdbc/conf/JDBCConfigurationImpl.java
12459006,OPENJPA-1569,33e8df53bd3ea521634391064139938a0058364b,2010-04-10T13:51:51Z,OPENJPA-1569 @Strategy triggers an InvalidStateException for fields which are declared as Java interfaces.  Contributed by Jerry Carter.,2010-03-13T04:30:43Z,2013-04-10T19:46:07Z,INSIDE_LIFECYCLE,,1.2.2|2.0.0-beta2,1.2.3|2.0.0,1,1,1,openjpa-kernel/src/main/java/org/apache/openjpa/meta/JavaTypes.java
12459006,OPENJPA-1569,dab906385e2723423d5b9c243457ed2befc034cb,2010-04-10T17:21:48Z,OPENJPA-1569 remove commented code,2010-03-13T04:30:43Z,2013-04-10T19:46:07Z,INSIDE_LIFECYCLE,,1.2.2|2.0.0-beta2,1.2.3|2.0.0,1,1,1,openjpa-kernel/src/main/java/org/apache/openjpa/meta/JavaTypes.java
12363281,OPENJPA-157,82a62a6b7800f0c218102c62232667390ef1d071,2007-02-21T04:06:45Z,OPENJPA-157. Fix to use the getIndependentTypeMappings to handle the case of field's declared type being abstract/unmapped,2007-02-21T03:48:49Z,2007-02-21T04:07:31Z,INSIDE_LIFECYCLE,,,0.9.7,2,1,1,openjpa-jdbc/src/main/java/org/apache/openjpa/jdbc/meta/strats/RelationStrategies.java
12459020,OPENJPA-1570,d69fb9a65af2ef739981033a7e755f6b6bde7e2f,2010-03-13T23:14:35Z,OPENJPA-1570: fix @Strategy inside MappedSuper class,2010-03-13T14:12:21Z,2010-03-16T20:18:49Z,INSIDE_LIFECYCLE,,2.0.0-beta2,2.0.0-beta3,4,4,1,openjpa-jdbc/src/main/java/org/apache/openjpa/jdbc/meta/RuntimeStrategyInstaller.java
12459149,OPENJPA-1573,a5ca9aae2d5160fb463bd7a619e999732d222f31,2010-03-16T06:11:18Z,OPENJPA-1573: Incorrect SQL for HAVING = entity variable,2010-03-15T14:27:27Z,2010-03-16T06:31:37Z,INSIDE_LIFECYCLE,,2.0.0-beta2,2.0.0-beta3,4,4,1,openjpa-jdbc/src/main/java/org/apache/openjpa/jdbc/kernel/exps/PCPath.java
12459182,OPENJPA-1575,d1b0d0fd6d376a381a0e7b6fd0f87b5222a86c69,2010-03-15T21:07:14Z,OPENJPA-1575: Detect parametrized fields in a query expression to exclude queries from cache that use parameters for externized fields.,2010-03-15T20:07:26Z,2010-03-15T21:26:35Z,INSIDE_LIFECYCLE,,2.0.0-beta2,2.0.0-beta3,3,3,3,openjpa-jdbc/src/main/java/org/apache/openjpa/jdbc/kernel/PreparedQueryImpl.java|openjpa-kernel/src/main/java/org/apache/openjpa/kernel/QueryImpl.java|openjpa-kernel/src/main/java/org/apache/openjpa/kernel/exps/QueryExpressions.java
12459253,OPENJPA-1577,41ce320cc0436552a0d90dd53ba8e875680e5225,2010-03-16T23:41:36Z,OPENJPA-1577: disable query cache when user-defined field strategy is used.,2010-03-16T09:54:07Z,2010-03-22T18:56:21Z,INSIDE_LIFECYCLE,,2.0.0-beta2,2.0.0-beta3,3,2,1,openjpa-jdbc/src/main/java/org/apache/openjpa/jdbc/kernel/PreparedQueryImpl.java
12459264,OPENJPA-1578,845f9b50187f2a14ceb3826561945edb8742988e,2010-03-16T14:30:53Z,OPENJPA-1578: Set CacheMode properties properly,2010-03-16T14:29Z,2010-03-22T18:15:51Z,INSIDE_LIFECYCLE,,2.0.0-beta2,2.0.0-beta3,3,3,3,openjpa-jdbc/src/main/java/org/apache/openjpa/jdbc/kernel/JDBCStoreManager.java|openjpa-kernel/src/main/java/org/apache/openjpa/kernel/FetchConfigurationImpl.java|openjpa-persistence/src/main/java/org/apache/openjpa/persistence/EntityManagerImpl.java
12459264,OPENJPA-1578,1b20902b507ca7e7209132297266968a92e0d472,2010-03-18T03:42:50Z,"OPENJPA-1565,OPENJPA-1578: Modify tests to raise correct lock/query exception Fill in details in exception Use retreive mode while initializing not store mode",2010-03-16T14:29Z,2010-03-22T18:15:51Z,INSIDE_LIFECYCLE,,2.0.0-beta2,2.0.0-beta3,12,12,10,openjpa-jdbc/src/main/java/org/apache/openjpa/jdbc/kernel/PessimisticLockManager.java|openjpa-jdbc/src/main/java/org/apache/openjpa/jdbc/sql/SQLExceptions.java|openjpa-kernel/src/main/java/org/apache/openjpa/datacache/DataCacheStoreManager.java|openjpa-kernel/src/main/java/org/apache/openjpa/kernel/DelegatingBroker.java|openjpa-kernel/src/main/java/org/apache/openjpa/util/LockException.java|openjpa-persistence/src/main/java/org/apache/openjpa/persistence/LockTimeoutException.java|openjpa-persistence/src/main/java/org/apache/openjpa/persistence/PersistenceExceptions.java|openjpa-persistence/src/main/java/org/apache/openjpa/persistence/PessimisticLockException.java|openjpa-persistence/src/main/java/org/apache/openjpa/persistence/QueryImpl.java|openjpa-persistence/src/main/java/org/apache/openjpa/persistence/QueryTimeoutException.java
12459395,OPENJPA-1580,13e3c48caea0c7c8125b72f398f6443ce231902f,2010-03-18T23:52:33Z,OPENJPA-1580: disable query cache when pagination is involved.,2010-03-17T16:35:18Z,2010-03-19T15:19:38Z,INSIDE_LIFECYCLE,,2.0.0-beta2,2.0.0-beta3,3,2,1,openjpa-jdbc/src/main/java/org/apache/openjpa/jdbc/kernel/PreparedQueryImpl.java
12459524,OPENJPA-1581,bd9b59c90f575b71a7167b48fadfb35ffa61449a,2010-03-18T15:44:25Z,OPENJPA-1581: make assertOpen public and call assertOpen before returning JPA cache,2010-03-18T14:29:48Z,2010-03-22T17:26:32Z,INSIDE_LIFECYCLE,,,2.0.0-beta3,5,5,4,openjpa-kernel/src/main/java/org/apache/openjpa/kernel/AbstractBrokerFactory.java|openjpa-kernel/src/main/java/org/apache/openjpa/kernel/BrokerFactory.java|openjpa-kernel/src/main/java/org/apache/openjpa/kernel/DelegatingBrokerFactory.java|openjpa-persistence/src/main/java/org/apache/openjpa/persistence/EntityManagerFactoryImpl.java
12459537,OPENJPA-1583,8c1175054f028ef00d219c054b66fd6634eca020,2010-03-18T18:32:19Z,OPENJPA-1583: Timestamp version field in bulk update,2010-03-18T16:55:14Z,2013-04-10T21:11:25Z,INSIDE_LIFECYCLE,,,1.2.3|2.0.0-beta3,7,7,4,openjpa-jdbc/src/main/java/org/apache/openjpa/jdbc/meta/Version.java|openjpa-jdbc/src/main/java/org/apache/openjpa/jdbc/meta/VersionStrategy.java|openjpa-jdbc/src/main/java/org/apache/openjpa/jdbc/meta/strats/NumberVersionStrategy.java|openjpa-jdbc/src/main/java/org/apache/openjpa/jdbc/sql/DBDictionary.java
12459550,OPENJPA-1584,15c64cb8f4db54346a10cc5c9183b3343db5c0b5,2010-03-18T23:01:30Z,OPENJPA-1584: Reparameterization when main and subquery using share query parameters in same or different declaration order,2010-03-18T17:57:12Z,2010-07-24T16:23:37Z,INSIDE_LIFECYCLE,,2.0.0,2.1.0,4,3,1,openjpa-jdbc/src/main/java/org/apache/openjpa/jdbc/sql/SQLBuffer.java
12459770,OPENJPA-1588,43c4cff942f56fafcfeda67d7a0a25349066b90c,2010-03-21T00:19:27Z,"OPENJPA-1588.  Removed the processing of the CacheStoreMode property from the convertToKernelValue method.  Also, corrected the spelling of this method.",2010-03-20T22:46:28Z,2010-03-21T00:20:33Z,INSIDE_LIFECYCLE,,2.0.0,2.0.0-beta3,2,2,2,openjpa-persistence/src/main/java/org/apache/openjpa/persistence/EntityManagerImpl.java|openjpa-persistence/src/main/java/org/apache/openjpa/persistence/JPAProperties.java
12460029,OPENJPA-1596,53dddbeb8f0468a1f0728cd3e08a7d9d9cd1c701,2010-03-23T19:27:24Z,OPENJPA-1596: make valid index name for DB2 zOS,2010-03-23T18:39:47Z,2010-03-23T19:29:59Z,INSIDE_LIFECYCLE,,2.0.0-beta2,2.0.0-beta3,1,1,1,openjpa-jdbc/src/main/java/org/apache/openjpa/jdbc/sql/DB2Dictionary.java
12460029,OPENJPA-1596,5e6d42a5bc5bd23d72f555e32060e1dfa3a844bd,2010-04-21T19:11:45Z,OPENJPA-1596: fix index name for DB2 zOS when schema is present.,2010-03-23T18:39:47Z,2010-03-23T19:29:59Z,AFTER_RESOLUTION,695,2.0.0-beta2,2.0.0-beta3,1,1,1,openjpa-jdbc/src/main/java/org/apache/openjpa/jdbc/sql/DB2Dictionary.java
12460029,OPENJPA-1596,aef5474423cb4f981da16c4534cb3117bb46777d,2010-04-27T17:12:26Z,OPENJPA-1596: use unqualified name to check index name length,2010-03-23T18:39:47Z,2010-03-23T19:29:59Z,AFTER_RESOLUTION,837,2.0.0-beta2,2.0.0-beta3,1,1,1,openjpa-jdbc/src/main/java/org/apache/openjpa/jdbc/sql/DBDictionary.java
12460114,OPENJPA-1597,c0ad7b61a7ad75b66b312e1c518390862d88b4a4,2010-03-27T03:12:07Z,OPENJPA-1597 Add openjpa.Compatibility option IgnoreDetachedStateFieldForProxySerialization which 2.0 apps can set to true to fall back to 1.0 behavior and defaults 1.0 apps to old behavior of not removing  classes after EM.clear() is called.,2010-03-24T15:04:41Z,2010-04-05T16:24:57Z,INSIDE_LIFECYCLE,,2.0.0-beta3,1.3.0|2.0.0,11,8,4,openjpa-kernel/src/main/java/org/apache/openjpa/conf/Compatibility.java|openjpa-kernel/src/main/java/org/apache/openjpa/kernel/DetachedStateManager.java|openjpa-kernel/src/main/java/org/apache/openjpa/util/Proxies.java|openjpa-persistence/src/main/java/org/apache/openjpa/persistence/PersistenceProductDerivation.java
12460114,OPENJPA-1597,a9648ec87e0414f0b27cf43fd562d85864c8f48f,2010-03-27T17:23:16Z,OPENJPA-1597 Discovered 'rule' is a MSSQL reserved word,2010-03-24T15:04:41Z,2010-04-05T16:24:57Z,INSIDE_LIFECYCLE,,2.0.0-beta3,1.3.0|2.0.0,1,1,1,openjpa-jdbc/src/main/java/org/apache/openjpa/jdbc/sql/AbstractSQLServerDictionary.java
12460114,OPENJPA-1597,cb0ca8f009a53d1856ec082674b35714c355407f,2010-03-27T17:56:32Z,"OPENJPA-1597 Rollback MSSQL reserved word, but update Rider test entity failure on MSSQL",2010-03-24T15:04:41Z,2010-04-05T16:24:57Z,INSIDE_LIFECYCLE,,2.0.0-beta3,1.3.0|2.0.0,2,2,1,openjpa-jdbc/src/main/java/org/apache/openjpa/jdbc/sql/AbstractSQLServerDictionary.java
12460114,OPENJPA-1597,3df86b0e95cf008678785f5dd8671ab1154dad1c,2010-03-27T19:33:52Z,"OPENJPA-1597 Revert code added to DetachManager to unproxy objects when detached in-place.  Updated tests to verify old behavior of detached entites still having  references, but that they are removed during serialization.",2010-03-24T15:04:41Z,2010-04-05T16:24:57Z,INSIDE_LIFECYCLE,,2.0.0-beta3,1.3.0|2.0.0,4,3,1,openjpa-kernel/src/main/java/org/apache/openjpa/kernel/DetachManager.java
12460114,OPENJPA-1597,371a31a41a78267170b4af8958578d291e074d5d,2010-03-29T18:09:58Z,OPENJPA-1597 cleanup code comments. merged in from 2.0.x.,2010-03-24T15:04:41Z,2010-04-05T16:24:57Z,INSIDE_LIFECYCLE,,2.0.0-beta3,1.3.0|2.0.0,1,1,1,openjpa-kernel/src/main/java/org/apache/openjpa/util/Proxies.java
12460114,OPENJPA-1597,0df0c0142ff78f73934a03cdbc4655eeebbc0bc7,2010-03-31T14:33:02Z,OPENJPA-1597 merge in code comment updates from 2.0.x branch,2010-03-24T15:04:41Z,2010-04-05T16:24:57Z,INSIDE_LIFECYCLE,,2.0.0-beta3,1.3.0|2.0.0,1,1,1,openjpa-kernel/src/main/java/org/apache/openjpa/util/Proxies.java
12460186,OPENJPA-1599,048ffd924d61e9a7b5e90df207900ad325ad2bbb,2010-03-25T15:08:55Z,OPENJPA-1599 - Push Cache*Mode value(s) in fetch configuration set from property making the property value(s) only valid during the em method call.,2010-03-25T03:13:04Z,2010-04-10T21:26:09Z,INSIDE_LIFECYCLE,,2.0.0|2.0.0-beta2|2.0.0-beta3,2.0.0,2,2,1,openjpa-persistence/src/main/java/org/apache/openjpa/persistence/EntityManagerImpl.java
12460186,OPENJPA-1599,0010c931cf1aca125dfba3e1b581acdce934e1cf,2010-03-25T22:53:12Z,OPENJPA-1599 - Retain em method user input property map content from modifications.,2010-03-25T03:13:04Z,2010-04-10T21:26:09Z,INSIDE_LIFECYCLE,,2.0.0|2.0.0-beta2|2.0.0-beta3,2.0.0,1,1,1,openjpa-persistence/src/main/java/org/apache/openjpa/persistence/EntityManagerImpl.java
12460578,OPENJPA-1602,b1a2190cf331462d5c6686df87588541f5bb8038,2010-03-29T20:30:58Z,OPENJPA-1602: Ignore prepared queries that use locks,2010-03-29T18:04:45Z,2010-04-07T16:26:40Z,INSIDE_LIFECYCLE,,2.0.0,2.0.0,1,1,1,openjpa-persistence/src/main/java/org/apache/openjpa/persistence/QueryImpl.java
12460738,OPENJPA-1604,6f6e94df7614a48410abe9366e375abbce7bf312,2010-04-01T13:44:38Z,OPENJPA-1604: Add lock mode to QueryMetaData,2010-03-30T20:44:32Z,2010-04-10T17:41:04Z,INSIDE_LIFECYCLE,,2.0.0,2.0.0,4,4,4,openjpa-kernel/src/main/java/org/apache/openjpa/meta/QueryMetaData.java|openjpa-persistence/src/main/java/org/apache/openjpa/persistence/AnnotationPersistenceMetaDataParser.java|openjpa-persistence/src/main/java/org/apache/openjpa/persistence/QueryImpl.java|openjpa-persistence/src/main/java/org/apache/openjpa/persistence/XMLPersistenceMetaDataParser.java
12460738,OPENJPA-1604,e36547dafcfd58c3de02ffc8f86d686e73b4eec0,2010-04-01T17:23:46Z,OPENJPA-1604: Test for lock mode on named query and its impact on target SQL under pessimistic lock manager plus some usability changes. Does not restore backward compatibility with 1.2 behavior -- but removes the need to set the fecth plan hint etc and ensures named query lock mode other than NONE requires an active transaction.,2010-03-30T20:44:32Z,2010-04-10T17:41:04Z,INSIDE_LIFECYCLE,,2.0.0,2.0.0,4,3,1,openjpa-persistence/src/main/java/org/apache/openjpa/persistence/EntityManagerImpl.java
12460738,OPENJPA-1604,59cdb21326c40529904cc1997db9963fd0cf4b93,2010-04-05T20:48:54Z,OPENJPA-1604: Backing out the two previous commits while investigating a couple test failures.,2010-03-30T20:44:32Z,2010-04-10T17:41:04Z,INSIDE_LIFECYCLE,,2.0.0,2.0.0,8,7,5,openjpa-kernel/src/main/java/org/apache/openjpa/meta/QueryMetaData.java|openjpa-persistence/src/main/java/org/apache/openjpa/persistence/AnnotationPersistenceMetaDataParser.java|openjpa-persistence/src/main/java/org/apache/openjpa/persistence/EntityManagerImpl.java|openjpa-persistence/src/main/java/org/apache/openjpa/persistence/QueryImpl.java|openjpa-persistence/src/main/java/org/apache/openjpa/persistence/XMLPersistenceMetaDataParser.java
12460738,OPENJPA-1604,43988aba97d8a7f3309da10edda2e9e267da1c1d,2010-04-08T20:32:36Z,OPENJPA-1604: Override default lock level for NamedQueries when using the pessimistic lock manager. Code contributed by Pinaki Poddar and Rick Curtis,2010-03-30T20:44:32Z,2010-04-10T17:41:04Z,INSIDE_LIFECYCLE,,2.0.0,2.0.0,3,2,2,openjpa-persistence/src/main/java/org/apache/openjpa/persistence/AnnotationPersistenceMetaDataParser.java|openjpa-persistence/src/main/java/org/apache/openjpa/persistence/XMLPersistenceMetaDataParser.java
12460738,OPENJPA-1604,90355300bbec7ad38404dee8b25e3a4eb017e5aa,2010-04-26T19:34:34Z,OPENJPA-1604 Added Optimistic check as part the logic for setting the default lock mode for named queries in order to retain 1.x behavior.,2010-03-30T20:44:32Z,2010-04-10T17:41:04Z,AFTER_RESOLUTION,385,2.0.0,2.0.0,3,3,2,openjpa-persistence/src/main/java/org/apache/openjpa/persistence/AnnotationPersistenceMetaDataParser.java|openjpa-persistence/src/main/java/org/apache/openjpa/persistence/XMLPersistenceMetaDataParser.java
12460829,OPENJPA-1605,5de5b5136f764f222ba099ebb7f9e2ba22814c43,2010-04-15T17:24:02Z,"OPENJPA-1605 Correct regression issue with table generation issue in schema generator.  Only the first table name returned in a generic DBMD query was used to populate the schema.  This broke the reverse mapping tool, which uses a generic query by default.",2010-03-31T15:51:46Z,2010-04-15T19:47:35Z,INSIDE_LIFECYCLE,,2.0.0-beta3,2.0.0,1,1,1,openjpa-jdbc/src/main/java/org/apache/openjpa/jdbc/schema/SchemaGenerator.java
12460960,OPENJPA-1608,f03f7b4f61cf7470bbd690e458be189466c6b655,2010-04-05T15:57:13Z,OPENJPA-1608: fix pessimistic write lock in informix,2010-04-01T17:26:18Z,2010-04-05T16:00:40Z,INSIDE_LIFECYCLE,,2.0.0,2.0.0,1,1,1,openjpa-jdbc/src/main/java/org/apache/openjpa/jdbc/sql/InformixDictionary.java
12460960,OPENJPA-1608,53325aed75b92802f4649333e65fa16119402fb3,2010-04-09T22:48:35Z,OPENJPA-1608: the RetainUpdateLock is not supported for IDS 11.10,2010-04-01T17:26:18Z,2010-04-05T16:00:40Z,AFTER_RESOLUTION,102,2.0.0,2.0.0,2,1,1,openjpa-jdbc/src/main/java/org/apache/openjpa/jdbc/sql/InformixDictionary.java
12460975,OPENJPA-1609,4555af14af5256c0c30d39646d69be7b67ec0ca7,2010-04-07T18:21:13Z,OPENJPA-1609 - Commit contribution by Jody Grassel.,2010-04-01T22:21:46Z,2010-04-07T20:04:34Z,INSIDE_LIFECYCLE,,2.0.0,2.0.0|2.1.0,1,1,1,openjpa-jdbc/src/main/java/org/apache/openjpa/jdbc/sql/DB2Dictionary.java
12461098,OPENJPA-1611,670d59ef0f54aa196308d6114dc7a0b2eff28e4f,2010-04-04T17:28:52Z,OPENJPA-1611: fix EMBEDDED attr type,2010-04-03T16:40:20Z,2010-04-11T13:30:15Z,INSIDE_LIFECYCLE,,2.0.0,2.0.0,2,2,1,openjpa-persistence/src/main/java/org/apache/openjpa/persistence/meta/Members.java
12461329,OPENJPA-1613,7425ffca2dddbbe1bcc9b6a7f075e294b8948f2c,2010-04-22T16:12:50Z,"OPENJPA-1613 Per JPA spec, OpenJPA should take the @Transient annotation into account when making a default access determination.  This commit includes test code contributed by Simon Droscher.",2010-04-06T23:28:33Z,2011-01-12T22:38:14Z,INSIDE_LIFECYCLE,,2.0.0-beta2|2.0.0-beta3,2.1.0,8,7,1,openjpa-persistence/src/main/java/org/apache/openjpa/persistence/PersistenceMetaDataDefaults.java
12461547,OPENJPA-1618,db11713e8cbace63e5f56c0030e288a3796a64b8,2010-04-08T18:35:56Z,OPENJPA-1618: Convert the value not the key,2010-04-08T16:41:26Z,2010-04-08T19:50:59Z,INSIDE_LIFECYCLE,,2.0.0-beta3,2.0.0,1,1,1,openjpa-persistence/src/main/java/org/apache/openjpa/persistence/PersistenceUnitInfoImpl.java
12364095,OPENJPA-162,afce8f543abfbcbe81eb87c7ed5e22c1879e44a5,2007-03-05T20:14:02Z,OPENJPA-162 : Allow explicit @OrderBy(<primary key field>).,2007-03-05T04:10:24Z,2007-03-05T20:14:49Z,INSIDE_LIFECYCLE,,0.9.6,0.9.7,4,4,1,openjpa-jdbc/src/main/java/org/apache/openjpa/jdbc/meta/JDBCRelatedFieldOrder.java
12461714,OPENJPA-1625,689f42f7aa657402ae217c81dadee45b2e86c967,2010-04-10T15:18:42Z,OPENJPA-1625: making the creation of StateManagerImpl consistent by calling newStateManagerImpl consistently.,2010-04-10T15:08:23Z,2010-04-10T21:27:59Z,INSIDE_LIFECYCLE,,2.0.0,2.0.0,1,1,1,openjpa-kernel/src/main/java/org/apache/openjpa/kernel/BrokerImpl.java
12461787,OPENJPA-1626,d899ba81075c96cd6a46b724e49e3bcc72697b25,2010-07-14T20:15:41Z,"OPENJPA-1626: Add Name property to AbstractQueryCache, contributed by Amy Yang.",2010-04-12T03:09:16Z,2010-07-14T20:16:52Z,INSIDE_LIFECYCLE,,1.1.0,2.1.0,2,2,1,openjpa-kernel/src/main/java/org/apache/openjpa/datacache/AbstractQueryCache.java
12461804,OPENJPA-1627,8a034d671755a672ce2c77af3830c97c1216b5b7,2010-04-14T18:37:30Z,OPENJPA-1627: fix OrderBy with EmbeddedId.,2010-04-12T10:21:13Z,2011-01-12T22:41:26Z,INSIDE_LIFECYCLE,,2.0.0-beta3,2.1.0,3,3,1,openjpa-jdbc/src/main/java/org/apache/openjpa/jdbc/meta/JDBCRelatedFieldOrder.java
12461981,OPENJPA-1630,1ddfdcef963583c0b085494bdfb74325f9991a8b,2010-04-14T18:39:54Z,OPENJPA-1630: Synchronize when modifying MetaDataRepository._registered regardless of MetaDataRepository.Preload setting.,2010-04-13T19:33:41Z,2010-04-15T16:43:08Z,INSIDE_LIFECYCLE,,1.2.2|2.0.0|2.0.0-beta3|2.0.1|2.1.0,2.0.0,1,1,1,openjpa-kernel/src/main/java/org/apache/openjpa/meta/MetaDataRepository.java
12461982,OPENJPA-1631,f90b0bb16fbc181b56c7e256de771bf6f21a0d7b,2010-04-14T18:37:14Z,OPENJPA-1631: Add synchronization to AnnotationPersistenceXMLMetaDataParser.parse() method to make it thread safe.,2010-04-13T19:48:10Z,2010-04-15T16:41:03Z,INSIDE_LIFECYCLE,,1.2.2|2.0.0-beta3,2.0.0,1,1,1,openjpa-persistence/src/main/java/org/apache/openjpa/persistence/AnnotationPersistenceXMLMetaDataParser.java
12462443,OPENJPA-1634,78614963a0396123e0b0594ced458094e97435e8,2010-05-01T19:00:23Z,OPENJPA-1634: Process JAXB metadata when preloading the MetaDataRepository.,2010-04-19T15:24:16Z,2010-05-01T19:01:34Z,INSIDE_LIFECYCLE,,2.0.0|2.1.0,2.1.0,8,8,7,openjpa-kernel/src/main/java/org/apache/openjpa/kernel/exps/AbstractExpressionBuilder.java|openjpa-kernel/src/main/java/org/apache/openjpa/meta/DelegatingMetaDataFactory.java|openjpa-kernel/src/main/java/org/apache/openjpa/meta/MetaDataFactory.java|openjpa-kernel/src/main/java/org/apache/openjpa/meta/MetaDataRepository.java|openjpa-kernel/src/main/java/org/apache/openjpa/meta/NoneMetaDataFactory.java|openjpa-persistence/src/main/java/org/apache/openjpa/persistence/AnnotationPersistenceXMLMetaDataParser.java|openjpa-persistence/src/main/java/org/apache/openjpa/persistence/PersistenceMetaDataFactory.java
12463123,OPENJPA-1641,7851202ec6cadd5e38745bcea4dcfb224979a78d,2010-04-27T19:19:38Z,OPENJPA-1641: Try JDBC standard column names as well as Sybase specific ones,2010-04-27T16:20:37Z,2010-06-14T17:53:10Z,INSIDE_LIFECYCLE,,,1.2.3|1.3.0|2.0.1|2.1.0,1,1,1,openjpa-jdbc/src/main/java/org/apache/openjpa/jdbc/sql/SybaseDictionary.java
12463425,OPENJPA-1644,b62b8fc920a056c5f259fa65322433f277ddc106,2010-10-11T16:04:58Z,OPENJPA-1644: Don't clear values from a deleted instnace.,2010-04-30T10:48:18Z,2013-04-10T21:12:45Z,INSIDE_LIFECYCLE,,1.2.2|2.0.0,1.2.3|2.1.0,5,5,4,openjpa-kernel/src/main/java/org/apache/openjpa/kernel/EDeletedState.java|openjpa-kernel/src/main/java/org/apache/openjpa/kernel/PDeletedState.java|openjpa-kernel/src/main/java/org/apache/openjpa/kernel/PNewDeletedState.java|openjpa-kernel/src/main/java/org/apache/openjpa/kernel/PNewFlushedDeletedState.java
12463567,OPENJPA-1646,ee299cc0bd0942ef8da2156c36e342a443bb46a0,2010-05-03T15:55:16Z,OPENJPA-1646: Move DataCacheManager initialization to EMF creation time to close timing window.,2010-05-03T15:46:27Z,2010-05-03T15:56:45Z,INSIDE_LIFECYCLE,,1.2.2|2.0.0,2.1.0,2,2,2,openjpa-kernel/src/main/java/org/apache/openjpa/conf/OpenJPAConfigurationImpl.java|openjpa-persistence/src/main/java/org/apache/openjpa/persistence/PersistenceProviderImpl.java
12463706,OPENJPA-1648,c7addd5f51598dc111e89db16160c912e159c132,2010-05-04T23:01:51Z,"OPENJPA-1648,OPENJPA-1649,OPENJPA-1650: Replace fixed thread pools by cached thread pool. Stop creating thread pools on every flush/query. Streamline property parsing/processing to create slice configurations. Retain addSlice() on Persistence Unit and remove from Persistence Context and Configuration.",2010-05-04T21:19Z,2011-01-12T23:03:06Z,INSIDE_LIFECYCLE,,,2.1.0,14,14,10,openjpa-slice/src/main/java/org/apache/openjpa/slice/DistributedBroker.java|openjpa-slice/src/main/java/org/apache/openjpa/slice/DistributedBrokerImpl.java|openjpa-slice/src/main/java/org/apache/openjpa/slice/DistributedConfiguration.java|openjpa-slice/src/main/java/org/apache/openjpa/slice/Slice.java|openjpa-slice/src/main/java/org/apache/openjpa/slice/SliceThread.java|openjpa-slice/src/main/java/org/apache/openjpa/slice/jdbc/DistributedJDBCBrokerFactory.java|openjpa-slice/src/main/java/org/apache/openjpa/slice/jdbc/DistributedJDBCConfiguration.java|openjpa-slice/src/main/java/org/apache/openjpa/slice/jdbc/DistributedJDBCConfigurationImpl.java|openjpa-slice/src/main/java/org/apache/openjpa/slice/jdbc/DistributedJDBCStoreManager.java|openjpa-slice/src/main/java/org/apache/openjpa/slice/jdbc/DistributedStoreQuery.java
12364581,OPENJPA-165,63c3748900811032ec5dc4e5e42d9745cfc53c4f,2007-08-07T23:47:19Z,OPENJPA-165,2007-03-09T18:06:32Z,2007-08-07T23:47:12Z,AFTER_RESOLUTION,0,0.9.7,1.0.0,2,2,1,openjpa-persistence/src/main/java/org/apache/openjpa/persistence/QueryImpl.java
12463708,OPENJPA-1650,c7addd5f51598dc111e89db16160c912e159c132,2010-05-04T23:01:51Z,"OPENJPA-1648,OPENJPA-1649,OPENJPA-1650: Replace fixed thread pools by cached thread pool. Stop creating thread pools on every flush/query. Streamline property parsing/processing to create slice configurations. Retain addSlice() on Persistence Unit and remove from Persistence Context and Configuration.",2010-05-04T21:32:32Z,2011-09-21T15:09:07Z,INSIDE_LIFECYCLE,,,2.1.2|2.2.0,14,14,10,openjpa-slice/src/main/java/org/apache/openjpa/slice/DistributedBroker.java|openjpa-slice/src/main/java/org/apache/openjpa/slice/DistributedBrokerImpl.java|openjpa-slice/src/main/java/org/apache/openjpa/slice/DistributedConfiguration.java|openjpa-slice/src/main/java/org/apache/openjpa/slice/Slice.java|openjpa-slice/src/main/java/org/apache/openjpa/slice/SliceThread.java|openjpa-slice/src/main/java/org/apache/openjpa/slice/jdbc/DistributedJDBCBrokerFactory.java|openjpa-slice/src/main/java/org/apache/openjpa/slice/jdbc/DistributedJDBCConfiguration.java|openjpa-slice/src/main/java/org/apache/openjpa/slice/jdbc/DistributedJDBCConfigurationImpl.java|openjpa-slice/src/main/java/org/apache/openjpa/slice/jdbc/DistributedJDBCStoreManager.java|openjpa-slice/src/main/java/org/apache/openjpa/slice/jdbc/DistributedStoreQuery.java
12464147,OPENJPA-1657,cb77af09f2a73e30e00f0b12d23169fff1e0f003,2010-05-10T16:33:06Z,OPENJPA-1657: Save NPE for some database connect on null properties,2010-05-10T15:45:45Z,2011-04-27T21:26:06Z,INSIDE_LIFECYCLE,,,2.1.1|2.2.0,1,1,1,openjpa-jdbc/src/main/java/org/apache/openjpa/jdbc/schema/SimpleDriverDataSource.java
12464287,OPENJPA-1662,6ccd59c32bb3c3415ed527792a381052cf4b281f,2010-04-09T18:55:31Z,OPENJPA-1662: Add openjpa. prefix to Annotation Processor -A options,2010-05-11T19:47:06Z,2011-01-12T23:03:07Z,BEFORE_CREATION,,,2.0.2|2.1.0,3,2,2,openjpa-persistence/src/main/java/org/apache/openjpa/persistence/meta/AnnotationProcessor6.java|openjpa-persistence/src/main/java/org/apache/openjpa/persistence/meta/CompileTimeLogger.java
12464287,OPENJPA-1662,ce0ffe84f24b591b79cc7fdc9f98fa970b118d6a,2010-04-09T18:56:33Z,OPENJPA-1662: Add openjpa. prefix to Annotation Processor -A options,2010-05-11T19:47:06Z,2011-01-12T23:03:07Z,BEFORE_CREATION,,,2.0.2|2.1.0,1,1,1,openjpa-persistence/src/main/java/org/apache/openjpa/persistence/meta/AnnotationProcessor6.java
12464287,OPENJPA-1662,85ba2eada3ffc4eeba3ed8e913ccfee560d6b006,2010-05-11T21:09:17Z,OPENJPA-1662: Remove usage of @Replicated annotation. Replace with openjpa.slice.ReplicatedTypes plug-in.,2010-05-11T19:47:06Z,2011-01-12T23:03:07Z,INSIDE_LIFECYCLE,,,2.0.2|2.1.0,19,17,13,openjpa-kernel/src/main/java/org/apache/openjpa/meta/ClassMetaData.java|openjpa-persistence/src/main/java/org/apache/openjpa/persistence/AnnotationPersistenceMetaDataParser.java|openjpa-persistence/src/main/java/org/apache/openjpa/persistence/Replicated.java|openjpa-slice/src/main/java/org/apache/openjpa/slice/DistributedConfiguration.java|openjpa-slice/src/main/java/org/apache/openjpa/slice/DistributedQueryImpl.java|openjpa-slice/src/main/java/org/apache/openjpa/slice/ReentrantSliceLock.java|openjpa-slice/src/main/java/org/apache/openjpa/slice/ReplicationPolicy.java|openjpa-slice/src/main/java/org/apache/openjpa/slice/SliceImplHelper.java|openjpa-slice/src/main/java/org/apache/openjpa/slice/SliceInfo.java|openjpa-slice/src/main/java/org/apache/openjpa/slice/jdbc/DistributedJDBCConfiguration.java|openjpa-slice/src/main/java/org/apache/openjpa/slice/jdbc/DistributedJDBCConfigurationImpl.java|openjpa-slice/src/main/java/org/apache/openjpa/slice/jdbc/DistributedJDBCStoreManager.java|openjpa-slice/src/main/java/org/apache/openjpa/slice/jdbc/DistributedStoreQuery.java
12464287,OPENJPA-1662,f1c1c7878785f6c066bcba0944ebd8117cc6b701,2011-03-24T13:14:33Z,OPENJPA-1662: Save a runtime typecast.,2010-05-11T19:47:06Z,2011-01-12T23:03:07Z,AFTER_RESOLUTION,1694,,2.0.2|2.1.0,1,1,1,openjpa-persistence/src/main/java/org/apache/openjpa/persistence/meta/AnnotationProcessor6.java
12464360,OPENJPA-1665,5903f31e690d02f9824dff400e9fd2763c41ded8,2010-05-12T19:11:14Z,OPENJPA-1665: Update BrokerImpl to skip check for duplicate ids when they are auto generated.,2010-05-12T16:08:24Z,2011-03-23T14:26:50Z,INSIDE_LIFECYCLE,,2.0.0,1.2.3|1.3.0|2.0.2|2.1.0,3,3,1,openjpa-kernel/src/main/java/org/apache/openjpa/kernel/BrokerImpl.java
12464618,OPENJPA-1667,18dd7e8542ca5e97f2e9d7b54495018c8864e5b9,2010-05-21T19:49:58Z,OPENJPA-1667: Fix incorrect column type for LOB streaming in MySQL.,2010-05-16T11:56:06Z,2010-05-26T09:58:11Z,INSIDE_LIFECYCLE,,1.3.0|2.0.0,1.3.0|2.1.0,2,2,1,openjpa-jdbc/src/main/java/org/apache/openjpa/jdbc/sql/MySQLDictionary.java
12464706,OPENJPA-1668,a6cfb6c8482907e4ae240b2515a814792be3e06e,2010-08-11T14:06:10Z,OPENJPA-1668: allow non-default sequence sql strings for z/os and iseries,2010-05-17T18:08:44Z,2010-08-12T22:07:52Z,INSIDE_LIFECYCLE,,1.0.3|1.2.2|2.0.0,1.2.3|1.3.0|2.0.1|2.1.0,2,1,1,openjpa-jdbc/src/main/java/org/apache/openjpa/jdbc/sql/DB2Dictionary.java
12464903,OPENJPA-1670,1c01e8da2a9d37f885b7693b2e758608c04bd10f,2010-05-19T18:39:56Z,OPENJPA-1670: PCRegistry should not save duplicate listeners.,2010-05-19T15:48:53Z,2010-05-19T18:42:29Z,INSIDE_LIFECYCLE,,1.2.2|2.0.0,2.1.0,2,2,1,openjpa-kernel/src/main/java/org/apache/openjpa/enhance/PCRegistry.java
12465795,OPENJPA-1676,d5e876372dc1974dcf597820f811139d1f294bb6,2010-07-13T15:10:41Z,OPENJPA-1676: Handle null class name in PCClassFileTransformer.,2010-05-31T15:44:29Z,2010-07-13T15:11:30Z,INSIDE_LIFECYCLE,,2.0.0|2.1.0,2.1.0,1,1,1,openjpa-kernel/src/main/java/org/apache/openjpa/enhance/PCClassFileTransformer.java
12465979,OPENJPA-1678,323ebee840e6274e3023ce20417c13dc738c6d2d,2010-06-09T21:48:44Z,OPENJPA-1678: add printParameters property to prevent SQL parameter values from being logged in exceptions or trace,2010-06-02T16:35:27Z,2010-07-15T21:03:52Z,INSIDE_LIFECYCLE,,1.0.3|1.1.0|1.2.2|2.0.0|2.1.0,1.0.4|1.2.3|1.3.0|2.0.1|2.1.0,3,3,1,openjpa-lib/src/main/java/org/apache/openjpa/lib/jdbc/LoggingConnectionDecorator.java
12466193,OPENJPA-1682,fafc33b3cd1cdd5a2060990c30e5f9b26435368f,2010-06-07T19:08:49Z,OPENJPA-1682: Unique constraint to a column will imply the column to be non-nullable per database basis. The commit  adds a new model in internal schema design by making Column-Constraint relation bi-directional.,2010-06-04T16:08:28Z,2012-08-16T22:13:01Z,INSIDE_LIFECYCLE,,2.1.0,1.2.3|2.0.2|2.1.0,10,10,8,openjpa-jdbc/src/main/java/org/apache/openjpa/jdbc/schema/Column.java|openjpa-jdbc/src/main/java/org/apache/openjpa/jdbc/schema/ForeignKey.java|openjpa-jdbc/src/main/java/org/apache/openjpa/jdbc/schema/LocalConstraint.java|openjpa-jdbc/src/main/java/org/apache/openjpa/jdbc/schema/Unique.java|openjpa-jdbc/src/main/java/org/apache/openjpa/jdbc/sql/DB2Dictionary.java|openjpa-jdbc/src/main/java/org/apache/openjpa/jdbc/sql/DBDictionary.java|openjpa-jdbc/src/main/java/org/apache/openjpa/jdbc/sql/DerbyDictionary.java|openjpa-jdbc/src/main/java/org/apache/openjpa/jdbc/sql/RowImpl.java
12466193,OPENJPA-1682,79b9583a46d744f7d46e50de383eaaf573c8fa9c,2010-06-07T19:36:44Z,OPENJPA-1682: Remove uncessary and incorrect method from Unique,2010-06-04T16:08:28Z,2012-08-16T22:13:01Z,INSIDE_LIFECYCLE,,2.1.0,1.2.3|2.0.2|2.1.0,1,1,1,openjpa-jdbc/src/main/java/org/apache/openjpa/jdbc/schema/Unique.java
12466260,OPENJPA-1683,f03598fe592eb44ecace70cd2dfe7bfd79115adb,2010-06-05T18:49:24Z,OPENJPA-1683: Adding toString() on LongId to align with other built-in id toString(). May need to rollback if regresses existing systems,2010-06-05T17:03:15Z,2011-01-12T22:46:42Z,INSIDE_LIFECYCLE,,,2.1.0,1,1,1,openjpa-kernel/src/main/java/org/apache/openjpa/util/LongId.java
12466359,OPENJPA-1685,9d33fe34b8cf330a330c7d70162c23f16fdc436c,2010-06-08T16:41:27Z,OPENJPA-1685 Updated ValidatorImpl to remove potential whitespace within a comma separated list of validation groups.,2010-06-07T15:22:17Z,2010-06-08T16:44:54Z,INSIDE_LIFECYCLE,,2.0.0,2.1.0,3,2,1,openjpa-persistence/src/main/java/org/apache/openjpa/persistence/validation/ValidatorImpl.java
12466413,OPENJPA-1686,a873065db7f3b9190ff47a88bff1b2cbce3d3e89,2010-06-09T02:43:46Z,OPENJPA-1686: A first draft of support for generic graph. Correct mapping strategy on MappedSuperClass (they are not Embeddables),2010-06-08T01:49:27Z,2011-09-21T15:09:08Z,INSIDE_LIFECYCLE,,,2.1.2|2.2.0,18,18,11,openjpa-jdbc/src/main/java/org/apache/openjpa/jdbc/meta/MappingRepository.java|openjpa-jdbc/src/main/java/org/apache/openjpa/jdbc/meta/strats/RelationToManyInverseKeyFieldStrategy.java|openjpa-jdbc/src/main/java/org/apache/openjpa/jdbc/meta/strats/StoreCollectionFieldStrategy.java|openjpa-jdbc/src/main/java/org/apache/openjpa/jdbc/sql/SelectImpl.java|openjpa-kernel/src/main/java/org/apache/openjpa/meta/ValueMetaDataImpl.java|openjpa-kernel/src/main/java/org/apache/openjpa/util/Id.java|openjpa-kernel/src/main/java/org/apache/openjpa/util/OpenJPAId.java|openjpa-lib/src/main/java/org/apache/openjpa/lib/util/JavaVersions.java|openjpa-persistence-jdbc/src/main/java/org/apache/openjpa/persistence/jdbc/AnnotationPersistenceMappingParser.java|openjpa-persistence/src/main/java/org/apache/openjpa/persistence/AnnotationPersistenceMetaDataParser.java|openjpa-persistence/src/main/java/org/apache/openjpa/persistence/XMLPersistenceMetaDataParser.java
12466413,OPENJPA-1686,d31ec1274b31746e171c5b31a6a038c30991c24e,2010-06-09T12:03:15Z,OPENJPA-1686: Refactor in RelationStrategies.isRelationId(),2010-06-08T01:49:27Z,2011-09-21T15:09:08Z,INSIDE_LIFECYCLE,,,2.1.2|2.2.0,3,3,3,openjpa-jdbc/src/main/java/org/apache/openjpa/jdbc/meta/strats/RelationStrategies.java|openjpa-jdbc/src/main/java/org/apache/openjpa/jdbc/meta/strats/StoreCollectionFieldStrategy.java|openjpa-jdbc/src/main/java/org/apache/openjpa/jdbc/sql/SelectImpl.java
12466413,OPENJPA-1686,59c7001e09e34a7394eb534ec88bc1975b2120d6,2010-06-11T15:14:24Z,OPENJPA-1686: Support when a parameterized type has parameterized type arguments,2010-06-08T01:49:27Z,2011-09-21T15:09:08Z,INSIDE_LIFECYCLE,,,2.1.2|2.2.0,1,1,1,openjpa-lib/src/main/java/org/apache/openjpa/lib/util/JavaVersions.java
12466413,OPENJPA-1686,2d21d726ab41b3e80b3326c41e9e9bfe9523c8d6,2010-06-14T23:10:55Z,OPENJPA-1686: Support when a parameterized type has parameterized type arguments,2010-06-08T01:49:27Z,2011-09-21T15:09:08Z,INSIDE_LIFECYCLE,,,2.1.2|2.2.0,1,1,1,openjpa-lib/src/main/java/org/apache/openjpa/lib/util/JavaVersions.java
12466413,OPENJPA-1686,3865aedfaa85d4d0be8f0699ccf169723ce90240,2010-06-15T00:09:17Z,OPENJPA-1686: Upgrade to Java runtime version 5. Remove reflection.,2010-06-08T01:49:27Z,2011-09-21T15:09:08Z,INSIDE_LIFECYCLE,,,2.1.2|2.2.0,8,8,8,openjpa-jdbc/src/main/java/org/apache/openjpa/jdbc/meta/MappingRepository.java|openjpa-kernel/src/main/java/org/apache/openjpa/enhance/ApplicationIdTool.java|openjpa-kernel/src/main/java/org/apache/openjpa/enhance/ManagedClassSubclasser.java|openjpa-kernel/src/main/java/org/apache/openjpa/meta/FieldMetaData.java|openjpa-lib/src/main/java/org/apache/openjpa/lib/conf/ProductDerivations.java|openjpa-lib/src/main/java/org/apache/openjpa/lib/meta/XMLMetaDataParser.java|openjpa-lib/src/main/java/org/apache/openjpa/lib/util/JavaVersions.java|openjpa-persistence/src/main/java/org/apache/openjpa/persistence/AnnotationPersistenceMetaDataParser.java
12466563,OPENJPA-1689,e372349aebf983e07dc6509861e885fb294e9e16,2010-06-24T21:06:47Z,OPENJPA-1689 Provide better determination of PostgreSQL db owned sequences,2010-06-09T13:37:29Z,2010-06-24T21:17:09Z,INSIDE_LIFECYCLE,,2.0.0,2.1.0,7,5,3,openjpa-jdbc/src/main/java/org/apache/openjpa/jdbc/schema/SchemaGenerator.java|openjpa-jdbc/src/main/java/org/apache/openjpa/jdbc/sql/DBDictionary.java|openjpa-jdbc/src/main/java/org/apache/openjpa/jdbc/sql/PostgresDictionary.java
12466563,OPENJPA-1689,8781af1e8861e21fd92ed7b004cb9ac50d14d624,2010-06-25T07:53:24Z,OPENJPA-1689: Coorect a comment and remove unused import statements.,2010-06-09T13:37:29Z,2010-06-24T21:17:09Z,AFTER_RESOLUTION,10,2.0.0,2.1.0,1,1,1,openjpa-jdbc/src/main/java/org/apache/openjpa/jdbc/sql/PostgresDictionary.java
12466570,OPENJPA-1690,939f644e775bcf6686d4e8514069799bd1fe2b02,2010-06-09T21:21:02Z,OPENJPA-1690: Make DistinctResultList serializable,2010-06-09T14:30:40Z,2010-06-09T21:23:20Z,INSIDE_LIFECYCLE,,2.0.0,2.0.1|2.1.0,1,1,1,openjpa-kernel/src/main/java/org/apache/openjpa/kernel/DistinctResultList.java
12466570,OPENJPA-1690,2f880eaacb9481688eee2ac5b596b788f9a78b6e,2010-07-26T19:50:46Z,OPENJPA-1690: Add serialUID,2010-06-09T14:30:40Z,2010-06-09T21:23:20Z,AFTER_RESOLUTION,1126,2.0.0,2.0.1|2.1.0,1,1,1,openjpa-kernel/src/main/java/org/apache/openjpa/kernel/DistinctResultList.java
12466672,OPENJPA-1691,5a98879567c0288cd1117aa0b177091fa14706bc,2010-10-03T20:46:38Z,OPENJPA-1691: Support XML strings longer than 4000 bytes on Oracle.,2010-06-10T17:31:33Z,2011-07-27T18:39:32Z,INSIDE_LIFECYCLE,,1.2.2|2.0.0|2.0.1,1.2.3|1.3.0|2.0.2|2.1.0,7,4,3,openjpa-jdbc/src/main/java/org/apache/openjpa/jdbc/sql/DBDictionary.java|openjpa-jdbc/src/main/java/org/apache/openjpa/jdbc/sql/OracleDictionary.java|openjpa-jdbc/src/main/java/org/apache/openjpa/jdbc/sql/RowImpl.java
12466672,OPENJPA-1691,8a7ef392f3827e8d519b1076fd4d8f6c012420c4,2011-08-08T18:53:55Z,"OPENJPA-1691: Added property for forward compatibility, documented property and migration considerations.",2010-06-10T17:31:33Z,2011-07-27T18:39:32Z,AFTER_RESOLUTION,288,1.2.2|2.0.0|2.0.1,1.2.3|1.3.0|2.0.2|2.1.0,4,1,1,openjpa-jdbc/src/main/java/org/apache/openjpa/jdbc/sql/OracleDictionary.java
12466693,OPENJPA-1692,ea8dc8b630305acd9e680744c486eff12afb1ba8,2010-06-11T16:37:30Z,OPENJPA-1692: Add post creation callback to BrokerFactory,2010-06-10T21:59:46Z,2010-10-11T16:18:18Z,INSIDE_LIFECYCLE,,2.0.0|2.1.0,2.1.0,7,7,5,openjpa-jdbc/src/main/java/org/apache/openjpa/jdbc/kernel/JDBCBrokerFactory.java|openjpa-kernel/src/main/java/org/apache/openjpa/kernel/AbstractBrokerFactory.java|openjpa-kernel/src/main/java/org/apache/openjpa/kernel/Bootstrap.java|openjpa-kernel/src/main/java/org/apache/openjpa/kernel/BrokerFactory.java|openjpa-kernel/src/main/java/org/apache/openjpa/kernel/DelegatingBrokerFactory.java
12466693,OPENJPA-1692,3905b52a90c1eebe7d95105a0043c684dfb0698b,2010-06-11T18:51:47Z,OPENJPA-1692: Update method signature for BrokerFactory.getInstance(...) to take a classloader.,2010-06-10T21:59:46Z,2010-10-11T16:18:18Z,INSIDE_LIFECYCLE,,2.0.0|2.1.0,2.1.0,2,2,2,openjpa-jdbc/src/main/java/org/apache/openjpa/jdbc/kernel/JDBCBrokerFactory.java|openjpa-kernel/src/main/java/org/apache/openjpa/kernel/Bootstrap.java
12466693,OPENJPA-1692,14cfcaa3ccf7b4229f1745b53e0b976e3aab250e,2010-06-15T14:04:26Z,OPENJPA-1692: Clean up extra initialization from PersistenceProviderImpl.,2010-06-10T21:59:46Z,2010-10-11T16:18:18Z,INSIDE_LIFECYCLE,,2.0.0|2.1.0,2.1.0,4,4,2,openjpa-kernel/src/main/java/org/apache/openjpa/datacache/DataCacheManagerImpl.java|openjpa-persistence/src/main/java/org/apache/openjpa/persistence/PersistenceProviderImpl.java
12466693,OPENJPA-1692,703bd8db8a82c09051e5c453bd5c849bc532b556,2010-06-15T14:10:46Z,OPENJPA-1692: Revert some of previous commit.,2010-06-10T21:59:46Z,2010-10-11T16:18:18Z,INSIDE_LIFECYCLE,,2.0.0|2.1.0,2.1.0,3,3,1,openjpa-kernel/src/main/java/org/apache/openjpa/datacache/DataCacheManagerImpl.java
12466693,OPENJPA-1692,17246f5ff28123fb24069b3f3e6f2c3a5d8be81c,2010-07-06T20:24:58Z,OPENJPA-1692: Backing a previous change while investigating a test failures.,2010-06-10T21:59:46Z,2010-10-11T16:18:18Z,INSIDE_LIFECYCLE,,2.0.0|2.1.0,2.1.0,1,1,1,openjpa-kernel/src/main/java/org/apache/openjpa/kernel/AbstractBrokerFactory.java
12466780,OPENJPA-1695,efa71484df0c6cbda33b62d9c181e2d31f30ee8b,2010-06-15T17:47:02Z,OPENJPA-1695 OutOfMemoryError from CacheMarshallerImpl.setInputUrlFromResourceLocation,2010-06-11T21:43:25Z,2010-06-15T18:25:51Z,INSIDE_LIFECYCLE,,1.1.0|2.0.0|2.1.0,1.2.0|2.1.0,2,2,1,openjpa-kernel/src/main/java/org/apache/openjpa/conf/CacheMarshallerImpl.java
12466801,OPENJPA-1696,493bfe0e1426297ec4dee448bd10232529722c22,2010-06-12T14:05:43Z,OPENJPA-1696: Type discriminator for polymorphic queries limited to Single Table inheritance,2010-06-12T02:27:48Z,2010-07-24T16:25:54Z,INSIDE_LIFECYCLE,,2.0.0,2.1.0,20,19,12,openjpa-jdbc/src/main/java/org/apache/openjpa/jdbc/kernel/JDBCStoreQuery.java|openjpa-jdbc/src/main/java/org/apache/openjpa/jdbc/kernel/exps/EqualTypeExpression.java|openjpa-jdbc/src/main/java/org/apache/openjpa/jdbc/kernel/exps/ExpContext.java|openjpa-jdbc/src/main/java/org/apache/openjpa/jdbc/kernel/exps/JDBCExpressionFactory.java|openjpa-jdbc/src/main/java/org/apache/openjpa/jdbc/kernel/exps/NotEqualTypeExpression.java|openjpa-jdbc/src/main/java/org/apache/openjpa/jdbc/kernel/exps/PCPath.java|openjpa-jdbc/src/main/java/org/apache/openjpa/jdbc/kernel/exps/Param.java|openjpa-jdbc/src/main/java/org/apache/openjpa/jdbc/kernel/exps/SelectConstructor.java|openjpa-jdbc/src/main/java/org/apache/openjpa/jdbc/kernel/exps/Type.java|openjpa-jdbc/src/main/java/org/apache/openjpa/jdbc/sql/LogicalUnion.java|openjpa-jdbc/src/main/java/org/apache/openjpa/jdbc/sql/Select.java|openjpa-jdbc/src/main/java/org/apache/openjpa/jdbc/sql/SelectImpl.java
12466801,OPENJPA-1696,152e5d2d4fc50e8d8d946efff95c09c513b7fbe4,2010-06-15T14:16:06Z,OPENJPA-1696: setting eol-style,2010-06-12T02:27:48Z,2010-07-24T16:25:54Z,INSIDE_LIFECYCLE,,2.0.0,2.1.0,2,2,2,openjpa-jdbc/src/main/java/org/apache/openjpa/jdbc/kernel/exps/EqualTypeExpression.java|openjpa-jdbc/src/main/java/org/apache/openjpa/jdbc/kernel/exps/NotEqualTypeExpression.java
12466817,OPENJPA-1697,d781b913d1341dff8cc9acc809f07d7c27de6890,2010-06-14T01:47:08Z,OPENJPA-1697: A EnumValueHandler strategy along with XmlType annotation incorrectly mapped to XmlType in create table DDL,2010-06-12T15:18:05Z,2010-06-22T19:36:45Z,INSIDE_LIFECYCLE,,2.1.0,2.1.0,1,1,1,openjpa-persistence-jdbc/src/main/java/org/apache/openjpa/persistence/jdbc/AnnotationPersistenceMappingParser.java
12466817,OPENJPA-1697,832b5048bd6c22f27b8015036ee2669af4192986,2010-06-17T04:06:56Z,OPENJPA-1697: A EnumValueHandler strategy along with XmlType annotation incorrectly mapped to XmlType in create table DDL backout changes - regression in xmlcolumn mappings,2010-06-12T15:18:05Z,2010-06-22T19:36:45Z,INSIDE_LIFECYCLE,,2.1.0,2.1.0,1,1,1,openjpa-persistence-jdbc/src/main/java/org/apache/openjpa/persistence/jdbc/AnnotationPersistenceMappingParser.java
12466817,OPENJPA-1697,eac9c66b74a1ef21bf3f430ed84f83965bdc3a4f,2010-06-18T00:41:16Z,OPENJPA-1697: A EnumValueHandler strategy along with XmlType annotation incorrectly mapped to XmlType in create table DDL,2010-06-12T15:18:05Z,2010-06-22T19:36:45Z,INSIDE_LIFECYCLE,,2.1.0,2.1.0,3,3,1,openjpa-persistence-jdbc/src/main/java/org/apache/openjpa/persistence/jdbc/AnnotationPersistenceMappingParser.java
12467032,OPENJPA-1701,a88939693be3f3b732319e5d9599348466c3202b,2010-06-24T20:43:19Z,OPENJPA-1701: Remove warning message from EntityManager.refresh(...) method.,2010-06-15T20:44:56Z,2010-06-24T20:44:21Z,INSIDE_LIFECYCLE,,2.1.0,2.1.0,1,1,1,openjpa-persistence/src/main/java/org/apache/openjpa/persistence/EntityManagerImpl.java
12467292,OPENJPA-1702,f03b417d416e292e9ba4f99632e10a137583f8ae,2010-07-12T21:39:55Z,OPENJPA-1702: Allow new entities to be dirtied in BeforeCommit callback even if there are no other dirty entities. Based on patch submitted by Heath Thomann,2010-06-18T01:18:20Z,2014-02-05T22:34:41Z,INSIDE_LIFECYCLE,,1.2.0|2.0.0,2.1.0,3,3,1,openjpa-kernel/src/main/java/org/apache/openjpa/kernel/BrokerImpl.java
12467493,OPENJPA-1704,a7c61414caff614cc33c664357f93394ca8f1744,2010-06-22T13:08:35Z,OPENJPA-1704: Fix PCEnhancer to generate proper readExternal method.,2010-06-21T15:26:03Z,2010-07-19T21:23:48Z,INSIDE_LIFECYCLE,,1.2.2|2.0.0|2.1.0,1.2.3|2.0.1|2.1.0,4,3,1,openjpa-kernel/src/main/java/org/apache/openjpa/enhance/PCEnhancer.java
12468262,OPENJPA-1713,4d5d3a6aedc9385afcf95ced83ef0b71843b38e3,2010-06-30T15:37:17Z,OPENJPA-1713 correct the push/pop clean up processing in EntityManagerImpl _plans map.,2010-06-30T15:29:06Z,2010-08-09T21:32:15Z,INSIDE_LIFECYCLE,,1.1.0|1.2.2|2.0.0,2.0.1|2.1.0,1,1,1,openjpa-persistence/src/main/java/org/apache/openjpa/persistence/EntityManagerImpl.java
12468724,OPENJPA-1719,5ad6624b531aa73a595680e8d53cd1da2b432b7e,2010-07-11T19:51:31Z,OPENJPA-1719: Prepared SQL cache user parameter ordering problem with subqueries.,2010-07-07T15:03:37Z,2010-07-26T15:42:27Z,INSIDE_LIFECYCLE,,2.0.0,2.0.1|2.1.0,4,4,3,openjpa-jdbc/src/main/java/org/apache/openjpa/jdbc/kernel/PreparedQueryImpl.java|openjpa-jdbc/src/main/java/org/apache/openjpa/jdbc/kernel/exps/CollectionParam.java|openjpa-jdbc/src/main/java/org/apache/openjpa/jdbc/sql/SQLBuffer.java
12468724,OPENJPA-1719,a4038dadefbec53535ba84713b32e01706f25a77,2010-07-26T15:30:20Z,OPENJPA-1719: Prepared SQL cache user parameter ordering problem with subqueries.,2010-07-07T15:03:37Z,2010-07-26T15:42:27Z,INSIDE_LIFECYCLE,,2.0.0,2.0.1|2.1.0,2,2,1,openjpa-jdbc/src/main/java/org/apache/openjpa/jdbc/sql/SQLBuffer.java
12469087,OPENJPA-1722,512122c4bafdd3ff036f06e0fd79d67b694bd2e9,2010-07-13T15:42:31Z,OPENJPA-1722 Add writeReplace() method to DistinctResultList to avoid serialization exception when EntityManager is closed.,2010-07-12T18:02:30Z,2010-08-16T21:19:53Z,INSIDE_LIFECYCLE,,2.0.0,2.0.1|2.1.0,1,1,1,openjpa-kernel/src/main/java/org/apache/openjpa/kernel/DistinctResultList.java
12469241,OPENJPA-1725,c159730005aee494d916063b947970eea0179899,2011-05-09T22:09:40Z,OPENJPA-1725: Ignore schema when checking the length of a table name,2010-07-14T09:24:35Z,2011-05-11T20:57:08Z,INSIDE_LIFECYCLE,,1.2.2|1.3.0|2.0.0|2.1.0,2.1.1|2.2.0,3,3,2,openjpa-jdbc/src/main/java/org/apache/openjpa/jdbc/schema/Table.java|openjpa-jdbc/src/main/java/org/apache/openjpa/jdbc/sql/DBDictionary.java
12469241,OPENJPA-1725,1125b86310b7c08efb2b524633acec52840093e1,2011-05-10T14:32:20Z,OPENJPA-1725: cleanup comments,2010-07-14T09:24:35Z,2011-05-11T20:57:08Z,INSIDE_LIFECYCLE,,1.2.2|1.3.0|2.0.0|2.1.0,2.1.1|2.2.0,2,2,1,openjpa-jdbc/src/main/java/org/apache/openjpa/jdbc/schema/Table.java
12469241,OPENJPA-1725,aa88b32b06ec37c1b618d3e4c2d552b852a0b1b5,2011-05-10T16:00:44Z,OPENJPA-1725: make old behavior optional,2010-07-14T09:24:35Z,2011-05-11T20:57:08Z,INSIDE_LIFECYCLE,,1.2.2|1.3.0|2.0.0|2.1.0,2.1.1|2.2.0,2,2,2,openjpa-jdbc/src/main/java/org/apache/openjpa/jdbc/schema/Table.java|openjpa-jdbc/src/main/java/org/apache/openjpa/jdbc/sql/DBDictionary.java
12469301,OPENJPA-1726,0b80f23e703e09f6d219ca2e1ce5e1051073f9ed,2010-07-14T23:09:41Z,OPENJPA-1726: fix test case failures (TestInputStreamLob) for PostgreSQL,2010-07-14T22:46:28Z,2010-07-27T16:31:44Z,INSIDE_LIFECYCLE,,2.1.0,2.1.0,1,1,1,openjpa-jdbc/src/main/java/org/apache/openjpa/jdbc/sql/PostgresDictionary.java
12469301,OPENJPA-1726,99eef9d0184f8f8f636593caf95f69e3f2ae0e8f,2010-07-15T00:06:57Z,OPENJPA-1726: fix test case failures (TestInputStreamLob) for PostgreSQL,2010-07-14T22:46:28Z,2010-07-27T16:31:44Z,INSIDE_LIFECYCLE,,2.1.0,2.1.0,1,1,1,openjpa-lib/src/main/java/org/apache/openjpa/lib/jdbc/JDBCEventConnectionDecorator.java
12469301,OPENJPA-1726,90373cb93fbff9cb8605401f4ff64d15b300e858,2010-07-16T22:39:06Z,OPENJPA-1726: fix the locate and substring for Postgres as it only accepts integer as the start index.,2010-07-14T22:46:28Z,2010-07-27T16:31:44Z,INSIDE_LIFECYCLE,,2.1.0,2.1.0,1,1,1,openjpa-kernel/src/main/java/org/apache/openjpa/kernel/jpql/JPQLExpressionBuilder.java
12469301,OPENJPA-1726,a0b6b2a85d817ae92812fe8594f4c5d351ac8f0e,2010-07-17T00:16:39Z,OPENJPA-1726: fix boolean literal for Postgres,2010-07-14T22:46:28Z,2010-07-27T16:31:44Z,INSIDE_LIFECYCLE,,2.1.0,2.1.0,2,2,2,openjpa-jdbc/src/main/java/org/apache/openjpa/jdbc/kernel/JDBCStoreQuery.java|openjpa-jdbc/src/main/java/org/apache/openjpa/jdbc/kernel/exps/JDBCExpressionFactory.java
12469301,OPENJPA-1726,f8c32d45d2cf0e22a9ce747bfc258321796e6a9b,2010-07-19T18:26:13Z,OPENJPA-1726: fix Criteria Trim expression when running on Postgres.,2010-07-14T22:46:28Z,2010-07-27T16:31:44Z,INSIDE_LIFECYCLE,,2.1.0,2.1.0,1,1,1,openjpa-persistence/src/main/java/org/apache/openjpa/persistence/criteria/Expressions.java
12469301,OPENJPA-1726,42b0b38815b90afde293c230854b2887d6bd79c8,2010-07-20T17:49:25Z,OPENJPA-1726: fix intermittent failure in TestTimestampVersion. The next bulkUpdate timestamp version should be consistently generated as nextVersion method.,2010-07-14T22:46:28Z,2010-07-27T16:31:44Z,INSIDE_LIFECYCLE,,2.1.0,2.1.0,1,1,1,openjpa-jdbc/src/main/java/org/apache/openjpa/jdbc/meta/strats/TimestampVersionStrategy.java
12469301,OPENJPA-1726,bfad6bc65fc4307403f4fd947f26d52c627065cb,2010-07-21T21:15:36Z,"OPENJPA-1726: Per Postgres document, ""The types abstime and reltime are lower precision types which are used internally. You are discouraged from using these types in applications; these internal types might disappear in a future release."" (http://www.postgresql.org/docs/8.4/interactive/datatype-datetime.html)",2010-07-14T22:46:28Z,2010-07-27T16:31:44Z,INSIDE_LIFECYCLE,,2.1.0,2.1.0,1,1,1,openjpa-jdbc/src/main/java/org/apache/openjpa/jdbc/sql/PostgresDictionary.java
12469473,OPENJPA-1727,4dcca875006e4e2c0a91a6d9e961617f34a69898,2010-07-30T21:02:04Z,OPENJPA-1727: Fix QueryCache eviction when returning an empty result and using the TIMESTAMP eviction policy.,2010-07-16T17:48:34Z,2010-08-09T18:09:59Z,INSIDE_LIFECYCLE,,2.0.0|2.1.0,2.1.0,2,2,1,openjpa-kernel/src/main/java/org/apache/openjpa/datacache/QueryCacheStoreQuery.java
12469473,OPENJPA-1727,bb7c9b2fd8cc0077cdde85e6cf595c2b54d611c0,2010-08-02T15:14:23Z,OPENJPA-1727: Update QueryCacheStoreQuery.checkCache.,2010-07-16T17:48:34Z,2010-08-09T18:09:59Z,INSIDE_LIFECYCLE,,2.0.0|2.1.0,2.1.0,1,1,1,openjpa-kernel/src/main/java/org/apache/openjpa/datacache/QueryCacheStoreQuery.java
12364867,OPENJPA-173,d5d214c1821cb78f4bf644cf0c1fe2d5cb092f69,2007-05-02T21:35:55Z,Fix for issue OPENJPA-51. It should also resolve issue OPENJPA-173.,2007-03-14T00:38:17Z,2007-05-02T21:44:46Z,INSIDE_LIFECYCLE,,0.9.6,,1,1,1,openjpa-jdbc/src/main/java/org/apache/openjpa/jdbc/sql/SelectImpl.java
12364867,OPENJPA-173,a044af3287e0ec164de9d0b6841998369860045f,2007-05-02T22:53:39Z,Fix for issue OPENJPA-51. It should also resolve issue OPENJPA-173. Change to use BitSet.,2007-03-14T00:38:17Z,2007-05-02T21:44:46Z,AFTER_RESOLUTION,1,0.9.6,,1,1,1,openjpa-jdbc/src/main/java/org/apache/openjpa/jdbc/sql/SelectImpl.java
12469803,OPENJPA-1736,93c0bbea8feb8449956dd5af2799c4efb70cb8f5,2010-08-21T15:46:34Z,OPENJPA-1736: Mappings with foreign keys as identity fields sometimes not resolved correctly,2010-07-21T10:55:59Z,2010-08-21T15:52:22Z,INSIDE_LIFECYCLE,,2.0.0,2.1.0,10,9,3,openjpa-kernel/src/main/java/org/apache/openjpa/conf/Compatibility.java|openjpa-kernel/src/main/java/org/apache/openjpa/meta/InheritanceOrderedMetaDataList.java|openjpa-kernel/src/main/java/org/apache/openjpa/meta/MetaDataRepository.java
12469847,OPENJPA-1738,6d8b5782c9cb1f75bbe6d9c483e4f1b54f8207c7,2010-07-22T21:54:40Z,OPENJPA-1738: Prepared query does not handle collection-valued parameter of persistence-capable objects,2010-07-21T18:52:14Z,2010-07-24T16:04:48Z,INSIDE_LIFECYCLE,,2.0.0|2.0.1|2.1.0,2.1.0,6,5,1,openjpa-jdbc/src/main/java/org/apache/openjpa/jdbc/kernel/PreparedQueryImpl.java
12365277,OPENJPA-174,229f24547add9fdf5c7414cf98895bf85f83e9d6,2007-03-19T21:46:45Z,OPENJPA-174 : Remove legacy code throwing an exception when attempting to construct an oid instance for an abstract persistent type.  Improve error message in ApplicationIds when attempting to create a new id instance when the id class is abstract.,2007-03-19T17:31:41Z,2007-03-19T21:47:59Z,INSIDE_LIFECYCLE,,0.9.6,0.9.7,7,5,2,openjpa-kernel/src/main/java/org/apache/openjpa/kernel/BrokerImpl.java|openjpa-kernel/src/main/java/org/apache/openjpa/util/ApplicationIds.java
12469858,OPENJPA-1740,44a7674d6ef00a358a9d8d51c7a5fc219518c34c,2010-07-23T20:15:06Z,OPENJPA-1740: fix Type expression when entities use Joined table strategy.,2010-07-21T21:21:40Z,2010-07-23T20:40:04Z,INSIDE_LIFECYCLE,,2.1.0,2.1.0,16,16,13,openjpa-jdbc/src/main/java/org/apache/openjpa/jdbc/kernel/JDBCStoreQuery.java|openjpa-jdbc/src/main/java/org/apache/openjpa/jdbc/kernel/exps/EqualTypeExpression.java|openjpa-jdbc/src/main/java/org/apache/openjpa/jdbc/kernel/exps/ExpContext.java|openjpa-jdbc/src/main/java/org/apache/openjpa/jdbc/kernel/exps/JDBCExpressionFactory.java|openjpa-jdbc/src/main/java/org/apache/openjpa/jdbc/kernel/exps/NotEqualTypeExpression.java|openjpa-jdbc/src/main/java/org/apache/openjpa/jdbc/kernel/exps/Param.java|openjpa-jdbc/src/main/java/org/apache/openjpa/jdbc/meta/ClassMapping.java|openjpa-jdbc/src/main/java/org/apache/openjpa/jdbc/sql/LogicalUnion.java|openjpa-jdbc/src/main/java/org/apache/openjpa/jdbc/sql/Select.java|openjpa-jdbc/src/main/java/org/apache/openjpa/jdbc/sql/SelectImpl.java|openjpa-kernel/src/main/java/org/apache/openjpa/kernel/exps/ExpressionFactory.java|openjpa-kernel/src/main/java/org/apache/openjpa/kernel/exps/InMemoryExpressionFactory.java|openjpa-kernel/src/main/java/org/apache/openjpa/kernel/jpql/JPQLExpressionBuilder.java
12469865,OPENJPA-1742,ebd30a7cc7a59f78a25aea3161f7cc11bedef084,2010-07-22T11:57:45Z,"OPENJPA-1742: move cfName logic to JDBCConfiguration, add tests for nonJTADataSource",2010-07-21T22:57:15Z,2010-07-23T20:37:36Z,INSIDE_LIFECYCLE,,2.0.0,2.0.1|2.1.0,9,7,4,openjpa-jdbc/src/main/java/org/apache/openjpa/jdbc/conf/JDBCConfigurationImpl.java|openjpa-jdbc/src/main/java/org/apache/openjpa/jdbc/kernel/JDBCStoreManager.java|openjpa-kernel/src/main/java/org/apache/openjpa/kernel/AbstractBrokerFactory.java|openjpa-persistence/src/main/java/org/apache/openjpa/persistence/EntityManagerFactoryImpl.java
12469879,OPENJPA-1743,459dddcd5946f45baf0a74bc1dfafd795a6d1494,2010-07-22T17:15:51Z,OPENJPA-1743: anchors in mappingtool config invocation.  Patch from Patrick Linskey.,2010-07-22T01:11:03Z,2010-10-12T18:32:31Z,INSIDE_LIFECYCLE,,1.2.2|1.3.0|2.0.0|2.1.0,2.1.0,1,1,1,openjpa-lib/src/main/java/org/apache/openjpa/lib/conf/ConfigurationImpl.java
12470042,OPENJPA-1746,40e05de74205a5a8b5cafdc0d8f1cffc9223dd95,2010-07-26T20:18:22Z,OPENJPA-1746: Allow null values for persistent unit configuration.,2010-07-23T20:06:07Z,2011-09-21T15:09:07Z,INSIDE_LIFECYCLE,,1.2.2,2.1.2|2.2.0,1,1,1,openjpa-persistence/src/main/java/org/apache/openjpa/persistence/PersistenceUnitInfoImpl.java
12470042,OPENJPA-1746,a18edf3f92670bc100eefed84523009052db4cbd,2010-07-26T20:19:52Z,OPENJPA-1746: Allow null values for configuration,2010-07-23T20:06:07Z,2011-09-21T15:09:07Z,INSIDE_LIFECYCLE,,1.2.2,2.1.2|2.2.0,1,1,1,openjpa-persistence/src/main/java/org/apache/openjpa/persistence/PersistenceUnitInfoImpl.java
12470345,OPENJPA-1749,e97e42b3eb5a3297f60e4c9a816d8dff8a8f9359,2010-07-28T14:30:05Z,OPENJPA-1749: Throw exception when incompatible configuration options are set,2010-07-28T14:18:38Z,2010-07-28T22:08:27Z,INSIDE_LIFECYCLE,,2.0.0,2.0.1|2.1.0,4,3,1,openjpa-persistence/src/main/java/org/apache/openjpa/persistence/EntityManagerFactoryImpl.java
12365310,OPENJPA-175,ae2d8685e1221f3a8ab8a96cc20f2b2cd2aa208f,2007-03-22T20:26:18Z,OPENJPA-175. PagingResultObjectProvider to use FetchBatchSize when set for eager selects. Fix to handle Oracle in-clause limit of 1000,2007-03-19T23:57:25Z,2007-03-24T00:42:32Z,INSIDE_LIFECYCLE,,0.9.0|0.9.6,0.9.7,4,4,4,openjpa-jdbc/src/main/java/org/apache/openjpa/jdbc/kernel/PagingResultObjectProvider.java|openjpa-jdbc/src/main/java/org/apache/openjpa/jdbc/kernel/exps/InExpression.java|openjpa-jdbc/src/main/java/org/apache/openjpa/jdbc/sql/DBDictionary.java|openjpa-jdbc/src/main/java/org/apache/openjpa/jdbc/sql/OracleDictionary.java
12470597,OPENJPA-1756,1b07ef0bc7f53a71b4301f242e6b04963b2a362a,2010-08-01T23:21:42Z,resolve OPENJPA-1756.,2010-08-01T21:59:53Z,2010-08-01T23:23:51Z,INSIDE_LIFECYCLE,,,,2,2,1,openjpa-lib/src/main/java/org/apache/openjpa/lib/util/Localizer.java
12470664,OPENJPA-1757,e65737308ba646ba29eb741983d691ccb6b0f944,2010-08-02T19:31:45Z,OPENJPA-1757: Check CacheRetrieveMode in DataCacheStoreManager when synchronizing version.,2010-08-02T18:15:45Z,2010-08-09T17:46:56Z,INSIDE_LIFECYCLE,,2.0.0|2.1.0,2.1.0,3,3,1,openjpa-kernel/src/main/java/org/apache/openjpa/datacache/DataCacheStoreManager.java
12471141,OPENJPA-1762,4b19d0fa4ad20b385125b5502f886f64016d5665,2010-11-06T17:24:17Z,OPENJPA-1762: lock join table when extended pessimistic scope is used,2010-08-09T19:42:31Z,2010-11-11T17:03:29Z,INSIDE_LIFECYCLE,,2.0.1|2.1.0,,7,7,4,openjpa-jdbc/src/main/java/org/apache/openjpa/jdbc/kernel/PessimisticLockManager.java|openjpa-jdbc/src/main/java/org/apache/openjpa/jdbc/meta/strats/ContainerFieldStrategy.java|openjpa-jdbc/src/main/java/org/apache/openjpa/jdbc/meta/strats/MapTableFieldStrategy.java|openjpa-jdbc/src/main/java/org/apache/openjpa/jdbc/meta/strats/StoreCollectionFieldStrategy.java
12471141,OPENJPA-1762,0836fba1588af1a9c4f1544bd123a3333fcd4a6d,2010-11-08T20:10:45Z,OPENJPA-1762: lock join table when pessimistic scope is set to EXTENDED,2010-08-09T19:42:31Z,2010-11-11T17:03:29Z,INSIDE_LIFECYCLE,,2.0.1|2.1.0,,2,2,2,openjpa-jdbc/src/main/java/org/apache/openjpa/jdbc/kernel/PessimisticLockManager.java|openjpa-persistence/src/main/java/org/apache/openjpa/persistence/EntityManagerImpl.java
12471448,OPENJPA-1765,319ba414835f6b2826905739eaaa9958fd583ede,2010-08-12T20:15:41Z,OPENJPA-1765: Add locking to TableJDBCSeq to ensure thread safety.,2010-08-12T18:23:20Z,2010-09-13T21:58:59Z,INSIDE_LIFECYCLE,,2.0.0|2.1.0,2.0.2|2.1.0,2,2,1,openjpa-jdbc/src/main/java/org/apache/openjpa/jdbc/kernel/TableJDBCSeq.java
12471582,OPENJPA-1768,3a2d50e0114aa180d9b2d31bde16ddf943f5c13a,2011-06-27T20:59:01Z,OPENJPA-1768: Check whether the broker is already loading before recursively loading an entity from datacache,2010-08-13T19:48:39Z,2011-06-27T20:59:16Z,INSIDE_LIFECYCLE,,2.0.0|2.1.0,2.2.0,3,3,2,openjpa-kernel/src/main/java/org/apache/openjpa/kernel/BrokerImpl.java|openjpa-kernel/src/main/java/org/apache/openjpa/kernel/PCDataImpl.java
12471945,OPENJPA-1769,63a24dc7bbd3a99be2d750b5e05303f78e48f6ce,2010-08-18T21:52:59Z,OPENJPA-1769: Fix Broker.getObjectId(..) to work on detached Entities with no DetachedStateManager.,2010-08-18T21:22:42Z,2010-08-18T22:00:06Z,INSIDE_LIFECYCLE,,2.0.0|2.1.0,2.1.0,2,2,1,openjpa-kernel/src/main/java/org/apache/openjpa/kernel/BrokerImpl.java
12472005,OPENJPA-1770,3b20d750e73919118acd035b194cbe9ad64e7fc2,2010-08-19T21:38:25Z,OPENJPA-1770: Fix fetching an Entity with a null embeddable from the DataCache.,2010-08-19T14:31:33Z,2010-08-19T21:39:37Z,INSIDE_LIFECYCLE,,2.0.0|2.1.0,2.1.0,4,4,2,openjpa-kernel/src/main/java/org/apache/openjpa/kernel/PCDataImpl.java|openjpa-kernel/src/main/java/org/apache/openjpa/kernel/PNonTransState.java
12473570,OPENJPA-1784,9c25bd16339a2421edb24713dae2b2b9e9998f14,2010-09-09T06:47:46Z,OPENJPA-1784: improve dirty-checking for persistent maps when the get method is called to retrieve an embeddable value.,2010-09-08T13:31:29Z,2010-09-10T15:36:48Z,INSIDE_LIFECYCLE,,2.0.1,2.1.0,5,5,2,openjpa-jdbc/src/main/java/org/apache/openjpa/jdbc/meta/strats/HandlerHandlerMapTableFieldStrategy.java|openjpa-kernel/src/main/java/org/apache/openjpa/util/ProxyMaps.java
12473570,OPENJPA-1784,35205c46acdd25acd7370837bb72baab900f5bcd,2010-09-09T22:35:19Z,OPENJPA-1784: clean up fix,2010-09-08T13:31:29Z,2010-09-10T15:36:48Z,INSIDE_LIFECYCLE,,2.0.1,2.1.0,2,2,2,openjpa-jdbc/src/main/java/org/apache/openjpa/jdbc/meta/strats/HandlerHandlerMapTableFieldStrategy.java|openjpa-kernel/src/main/java/org/apache/openjpa/util/ProxyMaps.java
12473823,OPENJPA-1787,6fdcebd67367fb1dc9d7d50362bfbce35a0b54ac,2011-03-11T20:29:50Z,"OPENJPA-1787 Updated ""new entity"" merge path through AttachManager and BrokerImpl to refrain from firing a pre-persist event before the state of the merged entity is copied to the new entity.  Test cases based upon code provided by Oliver Ringel.",2010-09-10T16:23:51Z,2011-03-16T18:52:14Z,INSIDE_LIFECYCLE,,2.0.1|2.1.0|2.2.0,2.1.1|2.2.0,4,3,2,openjpa-kernel/src/main/java/org/apache/openjpa/kernel/AttachStrategy.java|openjpa-kernel/src/main/java/org/apache/openjpa/kernel/BrokerImpl.java
12473823,OPENJPA-1787,0971bd301c73bcc82215ecf4d9e18a9908ee5d34,2011-03-16T18:48:11Z,OPENJPA-1787 Fixed VLEM hasUpdateListeners & hasPersistListeners methods and added additional validation test cases.,2010-09-10T16:23:51Z,2011-03-16T18:52:14Z,INSIDE_LIFECYCLE,,2.0.1|2.1.0|2.2.0,2.1.1|2.2.0,3,2,1,openjpa-kernel/src/main/java/org/apache/openjpa/validation/ValidatingLifecycleEventManager.java
12473829,OPENJPA-1788,208347e88d06ea095c3893c622f215f8b8a6fbcd,2010-09-10T22:11:19Z,OPENJPA-1788: use DBIdentifier.isNull for firebird dictionary,2010-09-10T17:23:17Z,2010-09-10T22:45:23Z,INSIDE_LIFECYCLE,,2.0.0|2.0.1|2.0.2,2.1.0,1,1,1,openjpa-jdbc/src/main/java/org/apache/openjpa/jdbc/sql/FirebirdDictionary.java
12365607,OPENJPA-179,f023f58562aeebe2ee9c456c06720de782b70116,2007-04-03T02:48:10Z,OpenJPA-179 store defaultSchemaName in ClassMapping,2007-03-22T19:49:39Z,2007-04-03T02:59:48Z,INSIDE_LIFECYCLE,,0.9.6|0.9.7,0.9.7,3,3,3,openjpa-jdbc/src/main/java/org/apache/openjpa/jdbc/meta/MappingInfo.java|openjpa-persistence-jdbc/src/main/java/org/apache/openjpa/persistence/jdbc/PersistenceMappingDefaults.java|openjpa-persistence-jdbc/src/main/java/org/apache/openjpa/persistence/jdbc/XMLPersistenceMappingParser.java
12473961,OPENJPA-1790,474c1b60c9363028ab9e23edbdd546115732de1b,2010-09-23T02:20:07Z,OPENJPA-1790: Added ProxyConcurrentMaps class (minor formatting changes from Jody's patch) Submitted By: Jody Grassel,2010-09-13T08:30:21Z,2010-09-23T02:21:05Z,INSIDE_LIFECYCLE,,2.0.1,2.0.2|2.1.0,5,5,2,openjpa-kernel/src/main/java/org/apache/openjpa/util/ProxyConcurrentMaps.java|openjpa-kernel/src/main/java/org/apache/openjpa/util/ProxyManagerImpl.java
12474032,OPENJPA-1793,582e91b867963a008d2a8f398a8bd1c97a217a4b,2010-10-26T20:14:15Z,OPENJPA-1793 @EmbeddedId class having only one field java.sql.Data.  Contributed by Heath Thomann.,2010-09-14T06:16:17Z,2010-10-26T20:15:44Z,INSIDE_LIFECYCLE,,2.0.2|2.1.0,2.0.2|2.1.0,4,4,1,openjpa-jdbc/src/main/java/org/apache/openjpa/jdbc/meta/strats/HandlerFieldStrategy.java
12474154,OPENJPA-1794,ca76712e3875051422c4d121bb5008f81cfd3f61,2013-07-23T18:26:42Z,OPENJPA-1794 aggregate function with no result set must return null,2010-09-15T09:07:35Z,2013-10-17T22:32:15Z,INSIDE_LIFECYCLE,,2.0.0,2.0.2|2.1.2|2.2.1.1|2.2.3|2.3.0,13,12,7,openjpa-jdbc/src/main/java/org/apache/openjpa/jdbc/kernel/exps/Avg.java|openjpa-jdbc/src/main/java/org/apache/openjpa/jdbc/kernel/exps/Max.java|openjpa-jdbc/src/main/java/org/apache/openjpa/jdbc/kernel/exps/Min.java|openjpa-jdbc/src/main/java/org/apache/openjpa/jdbc/kernel/exps/NullableAggregateUnaryOp.java|openjpa-jdbc/src/main/java/org/apache/openjpa/jdbc/kernel/exps/Sum.java|openjpa-jdbc/src/main/java/org/apache/openjpa/jdbc/kernel/exps/UnaryOp.java|openjpa-kernel/src/main/java/org/apache/openjpa/conf/Compatibility.java
12474312,OPENJPA-1800,a093e9daa6f01385758993501e155f837ac6b524,2010-09-16T19:37:20Z,OPENJPA-1800: prevent duplicate column in SybaseDictionary.getCreateTableSQL(),2010-09-16T19:36:03Z,2010-09-21T21:15:25Z,INSIDE_LIFECYCLE,,2.0.0,2.1.0,1,1,1,openjpa-jdbc/src/main/java/org/apache/openjpa/jdbc/sql/SybaseDictionary.java
12474312,OPENJPA-1800,c1b941f3d16b8d0fa4e9388c236484d42aea2438,2010-09-16T19:44:37Z,OPENJPA-1800: revert trailing whitespace variable,2010-09-16T19:36:03Z,2010-09-21T21:15:25Z,INSIDE_LIFECYCLE,,2.0.0,2.1.0,1,1,1,openjpa-jdbc/src/main/java/org/apache/openjpa/jdbc/sql/SybaseDictionary.java
12474323,OPENJPA-1801,54bef663e7d9f8ddec9e5434ca1162b09662bcab,2010-10-05T21:12:52Z,OPENJPA-1801: Refactor cache statistics.,2010-09-16T21:11:56Z,2010-10-05T21:14:04Z,INSIDE_LIFECYCLE,,2.0.1|2.1.0,2.1.0,8,8,7,openjpa-kernel/src/main/java/org/apache/openjpa/datacache/AbstractDataCache.java|openjpa-kernel/src/main/java/org/apache/openjpa/datacache/CacheStatistics.java|openjpa-kernel/src/main/java/org/apache/openjpa/datacache/CacheStatisticsImpl.java|openjpa-kernel/src/main/java/org/apache/openjpa/datacache/CacheStatisticsSPI.java|openjpa-kernel/src/main/java/org/apache/openjpa/datacache/DataCacheStoreManager.java|openjpa-kernel/src/main/java/org/apache/openjpa/instrumentation/AbstractDataCacheInstrument.java|openjpa-kernel/src/main/java/org/apache/openjpa/instrumentation/DataCacheInstrument.java
12474323,OPENJPA-1801,426dce38672b3d6c117e3cba912d83bc1b69ec9a,2010-10-06T13:15:39Z,OPENJPA-1801: Remove debug.,2010-09-16T21:11:56Z,2010-10-05T21:14:04Z,AFTER_RESOLUTION,16,2.0.1|2.1.0,2.1.0,1,1,1,openjpa-kernel/src/main/java/org/apache/openjpa/datacache/CacheStatisticsImpl.java
12474490,OPENJPA-1804,b76ab3884e1bb57e9b066d06ea516455d2de01b2,2010-09-21T14:09:17Z,OPENJPA-1804 change subclassing w/o redefinition from a info to warn level logging,2010-09-18T19:54:09Z,2011-01-12T23:03:10Z,INSIDE_LIFECYCLE,,2.0.1,2.1.0,1,1,1,openjpa-kernel/src/main/java/org/apache/openjpa/enhance/ManagedClassSubclasser.java
12474715,OPENJPA-1809,9b105a2f00e451e190defd033c70271020de034d,2010-09-21T19:27:08Z,OPENJPA-1809 Modified syncVersion exception path to pass the lock level into the exception producer.  This eventually allows the exception translator to correctly decide whether the exception was the result of a lock timeout.,2010-09-21T16:17:04Z,2010-09-21T20:31:13Z,INSIDE_LIFECYCLE,,2.0.0|2.0.1|2.1.0,2.1.0,3,3,1,openjpa-jdbc/src/main/java/org/apache/openjpa/jdbc/kernel/JDBCStoreManager.java
12365816,OPENJPA-181,f7aef4581483be989ba84eed1ea71ce0f043c17c,2007-03-27T19:24:54Z,"OPENJPA-181 : Fix class cast exception by passing along the StoreQuery context whenever we pass around an Executor, so that the StoreQuery and Executor are always matched.",2007-03-26T15:26:49Z,2007-03-27T19:25:48Z,INSIDE_LIFECYCLE,,0.9.7,0.9.7,8,8,5,openjpa-kernel/src/main/java/org/apache/openjpa/kernel/AbstractStoreQuery.java|openjpa-kernel/src/main/java/org/apache/openjpa/kernel/DelegatingQuery.java|openjpa-kernel/src/main/java/org/apache/openjpa/kernel/ExpressionStoreQuery.java|openjpa-kernel/src/main/java/org/apache/openjpa/kernel/QueryContext.java|openjpa-kernel/src/main/java/org/apache/openjpa/kernel/QueryImpl.java
12474721,OPENJPA-1810,ad98d444e1f43922ac61a25ae57bd7ccddfc6178,2010-11-04T21:03:23Z,OPENJPA-1810: make QueryKey distinguishable for CriteriaQuery,2010-09-21T16:41:47Z,2010-11-04T21:06:13Z,INSIDE_LIFECYCLE,,2.0.1|2.1.0,2.1.0,4,4,3,openjpa-kernel/src/main/java/org/apache/openjpa/datacache/QueryCacheStoreQuery.java|openjpa-kernel/src/main/java/org/apache/openjpa/datacache/QueryKey.java|openjpa-persistence/src/main/java/org/apache/openjpa/persistence/criteria/CriteriaQueryImpl.java
12474721,OPENJPA-1810,09dab24fcd5b44519db55fc0ab3d51b6e1446c8d,2010-12-08T18:20:21Z,OPENJPA-1810: fix performance regression for non-criteria query cache.,2010-09-21T16:41:47Z,2010-11-04T21:06:13Z,AFTER_RESOLUTION,813,2.0.1|2.1.0,2.1.0,4,4,4,openjpa-kernel/src/main/java/org/apache/openjpa/datacache/QueryCacheStoreQuery.java|openjpa-kernel/src/main/java/org/apache/openjpa/kernel/AbstractStoreQuery.java|openjpa-kernel/src/main/java/org/apache/openjpa/kernel/ExpressionStoreQuery.java|openjpa-kernel/src/main/java/org/apache/openjpa/kernel/StoreQuery.java
12474858,OPENJPA-1811,cccd4c799d683d9beb78e9ed87c4974ca2b8306c,2010-09-22T20:41:15Z,OPENJPA-1811 Dynamic load of enhancer agent on Mac OS X fails,2010-09-22T19:54:20Z,2010-09-22T20:41:46Z,INSIDE_LIFECYCLE,,2.0.0,2.1.0,1,1,1,openjpa-kernel/src/main/java/org/apache/openjpa/enhance/InstrumentationFactory.java
12475061,OPENJPA-1814,cde2a4aaf278bc552f81158a6a573d15b775369c,2010-09-28T23:36:54Z,OPENJPA-1814: JPQL fails with Group By and Having aggregate_expression IN (subquery),2010-09-24T18:15:08Z,2011-01-12T23:11:36Z,INSIDE_LIFECYCLE,,1.2.2|2.1.0,1.2.3|1.3.0|2.0.2|2.1.0,2,2,1,openjpa-kernel/src/main/java/org/apache/openjpa/kernel/ExpressionStoreQuery.java
12475398,OPENJPA-1818,0bcdb27e8fc9d3f011e60a75ee570a04fe3e2a10,2010-10-12T18:31:13Z,OPENJPA-1818 Exclude 'order' as valid column name.,2010-09-29T10:39:37Z,2011-01-12T23:03:10Z,INSIDE_LIFECYCLE,,2.0.0,2.1.0,1,1,1,openjpa-jdbc/src/main/java/org/apache/openjpa/jdbc/sql/H2Dictionary.java
12475495,OPENJPA-1819,a4080f46f5aa1b420e4910209fc0eb737624dba8,2010-09-30T22:07:11Z,"OPENJPA-1819: if there is a group-by clause, orderby_item must be in the group-by list",2010-09-30T09:57:24Z,2013-10-18T15:08:15Z,INSIDE_LIFECYCLE,,2.0.1|2.0.2,2.1.0|2.3.0,2,2,1,openjpa-jdbc/src/main/java/org/apache/openjpa/jdbc/kernel/exps/SelectConstructor.java
12476792,OPENJPA-1828,60e88f82faad894eddf23dc3a71c537e02baf4f1,2010-10-18T17:30:48Z,OPENJPA-1828: Query with expression IN (collection_valued_input_parameter) gives wrong result when executed the second time,2010-10-07T18:26:32Z,2010-10-20T05:11:15Z,INSIDE_LIFECYCLE,,2.1.0,2.1.0,4,3,1,openjpa-jdbc/src/main/java/org/apache/openjpa/jdbc/kernel/exps/Param.java
12477048,OPENJPA-1830,739ee54c198fc0a284156f40299e906b2b74db03,2010-10-11T20:00:17Z,OPENJPA-1830 Deserialization of EMF causes openjpa.connectionPassword to be overwritten with Value.INVISIBLE,2010-10-11T18:05:46Z,2010-10-11T21:47:12Z,INSIDE_LIFECYCLE,,2.0.0,2.1.0,3,3,1,openjpa-lib/src/main/java/org/apache/openjpa/lib/conf/ConfigurationImpl.java
12477175,OPENJPA-1831,be183a3a94d5c1add4496473a57f5334dacc54ec,2010-10-12T19:23:12Z,OPENJPA-1831 DataSourceFactory manipulates queryTimeout which is already in milliseconds,2010-10-12T19:13:14Z,2010-10-15T15:19:30Z,INSIDE_LIFECYCLE,,2.0.0,2.1.0,1,1,1,openjpa-jdbc/src/main/java/org/apache/openjpa/jdbc/schema/DataSourceFactory.java
12477366,OPENJPA-1832,2df8af745705b0fcfea38dd1a4b38604e9d12de0,2010-10-14T15:36:27Z,OPENJPA-1832: numeric is not fixed size.,2010-10-14T15:12:18Z,2010-10-14T15:55:06Z,INSIDE_LIFECYCLE,,2.1.0,2.1.0,1,1,1,openjpa-jdbc/src/main/java/org/apache/openjpa/jdbc/sql/SybaseDictionary.java
12477478,OPENJPA-1835,2e11a6a90be6345a3b2f5451bd00705b5c461800,2010-10-15T15:00:30Z,OPENJPA-1835: add dummy as an invalid column name for Sybase and update testcase to use DBIdentifier to get column name.,2010-10-15T14:59:37Z,2010-10-19T17:54:38Z,INSIDE_LIFECYCLE,,2.1.0,2.1.0,2,2,1,openjpa-jdbc/src/main/java/org/apache/openjpa/jdbc/sql/SybaseDictionary.java
12477514,OPENJPA-1837,fdf58d63ba0f7bf1c844e4b5da3fb904b90cf546,2010-10-18T17:48:30Z,OPENJPA-1837 - reset Oracle dictionary maxEmbedded*lobSize = -1 for jdbc driver (11.2.0.x) that can handle *lob size > 4000 characters.,2010-10-15T22:17:50Z,2010-10-20T22:01:15Z,INSIDE_LIFECYCLE,,2.0.1,2.0.1,3,1,1,openjpa-jdbc/src/main/java/org/apache/openjpa/jdbc/sql/OracleDictionary.java
12477514,OPENJPA-1837,75bbc90899fb644387e7cba5c5c77e5e5adc8de3,2010-10-19T16:14:51Z,OPENJPA-1837: fix the MaxEmbeddedLobFieldStrategy when there is limitation of max lob size and when the field is in an embeddable which is contained in an element collection.,2010-10-15T22:17:50Z,2010-10-20T22:01:15Z,INSIDE_LIFECYCLE,,2.0.1,2.0.1,10,10,8,openjpa-jdbc/src/main/java/org/apache/openjpa/jdbc/meta/MappingRepository.java|openjpa-jdbc/src/main/java/org/apache/openjpa/jdbc/meta/strats/EmbedValueHandler.java|openjpa-jdbc/src/main/java/org/apache/openjpa/jdbc/meta/strats/HandlerFieldStrategy.java|openjpa-jdbc/src/main/java/org/apache/openjpa/jdbc/meta/strats/MaxEmbeddedBlobFieldStrategy.java|openjpa-jdbc/src/main/java/org/apache/openjpa/jdbc/meta/strats/MaxEmbeddedByteArrayFieldStrategy.java|openjpa-jdbc/src/main/java/org/apache/openjpa/jdbc/meta/strats/MaxEmbeddedCharArrayFieldStrategy.java|openjpa-jdbc/src/main/java/org/apache/openjpa/jdbc/meta/strats/MaxEmbeddedClobFieldStrategy.java|openjpa-jdbc/src/main/java/org/apache/openjpa/jdbc/meta/strats/MaxEmbeddedLobFieldStrategy.java
12477545,OPENJPA-1838,d99e1dff36ce235658c1ec5e06311509051ab4b4,2010-10-16T18:52:21Z,OPENJPA-1838: allow FKs to be added when using Sybase,2010-10-16T18:52:09Z,2010-10-16T18:53:08Z,INSIDE_LIFECYCLE,,2.1.0,2.1.0,1,1,1,openjpa-jdbc/src/main/java/org/apache/openjpa/jdbc/sql/SybaseDictionary.java
12477643,OPENJPA-1840,f9cfbbfe2cc5cdea1b2d9885caf24c2413a7beb5,2010-10-18T15:11:30Z,OPENJPA-1840: handle query timeouts with Sybase - SQLState JZ006:JZ0TO,2010-10-18T15:03:53Z,2010-10-18T15:13:16Z,INSIDE_LIFECYCLE,,2.1.0,2.1.0,2,1,1,openjpa-jdbc/src/main/java/org/apache/openjpa/jdbc/sql/SybaseDictionary.java
12477846,OPENJPA-1845,54234f6102364783f1349338fd606269409ba367,2010-10-28T17:18:09Z,OPENJPA-1845: Detect query using IN expression with parameters and exclude from query cache,2010-10-20T10:27:48Z,2011-05-24T14:37:49Z,INSIDE_LIFECYCLE,,2.0.1,2.1.1|2.2.0,6,5,4,openjpa-jdbc/src/main/java/org/apache/openjpa/jdbc/kernel/PreparedQueryCacheImpl.java|openjpa-jdbc/src/main/java/org/apache/openjpa/jdbc/kernel/PreparedQueryImpl.java|openjpa-kernel/src/main/java/org/apache/openjpa/kernel/exps/QueryExpressions.java|openjpa-kernel/src/main/java/org/apache/openjpa/kernel/jpql/JPQLExpressionBuilder.java
12365962,OPENJPA-185,57f9f3af1da42be60f8d73594d4d1300909a83d9,2007-04-02T21:14:48Z,OpenJPA-185 allow optional to be overriden by xml descriptor.,2007-03-28T03:25:31Z,2007-04-02T21:15:09Z,INSIDE_LIFECYCLE,,0.9.0|0.9.6,0.9.7,4,3,1,openjpa-persistence/src/main/java/org/apache/openjpa/persistence/XMLPersistenceMetaDataParser.java
12478171,OPENJPA-1853,c9bad3efcd992737adbd3df6db91b11794a1228a,2010-10-25T20:03:01Z,OPENJPA-1853 Modified DB2Dictionary to disable auto retrieval of generated keys on iSeries V5R4 and earlier.,2010-10-24T10:27:20Z,2010-11-03T14:00:05Z,INSIDE_LIFECYCLE,,2.0.0|2.0.1,2.1.0,1,1,1,openjpa-jdbc/src/main/java/org/apache/openjpa/jdbc/sql/DB2Dictionary.java
12478387,OPENJPA-1856,7c377a90434f30c555a60bf2d9f5345d798b8bd2,2010-10-27T14:47:44Z,OPENJPA-1856: Executing bulk updates should evict from DataCache.,2010-10-26T19:32:38Z,2011-01-10T19:12:34Z,INSIDE_LIFECYCLE,,2.0.0|2.1.0|2.2.0,2.1.0|2.2.0,4,4,2,openjpa-kernel/src/main/java/org/apache/openjpa/kernel/AbstractStoreQuery.java|openjpa-kernel/src/main/java/org/apache/openjpa/kernel/ExpressionStoreQuery.java
12478387,OPENJPA-1856,04b1abb0393fe8f7186b507650b5bd279576bc9b,2011-01-10T19:03:21Z,OPENJPA-1856: Make DataCache eviction due to bulk updates configurable.,2010-10-26T19:32:38Z,2011-01-10T19:12:34Z,INSIDE_LIFECYCLE,,2.0.0|2.1.0|2.2.0,2.1.0|2.2.0,9,8,7,openjpa-kernel/src/main/java/org/apache/openjpa/datacache/AbstractDataCache.java|openjpa-kernel/src/main/java/org/apache/openjpa/datacache/DataCache.java|openjpa-kernel/src/main/java/org/apache/openjpa/datacache/DataCacheStoreManager.java|openjpa-kernel/src/main/java/org/apache/openjpa/datacache/DelegatingDataCache.java|openjpa-kernel/src/main/java/org/apache/openjpa/datacache/QueryCacheStoreQuery.java|openjpa-kernel/src/main/java/org/apache/openjpa/kernel/AbstractStoreQuery.java|openjpa-kernel/src/main/java/org/apache/openjpa/kernel/ExpressionStoreQuery.java
12478474,OPENJPA-1857,c3c97f7cf3477d92d94e792e8aa8bdbb36991df3,2010-10-27T20:55Z,OPENJPA-1857: fix the exception to be thrown by OpenJPA when wrong JoinColumn annotation is specified.,2010-10-27T16:17:33Z,2010-10-27T20:58:43Z,INSIDE_LIFECYCLE,,2.1.0,2.1.0,5,5,3,openjpa-jdbc/src/main/java/org/apache/openjpa/jdbc/meta/MappingInfo.java|openjpa-jdbc/src/main/java/org/apache/openjpa/jdbc/schema/DynamicSchemaFactory.java|openjpa-jdbc/src/main/java/org/apache/openjpa/jdbc/schema/Table.java
12478835,OPENJPA-1866,8cfea1bd5f95cb05caebcecec0333ddd29912302,2010-11-19T20:21:20Z,OPENJPA-1866: Add missing break to AnnotationPersistenceMetaDataSerializer. Patch contributed by Guy Korland.,2010-11-01T20:04:37Z,2010-11-19T20:22:32Z,INSIDE_LIFECYCLE,,2.0.1|2.1.0,2.1.0,1,1,1,openjpa-persistence/src/main/java/org/apache/openjpa/persistence/AnnotationPersistenceMetaDataSerializer.java
12478886,OPENJPA-1867,d99b9ba0341c827e69ed235d7a3f42d31673f15e,2010-11-02T14:19:30Z,OPENJPA-1867: Fix ClassCastException when loading from DataCache.,2010-11-02T13:45:27Z,2010-11-02T14:25:08Z,INSIDE_LIFECYCLE,,2.1.0,2.1.0,2,2,1,openjpa-kernel/src/main/java/org/apache/openjpa/datacache/DataCacheStoreManager.java
12479005,OPENJPA-1870,f946f8383bc3ca287f8711a486c057d5aee082e9,2010-11-04T17:58Z,OPENJPA-1870: Check if columnDefinition was provided before overriding blob type.,2010-11-03T16:01:39Z,2010-11-05T15:20Z,INSIDE_LIFECYCLE,,2.0.2,2.1.0,1,1,1,openjpa-jdbc/src/main/java/org/apache/openjpa/jdbc/sql/MySQLDictionary.java
12479138,OPENJPA-1873,4bffcc9c9a3786f3aeb0a7a386ded3bdf25decf1,2011-12-08T13:27:31Z,OPENJPA-1873 fix PostLoad entity listener behaviour,2010-11-04T19:57:14Z,2011-12-08T14:59:07Z,INSIDE_LIFECYCLE,,2.0.0|2.0.1|2.0.2,2.2.0,13,12,8,openjpa-kernel/src/main/java/org/apache/openjpa/conf/OpenJPAConfiguration.java|openjpa-kernel/src/main/java/org/apache/openjpa/conf/OpenJPAConfigurationImpl.java|openjpa-kernel/src/main/java/org/apache/openjpa/kernel/AbstractBrokerFactory.java|openjpa-kernel/src/main/java/org/apache/openjpa/kernel/BrokerImpl.java|openjpa-kernel/src/main/java/org/apache/openjpa/kernel/DelegatingBroker.java|openjpa-kernel/src/main/java/org/apache/openjpa/kernel/DetachedStateManager.java|openjpa-kernel/src/main/java/org/apache/openjpa/kernel/StateManagerImpl.java|openjpa-kernel/src/main/java/org/apache/openjpa/kernel/StoreContext.java
12479205,OPENJPA-1874,6d423c5b6b04f683b545d2890f0d74b785f44be5,2010-11-05T15:57:26Z,OPENJPA-1874: handle Oracle XMLType columns with @Lob annotation,2010-11-05T14:30:22Z,2010-11-08T22:41Z,INSIDE_LIFECYCLE,,1.2.2|2.0.0|2.0.1,1.2.3|2.0.2|2.1.0,3,3,1,openjpa-jdbc/src/main/java/org/apache/openjpa/jdbc/schema/Column.java
12479394,OPENJPA-1877,3c52abb73d84b4951c1db8e401583975f7d3793b,2010-11-08T17:33:41Z,OPENJPA-1877: Detect XMLType column for Oracle and treat as XML,2010-11-08T17:19:08Z,2010-11-08T22:40:46Z,INSIDE_LIFECYCLE,,2.0.1,1.3.0|2.0.2|2.1.0,2,2,2,openjpa-jdbc/src/main/java/org/apache/openjpa/jdbc/schema/Table.java|openjpa-jdbc/src/main/java/org/apache/openjpa/jdbc/sql/OracleDictionary.java
12479591,OPENJPA-1881,5040a436e7dc394dececa869321cfae52f30e4ac,2010-11-10T14:13:10Z,"OPENJPA-1881.  Creating a new ""completion"" trace message for the enhancement processing.",2010-11-10T14:12:38Z,2010-11-11T17:31:45Z,INSIDE_LIFECYCLE,,2.1.0,2.1.0,2,1,1,openjpa-kernel/src/main/java/org/apache/openjpa/enhance/PCClassFileTransformer.java
12479608,OPENJPA-1882,c960f725cb6d6ad6211ceec654ea657ccbebface,2010-11-10T18:34:35Z,OPENJPA-1882: Fix DataCacheStoreManager NPE.,2010-11-10T17:23:25Z,2010-11-10T18:35:47Z,INSIDE_LIFECYCLE,,2.1.0,2.1.0,2,2,1,openjpa-kernel/src/main/java/org/apache/openjpa/datacache/DataCacheStoreManager.java
12479818,OPENJPA-1884,b56fcf328763c661e1651c2ec1f2888efa9c9155,2010-12-06T16:09:08Z,OPENJPA-1884 Updated entity manager impl to process cache store mode property provided on refresh method and updated data cache manager to refresh the L2 properly when a store mode is provided.,2010-11-12T18:48:36Z,2011-03-31T21:05:32Z,INSIDE_LIFECYCLE,,2.1.0,2.1.1,3,3,2,openjpa-kernel/src/main/java/org/apache/openjpa/datacache/DataCacheStoreManager.java|openjpa-persistence/src/main/java/org/apache/openjpa/persistence/EntityManagerImpl.java
12479974,OPENJPA-1886,98ebca2fe72b02c785715c29decb92808a288f88,2010-11-16T22:12:18Z,OPENJPA-1886: Remove query parameters when tracing.,2010-11-15T16:24:06Z,2010-11-16T22:19:21Z,INSIDE_LIFECYCLE,,2.0.2|2.1.0,2.1.0,3,3,2,openjpa-kernel/src/main/java/org/apache/openjpa/kernel/BrokerImpl.java|openjpa-kernel/src/main/java/org/apache/openjpa/kernel/QueryImpl.java
12480255,OPENJPA-1890,dcaa2177c6f89620b373823803adb7c819436e07,2010-11-17T21:55:21Z,OPENJPA-1890: fix NPE when an embeddable is set to a managed entity more than once,2010-11-17T20:57:25Z,2011-01-12T23:03:14Z,INSIDE_LIFECYCLE,,2.0.1,2.0.2|2.1.0,1,1,1,openjpa-kernel/src/main/java/org/apache/openjpa/kernel/SingleFieldManager.java
12480408,OPENJPA-1892,73cd30152044f4fc56f25eb4b64529983dc9b0a1,2010-11-19T19:48:49Z,OPENJPA-1892: Fix NPE in DataCacheStoreManager.,2010-11-19T09:09:47Z,2010-11-19T19:52:19Z,INSIDE_LIFECYCLE,,2.0.0|2.1.0,2.1.0,4,4,1,openjpa-kernel/src/main/java/org/apache/openjpa/datacache/DataCacheStoreManager.java
12480591,OPENJPA-1893,d12209163ebb77899629394ad563cdbe19c1fff7,2010-11-22T21:47:18Z,OPENJPA-1893: handle more than one join-column tag inside collection-table tag,2010-11-22T16:33:50Z,2010-11-22T21:50:25Z,INSIDE_LIFECYCLE,,2.0.1,2.1.0,6,5,1,openjpa-persistence-jdbc/src/main/java/org/apache/openjpa/persistence/jdbc/XMLPersistenceMappingParser.java
12480591,OPENJPA-1893,2ef2640092c857bf1cea1808a3a10923f50d3dde,2010-11-30T00:02:46Z,"OPENJPA-1893: The test case exposes a reserved-word column name problem for Oracle and Sybase with SchemaAction='drop,add'",2010-11-22T16:33:50Z,2010-11-22T21:50:25Z,AFTER_RESOLUTION,170,2.0.1,2.1.0,4,4,4,openjpa-jdbc/src/main/java/org/apache/openjpa/jdbc/schema/SchemaTool.java|openjpa-jdbc/src/main/java/org/apache/openjpa/jdbc/schema/Table.java|openjpa-jdbc/src/main/java/org/apache/openjpa/jdbc/sql/DBDictionary.java|openjpa-jdbc/src/main/java/org/apache/openjpa/jdbc/sql/SybaseDictionary.java
12480601,OPENJPA-1894,7178dd3f002380aee3205d83150c0d9a2d135ae4,2010-11-22T18:23:34Z,OPENJPA-1894: reduce the number of Strings created by SelectImpl.getTableIndex,2010-11-22T18:19:41Z,2010-11-22T18:31:46Z,INSIDE_LIFECYCLE,,2.1.0,2.1.0,1,1,1,openjpa-jdbc/src/main/java/org/apache/openjpa/jdbc/sql/SelectImpl.java
12480685,OPENJPA-1896,caeb66ab25f06be62007e086b38b6d03f1eb5a3c,2010-12-22T18:41:09Z,OPENJPA-1896: Allow merging a StateManagerless Entity with a default primitive version.,2010-11-23T16:32:43Z,2011-01-10T22:11:27Z,INSIDE_LIFECYCLE,,2.0.1|2.1.0|2.2.0,2.1.0|2.2.0,7,7,3,openjpa-kernel/src/main/java/org/apache/openjpa/enhance/PCEnhancer.java|openjpa-kernel/src/main/java/org/apache/openjpa/kernel/VersionAttachStrategy.java|openjpa-kernel/src/main/java/org/apache/openjpa/meta/JavaTypes.java
12480699,OPENJPA-1897,a0907bfc3f6f58fe6dfc09557934166a9d51cda5,2010-11-23T17:29:32Z,OPENJPA-1897: Add all reserved words to invalid column name set,2010-11-23T17:29:49Z,2010-11-23T20:08:45Z,BEFORE_CREATION,,2.0.1,2.1.0,1,1,1,openjpa-jdbc/src/main/java/org/apache/openjpa/jdbc/sql/SybaseDictionary.java
12491624,OPENJPA-1900,a927273cf98f33d57ccac0de89d84dbefd7c90e6,2010-12-16T21:29:51Z,OPENJPA-1900: Fix ClassCastException when serializing a proxy for an Entity that exists in an active persistence context. Patch contributed by Mark Struberg.,2010-11-30T09:20:13Z,2010-12-17T12:20:45Z,INSIDE_LIFECYCLE,,2.0.1|2.1.0|2.2.0,2.1.0|2.2.0,1,1,1,openjpa-kernel/src/main/java/org/apache/openjpa/util/Proxies.java
12491654,OPENJPA-1901,52ea95686b7febacae7782817901faa54c120beb,2012-02-03T18:34:30Z,OPENJPA-1901: QueryCacheStoreQuery CachedObjectId is not Serializable,2010-11-30T16:29:30Z,2012-02-06T23:38:30Z,INSIDE_LIFECYCLE,,2.0.0|2.0.1,2.0.2|2.1.2|2.2.0|2.3.0,1,1,1,openjpa-kernel/src/main/java/org/apache/openjpa/datacache/QueryCacheStoreQuery.java
12491683,OPENJPA-1902,502e997b9ca45fd380090e4659e75e9486ccc965,2010-11-30T19:03:10Z,OPENJPA-1902: add all reserved words to invalidColumnWordSet for SQLServer,2010-11-30T19:03:25Z,2010-11-30T19:13:11Z,BEFORE_CREATION,,,2.1.0|2.2.0,1,1,1,openjpa-jdbc/src/main/java/org/apache/openjpa/jdbc/sql/AbstractSQLServerDictionary.java
12492529,OPENJPA-1903,ccc81f0ab872b8f78106e8ba1f8d95453be7c8da,2010-12-07T22:42:16Z,OPENJPA-1903: Parameter substitution for complex identity,2010-12-06T19:05:34Z,2012-02-03T19:28:54Z,INSIDE_LIFECYCLE,,2.0.1,2.2.0,1,1,1,openjpa-jdbc/src/main/java/org/apache/openjpa/jdbc/kernel/PreparedQueryImpl.java
12492771,OPENJPA-1904,20c1d07a3816342f09f4103bacb730d3d86a43c2,2010-12-09T15:33:11Z,OPENJPA-1904 Propagate refresh operation for eagerly fetched relationship fields.,2010-12-08T22:20:38Z,2010-12-10T22:08:25Z,INSIDE_LIFECYCLE,,2.0.2|2.1.0|2.2.0,2.1.0|2.2.0,4,4,4,openjpa-kernel/src/main/java/org/apache/openjpa/kernel/BrokerImpl.java|openjpa-kernel/src/main/java/org/apache/openjpa/kernel/LockManager.java|openjpa-kernel/src/main/java/org/apache/openjpa/kernel/NoneLockManager.java|openjpa-kernel/src/main/java/org/apache/openjpa/kernel/VersionLockManager.java
12492980,OPENJPA-1905,3de119f57a62ecdb6886cde2476232f7f12d4f86,2010-12-13T18:54:57Z,OPENJPA-1905: Validate jar-file pu element after confirming OpenJPA is chosen provider,2010-12-10T21:37:42Z,2011-01-25T20:24:17Z,INSIDE_LIFECYCLE,,1.2.0|1.2.1|1.2.2|2.0.0|2.0.1,1.2.3|2.0.2|2.1.0|2.2.0,4,3,2,openjpa-persistence/src/main/java/org/apache/openjpa/persistence/PersistenceProductDerivation.java|openjpa-persistence/src/main/java/org/apache/openjpa/persistence/PersistenceUnitInfoImpl.java
12494449,OPENJPA-1910,c8b5c8350e2d8d7dbee3e338f9ec8f4966c5f68d,2011-01-11T19:28:34Z,OPENJPA-1910: Update PersistenceProviderImpl to use different classloader when running in osgi.,2011-01-02T16:51:28Z,2011-01-11T19:30:39Z,INSIDE_LIFECYCLE,,2.0.1|2.1.0|2.2.0,2.1.0|2.2.0,1,1,1,openjpa-persistence/src/main/java/org/apache/openjpa/persistence/PersistenceProviderImpl.java
12494510,OPENJPA-1911,c39cd993fa0927b1efffa286f324959258fa79ae,2011-01-03T19:32:03Z,OPENJPA-1911: fix merge problem for entities with derived id,2011-01-03T18:51:17Z,2011-02-15T21:01:01Z,INSIDE_LIFECYCLE,,1.0.4|1.2.2|2.0.1|2.1.0|2.2.0,1.2.3|1.3.0|2.0.2|2.1.0|2.2.0,5,5,1,openjpa-kernel/src/main/java/org/apache/openjpa/kernel/StateManagerImpl.java
12494520,OPENJPA-1912,891ccc625c6126e7d2b9a50be5d468927151b74b,2011-02-16T02:12:28Z,OPENJPA-1912: Generate externalizable methods correctly for super and subclasses. Submitted By: Mark Struberg,2011-01-03T19:48:09Z,2011-02-16T02:12:52Z,INSIDE_LIFECYCLE,,2.0.0|2.0.1|2.1.0,2.2.0,6,3,1,openjpa-kernel/src/main/java/org/apache/openjpa/enhance/PCEnhancer.java
12494845,OPENJPA-1918,06c3ec64586a862f056b8dd951db890dcba2a582,2011-01-07T00:02:05Z,OPENJPA-1918: Append PUInfo classloader to MDR.preload() classloader chain.,2011-01-06T14:11:24Z,2011-01-06T22:11:38Z,AFTER_RESOLUTION,1,2.0.1|2.1.0|2.2.0,2.1.0|2.2.0,1,1,1,openjpa-kernel/src/main/java/org/apache/openjpa/meta/MetaDataRepository.java
12495627,OPENJPA-1923,28a0c0da8639543ae859bcf53c576cbaa21f2d72,2011-01-17T21:15:29Z,OPENJPA-1923: Remove restriction to enclose collection-valued query parameter in parentheses. The commit ran tests locally and partially as my TeamCity agent is broken.,2011-01-14T21:52:32Z,2011-01-31T17:00:38Z,INSIDE_LIFECYCLE,,,2.1.0|2.2.0,2,2,1,openjpa-jdbc/src/main/java/org/apache/openjpa/jdbc/kernel/exps/Param.java
12496199,OPENJPA-1928,7eb317e488993e2f6e0acdd7843abb4833181b2e,2011-03-22T18:23:28Z,OPENJPA-1928: Fix @Factory method resolution when name is ambiguous. Patch contributed by Edward Sargisson.,2011-01-20T23:43:52Z,2011-03-22T18:24:25Z,INSIDE_LIFECYCLE,,1.2.1|2.0.1,2.2.0,3,3,1,openjpa-kernel/src/main/java/org/apache/openjpa/meta/FieldMetaData.java
12497418,OPENJPA-1935,d1ec54c6914e92f02817fdeb290a860bc908fc0b,2011-02-08T16:42:22Z,OPENJPA-1935 Updated Informix dictionary to examine nested SQL exceptions when determining whether a generic exception is a lock exception.  Added Informix JDBC profile to jdbc and locking poms.,2011-02-02T04:13:07Z,2011-02-15T21:26:24Z,INSIDE_LIFECYCLE,,2.1.0|2.2.0,2.1.0|2.2.0,5,3,1,openjpa-jdbc/src/main/java/org/apache/openjpa/jdbc/sql/InformixDictionary.java
12498188,OPENJPA-1938,24f976d6198378c4d9fc5ba3af74b52d778f83d8,2011-02-10T03:08Z,OPENJPA-1938 Update timeTypeName from DATETIME to DATETIME2 to match the other date/timestamp data type.,2011-02-10T03:06:42Z,2011-02-10T20:55:39Z,INSIDE_LIFECYCLE,,2.1.0|2.2.0,2.1.0|2.2.0,1,1,1,openjpa-jdbc/src/main/java/org/apache/openjpa/jdbc/sql/SQLServerDictionary.java
12498581,OPENJPA-1939,b44614d94b13f90d879aff00d0c8bd62f368529f,2011-02-21T16:06:05Z,OPENJPA-1939: Increase index length for DB2 and testcase workaround for OPENJPA-1948,2011-02-14T22:30:03Z,2011-02-21T19:46:33Z,INSIDE_LIFECYCLE,,1.2.2|2.0.1|2.1.0,2.1.1|2.2.0,2,2,1,openjpa-jdbc/src/main/java/org/apache/openjpa/jdbc/sql/DB2Dictionary.java
12498801,OPENJPA-1940,61f686a3002312033366aa05ea171113b666395d,2011-02-16T23:17:42Z,OPENJPA-1940: Use unqualified name when looking for PK columns on Oracle.,2011-02-16T19:42:31Z,2011-02-21T21:35:21Z,INSIDE_LIFECYCLE,,2.1.0,2.1.1|2.2.0,1,1,1,openjpa-jdbc/src/main/java/org/apache/openjpa/jdbc/sql/OracleDictionary.java
12498950,OPENJPA-1943,0c37fc6e5744a8d84d9d343ac29323844f682b6e,2011-02-18T16:59:16Z,OPENJPA-1943 - Apply query timeout value to pessimistic row lock statement execution.,2011-02-17T21:01Z,2011-02-18T19:38:49Z,INSIDE_LIFECYCLE,,2.0.1|2.1.0|2.2.0,2.1.1|2.2.0,10,9,5,openjpa-kernel/src/main/java/org/apache/openjpa/kernel/BrokerImpl.java|openjpa-kernel/src/main/java/org/apache/openjpa/kernel/DelegatingBroker.java|openjpa-kernel/src/main/java/org/apache/openjpa/kernel/StoreContext.java|openjpa-persistence/src/main/java/org/apache/openjpa/persistence/EntityManagerImpl.java|openjpa-persistence/src/main/java/org/apache/openjpa/persistence/QueryImpl.java
12499043,OPENJPA-1944,c54b8ca82374c9b0626a2d28c0610ecb9b77496d,2011-02-22T02:06:11Z,OPENJPA-1944: Version defaults to 1 if the column returns null from the database,2011-02-18T14:37:08Z,2011-03-22T21:07:57Z,INSIDE_LIFECYCLE,,1.2.2|2.1.0,2.1.1|2.2.0,5,5,1,openjpa-jdbc/src/main/java/org/apache/openjpa/jdbc/meta/strats/ColumnVersionStrategy.java
12499043,OPENJPA-1944,2cfb4f62322444507f19bb79477fa5c85a2e78c3,2011-03-22T17:41:58Z,OPENJPA-1944: Properly handle a null version field.,2011-02-18T14:37:08Z,2011-03-22T21:07:57Z,INSIDE_LIFECYCLE,,1.2.2|2.1.0,2.1.1|2.2.0,5,5,2,openjpa-jdbc/src/main/java/org/apache/openjpa/jdbc/meta/strats/ColumnVersionStrategy.java|openjpa-kernel/src/main/java/org/apache/openjpa/kernel/StateManagerImpl.java
12500194,OPENJPA-1954,887f8977ed6deb68f835fbd02cbb3747fd03aad2,2011-03-02T20:57:03Z,OPENJPA-1954: Fix ArrayIndexOutOfBoundsException when querying on a version field that is in a MappedSuperclass.,2011-03-02T16:22:48Z,2013-10-17T22:33:54Z,INSIDE_LIFECYCLE,,1.2.2|2.0.0|2.1.0|2.2.0,2.1.2|2.2.0,5,5,2,openjpa-jdbc/src/main/java/org/apache/openjpa/jdbc/meta/FieldMapping.java|openjpa-jdbc/src/main/java/org/apache/openjpa/jdbc/sql/DBDictionary.java
12500828,OPENJPA-1957,2dbbe70692adfb38d05ce040768db02ff65fbc16,2011-03-09T20:32:59Z,OPENJPA-1957: treat non element collection like normal serializable types,2011-03-09T00:11:37Z,2011-03-09T22:48:56Z,INSIDE_LIFECYCLE,,1.2.2|2.0.1|2.1.0,1.2.3|2.0.2|2.1.1|2.2.0,7,5,1,openjpa-persistence-jdbc/src/main/java/org/apache/openjpa/persistence/jdbc/XMLPersistenceMappingParser.java
12501250,OPENJPA-1958,c87edf80497062d096d5441effb7a1164e673675,2011-03-12T17:04:36Z,OPENJPA-1958: handle index out of bounds condition.,2011-03-12T16:11:16Z,2011-03-12T18:46:46Z,INSIDE_LIFECYCLE,,1.2.2|2.0.1|2.1.0|2.2.0,2.1.1|2.2.0,1,1,1,openjpa-jdbc/src/main/java/org/apache/openjpa/jdbc/kernel/BatchingPreparedStatementManagerImpl.java
12501261,OPENJPA-1959,d3d944ccd28095b9fbaa6368979b5a064fc9e744,2011-03-12T19:05:55Z,OPENJPA-1959: make runtime exception translator transient,2011-03-12T19:04:01Z,2011-03-12T19:15:51Z,INSIDE_LIFECYCLE,,1.2.2|2.0.1|2.1.0|2.2.0,2.1.1|2.2.0,1,1,1,openjpa-kernel/src/main/java/org/apache/openjpa/kernel/DelegatingQuery.java
12501521,OPENJPA-1960,9b5fa5152acd4cd77520b36e06bdfb58d8f3cf64,2011-03-22T20:50:21Z,OPENJPA-1960: Allow openjpa.InitializeEagerly to be used with BV.,2011-03-15T23:19:03Z,2011-03-22T20:51:19Z,INSIDE_LIFECYCLE,,2.1.0|2.2.0,2.2.0,2,2,1,openjpa-kernel/src/main/java/org/apache/openjpa/conf/OpenJPAConfigurationImpl.java
12502735,OPENJPA-1968,f10e349f7c356291d32173541c3936e0253243b8,2011-03-29T16:38:59Z,OPENJPA-1968 Set DATETIME2 based on db version and also set the correct date_precision for DATETIME2 type.,2011-03-29T16:23:57Z,2011-04-05T21:09:01Z,INSIDE_LIFECYCLE,,2.1.0|2.1.1|2.2.0,2.1.1|2.2.0,1,1,1,openjpa-jdbc/src/main/java/org/apache/openjpa/jdbc/sql/SQLServerDictionary.java
12502905,OPENJPA-1969,fd197214a922428f79f9b512e9fc4c144d0724f8,2011-03-30T17:58:32Z,OPENJPA-1969 - Decode HYT00 to LockTimeoutException,2011-03-30T17:39:19Z,2011-04-05T21:08:24Z,INSIDE_LIFECYCLE,,2.1.0|2.1.1|2.2.0,2.1.1|2.2.0,2,1,1,openjpa-jdbc/src/main/java/org/apache/openjpa/jdbc/sql/SQLServerDictionary.java
12503268,OPENJPA-1974,2d232cf4c0f6aaa33dc911610ee098cab0320dbb,2011-04-05T16:35:56Z,OPENJPA-1974: Fix StackOverflow in SelectImpl.,2011-04-04T10:20:01Z,2011-04-05T16:39:37Z,INSIDE_LIFECYCLE,,2.1.0|2.2.0,2.2.0,3,3,1,openjpa-jdbc/src/main/java/org/apache/openjpa/jdbc/sql/SelectImpl.java
12503677,OPENJPA-1975,985a59afbdfcc7ce59b712f807e5751407483d80,2011-04-07T21:28:32Z,OPENJPA-1975: Move default schema name code to its own method.,2011-04-07T20:57:51Z,2011-04-11T17:52:05Z,INSIDE_LIFECYCLE,,2.0.1|2.1.0,2.2.0,3,3,2,openjpa-jdbc/src/main/java/org/apache/openjpa/jdbc/sql/DB2Dictionary.java|openjpa-jdbc/src/main/java/org/apache/openjpa/jdbc/sql/DBDictionary.java
12504099,OPENJPA-1979,5c1421cf09d4628064510e6b29c485a749b5f574,2013-03-27T20:05:24Z,OPENJPA-1979: reference column name starting with single-quote *not* delimited as they have special semantics for non-standard constant join,2011-04-12T20:33:39Z,2013-03-28T15:26:20Z,INSIDE_LIFECYCLE,,2.0.0|2.0.0-M1,2.3.0,2,2,2,openjpa-persistence-jdbc/src/main/java/org/apache/openjpa/persistence/jdbc/AnnotationPersistenceMappingParser.java|openjpa-persistence-jdbc/src/main/java/org/apache/openjpa/persistence/jdbc/XMLPersistenceMappingParser.java
12504273,OPENJPA-1981,d5e20c4a115bf69a48adb29e7791f56f82993579,2011-04-14T14:52:20Z,OPENJPA-1981: check whether connection is open before calling close,2011-04-14T14:31:04Z,2011-04-19T18:56:58Z,INSIDE_LIFECYCLE,,2.1.0,2.2.0,1,1,1,openjpa-jdbc/src/main/java/org/apache/openjpa/jdbc/schema/SchemaGenerator.java
12504706,OPENJPA-1983,354eb3078e363ab26da64fbea06bd24d5a1af8de,2011-04-20T13:27:56Z,OPENJPA-1983: Don't cascade to an unloaded field when merge is called on a managed Entity.,2011-04-19T19:51:26Z,2013-10-28T21:21:49Z,INSIDE_LIFECYCLE,,2.1.0|2.2.0,2.0.2|2.1.2|2.2.0,4,4,1,openjpa-kernel/src/main/java/org/apache/openjpa/kernel/AttachManager.java
12505086,OPENJPA-1984,9ea0354f1bfdf56f0f6a052406edaefebe5fb3b8,2011-04-26T16:00:52Z,OPENJPA-1984 - Skip non-root object validation when performing remove(root object). Let's validation provider to perform root object validation so that the contraint violation can report the correct root bean.,2011-04-24T21:11:58Z,2011-04-27T18:48:49Z,INSIDE_LIFECYCLE,,2.1.0|2.1.1|2.2.0,2.2.0,6,5,2,openjpa-kernel/src/main/java/org/apache/openjpa/kernel/BrokerImpl.java|openjpa-kernel/src/main/java/org/apache/openjpa/validation/ValidatingLifecycleEventManager.java
12505188,OPENJPA-1985,69fd9dbad901302a1e4ae5d9515068a1fce1bb37,2011-04-27T16:00:37Z,OPENJPA-1985: Check for abstime as a timestamp type for Postgres,2011-04-26T12:42:28Z,2011-04-27T20:56:28Z,INSIDE_LIFECYCLE,,2.1.0,2.1.1|2.2.0,1,1,1,openjpa-jdbc/src/main/java/org/apache/openjpa/jdbc/sql/PostgresDictionary.java
12505332,OPENJPA-1986,1b8ce008b291714ce06a217d607d9ad8c8e8d279,2011-04-27T19:16:36Z,OPENJPA-1986: Avoid querying the db when cascading a persist to a new instance.,2011-04-27T16:44:53Z,2011-04-27T19:22:52Z,INSIDE_LIFECYCLE,,2.0.1|2.1.0|2.2.0,2.1.1|2.2.0,5,5,3,openjpa-kernel/src/main/java/org/apache/openjpa/conf/Compatibility.java|openjpa-kernel/src/main/java/org/apache/openjpa/kernel/BrokerImpl.java|openjpa-kernel/src/main/java/org/apache/openjpa/kernel/SingleFieldManager.java
12505332,OPENJPA-1986,c8c6c9d68c11f7313972891ff9f40708e9dabe2f,2011-06-29T16:46:18Z,OPENJPA-1986: Remove newly added serialVersionUID.,2011-04-27T16:44:53Z,2011-04-27T19:22:52Z,AFTER_RESOLUTION,1509,2.0.1|2.1.0|2.2.0,2.1.1|2.2.0,1,1,1,openjpa-kernel/src/main/java/org/apache/openjpa/kernel/SingleFieldManager.java
12505332,OPENJPA-1986,f81908f3ac80c9c89c08c034e05eda20bb7f1b21,2011-11-16T17:30:19Z,OPENJPA-1986: Update migration consideration docs and Compatibility javadoc.,2011-04-27T16:44:53Z,2011-04-27T19:22:52Z,AFTER_RESOLUTION,4870,2.0.1|2.1.0|2.2.0,2.1.1|2.2.0,2,1,1,openjpa-kernel/src/main/java/org/apache/openjpa/conf/Compatibility.java
12505332,OPENJPA-1986,030ba2a41f99771c230aeec856701928a4768de9,2014-03-24T16:43:40Z,OPENJPA-1986: Extra queries being generated when cascading a persist - added another/similar check to the ones added by Rick.,2011-04-27T16:44:53Z,2011-04-27T19:22:52Z,AFTER_RESOLUTION,25485,2.0.1|2.1.0|2.2.0,2.1.1|2.2.0,2,2,1,openjpa-kernel/src/main/java/org/apache/openjpa/kernel/SingleFieldManager.java
12505419,OPENJPA-1987,b6ddcab3831b5d78f3781f33f8d9864f88849d3c,2011-04-28T14:06:41Z,OPENJPA-1987: do not use null table for getImportedKeys in postgres dictionary,2011-04-28T13:44:10Z,2011-04-28T14:06:36Z,AFTER_RESOLUTION,0,2.2.0,2.2.0,1,1,1,openjpa-jdbc/src/main/java/org/apache/openjpa/jdbc/sql/PostgresDictionary.java
12505419,OPENJPA-1987,258cf99784da43b740a5c843cf21d39dec7aa093,2011-05-13T15:09:23Z,OPENJPA-1987: Do not use null table for getImportedKeys in Ingres dictionary.,2011-04-28T13:44:10Z,2011-04-28T14:06:36Z,AFTER_RESOLUTION,361,2.2.0,2.2.0,1,1,1,openjpa-jdbc/src/main/java/org/apache/openjpa/jdbc/sql/IngresDictionary.java
12505432,OPENJPA-1988,4540f822162023a2bed7d816cd8c0f66d3ab75c7,2014-11-03T18:40:59Z,OPENJPA-1988: openjpa does not process persistence unit default <cascade-persist>,2011-04-28T15:46:18Z,2014-11-03T21:23:09Z,INSIDE_LIFECYCLE,,2.2.0|2.3.0,2.2.1.1|2.2.3|2.4.0,20,18,10,openjpa-jdbc/src/main/java/org/apache/openjpa/jdbc/meta/FieldMapping.java|openjpa-jdbc/src/main/java/org/apache/openjpa/jdbc/meta/ValueMappingImpl.java|openjpa-kernel/src/main/java/org/apache/openjpa/meta/FieldMetaData.java|openjpa-kernel/src/main/java/org/apache/openjpa/meta/MetaDataDefaults.java|openjpa-kernel/src/main/java/org/apache/openjpa/meta/NoneMetaDataFactory.java|openjpa-kernel/src/main/java/org/apache/openjpa/meta/ValueMetaData.java|openjpa-kernel/src/main/java/org/apache/openjpa/meta/ValueMetaDataImpl.java|openjpa-persistence/src/main/java/org/apache/openjpa/persistence/AnnotationPersistenceMetaDataParser.java|openjpa-persistence/src/main/java/org/apache/openjpa/persistence/PersistenceMetaDataDefaults.java|openjpa-persistence/src/main/java/org/apache/openjpa/persistence/XMLPersistenceMetaDataParser.java
12505434,OPENJPA-1989,d450910b0a1fb73ab73067d20500be53f3c4323c,2011-04-28T16:00:58Z,OPENJPA-1989: Fix *ToOne xml fetch attribute to honor LAZY.,2011-04-28T15:55:27Z,2011-05-11T16:27:27Z,INSIDE_LIFECYCLE,,2.1.0|2.2.0,2.1.1|2.2.0,5,3,1,openjpa-persistence/src/main/java/org/apache/openjpa/persistence/XMLPersistenceMetaDataParser.java
12505434,OPENJPA-1989,862e818e5058f5e898374b1e49fc8e27287b2bc0,2011-05-11T16:19:04Z,OPENJPA-1989: Flip FeildMetaData.DefaultFetchGroupExplicit flag when parsing ToOne xml relationships.,2011-04-28T15:55:27Z,2011-05-11T16:27:27Z,INSIDE_LIFECYCLE,,2.1.0|2.2.0,2.1.1|2.2.0,5,4,2,openjpa-jdbc/src/main/java/org/apache/openjpa/jdbc/kernel/JDBCStoreManager.java|openjpa-persistence/src/main/java/org/apache/openjpa/persistence/XMLPersistenceMetaDataParser.java
12506151,OPENJPA-1992,26aa776627e84f62767d689f3f71941a51687602,2011-05-08T18:39:07Z,OPENJPA-1992: Throw exception if a JPQL query is missing the first positional parameter,2011-05-04T09:40:59Z,2011-05-09T13:46:27Z,INSIDE_LIFECYCLE,,2.1.0,2.2.0,5,4,3,openjpa-kernel/src/main/java/org/apache/openjpa/kernel/ExpressionStoreQuery.java|openjpa-kernel/src/main/java/org/apache/openjpa/kernel/jpql/JPQLExpressionBuilder.java|openjpa-kernel/src/main/java/org/apache/openjpa/kernel/jpql/JPQLParser.java
12506220,OPENJPA-1993,6fc7d55a09c87112d2ade2f451c0c11947f9fab0,2011-05-06T20:22:23Z,OPENJPA-1993: Deadlock Potential with XML ORM Processing,2011-05-04T20:12:30Z,2018-08-15T20:46:45Z,INSIDE_LIFECYCLE,,1.0.0|1.0.1|1.0.2|1.0.3|1.0.4|1.2.0|1.2.1|1.2.2|2.0.0|2.0.1|2.1.0,1.2.3|2.0.2|2.1.2|2.2.0|2.3.0|2.4.4|3.1.0,4,3,3,openjpa-kernel/src/main/java/org/apache/openjpa/conf/Compatibility.java|openjpa-lib/src/main/java/org/apache/openjpa/lib/meta/XMLMetaDataParser.java|openjpa-persistence/src/main/java/org/apache/openjpa/persistence/XMLPersistenceMetaDataParser.java
12506220,OPENJPA-1993,e400abcef5f9368e384f056c4ff41efcff7cf303,2011-09-08T20:07:16Z,OPENJPA-1993: Deadlock Potential with ORM XML Processing,2011-05-04T20:12:30Z,2018-08-15T20:46:45Z,INSIDE_LIFECYCLE,,1.0.0|1.0.1|1.0.2|1.0.3|1.0.4|1.2.0|1.2.1|1.2.2|2.0.0|2.0.1|2.1.0,1.2.3|2.0.2|2.1.2|2.2.0|2.3.0|2.4.4|3.1.0,2,1,1,openjpa-lib/src/main/java/org/apache/openjpa/lib/meta/XMLMetaDataParser.java
12506220,OPENJPA-1993,8107dfbfa080dafb2dc0fcb06c5096d237334b0f,2018-08-16T06:51:36Z,[OPENJPA-1993] Backport the fix to trunk,2011-05-04T20:12:30Z,2018-08-15T20:46:45Z,AFTER_RESOLUTION,10,1.0.0|1.0.1|1.0.2|1.0.3|1.0.4|1.2.0|1.2.1|1.2.2|2.0.0|2.0.1|2.1.0,1.2.3|2.0.2|2.1.2|2.2.0|2.3.0|2.4.4|3.1.0,1,1,1,openjpa-lib/src/main/java/org/apache/openjpa/lib/meta/XMLMetaDataParser.java
12506318,OPENJPA-1994,849a77b5d3c2eb5281e9d5f0ec24b715e68fc507,2011-05-05T18:01:54Z,OPENJPA-1994: Add index to reserved words for MySQLDictionary,2011-05-05T18:00:55Z,2011-05-05T19:51:21Z,INSIDE_LIFECYCLE,,,2.2.0,1,1,1,openjpa-jdbc/src/main/java/org/apache/openjpa/jdbc/sql/MySQLDictionary.java
12506673,OPENJPA-1995,1148ba809d4756b67703fffb6234605cd287b50d,2011-05-10T02:42:30Z,OPENJPA-1995: detect mixed parameter types in JPQL query,2011-05-10T02:40:36Z,2011-05-10T13:32:08Z,INSIDE_LIFECYCLE,,,,3,2,1,openjpa-kernel/src/main/java/org/apache/openjpa/kernel/jpql/JPQLExpressionBuilder.java
12366607,OPENJPA-200,74683912e3c0de85f4c003e132af6a50a42511ba,2007-11-17T05:28:58Z,New test case for enums and JPQL (including some disabled failing tests related to OPENJPA-200); simplification to JDBCStoreManager.,2007-04-05T00:13:13Z,2007-11-17T06:38:50Z,INSIDE_LIFECYCLE,,0.9.7,,2,2,1,openjpa-jdbc/src/main/java/org/apache/openjpa/jdbc/kernel/JDBCStoreQuery.java
12366607,OPENJPA-200,f875a5e98bde4e707ceb37d7df0bcc656b7e8a8b,2007-11-17T06:38:33Z,OPENJPA-200,2007-04-05T00:13:13Z,2007-11-17T06:38:50Z,INSIDE_LIFECYCLE,,0.9.7,,4,4,3,openjpa-jdbc/src/main/java/org/apache/openjpa/jdbc/sql/DBDictionary.java|openjpa-kernel/src/main/java/org/apache/openjpa/kernel/exps/QueryExpressions.java|openjpa-kernel/src/main/java/org/apache/openjpa/kernel/jpql/JPQLExpressionBuilder.java
12507216,OPENJPA-2000,eb4e83fa27f461c8e919bd13dc168401b7ee7400,2011-07-21T21:58:24Z,OPENJPA-2000: Update realTypeName for Postgres to match the Postgres manual. Submitted By: Jacob Nowosatka,2011-05-14T11:40:49Z,2011-07-21T21:58:57Z,INSIDE_LIFECYCLE,,2.1.0,2.2.0,1,1,1,openjpa-jdbc/src/main/java/org/apache/openjpa/jdbc/sql/PostgresDictionary.java
12508229,OPENJPA-2005,dcf90c68eb5796aba5299aaee498953fa4340fec,2011-05-26T13:28Z,OPENJPA-2005: check for unexpected (null) sequence names in PostgresDictionary,2011-05-24T18:24:18Z,2011-05-26T13:29:25Z,INSIDE_LIFECYCLE,,2.1.0,2.2.0,1,1,1,openjpa-jdbc/src/main/java/org/apache/openjpa/jdbc/sql/PostgresDictionary.java
12508321,OPENJPA-2006,81c46c503f5efccc4b3724c2c0ea2a19eb93db4a,2011-05-25T16:11:47Z,"OPENJPA-2006 If flushing, also pre-flush non-provisional entities to allow sequence ID population.",2011-05-25T14:59:59Z,2012-02-03T17:07:54Z,INSIDE_LIFECYCLE,,1.2.2|2.1.0|2.2.0,1.2.3|2.0.2|2.1.2|2.2.0,8,8,2,openjpa-kernel/src/main/java/org/apache/openjpa/kernel/BrokerImpl.java|openjpa-kernel/src/main/java/org/apache/openjpa/kernel/SingleFieldManager.java
12508346,OPENJPA-2007,7b0d1140ac54eb910fa00adf7b2e483a336df41d,2011-05-25T21:26:26Z,OPENJPA-2007 Updated supported hint set to include correct name for fetch plan level isolation hint.,2011-05-25T19:51:51Z,2011-05-26T17:58:25Z,INSIDE_LIFECYCLE,,2.0.0|2.0.1|2.1.0|2.2.0,2.2.0,1,1,1,openjpa-persistence-jdbc/src/main/java/org/apache/openjpa/persistence/jdbc/JDBCPersistenceProductDerivation.java
12509380,OPENJPA-2008,41f09d9226c005a127e20be7609322ffd77584aa,2011-06-14T21:33:28Z,OPENJPA-2008: Draft support for native SQL in Slice,2011-06-06T19:13:50Z,2011-08-08T18:40:56Z,INSIDE_LIFECYCLE,,2.1.0,2.2.0,3,3,3,openjpa-jdbc/src/main/java/org/apache/openjpa/jdbc/kernel/SQLStoreQuery.java|openjpa-slice/src/main/java/org/apache/openjpa/slice/jdbc/DistributedJDBCStoreManager.java|openjpa-slice/src/main/java/org/apache/openjpa/slice/jdbc/DistributedSQLStoreQuery.java
12509380,OPENJPA-2008,27e0e704adafd18b6056e6f1b886b202d7e36e69,2011-06-20T15:09:37Z,OPENJPA-2008: Setting svn eol-style for DistributedSQLStoreQuery,2011-06-06T19:13:50Z,2011-08-08T18:40:56Z,INSIDE_LIFECYCLE,,2.1.0,2.2.0,1,1,1,openjpa-slice/src/main/java/org/apache/openjpa/slice/jdbc/DistributedSQLStoreQuery.java
12509634,OPENJPA-2010,0bcded74e124d14ddd505823ac0ad479b90ac8fb,2011-06-08T20:19:03Z,OPENJPA-2010: Check line number and source file before logging duplicate meta data warning,2011-06-08T20:10:10Z,2011-07-27T19:09:48Z,INSIDE_LIFECYCLE,,2.0.1|2.1.0,2.0.2|2.1.2|2.2.0,7,7,7,openjpa-jdbc/src/main/java/org/apache/openjpa/jdbc/meta/MappingTool.java|openjpa-kernel/src/main/java/org/apache/openjpa/meta/AbstractCFMetaDataFactory.java|openjpa-kernel/src/main/java/org/apache/openjpa/meta/ClassMetaData.java|openjpa-kernel/src/main/java/org/apache/openjpa/meta/MetaDataTool.java|openjpa-kernel/src/main/java/org/apache/openjpa/meta/QueryMetaData.java|openjpa-persistence/src/main/java/org/apache/openjpa/persistence/AnnotationPersistenceMetaDataParser.java|openjpa-persistence/src/main/java/org/apache/openjpa/persistence/XMLPersistenceMetaDataParser.java
12509650,OPENJPA-2011,8ef3f3db35c2d6464ee28721690ff0b6f5ba55e8,2011-06-09T14:49:11Z,OPENJPA-2011: Optionally prevent reparsing annotations in in query mode.,2011-06-08T22:06:43Z,2011-07-27T21:32:54Z,INSIDE_LIFECYCLE,,2.0.1|2.1.0,2.0.2|2.1.2|2.2.0,2,2,2,openjpa-kernel/src/main/java/org/apache/openjpa/conf/Compatibility.java|openjpa-persistence/src/main/java/org/apache/openjpa/persistence/XMLPersistenceMetaDataParser.java
12509670,OPENJPA-2013,b9e61a892316696551ff6b3c9a31cf119c6156ec,2011-06-09T14:55:25Z,OPENJPA-2013: Add TEXT to the fixed size type list for Derby and HSQL,2011-06-09T06:52:36Z,2011-06-09T14:58:27Z,INSIDE_LIFECYCLE,,2.1.0,2.2.0,2,2,2,openjpa-jdbc/src/main/java/org/apache/openjpa/jdbc/sql/DerbyDictionary.java|openjpa-jdbc/src/main/java/org/apache/openjpa/jdbc/sql/HSQLDictionary.java
12510474,OPENJPA-2018,c428609da75df0ca7bc5dfd7727ef6c4ebc99bb6,2013-10-25T15:13:10Z,OPENJPA-2018 correctly handle select IN with arrays,2011-06-15T17:08:54Z,2013-10-28T18:49:32Z,INSIDE_LIFECYCLE,,2.1.0,2.3.0,7,6,4,openjpa-persistence/src/main/java/org/apache/openjpa/persistence/AbstractQuery.java|openjpa-persistence/src/main/java/org/apache/openjpa/persistence/criteria/BindableParameter.java|openjpa-persistence/src/main/java/org/apache/openjpa/persistence/criteria/Expressions.java|openjpa-persistence/src/main/java/org/apache/openjpa/persistence/criteria/ParameterExpressionImpl.java
12510474,OPENJPA-2018,092e70e0ac381227bcf55974000a48203cecd980,2013-10-28T17:43:21Z,OPENJPA-2018 fix handling of Arrays in Select IN statements,2011-06-15T17:08:54Z,2013-10-28T18:49:32Z,INSIDE_LIFECYCLE,,2.1.0,2.3.0,3,3,1,openjpa-jdbc/src/main/java/org/apache/openjpa/jdbc/kernel/exps/InExpression.java
12510474,OPENJPA-2018,336f654551d70fcf6a38a9db966c2e324c2b8c9e,2015-01-09T17:20:25Z,OPENJPA-2018 improve readability,2011-06-15T17:08:54Z,2013-10-28T18:49:32Z,AFTER_RESOLUTION,10510,2.1.0,2.3.0,1,1,1,openjpa-persistence/src/main/java/org/apache/openjpa/persistence/criteria/Expressions.java
12366611,OPENJPA-202,60a1e54f07a491213603b7881d7ae8615556fd2a,2007-04-06T19:17:44Z,OPENJPA-202 : Don't detach LRS fields.,2007-04-05T00:56:04Z,2007-04-06T19:19:32Z,INSIDE_LIFECYCLE,,0.9.7,0.9.7,4,3,1,openjpa-kernel/src/main/java/org/apache/openjpa/kernel/DetachManager.java
12511536,OPENJPA-2022,48eaa1aef123843f822c4210f24d3bc8ca332d91,2014-02-17T20:38:48Z,OPENJPA-2022 : Minor change to SchemaGenerator. Patch contributed by Jason Zwolak.,2011-06-25T18:55:20Z,2014-02-17T20:39:17Z,INSIDE_LIFECYCLE,,2.1.0|2.1.1|2.2.0,2.4.0,1,1,1,openjpa-jdbc/src/main/java/org/apache/openjpa/jdbc/schema/SchemaGenerator.java
12512342,OPENJPA-2025,ff4dc0c5cece716f812c2e2c36979b3756492bd2,2011-07-06T18:18:43Z,"OPENJPA-2025: Generate SingularAttribute for unannotated arrays, ListAttribute will be used for @PersistentCollections.",2011-06-30T16:09:40Z,2011-07-06T19:24:22Z,INSIDE_LIFECYCLE,,2.1.0,2.2.0,2,2,2,openjpa-persistence/src/main/java/org/apache/openjpa/persistence/meta/AnnotationProcessor6.java|openjpa-persistence/src/main/java/org/apache/openjpa/persistence/meta/SourceAnnotationHandler.java
12513018,OPENJPA-2027,928aa703cba0e665bee997ba2b05703905bd0890,2011-07-06T18:17:36Z,OPENJPA-2027: Use SingularAttribute for unannotated arrays. ListAttribute for @PersistentCollections,2011-07-06T18:03:24Z,2011-07-06T19:24:06Z,INSIDE_LIFECYCLE,,2.1.0,2.2.0,8,7,4,openjpa-kernel/src/main/java/org/apache/openjpa/conf/Compatibility.java|openjpa-kernel/src/main/java/org/apache/openjpa/meta/FieldMetaData.java|openjpa-persistence/src/main/java/org/apache/openjpa/persistence/AnnotationPersistenceMetaDataParser.java|openjpa-persistence/src/main/java/org/apache/openjpa/persistence/meta/AbstractManagedType.java
12366626,OPENJPA-203,e541936463b4b6be3ab05ded5b2ed224b4692d6b,2007-04-05T20:06:24Z,OPENJPA-203.,2007-04-05T08:55:45Z,2007-08-07T18:08:40Z,INSIDE_LIFECYCLE,,0.9.0|0.9.6,1.0.0,2,2,2,openjpa-jdbc/src/main/java/org/apache/openjpa/jdbc/kernel/PessimisticLockManager.java|openjpa-kernel/src/main/java/org/apache/openjpa/kernel/VersionLockManager.java
12366626,OPENJPA-203,c5d82a70d54136f47033d934e822f397f28f20d2,2007-04-06T05:21:35Z,OPENJPA-203. Fix select-for-update queries to timeout after the LockTimeout interval,2007-04-05T08:55:45Z,2007-08-07T18:08:40Z,INSIDE_LIFECYCLE,,0.9.0|0.9.6,1.0.0,1,1,1,openjpa-jdbc/src/main/java/org/apache/openjpa/jdbc/sql/SelectImpl.java
12514992,OPENJPA-2034,9a974626fda5a929d680eafa34d53baebe520774,2011-07-22T19:20:57Z,OPENJPA-2034: Update error codes for H2 database. Submitted By: Prashant Bhat,2011-07-22T06:33:55Z,2011-07-22T19:21:28Z,INSIDE_LIFECYCLE,,2.1.0,2.2.0,2,1,1,openjpa-jdbc/src/main/java/org/apache/openjpa/jdbc/sql/H2Dictionary.java
12515578,OPENJPA-2036,4412599698c8223bb71d1eeb455c1307ae0e00a3,2011-07-28T15:03:04Z,"OPENJPA-2036: Check JAVA_HOME for lib/tools.jar for all java vendors, not just IBM. Submitted By: Jason Pyeron",2011-07-27T21:22:06Z,2011-07-28T15:04:10Z,INSIDE_LIFECYCLE,,2.1.0,2.2.0,1,1,1,openjpa-kernel/src/main/java/org/apache/openjpa/enhance/InstrumentationFactory.java
12518519,OPENJPA-2039,42099529a25c8a49622f332a7db208af9352e327,2011-08-15T16:36:07Z,"OPENJPA-2039: Select FKs for fields that are in the DFG, but not in active fetchplan.",2011-08-10T22:03:53Z,2011-08-16T19:07:01Z,INSIDE_LIFECYCLE,,2.1.1|2.2.0,2.2.0,3,3,1,openjpa-jdbc/src/main/java/org/apache/openjpa/jdbc/kernel/JDBCStoreManager.java
12518519,OPENJPA-2039,e03262481396bc5246ef21e50234a84cd2085764,2011-08-15T21:54:40Z,OPENJPA-2039: Update configuration properties.,2011-08-10T22:03:53Z,2011-08-16T19:07:01Z,INSIDE_LIFECYCLE,,2.1.1|2.2.0,2.2.0,7,7,6,openjpa-jdbc/src/main/java/org/apache/openjpa/jdbc/kernel/DelegatingJDBCFetchConfiguration.java|openjpa-jdbc/src/main/java/org/apache/openjpa/jdbc/kernel/JDBCFetchConfiguration.java|openjpa-jdbc/src/main/java/org/apache/openjpa/jdbc/kernel/JDBCFetchConfigurationImpl.java|openjpa-jdbc/src/main/java/org/apache/openjpa/jdbc/kernel/JDBCStoreManager.java|openjpa-persistence-jdbc/src/main/java/org/apache/openjpa/persistence/jdbc/JDBCFetchPlan.java|openjpa-persistence-jdbc/src/main/java/org/apache/openjpa/persistence/jdbc/JDBCFetchPlanImpl.java
12518519,OPENJPA-2039,ea499a8ed6331f519ec492dfab5618e7e7155dc4,2011-08-16T16:39:40Z,OPENJPA-2039: Update javadoc and minor formatting changes.,2011-08-10T22:03:53Z,2011-08-16T19:07:01Z,INSIDE_LIFECYCLE,,2.1.1|2.2.0,2.2.0,3,3,3,openjpa-jdbc/src/main/java/org/apache/openjpa/jdbc/kernel/JDBCFetchConfiguration.java|openjpa-jdbc/src/main/java/org/apache/openjpa/jdbc/kernel/JDBCFetchConfigurationImpl.java|openjpa-persistence-jdbc/src/main/java/org/apache/openjpa/persistence/jdbc/JDBCFetchPlan.java
12520095,OPENJPA-2044,c7c8eb2fc12418914e432b1744f4c5fded54b157,2011-10-12T18:28:26Z,"OPENJPA-2044.  Updating the processing for the openjpa.header parameter on the AnnotationProcessor6 code.  Not only to read the actual data (vs a String representation of the URL stream), but also to make it more flexible on the number of lines contained in the designated header file.",2011-08-25T11:30:52Z,2012-02-02T19:35:48Z,INSIDE_LIFECYCLE,,2.0.1|2.1.1|2.2.0,2.2.0,2,2,2,openjpa-persistence/src/main/java/org/apache/openjpa/persistence/meta/AnnotationProcessor6.java|openjpa-persistence/src/main/java/org/apache/openjpa/persistence/util/SourceCode.java
12521063,OPENJPA-2045,2c80991f6a86405811dd5a02eb8032bf67dfbcda,2011-09-14T22:37:19Z,"OPENJPA-2045: Remove NAME from default list of reserved words. Add it explicitly for FoxPro, Access, Pointbase and Informix. Submitted by Jacob Nowosatka",2011-09-01T14:03:16Z,2011-09-15T13:29:44Z,INSIDE_LIFECYCLE,,2.1.0|2.2.0,2.2.0,5,4,4,openjpa-jdbc/src/main/java/org/apache/openjpa/jdbc/sql/AccessDictionary.java|openjpa-jdbc/src/main/java/org/apache/openjpa/jdbc/sql/FoxProDictionary.java|openjpa-jdbc/src/main/java/org/apache/openjpa/jdbc/sql/InformixDictionary.java|openjpa-jdbc/src/main/java/org/apache/openjpa/jdbc/sql/PointbaseDictionary.java
12523252,OPENJPA-2051,c8a84fd37d9077bed999d104751face7d39a01bb,2011-10-20T16:37:15Z,OPENJPA-2051: Change to ensure entities are properly cascaded after a flush.,2011-09-15T21:12:58Z,2012-06-01T17:47:35Z,INSIDE_LIFECYCLE,,2.0.0|2.1.1|2.2.0,1.2.3|2.0.2|2.1.2|2.2.0,6,6,2,openjpa-kernel/src/main/java/org/apache/openjpa/conf/Compatibility.java|openjpa-kernel/src/main/java/org/apache/openjpa/kernel/BrokerImpl.java
12525194,OPENJPA-2053,236f409a91ba4423f6ea27045009f29877469c9d,2011-09-29T15:05:08Z,OPENJPA-2053 Added property to enable proper OSGi service tracking of the OpenJPA provider.,2011-09-29T14:58:38Z,2012-03-28T15:30:40Z,INSIDE_LIFECYCLE,,2.0.0,2.2.0,1,1,1,openjpa-persistence/src/main/java/org/apache/openjpa/persistence/osgi/PersistenceActivator.java
12525346,OPENJPA-2055,e07b3ce3cf63fff17b06c6a6289a52ae40d0f62e,2012-03-01T17:43:03Z,OPENJPA-2055: Added code to account for IPv6 addresses.,2011-09-30T18:26:06Z,2014-02-05T22:28:08Z,INSIDE_LIFECYCLE,,2.1.0,2.1.1|2.2.0,1,1,1,openjpa-lib/src/main/java/org/apache/openjpa/lib/util/UUIDGenerator.java
12525645,OPENJPA-2056,b5859a740b3d3245654841a9c2b9d142e1d2457a,2011-10-09T11:11:58Z,OPENJPA-2056: Use single backslash in searchStringEscape on PostgreSQL 9.1 and later.,2011-10-04T10:41:39Z,2011-10-09T11:17:35Z,INSIDE_LIFECYCLE,,2.0.0|2.0.1|2.1.1,2.2.0,1,1,1,openjpa-jdbc/src/main/java/org/apache/openjpa/jdbc/sql/PostgresDictionary.java
12527112,OPENJPA-2060,16c76a0870c24d4a61a1dd191f17a155504accbb,2011-10-15T17:25:04Z,OPENJPA-2060 Fixed all three reported problems described in JIRA,2011-10-13T21:54Z,2014-09-25T17:39:45Z,INSIDE_LIFECYCLE,,2.2.0,2.1.2|2.2.0,1,1,1,openjpa-persistence/src/main/java/org/apache/openjpa/persistence/util/SourceCode.java
12528728,OPENJPA-2065,8d21608618f0a8c626cb1beaccfd17d2a416cef0,2011-10-29T01:04:52Z,OPENJPA-2065: allow interface as result class,2011-10-25T18:01:35Z,2011-11-05T16:53:45Z,INSIDE_LIFECYCLE,,2.1.0|2.1.1|2.2.0,2.2.0,1,1,1,openjpa-kernel/src/main/java/org/apache/openjpa/kernel/ResultPacker.java
12528797,OPENJPA-2066,201701459ab6a3fa8fd715700855f11e756436cf,2011-10-27T16:42:11Z,OPENJPA-2066 Edge case in OPENJPA-1227. openJPA fails to create a join and thus returns wrong data when a collection is selected from superclass and another field is selected from subclass two or more levels down the hierarchy,2011-10-26T00:39:57Z,2011-11-06T15:38:33Z,INSIDE_LIFECYCLE,,1.1.0|2.1.1|2.2.0,1.2.0|2.2.0,6,6,1,openjpa-jdbc/src/main/java/org/apache/openjpa/jdbc/kernel/JDBCStoreManager.java
12529315,OPENJPA-2067,e6a8d377bce1c2b4ecbb349c8be7c836ea78af56,2012-05-15T00:42:09Z,"OPENJPA-2067: Added code, gated by the new DBDictionary.useJDBC4SetBinaryStream prop, to use a JDBC 4.0 version of setBinaryStream.",2011-10-28T20:45:42Z,2012-06-01T17:59:47Z,INSIDE_LIFECYCLE,,1.2.3|2.0.2|2.1.2|2.2.0,1.2.3|2.0.2|2.1.2|2.2.1|2.3.0,4,2,2,openjpa-jdbc/src/main/java/org/apache/openjpa/jdbc/sql/DBDictionary.java|openjpa-lib/src/main/java/org/apache/openjpa/lib/jdbc/LoggingConnectionDecorator.java
12530384,OPENJPA-2069,5fafa802aa71b6f07aa99570c9ba4e73245e937c,2011-11-09T19:12:34Z,OPENJPA-2069 Update db sequence's INCREMENT BY value to match the allocationSize specified in @SequenceGenerator,2011-11-04T21:33:04Z,2011-11-14T15:44:50Z,INSIDE_LIFECYCLE,,2.1.2|2.2.0,2.2.0,3,3,2,openjpa-jdbc/src/main/java/org/apache/openjpa/jdbc/kernel/NativeJDBCSeq.java|openjpa-jdbc/src/main/java/org/apache/openjpa/jdbc/sql/DBDictionary.java
12530384,OPENJPA-2069,b66ea198aee33e0ee432d9b5c53c58e71b58b3a1,2011-11-13T01:25:18Z,OPENJPA-2069 Tolerate concurrent sequence alternation.,2011-11-04T21:33:04Z,2011-11-14T15:44:50Z,INSIDE_LIFECYCLE,,2.1.2|2.2.0,2.2.0,1,1,1,openjpa-jdbc/src/main/java/org/apache/openjpa/jdbc/kernel/NativeJDBCSeq.java
12366739,OPENJPA-207,4c0bf1be10ca50cf8a02fb2e7c58ff52f862ca5f,2008-07-21T17:55:17Z,OPENJPA-207: Support multi-level derived identity. Enhancer has been modified.,2007-04-06T20:56:44Z,2009-05-01T01:02:45Z,INSIDE_LIFECYCLE,,0.9.6,2.0.0-M2,11,11,4,openjpa-jdbc/src/main/java/org/apache/openjpa/jdbc/meta/strats/RelationFieldStrategy.java|openjpa-kernel/src/main/java/org/apache/openjpa/enhance/PCEnhancer.java|openjpa-kernel/src/main/java/org/apache/openjpa/kernel/StateManagerImpl.java|openjpa-kernel/src/main/java/org/apache/openjpa/util/ApplicationIds.java
12530585,OPENJPA-2070,db9849db29a9f79d97884a2d6fae2dd0f9f23db1,2011-11-11T13:52:39Z,"OPENJPA-2070.  Clean up the processing in the MetamodelImpl.populate() method.  The exception processing and messaging were not correct/accurate.  Also, changed the testcase slightly to allow for the error checking when needed.",2011-11-07T15:36:17Z,2011-11-11T13:54:59Z,INSIDE_LIFECYCLE,,2.2.0,2.2.0,4,3,1,openjpa-persistence/src/main/java/org/apache/openjpa/persistence/meta/MetamodelImpl.java
12530781,OPENJPA-2071,d64a3e5fdbc286694ad644ab0dfc460307cd1159,2011-11-09T19:02:10Z,OPENJPA-2071 Guarded NPE against isInterface call from ResultPacker constructor with null parameter,2011-11-08T23:06:13Z,2011-11-09T19:04:23Z,INSIDE_LIFECYCLE,,2.2.0,2.2.0,1,1,1,openjpa-kernel/src/main/java/org/apache/openjpa/kernel/ResultPacker.java
12530831,OPENJPA-2072,5fb9e7172681211588a526257d8c5a1bb5111530,2012-05-31T21:17:41Z,"OPENJPA-2072: Applied Helen Xu's patch to trunk, and applied test case changes as Albert had done in JIRA OPENJPA-2095 for issue with using Test* in entity name.",2011-11-09T08:12:15Z,2012-06-01T17:37:08Z,INSIDE_LIFECYCLE,,1.2.1|1.2.2|1.2.3,1.2.3|2.0.2|2.1.2|2.2.1|2.3.0,3,3,1,openjpa-jdbc/src/main/java/org/apache/openjpa/jdbc/sql/DBDictionary.java
12531097,OPENJPA-2073,f70dd22afb4b2da8b4d731ca41b96222cc4f4d59,2011-11-11T15:33:58Z,OPENJPA-2073 Tolerate conf exception for no data source configuration so that live db2 connection is not required for MappingTool invocation.,2011-11-11T07:34:56Z,2011-11-12T17:17:26Z,INSIDE_LIFECYCLE,,2.2.0,2.2.0,1,1,1,openjpa-jdbc/src/main/java/org/apache/openjpa/jdbc/sql/DB2Dictionary.java
12366747,OPENJPA-208,af2550bb054bc9ec79aa02d9fa1953765b930da0,2007-04-06T23:52:03Z,OPENJPA-208 Throw NoResultException and NonUniqueResultException when expected,2007-04-06T22:25:55Z,2007-04-09T17:06:36Z,INSIDE_LIFECYCLE,,0.9.6,0.9.7,1,1,1,openjpa-persistence/src/main/java/org/apache/openjpa/persistence/QueryImpl.java
12366747,OPENJPA-208,0806fd5b4409f45f86af4c92a648feaee3990b6d,2007-04-09T17:06:23Z,OPENJPA-208 Added NoResultException and NonUniqueResultException to kernel to allow the identification of the case where a unique result was selected by either none or too many were found,2007-04-06T22:25:55Z,2007-04-09T17:06:36Z,INSIDE_LIFECYCLE,,0.9.6,0.9.7,6,6,6,openjpa-kernel/src/main/java/org/apache/openjpa/kernel/QueryImpl.java|openjpa-kernel/src/main/java/org/apache/openjpa/util/NoResultException.java|openjpa-kernel/src/main/java/org/apache/openjpa/util/NonUniqueResultException.java|openjpa-kernel/src/main/java/org/apache/openjpa/util/UserException.java|openjpa-persistence/src/main/java/org/apache/openjpa/persistence/PersistenceExceptions.java|openjpa-persistence/src/main/java/org/apache/openjpa/persistence/QueryImpl.java
12533177,OPENJPA-2083,6369c744bdbb4c72fca8ec0c276dffcd6be9e752,2012-01-03T18:46:08Z,OPENJPA-2083 Unmapped fields silently treated as transient.  Patch provided by Jacob Nowosatka.,2011-11-29T19:26:18Z,2012-01-03T18:46:37Z,INSIDE_LIFECYCLE,,2.1.1,2.2.0,2,1,1,openjpa-persistence/src/main/java/org/apache/openjpa/persistence/PersistenceMetaDataDefaults.java
12366750,OPENJPA-209,f1ac625b2c931ee1cb99e4eb98fdcbd8d523b781,2008-06-11T03:33:35Z,OPENJPA-209: Detect identical instances being added to L1 cache multiple times during a load session.,2007-04-06T22:52:53Z,2008-06-24T16:33:38Z,INSIDE_LIFECYCLE,,0.9.7,1.2.0,2,2,2,openjpa-jdbc/src/main/java/org/apache/openjpa/jdbc/kernel/ProjectionResultObjectProvider.java|openjpa-kernel/src/main/java/org/apache/openjpa/kernel/StateManagerImpl.java
12535036,OPENJPA-2094,1a383857ff1c9c3e8de4f61cc1fda4ff6494d534,2011-12-13T22:05:28Z,OPENJPA-2094: Metadata processing needs to support jar:file URLs that address Jar directories,2011-12-13T21:24:47Z,2013-12-02T20:38:34Z,INSIDE_LIFECYCLE,,,2.2.0|2.2.1|2.2.2|2.3.0|2.4.0,3,3,3,openjpa-kernel/src/main/java/org/apache/openjpa/meta/AbstractCFMetaDataFactory.java|openjpa-lib/src/main/java/org/apache/openjpa/lib/meta/JarFileURLMetaDataIterator.java|openjpa-lib/src/main/java/org/apache/openjpa/lib/util/J2DoPrivHelper.java
12535036,OPENJPA-2094,b2af30891db8bbfd85f1fff67d21efccdba943eb,2011-12-14T16:33:39Z,OPENJPA-2094: Metadata processing needs to support jar:file URLs that address Jar directories,2011-12-13T21:24:47Z,2013-12-02T20:38:34Z,INSIDE_LIFECYCLE,,,2.2.0|2.2.1|2.2.2|2.3.0|2.4.0,1,1,1,openjpa-lib/src/main/java/org/apache/openjpa/lib/util/J2DoPrivHelper.java
12535520,OPENJPA-2095,5fb9e7172681211588a526257d8c5a1bb5111530,2012-05-31T21:17:41Z,"OPENJPA-2072: Applied Helen Xu's patch to trunk, and applied test case changes as Albert had done in JIRA OPENJPA-2095 for issue with using Test* in entity name.",2011-12-16T22:22:46Z,2012-06-01T16:07:35Z,INSIDE_LIFECYCLE,,1.2.3|2.0.2|2.1.2|2.2.0,1.2.3|2.0.2|2.1.2|2.2.1|2.3.0,3,3,1,openjpa-jdbc/src/main/java/org/apache/openjpa/jdbc/sql/DBDictionary.java
12535520,OPENJPA-2095,e6129051c263992fde38687ada21a4b41336b431,2012-06-01T16:02:31Z,OPENJPA-2095: Applied Helen Xu's patch to trunk with Albert's test case changes.,2011-12-16T22:22:46Z,2012-06-01T16:07:35Z,INSIDE_LIFECYCLE,,1.2.3|2.0.2|2.1.2|2.2.0,1.2.3|2.0.2|2.1.2|2.2.1|2.3.0,3,3,1,openjpa-jdbc/src/main/java/org/apache/openjpa/jdbc/kernel/AbstractUpdateManager.java
12536413,OPENJPA-2100,9f4fba24dab254fb43d00ac65a3b2896d3ed9e61,2011-12-27T10:59:45Z,OPENJPA-2100 fix filterPersistenceCapable,2011-12-27T10:31:55Z,2011-12-27T11:16:17Z,INSIDE_LIFECYCLE,,2.2.0,2.2.0,5,3,1,openjpa-tools/openjpa-maven-plugin/src/main/java/org/apache/openjpa/tools/maven/AbstractOpenJpaMappingToolMojo.java
12536471,OPENJPA-2102,59d0a5262bcd64b577cbdf815e530a3fdc67dac7,2012-01-04T22:29:38Z,OPENJPA-2102: Added code to compare decoded URLs in AbstractCFMetaDataFactory.,2011-12-28T04:57:17Z,2012-05-31T13:48:39Z,INSIDE_LIFECYCLE,,2.0.1|2.1.2|2.2.0,2.1.2|2.3.0,1,1,1,openjpa-kernel/src/main/java/org/apache/openjpa/meta/AbstractCFMetaDataFactory.java
12537245,OPENJPA-2104,afef47f79856793909ee28256f14351eb3409588,2012-01-04T23:57:34Z,OPENJPA-2104 Get the proper/indirect value from BindParameter.,2012-01-04T21:39:33Z,2012-01-05T15:32:21Z,INSIDE_LIFECYCLE,,2.2.0,2.2.0,1,1,1,openjpa-jdbc/src/main/java/org/apache/openjpa/jdbc/sql/DBDictionary.java
12538078,OPENJPA-2107,d354f7cf847d7f346bdc9bd98da690c21277eb0e,2012-01-13T22:59:33Z,OPENJPA-2107: Only reset Broker.flushed flag if initializing a new Statemanager.,2012-01-11T17:53:59Z,2012-06-01T17:50:06Z,INSIDE_LIFECYCLE,,2.0.1|2.1.0|2.2.0,1.2.3|2.0.2|2.1.2|2.2.0,2,2,1,openjpa-kernel/src/main/java/org/apache/openjpa/kernel/BrokerImpl.java
12538690,OPENJPA-2110,b7bd2c873dd8bf84fb94ced1528e4c09ebc46249,2012-04-11T13:40:53Z,OPENJPA-2110: Create correct proxy type when type is defined in an abstract class.,2012-01-17T20:04:35Z,2012-04-11T13:42:20Z,INSIDE_LIFECYCLE,,1.2.2|2.1.1,2.3.0,4,4,1,openjpa-kernel/src/main/java/org/apache/openjpa/meta/ProxySetupStateManager.java
12539944,OPENJPA-2117,11dc47c80ab3883b2da6eabd38d3af6130239fc7,2012-01-27T16:20:05Z,OPENJPA-2117 - change setColumn gated on isSerialized not isElementCollection,2012-01-26T18:19:22Z,2013-04-10T20:48:55Z,INSIDE_LIFECYCLE,,1.2.3|2.0.2|2.1.1|2.2.0,1.2.3|2.2.0,1,1,1,openjpa-persistence-jdbc/src/main/java/org/apache/openjpa/persistence/jdbc/XMLPersistenceMappingParser.java
12539944,OPENJPA-2117,ad41647b999b239e7e7add88210ca20b1e0f6bf1,2012-01-27T16:23:33Z,OPENJPA-2117 - Fix formatting problem,2012-01-26T18:19:22Z,2013-04-10T20:48:55Z,INSIDE_LIFECYCLE,,1.2.3|2.0.2|2.1.1|2.2.0,1.2.3|2.2.0,1,1,1,openjpa-persistence-jdbc/src/main/java/org/apache/openjpa/persistence/jdbc/XMLPersistenceMappingParser.java
12540446,OPENJPA-2118,11cd0d5fd417abc6fff78bc52b124968cebab4f3,2012-05-30T23:09:15Z,OPENJPA-2118: Provide fix to avoid possible 'division by zero' error.,2012-01-30T22:14:15Z,2012-05-31T01:49:06Z,INSIDE_LIFECYCLE,,2.0.0|2.1.0|2.2.0,2.0.2|2.1.2|2.2.1|2.3.0,2,2,1,openjpa-jdbc/src/main/java/org/apache/openjpa/jdbc/kernel/PreparedQueryImpl.java
12540917,OPENJPA-2119,824753b36cbdb20539f28959a7b2d399475d0350,2012-02-08T22:38:07Z,OPENJPA-2119: Added support for generating a constructor and greater support for tabbing. Also fixed a number of bugs.,2012-02-02T13:10:58Z,2012-02-09T15:26:52Z,INSIDE_LIFECYCLE,,2.2.0,2.2.0,2,1,1,openjpa-persistence/src/main/java/org/apache/openjpa/persistence/util/SourceCode.java
12540917,OPENJPA-2119,98859e2006bcbbe02723438788886abeb3bf0fd9,2012-02-08T22:58:33Z,OPENJPA-2119: Fix checkstyle error.,2012-02-02T13:10:58Z,2012-02-09T15:26:52Z,INSIDE_LIFECYCLE,,2.2.0,2.2.0,1,1,1,openjpa-persistence/src/main/java/org/apache/openjpa/persistence/util/SourceCode.java
12541722,OPENJPA-2122,91eb9d4792818cf0aa0ffe43c0972bc74cd5739b,2012-02-08T00:52:32Z,OPENJPA-2122.  The conditional to check for the proper Java 7 major version (51) was incorrect.  I also updated how we invoked the ASM hook so that the Trace message in the finally block would output the correct number of bytes.,2012-02-08T00:47:33Z,2012-02-08T01:00:32Z,INSIDE_LIFECYCLE,,2.2.0,2.2.0,2,2,2,openjpa-kernel/src/main/java/org/apache/openjpa/enhance/AsmAdaptor.java|openjpa-kernel/src/main/java/org/apache/openjpa/enhance/PCClassFileTransformer.java
12541862,OPENJPA-2123,cecd73b6ee1060d4d869349e527bb392d2599bf9,2012-02-21T16:29:56Z,OPENJPA-2123.  Only format parameters for printing if logging is turned on.,2012-02-08T19:27:43Z,2012-10-09T18:15:18Z,INSIDE_LIFECYCLE,,2.2.1|2.3.0,2.2.1|2.3.0,1,1,1,openjpa-lib/src/main/java/org/apache/openjpa/lib/jdbc/LoggingConnectionDecorator.java
12541862,OPENJPA-2123,1cb2f10f6ebac68a64c8b46ffce5691c33c8462f,2012-02-22T17:26:09Z,OPENJPA-2123.  Just check the value of db2ServerType instead of calling isDB2ZOSV8xOrLater().,2012-02-08T19:27:43Z,2012-10-09T18:15:18Z,INSIDE_LIFECYCLE,,2.2.1|2.3.0,2.2.1|2.3.0,1,1,1,openjpa-jdbc/src/main/java/org/apache/openjpa/jdbc/sql/DB2Dictionary.java
12541862,OPENJPA-2123,fdda697583d18c53e83ddd2d82fda4acbddeb58d,2012-02-22T23:09:39Z,OPENJPA-2123.  Introduce a new DBDictionary property (trimStringColumns) that allows for trimming of String columns when retrieved from the ResultSet.,2012-02-08T19:27:43Z,2012-10-09T18:15:18Z,INSIDE_LIFECYCLE,,2.2.1|2.3.0,2.2.1|2.3.0,2,1,1,openjpa-jdbc/src/main/java/org/apache/openjpa/jdbc/sql/DBDictionary.java
12542018,OPENJPA-2124,f9cf3b7919546dda9bcf62c140022b8fbca831fc,2012-02-09T21:52:28Z,OPENJPA-2124 Committing patch contributed by Helen Xu.  Test covered by existing jUnit.,2012-02-09T20:00:47Z,2012-02-10T15:56:26Z,INSIDE_LIFECYCLE,,2.0.0|2.0.1|2.1.0|2.3.0,2.2.0,1,1,1,openjpa-jdbc/src/main/java/org/apache/openjpa/jdbc/meta/strats/XMLValueHandler.java
12542592,OPENJPA-2131,06742412b3b8caae014f9044afdccddd445dd254,2012-04-04T17:15:50Z,OPENJPA-2131 - Commit contribution by Zilin Chen.,2012-02-14T20:23:53Z,2012-04-05T14:07:01Z,INSIDE_LIFECYCLE,,2.1.1,2.0.2|2.1.2|2.2.1.1|2.2.3|2.3.0,3,2,2,openjpa-jdbc/src/main/java/org/apache/openjpa/jdbc/sql/OracleDictionary.java|openjpa-jdbc/src/main/java/org/apache/openjpa/jdbc/sql/SQLBuffer.java
12542594,OPENJPA-2132,f94fb7f727fa9f4773ef682ea87ee6bb74af9256,2012-03-09T14:46:44Z,OPENJPA-2132 Fix empty List for OneToMany with InheritanceType.JOINED or SINGLE_TABLE,2012-02-14T20:48:29Z,2012-10-09T18:17:16Z,INSIDE_LIFECYCLE,,2.0.1|2.1.1|2.2.0,2.1.2|2.2.1|2.3.0,7,7,1,openjpa-jdbc/src/main/java/org/apache/openjpa/jdbc/kernel/JDBCStoreManager.java
12542708,OPENJPA-2133,8c8e250f402125bcf6a05ef696e33db5417371dd,2012-05-04T14:18:19Z,OPENJPA-2133: OpenJPA doesn't find custom mappings with an applicable class loader,2012-02-15T16:16:04Z,2012-05-07T14:51:44Z,INSIDE_LIFECYCLE,,2.1.1,1.2.3|2.0.2|2.1.2|2.2.1|2.3.0,2,2,2,openjpa-jdbc/src/main/java/org/apache/openjpa/jdbc/meta/MappingRepository.java|openjpa-kernel/src/main/java/org/apache/openjpa/meta/JavaTypes.java
12543556,OPENJPA-2136,6599b7b403fecc75ec7b3fb2bfd0b51bcfa6cdb8,2012-02-21T21:14:57Z,OPENJPA-2136: Fix NPE when using LiteAutoDetach.,2012-02-21T20:18:25Z,2012-02-21T21:28Z,INSIDE_LIFECYCLE,,2.0.0|2.1.1|2.2.0|2.3.0,2.2.1|2.3.0,2,2,1,openjpa-kernel/src/main/java/org/apache/openjpa/kernel/BrokerImpl.java
12366995,OPENJPA-214,3885031a892f077661112ee0654a59970ac76191,2007-04-11T20:25:11Z,OPENJPA-214 : Support float and double fields as single-field identity primary keys.,2007-04-11T15:42:36Z,2007-04-11T20:26:14Z,INSIDE_LIFECYCLE,,0.9.7,0.9.7,9,9,6,openjpa-kernel/src/main/java/org/apache/openjpa/enhance/PCEnhancer.java|openjpa-kernel/src/main/java/org/apache/openjpa/meta/ClassMetaData.java|openjpa-kernel/src/main/java/org/apache/openjpa/util/ApplicationIds.java|openjpa-kernel/src/main/java/org/apache/openjpa/util/DoubleId.java|openjpa-kernel/src/main/java/org/apache/openjpa/util/FloatId.java|openjpa-persistence/src/main/java/org/apache/openjpa/persistence/OpenJPAPersistence.java
12544008,OPENJPA-2142,c275da64abe546a9af2c28bb6245cb8a95754e96,2012-02-24T16:09:31Z,OPENJPA-2142 Handle merge of new object with Entity Id field,2012-02-24T15:44:24Z,2012-05-08T14:25:49Z,INSIDE_LIFECYCLE,,2.2.1|2.3.0,2.2.1|2.3.0,1,1,1,openjpa-kernel/src/main/java/org/apache/openjpa/kernel/AttachStrategy.java
12544327,OPENJPA-2146,8971fda1aaf23b1057b1fe20fab940411bd432c3,2012-02-28T19:08:03Z,OPENJPA-2146: StateManager for Embeddable may throw Exception while initializing,2012-02-27T22:17:52Z,2012-05-03T15:06:50Z,INSIDE_LIFECYCLE,,2.0.0|2.0.1|2.0.2|2.1.0|2.1.1|2.1.2|2.2.0|2.2.1,2.0.2|2.1.2|2.2.1|2.3.0,1,1,1,openjpa-kernel/src/main/java/org/apache/openjpa/kernel/StateManagerImpl.java
12545137,OPENJPA-2149,9e9b0a7ae3ea25e999bbaa7bf4f16afa0147404b,2012-08-23T19:27:22Z,OPENJPA-2149: Criteria.function adds wrong casts to parameters making it unusable,2012-03-05T07:50:18Z,2012-08-24T02:34:53Z,INSIDE_LIFECYCLE,,2.0.1|2.0.2|2.1.1,2.0.2|2.1.2|2.2.1|2.3.0,3,3,3,openjpa-jdbc/src/main/java/org/apache/openjpa/jdbc/kernel/exps/Args.java|openjpa-jdbc/src/main/java/org/apache/openjpa/jdbc/kernel/exps/DatastoreFunction.java|openjpa-jdbc/src/main/java/org/apache/openjpa/jdbc/kernel/exps/UnaryOp.java
12545916,OPENJPA-2153,b68cf1d0fbebcc08561fbdd4d32d4d11ae6f0c73,2012-03-10T21:26:31Z,OPENJPA-2153 Mark DBCPDriverDataSource non-abstract so that DBCPDriverDataSource.class.newinstance is used to instantiate for property configuration.,2012-03-09T21:57:55Z,2012-03-12T14:19:20Z,INSIDE_LIFECYCLE,,2.2.0|2.3.0,2.2.1|2.3.0,7,7,2,openjpa-jdbc/src/main/java/org/apache/openjpa/jdbc/schema/DBCPDriverDataSource.java|openjpa-jdbc/src/main/java/org/apache/openjpa/jdbc/schema/SimpleDriverDataSource.java
12546817,OPENJPA-2156,7063dd52967a0c8532624e4e0ae849a0be39b81f,2012-03-16T16:43:34Z,OPENJPA-2156: Correctly generate imports when using classes in java.util packages.,2012-03-16T16:41:09Z,2012-03-16T16:46:28Z,INSIDE_LIFECYCLE,,2.2.0|2.3.0,2.2.1|2.3.0,1,1,1,openjpa-persistence/src/main/java/org/apache/openjpa/persistence/util/SourceCode.java
12546817,OPENJPA-2156,1d71976c8f38a7f56efcb70267a5249337a77981,2012-03-21T18:41:42Z,OPENJPA-2156: Add support for generating a final class.,2012-03-16T16:41:09Z,2012-03-16T16:46:28Z,AFTER_RESOLUTION,121,2.2.0|2.3.0,2.2.1|2.3.0,2,1,1,openjpa-persistence/src/main/java/org/apache/openjpa/persistence/util/SourceCode.java
12547441,OPENJPA-2158,1925881f5d7a48764db727f30a947623c823df36,2012-03-21T19:06:42Z,OPENJPA-2158: Null out StateManager when lite auto detaching proxies.,2012-03-21T18:58:44Z,2012-03-21T19:08:49Z,INSIDE_LIFECYCLE,,2.1.1|2.2.0|2.3.0,2.2.1|2.3.0,2,2,1,openjpa-kernel/src/main/java/org/apache/openjpa/kernel/DetachManagerLite.java
12548006,OPENJPA-2161,3d04bdd463e3e85a02d0c7be1acfd72a1ce17f03,2012-03-25T15:01:54Z,OPENJPA-2161: Make StateManagerId public to allow for greater extensibility.,2012-03-25T14:50:11Z,2012-05-02T15:58:13Z,INSIDE_LIFECYCLE,,2.2.0|2.3.0,2.2.1|2.3.0,1,1,1,openjpa-kernel/src/main/java/org/apache/openjpa/kernel/BrokerImpl.java
12548006,OPENJPA-2161,b2cc17c13581839173dae4986ba1005bedf6f454,2012-03-28T18:41:57Z,OPENJPA-2161: Refactor storing ClassMetaData in StateManagerImpl.,2012-03-25T14:50:11Z,2012-05-02T15:58:13Z,INSIDE_LIFECYCLE,,2.2.0|2.3.0,2.2.1|2.3.0,1,1,1,openjpa-kernel/src/main/java/org/apache/openjpa/kernel/StateManagerImpl.java
12548006,OPENJPA-2161,432499a3a69acdd985b321fd9ef3101430fa7b54,2012-05-02T15:49:29Z,OPENJPA-2161: Refactor revision 1306530 and make StateManagerImpl._meta protected.,2012-03-25T14:50:11Z,2012-05-02T15:58:13Z,INSIDE_LIFECYCLE,,2.2.0|2.3.0,2.2.1|2.3.0,1,1,1,openjpa-kernel/src/main/java/org/apache/openjpa/kernel/StateManagerImpl.java
12548387,OPENJPA-2163,f506835fa810c177c8c93a7d0ef24d05570b21fe,2012-03-28T20:52:08Z,"OPENJPA-2163 Change LifecycleEventManager PluginValue's singleton default value from true to false. Add SingletonLifecycleEventManager property allow previous property to switch singleton value back to true. Since LifecycleEventManager is a internal property for BeanValidation support, the SingletonLifecycleEventManager property will be kept as internal property as well.",2012-03-27T20:56:55Z,2012-04-01T14:42:17Z,INSIDE_LIFECYCLE,,2.0.1|2.1.2|2.2.1|2.3.0,2.2.1|2.3.0,6,6,1,openjpa-kernel/src/main/java/org/apache/openjpa/conf/OpenJPAConfigurationImpl.java
12548387,OPENJPA-2163,284b6e5ceda27eb678399930bc49e028e2e2a39b,2012-03-28T23:01:42Z,OPENJPA-2163 Add SingletonLifecycleEventManager property to interface and documentation.,2012-03-27T20:56:55Z,2012-04-01T14:42:17Z,INSIDE_LIFECYCLE,,2.0.1|2.1.2|2.2.1|2.3.0,2.2.1|2.3.0,2,1,1,openjpa-kernel/src/main/java/org/apache/openjpa/conf/OpenJPAConfiguration.java
12548387,OPENJPA-2163,42372cf6094fa8e32ad9dd31d1bc79a839f45ba4,2012-03-29T17:50:19Z,OPENJPA-2163 Simplify configuration: move SingletonLifecycleEventManager from property to Compatibility option.,2012-03-27T20:56:55Z,2012-04-01T14:42:17Z,INSIDE_LIFECYCLE,,2.0.1|2.1.2|2.2.1|2.3.0,2.2.1|2.3.0,7,5,3,openjpa-kernel/src/main/java/org/apache/openjpa/conf/Compatibility.java|openjpa-kernel/src/main/java/org/apache/openjpa/conf/OpenJPAConfiguration.java|openjpa-kernel/src/main/java/org/apache/openjpa/conf/OpenJPAConfigurationImpl.java
12550430,OPENJPA-2170,3bfaadf1c10169e7ca7fbc23719b044b6a64d1a2,2012-04-10T22:33:08Z,OPENJPA-2170 - Clear the batching cache regardless if the batch execution has succeeded or failed to avoid duplicated SQL updates.,2012-04-10T19:29:11Z,2012-04-11T19:09:19Z,INSIDE_LIFECYCLE,,2.2.0|2.3.0,2.3.0,1,1,1,openjpa-jdbc/src/main/java/org/apache/openjpa/jdbc/kernel/BatchingPreparedStatementManagerImpl.java
12551298,OPENJPA-2174,ebe06fdf352a63c3152874b3efdc4960108cf3b5,2012-05-31T13:39:52Z,OPENJPA-2174: Applied Helen Xu's patch to trunk,2012-04-17T20:40:17Z,2012-05-31T13:41:38Z,INSIDE_LIFECYCLE,,2.1.0|2.2.0,2.1.2|2.2.1|2.3.0,4,4,2,openjpa-jdbc/src/main/java/org/apache/openjpa/jdbc/kernel/MappedQueryResultObjectProvider.java|openjpa-jdbc/src/main/java/org/apache/openjpa/jdbc/sql/ResultSetResult.java
12552847,OPENJPA-2178,aac116c904fb66ab33c8e7d72630cd3ad549bb49,2012-04-26T15:10:53Z,OPENJPA-2178 switch Date PostgreSQL preci from CENTI to MICRO,2012-04-26T12:40:39Z,2012-04-26T15:11:20Z,INSIDE_LIFECYCLE,,2.2.0,2.3.0,1,1,1,openjpa-jdbc/src/main/java/org/apache/openjpa/jdbc/sql/PostgresDictionary.java
12367383,OPENJPA-218,19371ce1747cfbec0f6ab22241e28304d27d59c2,2009-04-02T15:40:13Z,OPENJPA-218: fix merge problem with derived identity using IdClass. The corresponding test case is checked in using JIRA-1004.,2007-04-17T14:39:12Z,2009-04-02T20:08:31Z,INSIDE_LIFECYCLE,,0.9.6|0.9.7,2.0.0-M2,1,1,1,openjpa-kernel/src/main/java/org/apache/openjpa/enhance/PCEnhancer.java
12553160,OPENJPA-2182,d48f439bc87907703e3bb36073d50dd2f772d236,2021-03-30T20:52:31+02:00,OPENJPA-2182 fix invalidColumnWordSet handling,2012-04-27T15:46:14Z,2021-03-30T18:54:18Z,INSIDE_LIFECYCLE,,2.3.0,3.2.0,2,2,2,openjpa-jdbc/src/main/java/org/apache/openjpa/jdbc/sql/AbstractSQLServerDictionary.java|openjpa-jdbc/src/main/java/org/apache/openjpa/jdbc/sql/DBDictionary.java
12554482,OPENJPA-2187,ae9e05b9c7c742f7f5640f5f9fbfa090b9e6b0ba,2012-05-11T18:41:34Z,OPENJPA-2187: Generate correct source for a file that is in the default package.,2012-05-09T12:57:07Z,2012-05-11T18:41:48Z,INSIDE_LIFECYCLE,,2.2.0,2.3.0,1,1,1,openjpa-persistence/src/main/java/org/apache/openjpa/persistence/util/SourceCode.java
12367409,OPENJPA-219,0e7feca04a29f354abc476d55252bab968a87f3f,2007-04-24T23:34:46Z,"OPENJPA-219. Avoid Class.getDeclaredField() / Class.getDeclaredMethod() in Reflection, since they throw exceptions as a side-effect. Also contains assorted clean-up in ClassMetaData.",2007-04-17T20:31:32Z,2007-04-24T23:38:07Z,INSIDE_LIFECYCLE,,0.9.0|0.9.6|0.9.7,1.0.0,3,3,3,openjpa-kernel/src/main/java/org/apache/openjpa/enhance/PCEnhancer.java|openjpa-kernel/src/main/java/org/apache/openjpa/enhance/Reflection.java|openjpa-kernel/src/main/java/org/apache/openjpa/meta/ClassMetaData.java
12555011,OPENJPA-2191,32d2a850110157fb9e29e38ea1a957d1747e3852,2012-05-12T12:50:32Z,OPENJPA-2191: Add null check when initializing AbstractQueryCache.,2012-05-12T09:49:13Z,2012-05-12T12:52:17Z,INSIDE_LIFECYCLE,,2.0.0|2.1.0|2.2.0|2.3.0,2.3.0,1,1,1,openjpa-kernel/src/main/java/org/apache/openjpa/datacache/AbstractQueryCache.java
12555953,OPENJPA-2196,654f835222f35902c73fab791b5bccc8e6289e14,2012-07-25T18:30:31Z,OPENJPA-2196 - Commit contribution by Scott Parkerson.,2012-05-16T04:41:22Z,2012-07-25T18:40:33Z,INSIDE_LIFECYCLE,,2.2.0,2.2.1.1|2.2.2|2.3.0,3,2,2,openjpa-jdbc/src/main/java/org/apache/openjpa/jdbc/kernel/NativeJDBCSeq.java|openjpa-jdbc/src/main/java/org/apache/openjpa/jdbc/sql/DBDictionary.java
12556135,OPENJPA-2197,61b023c7842ba0cdde6305f1be742f773d0f3b84,2012-05-17T07:55:41Z,OPENJPA-2197 fix lifecycle method detection,2012-05-16T22:10:22Z,2012-05-17T07:58:07Z,INSIDE_LIFECYCLE,,2.2.0,2.3.0,2,2,1,openjpa-persistence/src/main/java/org/apache/openjpa/persistence/AnnotationPersistenceMetaDataParser.java
12556252,OPENJPA-2199,901c70e1d6a726c769fc08d80422126591b0f9ad,2012-05-18T15:08:50Z,"OPENJPA-2199 - If inverse relation is removed (nulled out) when commit, attempt to find the target type from initialized object in the state manager to complete the update graph for foreign key constraint detection between the relationships.",2012-05-17T16:23:16Z,2012-07-26T18:43:46Z,INSIDE_LIFECYCLE,,2.0.0|2.1.0|2.2.0|2.3.0,2.0.2|2.1.2|2.2.1|2.3.0,5,5,1,openjpa-jdbc/src/main/java/org/apache/openjpa/jdbc/meta/strats/RelationFieldStrategy.java
12556252,OPENJPA-2199,f30d74802dfec7a0148ca0e98993a2d7495f1085,2012-07-13T16:22:16Z,OPENJPA-2199 - Guard null pc value.,2012-05-17T16:23:16Z,2012-07-26T18:43:46Z,INSIDE_LIFECYCLE,,2.0.0|2.1.0|2.2.0|2.3.0,2.0.2|2.1.2|2.2.1|2.3.0,1,1,1,openjpa-kernel/src/main/java/org/apache/openjpa/kernel/StateManagerImpl.java
12348116,OPENJPA-22,d35bc8a306444ed25e7322d023e46c4a1d64e60a,2007-03-10T00:34:09Z,fix for OPENJPA-22,2006-08-16T23:32:39Z,2007-03-10T00:36:42Z,INSIDE_LIFECYCLE,,,0.9.7,1,1,1,openjpa-jdbc/src/main/java/org/apache/openjpa/jdbc/sql/DB2Dictionary.java
12558784,OPENJPA-2204,dde88d592c553549c51e88a30bd952a87f0c6c7d,2012-06-05T02:23:03Z,OPENJPA-2204.  Detect a potential null value before blindly outputting a trace string.,2012-05-31T13:47:38Z,2012-06-05T02:23:38Z,INSIDE_LIFECYCLE,,2.2.1|2.3.0,2.3.0,1,1,1,openjpa-jdbc/src/main/java/org/apache/openjpa/jdbc/kernel/JDBCStoreManager.java
12367509,OPENJPA-222,0df6a69703ffbbdbc2cdc715d09c6969d69bf7a7,2007-04-18T21:26:20Z,"fix for OPENJPA-222 .Update the getForUpdateClause, instead of overriding the toSelect",2007-04-18T17:01:42Z,2007-08-07T22:30Z,INSIDE_LIFECYCLE,,0.9.7,,1,1,1,openjpa-jdbc/src/main/java/org/apache/openjpa/jdbc/sql/DB2Dictionary.java
12367509,OPENJPA-222,30f204251018ca448a4e66c7b3d000fa67c69d85,2007-04-18T21:58:16Z,further clean up for OPENJPA-222,2007-04-18T17:01:42Z,2007-08-07T22:30Z,INSIDE_LIFECYCLE,,0.9.7,,1,1,1,openjpa-jdbc/src/main/java/org/apache/openjpa/jdbc/sql/DB2Dictionary.java
12367509,OPENJPA-222,0f66458d4c1f410e9c71aa7ccac54c7427f27f8d,2007-04-19T21:33:23Z,OPENJPA-222 testcases for DB2,2007-04-18T17:01:42Z,2007-08-07T22:30Z,INSIDE_LIFECYCLE,,0.9.7,,3,3,1,openjpa-jdbc/src/main/java/org/apache/openjpa/jdbc/sql/DB2Dictionary.java
12367509,OPENJPA-222,129360ace992869aefdde406527456c51a550686,2007-04-20T17:24:32Z,OPENJPA-222 clean up,2007-04-18T17:01:42Z,2007-08-07T22:30Z,INSIDE_LIFECYCLE,,0.9.7,,3,3,1,openjpa-jdbc/src/main/java/org/apache/openjpa/jdbc/sql/DB2Dictionary.java
12596262,OPENJPA-2221,35c91eef22c711ca193954104be9ce3ba2065f39,2013-10-17T11:04:35Z,OPENJPA-2221 AbstractValueHandler map() fix applied to trunk,2012-06-28T14:47:38Z,2013-10-18T13:49:06Z,INSIDE_LIFECYCLE,,2.1.0,2.1.1|2.3.0,4,4,1,openjpa-jdbc/src/main/java/org/apache/openjpa/jdbc/sql/DBDictionary.java
12598075,OPENJPA-2227,5c05a69ce6f371616dfb049fc1c996260b10a394,2012-07-30T15:40:35Z,OPENJPA-2227: OpenJPA doesn't find custom SequenceGenerators,2012-07-09T19:24:05Z,2012-08-24T00:20:59Z,INSIDE_LIFECYCLE,,2.0.0|2.1.0|2.2.0,2.1.2|2.2.1|2.3.0,1,1,1,openjpa-kernel/src/main/java/org/apache/openjpa/meta/SequenceMetaData.java
12598245,OPENJPA-2228,4b04ef53cfa5769f9a32cd90808f17a5bb06a1f0,2012-07-17T21:59:10Z,OPENJPA-2228: Fix SQLBuffer when using an Entity with an EmbeddedId that has multiple pks and QuerySQLCache is enabled. Patch contributed by Helen Xu.,2012-07-10T18:48:54Z,2012-07-17T22:00:22Z,INSIDE_LIFECYCLE,,2.2.0|2.3.0,2.3.0,4,4,1,openjpa-jdbc/src/main/java/org/apache/openjpa/jdbc/sql/SQLBuffer.java
12598564,OPENJPA-2229,a42c9c280a2834dae7e70b4c3f06e4d7ccd644d0,2012-07-14T17:17:54Z,OPENJPA-2229: Add support for JBoss vfs when process Entities.,2012-07-12T14:19:25Z,2012-08-03T15:20:49Z,INSIDE_LIFECYCLE,,2.2.0|2.2.1|2.3.0,2.3.0,2,1,1,openjpa-kernel/src/main/java/org/apache/openjpa/meta/AbstractCFMetaDataFactory.java
12598564,OPENJPA-2229,a55000a4be3385fa71d556a5a53e84a0638b6d8c,2012-08-03T15:33Z,OPENJPA-2229: Honor JoinColumn.name when mapping a uni-directional OneToOne that is in a SecondaryTable.,2012-07-12T14:19:25Z,2012-08-03T15:20:49Z,AFTER_RESOLUTION,0,2.2.0|2.2.1|2.3.0,2.3.0,4,4,1,openjpa-jdbc/src/main/java/org/apache/openjpa/jdbc/meta/MappingRepository.java
12598746,OPENJPA-2230,5eb13dbde9782affaa41e954e72decef8f3748ca,2012-07-13T19:46:41Z,OPENJPA-2230.  Set the _activated flag when processing EventListeners in super classes.,2012-07-13T19:21:56Z,2012-08-23T13:40:13Z,INSIDE_LIFECYCLE,,2.2.1|2.3.0,2.2.1|2.3.0,5,4,1,openjpa-kernel/src/main/java/org/apache/openjpa/meta/LifecycleMetaData.java
12599130,OPENJPA-2233,9ce4d50169cdb45788e3ce67c5118c4a86ff7776,2013-12-17T02:28:23Z,OPENJPA-2233: Merge changes to trunk.,2012-07-17T15:39:50Z,2013-12-17T02:33:45Z,INSIDE_LIFECYCLE,,2.0.1|2.1.0|2.2.0|2.3.0,2.0.2|2.1.2|2.2.1.1|2.2.2|2.4.0,5,4,1,openjpa-kernel/src/main/java/org/apache/openjpa/enhance/PCEnhancer.java
12599438,OPENJPA-2234,94969374f623a82a8d659b763b2c987d2b1c3d79,2012-10-09T14:23:36Z,OPENJPA-2234: Avoid NPE when the ManagedRuntime returns a null TransactionManager.,2012-07-19T10:06:09Z,2012-10-16T21:32:56Z,INSIDE_LIFECYCLE,,2.0.1,2.3.0,3,2,1,openjpa-kernel/src/main/java/org/apache/openjpa/kernel/AbstractBrokerFactory.java
12599487,OPENJPA-2235,bded0a42b6a490a6cc80bc69a221f7ba7cd1b877,2012-12-27T22:21:52Z,OPENJPA-2235: READ_UNCOMMITTED setting for the fetch plan isolation level is ignored in DB2Dictionary - applied Helen Xu's patch to trunk.,2012-07-19T15:55:22Z,2013-04-10T16:04:36Z,INSIDE_LIFECYCLE,,2.1.1|2.2.0|2.3.0,2.1.2|2.2.1.1|2.2.2|2.3.0,2,2,1,openjpa-jdbc/src/main/java/org/apache/openjpa/jdbc/sql/DB2Dictionary.java
12599542,OPENJPA-2236,0506e9f0b5005087032543c3f908e7b2d07af8e4,2012-07-20T02:51:52Z,OPENJPA-2236 put try/catch around connection info trace in DBDictionary,2012-07-19T22:03:20Z,2013-04-10T21:13:54Z,INSIDE_LIFECYCLE,,2.2.1|2.3.0,1.2.3|2.2.1|2.3.0,1,1,1,openjpa-jdbc/src/main/java/org/apache/openjpa/jdbc/sql/DBDictionary.java
12599852,OPENJPA-2238,5afd4e851bb1fe56de5b1b546abecd799d036ad7,2012-07-23T15:35:01Z,OPENJPA-2238: Don't create custom proxies for default scoped classes.,2012-07-23T14:41:17Z,2012-07-23T15:35:27Z,INSIDE_LIFECYCLE,,2.2.0|2.3.0,2.3.0,4,4,1,openjpa-kernel/src/main/java/org/apache/openjpa/util/ProxyManagerImpl.java
12601129,OPENJPA-2244,9fa9ef4fe825bf29c480303c169413ab997e5707,2012-11-30T03:14:37Z,OPENJPA-2244: Applied Helen's patch to trunk.,2012-08-01T21:43:18Z,2013-04-10T15:05:01Z,INSIDE_LIFECYCLE,,2.0.1|2.1.1|2.2.0,2.0.2|2.1.2|2.2.1.1|2.2.2|2.3.0,5,5,5,openjpa-lib/src/main/java/org/apache/openjpa/lib/ant/AbstractTask.java|openjpa-lib/src/main/java/org/apache/openjpa/lib/conf/ConfigurationImpl.java|openjpa-lib/src/main/java/org/apache/openjpa/lib/conf/Configurations.java|openjpa-persistence/src/main/java/org/apache/openjpa/persistence/PersistenceProductDerivation.java|openjpa-persistence/src/main/java/org/apache/openjpa/persistence/PersistenceUnitInfoImpl.java
12601211,OPENJPA-2245,bcda87c67b6e35d3236e04c0bc699da6f6d5022f,2012-08-02T12:54:26Z,OPENJPA-2245: Fix NotSerializableException when using Criteria and QueryCache.,2012-08-02T12:41:30Z,2016-08-19T18:57:40Z,INSIDE_LIFECYCLE,,2.2.0|2.3.0,2.2.3|2.3.0|2.4.2,3,3,1,openjpa-kernel/src/main/java/org/apache/openjpa/datacache/QueryKey.java
12601384,OPENJPA-2247,a06d373573b5e12ba309ef9e6137ee4e759eae5e,2012-10-01T22:15:42Z,OPENJPA-2247 Complete fix for 1x1 bi and mx1 uni relationships of the described problem.,2012-08-03T15:29:58Z,2012-10-09T18:18:12Z,INSIDE_LIFECYCLE,,2.0.1|2.1.2|2.2.1|2.3.0,2.0.2|2.1.2|2.2.1|2.3.0,4,4,1,openjpa-jdbc/src/main/java/org/apache/openjpa/jdbc/meta/MappingRepository.java
12604028,OPENJPA-2253,556d796ed38799a7c99d550ba4d79d26a5933abc,2012-09-12T01:23:32Z,OPENJPA-2253: Clear temporary storage for audit to prevent memory leak,2012-08-20T10:08:44Z,2013-10-29T08:03:22Z,INSIDE_LIFECYCLE,,2.2.0|2.3.0,2.3.0,2,2,2,openjpa-kernel/src/main/java/org/apache/openjpa/kernel/AuditManager.java|openjpa-kernel/src/main/java/org/apache/openjpa/kernel/Audited.java
12604028,OPENJPA-2253,ae3441b049f60168e8abec0ef5988c0ba6265df7,2012-09-12T01:25:13Z,OPENJPA-2253: Clear temporary storage for audit to prevent memory leak,2012-08-20T10:08:44Z,2013-10-29T08:03:22Z,INSIDE_LIFECYCLE,,2.2.0|2.3.0,2.3.0,3,2,2,openjpa-kernel/src/main/java/org/apache/openjpa/audit/Auditable.java|openjpa-kernel/src/main/java/org/apache/openjpa/audit/Auditor.java
12605631,OPENJPA-2255,bc29ef104d0494a08c348a58141760a51f18f534,2012-09-01T04:13:26Z,OPENJPA-2255 Enable join table id columns to use the column length from the target instead of hard-coded db specific default column length.,2012-08-31T01:15:52Z,2012-09-11T15:16:35Z,INSIDE_LIFECYCLE,,2.1.1,2.3.0,1,1,1,openjpa-jdbc/src/main/java/org/apache/openjpa/jdbc/meta/MappingInfo.java
12605972,OPENJPA-2257,512520f7fb764b406aa3fc3dd298dbf63ec7eb58,2012-09-05T19:53:52Z,OPENJPA-2257 Properly synchronized _supportedKeys in ConigurationImpl. Test case contributed by Stephan Hagedorn.,2012-09-03T10:28:41Z,2012-09-05T20:11:23Z,INSIDE_LIFECYCLE,,2.1.2,2.1.2|2.2.1.1|2.2.2|2.3.0,2,2,1,openjpa-lib/src/main/java/org/apache/openjpa/lib/conf/ConfigurationImpl.java
12605972,OPENJPA-2257,a2b07b18b43003f4c4cdd1872022a57c7e0fe26a,2012-12-29T01:06:48Z,OPENJPA-2257: Added additional changes (i.e. return a copy of _supportedKeys) to the code changes made previously by Albert Lee.,2012-09-03T10:28:41Z,2012-09-05T20:11:23Z,AFTER_RESOLUTION,2740,2.1.2,2.1.2|2.2.1.1|2.2.2|2.3.0,1,1,1,openjpa-lib/src/main/java/org/apache/openjpa/lib/conf/ConfigurationImpl.java
12606896,OPENJPA-2260,ef2065122aec54bdee276b4e7f3777c94748826e,2012-09-10T20:27:56Z,OPENJPA-2260: Parenthesis-augmented parameters are improperly processed at EM level,2012-09-10T15:50:58Z,2012-09-13T15:13:14Z,INSIDE_LIFECYCLE,,2.1.0|2.1.1|2.2.0,2.1.2|2.2.1|2.3.0,2,2,1,openjpa-persistence/src/main/java/org/apache/openjpa/persistence/EntityManagerImpl.java
12606907,OPENJPA-2261,e9a6d6681d59750c438ddf384e23b8f28d971085,2012-09-11T15:18:22Z,OPENJPA-2261: Query SQL Cache issue with NULL parameters,2012-09-10T16:50:51Z,2012-09-13T15:13:40Z,INSIDE_LIFECYCLE,,2.1.0|2.1.1|2.2.0,2.1.2|2.2.1|2.3.0,3,3,1,openjpa-persistence/src/main/java/org/apache/openjpa/persistence/QueryImpl.java
12609165,OPENJPA-2267,fd4ca960502967429a242bbdbb51abd778346899,2012-09-27T21:05:07Z,OPENJPA-2267: Fix NPE in ResultPacker when there is a null result.,2012-09-26T02:29:02Z,2012-09-27T21:06:31Z,INSIDE_LIFECYCLE,,2.2.0|2.3.0,2.3.0,2,2,1,openjpa-kernel/src/main/java/org/apache/openjpa/kernel/ResultPacker.java
12609437,OPENJPA-2269,e424097b564273b807f0637056ea244c40a125c3,2012-09-27T19:36:44Z,OPENJPA-2269: Fix duplicate key exception when inserting into sequence table on multithreaded init.,2012-09-27T18:49:01Z,2012-10-09T12:10:05Z,INSIDE_LIFECYCLE,,2.2.0|2.3.0,2.3.0,3,3,1,openjpa-jdbc/src/main/java/org/apache/openjpa/jdbc/kernel/TableJDBCSeq.java
12368005,OPENJPA-228,f7770883a4e9f8f002dd2d99287903be577b2dd4,2007-04-25T09:19:51Z,"Usability improvements discovered while working on OPENJPA-228. When loading enumerated types in the enhancer, pass them to serp as strings rather than as classes. This permits the use case where a subclass and superclass are both compiled and enhanced, and then the superclass is recompiled, and the subclass and superclass are both listed in persistence.xml, and the enhancer is then invoked.",2007-04-25T06:59:35Z,2007-04-25T09:21:09Z,INSIDE_LIFECYCLE,,0.9.6|0.9.7,,3,2,2,openjpa-kernel/src/main/java/org/apache/openjpa/enhance/PCEnhancer.java|openjpa-kernel/src/main/java/org/apache/openjpa/meta/MetaDataRepository.java
12613027,OPENJPA-2282,af3df6bd117efa2384f81a79728a1906da766c78,2012-11-26T22:02:44Z,OPENJPA-2282 do not append escape clause by default.,2012-10-22T19:07:06Z,2012-11-28T16:00:14Z,INSIDE_LIFECYCLE,,2.3.0,2.3.0,8,6,5,openjpa-jdbc/src/main/java/org/apache/openjpa/jdbc/sql/DBDictionary.java|openjpa-jdbc/src/main/java/org/apache/openjpa/jdbc/sql/JDataStoreDictionary.java|openjpa-jdbc/src/main/java/org/apache/openjpa/jdbc/sql/MySQLDictionary.java|openjpa-jdbc/src/main/java/org/apache/openjpa/jdbc/sql/OracleDictionary.java|openjpa-jdbc/src/main/java/org/apache/openjpa/jdbc/sql/PostgresDictionary.java
12613539,OPENJPA-2284,88cc847a1cd2d4fb4f91b88b4de5a91c4b39228e,2012-12-04T01:41:24Z,OPENJPA-2284: Save NPE while parsing cascade,2012-10-25T19:07:19Z,2013-04-10T15:03:26Z,INSIDE_LIFECYCLE,,2.0.1|2.2.1|2.3.0,2.0.2|2.1.2|2.2.1.1|2.2.2|2.3.0,1,1,1,openjpa-persistence/src/main/java/org/apache/openjpa/persistence/XMLPersistenceMetaDataParser.java
12613632,OPENJPA-2286,833031ba61e2d15611f23baa9294035aa95ac9f9,2014-03-24T18:26:36Z,OPENJPA-2286: ArgumentException: Attempt to compare incompatible types class java.util.Date and class org.apache.openjpa.jdbc.sql.Raw,2012-10-26T10:50:54Z,2016-09-08T22:23:41Z,INSIDE_LIFECYCLE,,2.2.0,2.1.2|2.2.1.1|2.2.3|2.4.0,2,2,1,openjpa-jdbc/src/main/java/org/apache/openjpa/jdbc/kernel/exps/CompareExpression.java
12613873,OPENJPA-2287,950ae7ab766ab8121fd808374929c43a107bd30d,2015-04-16T20:35:10Z,OPENJPA-2287 do not clear object fields for fetchObjectField,2012-10-29T11:03:29Z,2015-04-16T20:35:32Z,INSIDE_LIFECYCLE,,2.2.0,2.4.0,3,3,3,openjpa-kernel/src/main/java/org/apache/openjpa/kernel/SaveFieldManager.java|openjpa-kernel/src/main/java/org/apache/openjpa/kernel/SavepointFieldManager.java|openjpa-kernel/src/main/java/org/apache/openjpa/kernel/TransferFieldManager.java
12613904,OPENJPA-2288,89b44bbf6c6a3f6554b5ac7338ae841c96e17de7,2012-11-27T20:51:44Z,OPENJPA-2288: MetaDataRepository should be able to filter classes from other app ClassLoaders in JEE Env,2012-10-29T14:54:53Z,2012-11-30T22:21:09Z,INSIDE_LIFECYCLE,,2.1.1|2.2.0,2.1.2|2.2.1.1|2.2.2|2.3.0,2,2,2,openjpa-kernel/src/main/java/org/apache/openjpa/conf/Compatibility.java|openjpa-kernel/src/main/java/org/apache/openjpa/meta/MetaDataRepository.java
12614256,OPENJPA-2289,2d5ab5c862737cf13c6a77bee4924dd959e8b941,2012-11-30T15:39:17Z,OPENJPA-2289: Applied Albert's patch to trunk,2012-10-31T18:40:55Z,2013-04-10T14:51:36Z,INSIDE_LIFECYCLE,,2.0.1|2.1.1|2.2.0|2.3.0,2.0.2|2.1.2|2.2.1.1|2.2.2|2.3.0,6,6,3,openjpa-jdbc/src/main/java/org/apache/openjpa/jdbc/sql/DBDictionary.java|openjpa-jdbc/src/main/java/org/apache/openjpa/jdbc/sql/OracleDictionary.java|openjpa-jdbc/src/main/java/org/apache/openjpa/jdbc/sql/SelectImpl.java
12368016,OPENJPA-229,b2beaec63446c937b69de2e73d2b7acda96b1549,2007-04-26T17:17:10Z,OPENJPA-229,2007-04-25T09:22:09Z,2007-04-26T19:59:25Z,INSIDE_LIFECYCLE,,0.9.0|0.9.6|0.9.7,1.0.0,3,3,2,openjpa-kernel/src/main/java/org/apache/openjpa/enhance/PCEnhancer.java|openjpa-kernel/src/main/java/org/apache/openjpa/meta/MetaDataRepository.java
12616445,OPENJPA-2298,7d897d94ce41035bd8b8d1dca47d6bebd4243e0b,2012-11-30T03:09:12Z,OPENJPA-2298: Applied Kevin's changes to trunk.,2012-11-16T17:18:32Z,2013-04-10T14:49:30Z,INSIDE_LIFECYCLE,,2.2.0|2.3.0,2.2.1.1|2.2.2|2.3.0,1,1,1,openjpa-kernel/src/main/java/org/apache/openjpa/enhance/PCEnhancer.java
12368224,OPENJPA-230,15b0b59f25f755a96a6fdebf9d94a61e208ecbde,2007-05-11T16:12:07Z,OPENJPA-230. Updated patch based on an out-of-band patch from Vishal. This version avoids interrupts while still handling guaranteed delivery of messages in the queue.,2007-04-27T20:50:34Z,2007-05-29T08:19:07Z,INSIDE_LIFECYCLE,,0.9.0|0.9.6|0.9.7,1.0.0,1,1,1,openjpa-kernel/src/main/java/org/apache/openjpa/event/TCPRemoteCommitProvider.java
12368224,OPENJPA-230,add6a29be4017c1cf670034811ab5942f756ce94,2007-05-11T16:37:15Z,OPENJPA-230. Fixed dependency on not-yet-checked-in class.,2007-04-27T20:50:34Z,2007-05-29T08:19:07Z,INSIDE_LIFECYCLE,,0.9.0|0.9.6|0.9.7,1.0.0,1,1,1,openjpa-kernel/src/main/java/org/apache/openjpa/event/TCPRemoteCommitProvider.java
12617576,OPENJPA-2300,5faf53c036cf406fc804fa8949f4d8a919dfe813,2016-08-23T07:57:38Z,OPENJPA-2300 avoid warnings due to annotation processor,2012-11-26T09:04:08Z,2016-08-23T08:04:16Z,INSIDE_LIFECYCLE,,2.2.1,3.0.0,1,1,1,openjpa-persistence/src/main/java/org/apache/openjpa/persistence/meta/AnnotationProcessor6.java
12623423,OPENJPA-2304,f17a08fee4571887c380e92af6fb8dd0b494560d,2012-12-11T18:22:15Z,OPENJPA-2304: Protect the expressin list for concurrent access,2012-12-11T18:14Z,2013-01-10T21:16:44Z,INSIDE_LIFECYCLE,,2.2.1.1,2.1.2|2.2.1.1|2.2.2|2.3.0,1,1,1,openjpa-persistence/src/main/java/org/apache/openjpa/persistence/criteria/PredicateImpl.java
12368352,OPENJPA-231,753be68e244bc14ec66807ba6457d1fa2211d9c6,2008-06-11T23:52:31Z,OPENJPA-231. Merging r655354 and r655592 from 1.1.x.,2007-05-01T01:07:29Z,2008-05-12T05:43:18Z,AFTER_RESOLUTION,738,0.9.7,1.1.0,7,7,1,openjpa-kernel/src/main/java/org/apache/openjpa/kernel/AttachStrategy.java
12626144,OPENJPA-2318,1896a2850ca9721c5c00f76cfedceb7441df5651,2013-08-16T18:25:23Z,OPENJPA-2318: Left outer join is not generated because allowNull was not passed correctly,2013-01-05T00:50:14Z,2013-08-16T18:26:15Z,INSIDE_LIFECYCLE,,2.1.1,2.2.1.1|2.2.3|2.3.0,1,1,1,openjpa-persistence/src/main/java/org/apache/openjpa/persistence/criteria/Joins.java
12626461,OPENJPA-2320,0ca38be72735a1b9340a519f46f9d969b6c4bf5d,2013-01-08T02:40:07Z,OPENJPA-2320: Remove static initializers because recursive Predicate constructor deadlocks,2013-01-08T02:38:28Z,2013-01-10T21:16:32Z,INSIDE_LIFECYCLE,,,2.1.2|2.2.1.1|2.2.2|2.3.0,2,2,2,openjpa-persistence/src/main/java/org/apache/openjpa/persistence/criteria/CriteriaBuilderImpl.java|openjpa-persistence/src/main/java/org/apache/openjpa/persistence/criteria/PredicateImpl.java
12627027,OPENJPA-2321,5b21125f5ee4b57cb8285e874e3c9724bd6e2c4c,2013-01-10T21:16:14Z,OPENJPA-2321: Remove synchrnization on output stream,2013-01-10T21:14:08Z,2013-01-10T21:16:57Z,INSIDE_LIFECYCLE,,,2.1.2|2.2.1.1|2.2.2|2.3.0,1,1,1,openjpa-lib/src/main/java/org/apache/openjpa/lib/log/LogFactoryImpl.java
12628714,OPENJPA-2325,01cae73832fd7b86848fe017e990b96ca63e25af,2013-01-22T14:35:32Z,OPENJPA-2325: Correct evaluation of identity type for MappedSuperclass without an identity field,2013-01-22T13:59:10Z,2013-01-22T14:37:36Z,INSIDE_LIFECYCLE,,2.3.0,2.3.0,1,1,1,openjpa-kernel/src/main/java/org/apache/openjpa/meta/ClassMetaData.java
12628822,OPENJPA-2326,2facc841546b58815bf31a35b02cf597d3844693,2013-02-07T19:37:47Z,OPENJPA-2326.  Found an errant trace statement that is not needed.  Left over from a previous commit cleanup.  Too much trace is generated...,2013-01-22T23:31:16Z,2013-04-10T14:40:34Z,INSIDE_LIFECYCLE,,2.3.0,2.0.2|2.1.2|2.2.1.1|2.2.2|2.3.0,1,1,1,openjpa-jdbc/src/main/java/org/apache/openjpa/jdbc/kernel/JDBCStoreManager.java
12630095,OPENJPA-2328,fd5cc0436cfdf426304a07cf950609094b46d8f4,2013-02-19T22:54:35Z,OPENJPA-2328: Fix NoSuchElementException when using HandlerRelationMapTableFieldStrategy. Patch contributed by Guillaume Chauvet.,2013-01-31T08:44:50Z,2013-02-19T22:55:32Z,INSIDE_LIFECYCLE,,2.1.1|2.2.0|2.2.1,2.3.0,4,4,1,openjpa-jdbc/src/main/java/org/apache/openjpa/jdbc/meta/strats/HandlerRelationMapTableFieldStrategy.java
12631234,OPENJPA-2330,5632d5ab0abf661ba00e903ef740efc459c6a8fb,2013-02-21T14:39:07Z,OPENJPA-2330: Fix StackoverflowError when checking if a field is loaded. Test contributed by Guillaume Chauvet.,2013-02-07T11:03:23Z,2013-11-05T18:03:29Z,INSIDE_LIFECYCLE,,2.2.0|2.2.1,2.1.2|2.2.1.1|2.2.3|2.3.0,5,5,1,openjpa-persistence/src/main/java/org/apache/openjpa/persistence/OpenJPAPersistenceUtil.java
12633067,OPENJPA-2335,7ce7e556207f545a7bd688d4d8491a3021fa3aac,2013-02-19T20:33:15Z,OPENJPA-2335: Set non-default value to a foreign key contrained column,2013-02-19T20:27:56Z,2013-11-18T05:42:17Z,INSIDE_LIFECYCLE,,,2.3.0,1,1,1,openjpa-jdbc/src/main/java/org/apache/openjpa/jdbc/sql/PrimaryRow.java
12633067,OPENJPA-2335,d13ffa5eb3ed13448f442fa7cdc293fe56ad8ae2,2015-03-16T21:45:43Z,OPENJPA-2335 only handle key columns very restrictive,2013-02-19T20:27:56Z,2013-11-18T05:42:17Z,AFTER_RESOLUTION,11608,,2.3.0,2,2,1,openjpa-jdbc/src/main/java/org/apache/openjpa/jdbc/sql/PrimaryRow.java
12633087,OPENJPA-2336,4fbf3fc1f0a0431d29765d041e74756f319bc3fe,2013-02-19T22:30:34Z,OPENJPA-2336: Consider database dictionary schema case while matching join column name,2013-02-19T22:29:21Z,2013-03-28T15:22:01Z,INSIDE_LIFECYCLE,,,2.3.0,1,1,1,openjpa-jdbc/src/main/java/org/apache/openjpa/jdbc/meta/MappingInfo.java
12634436,OPENJPA-2341,f6ba63def5596bfe9ef9e7fb3fe84e230afeb84d,2015-07-03T06:08:44Z,OPENJPA-2341 fix ValueHandler pickup via FieldStrategies,2013-02-27T16:24:14Z,2015-10-06T08:02:16Z,INSIDE_LIFECYCLE,,2.2.0,2.4.1,1,1,1,openjpa-jdbc/src/main/java/org/apache/openjpa/jdbc/meta/MappingRepository.java
12634822,OPENJPA-2343,bb743b5f156b08aa750305b9e1a94369f90b1a0f,2013-10-17T19:46:14Z,OPENJPA-2343: Version field returns null when explicity projected from a JOIN in SELECT clause - based fix off of patch provided by Howard Kelsey.  Merged 2.2.x commit to trunk.,2013-03-01T14:56:12Z,2013-10-17T22:30:57Z,INSIDE_LIFECYCLE,,2.2.1|2.3.0,2.1.2|2.2.1.1|2.2.3|2.3.0,8,8,5,openjpa-jdbc/src/main/java/org/apache/openjpa/jdbc/meta/FieldMapping.java|openjpa-jdbc/src/main/java/org/apache/openjpa/jdbc/meta/Version.java|openjpa-jdbc/src/main/java/org/apache/openjpa/jdbc/meta/VersionStrategy.java|openjpa-jdbc/src/main/java/org/apache/openjpa/jdbc/meta/strats/AbstractVersionStrategy.java|openjpa-jdbc/src/main/java/org/apache/openjpa/jdbc/meta/strats/ColumnVersionStrategy.java
12638102,OPENJPA-2355,e966f0f51c8c00bbaddbae9398e2952643e9af09,2013-03-20T22:52:18Z,OPENJPA-2355: Allow more than two input argument to CONCAT(),2013-03-20T22:50:42Z,2013-03-28T15:21:15Z,INSIDE_LIFECYCLE,,,2.3.0,3,1,1,openjpa-kernel/src/main/java/org/apache/openjpa/kernel/jpql/JPQLExpressionBuilder.java
12638547,OPENJPA-2357,c9fa4b9bda45d0cb50274c8075a780b98b5951d4,2013-03-26T12:43:29Z,OPENJPA-2357: Fix InvalidStateException when using the InverseManager. Fix contributed by Guillaume Chauvet.,2013-03-22T17:31:42Z,2013-03-26T12:44:24Z,INSIDE_LIFECYCLE,,2.2.0|2.2.1,2.3.0,2,2,1,openjpa-kernel/src/main/java/org/apache/openjpa/kernel/SingleFieldManager.java
12642602,OPENJPA-2369,8b75df3c9bf992d5b93cb2c5f0e81470860eaa1f,2013-04-16T18:04:55Z,"OPENJPA-2369, eliminate the duplicate call to getUnloadedInternal function.",2013-04-15T20:02:39Z,2014-02-05T22:20:41Z,INSIDE_LIFECYCLE,,2.2.1|2.2.3,2.3.0,1,1,1,openjpa-kernel/src/main/java/org/apache/openjpa/kernel/StateManagerImpl.java
12368804,OPENJPA-237,e041fe0d4de6baebefcbc34a3ff1962212535b5b,2007-05-21T16:35:28Z,OPENJPA-237 Copy aliases array so it can't get modified by reference,2007-05-07T23:10:24Z,2007-05-21T16:36:05Z,INSIDE_LIFECYCLE,,0.9.7,1.0.0,2,2,1,openjpa-lib/src/main/java/org/apache/openjpa/lib/conf/Value.java
12644134,OPENJPA-2374,5ce1ec400e2e3d47b999ebe1347b985bdff34cd2,2013-04-23T19:44:05Z,OPENJPA-2374: avoid OID creation when the lookup is not required.,2013-04-23T15:00:34Z,2014-02-05T22:19:50Z,INSIDE_LIFECYCLE,,2.2.1|2.3.0,2.3.0,1,1,1,openjpa-kernel/src/main/java/org/apache/openjpa/kernel/BrokerImpl.java
12644570,OPENJPA-2377,937aad666bcf696fdd5e47c281b09e527f721881,2013-05-14T16:26:39Z,OPENJPA-2377 - Fix criteria query methods to meet spec requirements.,2013-04-25T10:15:48Z,2013-05-14T16:28:19Z,INSIDE_LIFECYCLE,,,2.3.0,3,3,2,openjpa-persistence/src/main/java/org/apache/openjpa/persistence/criteria/CriteriaQueryImpl.java|openjpa-persistence/src/main/java/org/apache/openjpa/persistence/meta/MetamodelImpl.java
12649901,OPENJPA-2390,123e28821e0f7a9850ae1d08b3934502b5030429,2013-06-24T17:05:05Z,OPENJPA-2390 - commit patch contributed by Di Lau.,2013-05-29T12:40:07Z,2013-06-24T17:11:55Z,INSIDE_LIFECYCLE,,2.2.1,2.3.0,4,4,1,openjpa-jdbc/src/main/java/org/apache/openjpa/jdbc/sql/HSQLDictionary.java
12650354,OPENJPA-2391,c7b4e05b1e98796917b2a67ca87f582a292d13c8,2013-06-24T17:23:56Z,OPENJPA-2391 - commit patch contributed by Di Lau.,2013-05-31T15:16:49Z,2013-06-24T17:33:03Z,INSIDE_LIFECYCLE,,,2.3.0,1,1,1,openjpa-jdbc/src/main/java/org/apache/openjpa/jdbc/sql/HSQLDictionary.java
12348334,OPENJPA-24,c8ca563046840fc285b8f8d3b626882d69b1cd42,2007-09-17T20:47:52Z,OPENJPA-24: Relaxing access to connect() for extensibility.,2006-08-21T13:27:35Z,2007-03-01T02:20:03Z,AFTER_RESOLUTION,4818,,0.9.7,1,1,1,openjpa-kernel/src/main/java/org/apache/openjpa/event/JMSRemoteCommitProvider.java
12652902,OPENJPA-2400,1b1b60c9a7d63268dc26c1ff5dc601a352cee1c9,2013-07-10T15:43:18Z,OPENJPA-2400: MariaDB support,2013-06-14T15:29:15Z,2013-10-07T17:51:44Z,INSIDE_LIFECYCLE,,2.2.3,2.3.0,29,24,5,openjpa-jdbc/src/main/java/org/apache/openjpa/jdbc/conf/JDBCConfigurationImpl.java|openjpa-jdbc/src/main/java/org/apache/openjpa/jdbc/conf/JDBCProductDerivation.java|openjpa-jdbc/src/main/java/org/apache/openjpa/jdbc/sql/DBDictionaryFactory.java|openjpa-jdbc/src/main/java/org/apache/openjpa/jdbc/sql/MariaDBDictionary.java|openjpa-persistence-jdbc/src/main/java/org/apache/openjpa/persistence/jdbc/JDBCPersistenceProductDerivation.java
12652902,OPENJPA-2400,92c4369aa18417e448ac980c0cd5de83a2b4831f,2013-07-19T19:58:36Z,OPENJPA-2400: MariaDB DBDictionaryFactory update,2013-06-14T15:29:15Z,2013-10-07T17:51:44Z,INSIDE_LIFECYCLE,,2.2.3,2.3.0,2,2,1,openjpa-jdbc/src/main/java/org/apache/openjpa/jdbc/sql/DBDictionaryFactory.java
12654693,OPENJPA-2405,e406bda450a1f3b78836153a5a34882c823101b1,2013-07-01T16:58:11Z,OPENJPA-2405: EntityManager.merge does not work for entity that is managed by another EntityManager,2013-06-25T09:38:19Z,2013-07-01T17:04:14Z,INSIDE_LIFECYCLE,,2.2.3,2.3.0,2,2,1,openjpa-kernel/src/main/java/org/apache/openjpa/kernel/VersionAttachStrategy.java
12657213,OPENJPA-2409,67082453b32d1bc11309f3c45ae1ce1bb2f8e281,2013-10-18T14:25:55Z,OPENJPA-2409 enable persistenceXmlFile parameter to handle classpath resources as well.,2013-07-11T08:11:36Z,2013-10-18T14:37:40Z,INSIDE_LIFECYCLE,,2.2.2,2.3.0,4,4,4,openjpa-tools/openjpa-maven-plugin/src/main/java/org/apache/openjpa/tools/maven/AbstractOpenJpaEnhancerMojo.java|openjpa-tools/openjpa-maven-plugin/src/main/java/org/apache/openjpa/tools/maven/AbstractOpenJpaMojo.java|openjpa-tools/openjpa-maven-plugin/src/main/java/org/apache/openjpa/tools/maven/OpenJpaSchemaMojo.java|openjpa-tools/openjpa-maven-plugin/src/main/java/org/apache/openjpa/tools/maven/OpenJpaSqlMojo.java
12369742,OPENJPA-241,8cfa25c524d914ce02eef0df7435c8199931ff32,2008-07-22T17:41:30Z,OPENJPA-241 Extra SQL on lazy CMR load commit openjpa_241.patch on behalf of Fay Wang,2007-05-19T12:41:43Z,2008-07-22T18:01:31Z,INSIDE_LIFECYCLE,,1.0.0,1.2.0,5,5,5,openjpa-jdbc/src/main/java/org/apache/openjpa/jdbc/kernel/JDBCStoreManager.java|openjpa-jdbc/src/main/java/org/apache/openjpa/jdbc/meta/strats/StoreCollectionFieldStrategy.java|openjpa-jdbc/src/main/java/org/apache/openjpa/jdbc/sql/AbstractResult.java|openjpa-jdbc/src/main/java/org/apache/openjpa/jdbc/sql/MergedResult.java|openjpa-jdbc/src/main/java/org/apache/openjpa/jdbc/sql/Result.java
12369742,OPENJPA-241,98802147f761d93873462aa6aa0038a8926ec421,2008-07-24T01:36:44Z,OPENJPA-241 Extra SQL on lazy CMR load commit openjpa_241_1.patch on behalf of Fay Wang,2007-05-19T12:41:43Z,2008-07-22T18:01:31Z,AFTER_RESOLUTION,31,1.0.0,1.2.0,1,1,1,openjpa-jdbc/src/main/java/org/apache/openjpa/jdbc/meta/strats/StoreCollectionFieldStrategy.java
12659627,OPENJPA-2414,ee6f4acc3ff9ac43ea4e98579b478e55767aef24,2013-08-23T14:11:17Z,OPENJPA-2414: FinderCache does not consider active Fetch Groups/FetchPlan added Fields,2013-07-24T18:10:08Z,2013-10-29T16:23:53Z,INSIDE_LIFECYCLE,,2.2.3|2.3.0,2.1.2|2.2.1.1|2.2.3|2.3.0,5,5,4,openjpa-jdbc/src/main/java/org/apache/openjpa/jdbc/kernel/FinderCacheImpl.java|openjpa-kernel/src/main/java/org/apache/openjpa/kernel/DelegatingFetchConfiguration.java|openjpa-kernel/src/main/java/org/apache/openjpa/kernel/FetchConfiguration.java|openjpa-kernel/src/main/java/org/apache/openjpa/kernel/FetchConfigurationImpl.java
12659627,OPENJPA-2414,c8e3d5dcbb664ae8f9c5a87392fc1e6204e55238,2013-10-16T20:12:10Z,OPENJPA-2414: FinderCache does not consider active Fetch Groups/FetchPlan added Fields,2013-07-24T18:10:08Z,2013-10-29T16:23:53Z,INSIDE_LIFECYCLE,,2.2.3|2.3.0,2.1.2|2.2.1.1|2.2.3|2.3.0,5,5,5,openjpa-jdbc/src/main/java/org/apache/openjpa/jdbc/kernel/FinderCacheImpl.java|openjpa-kernel/src/main/java/org/apache/openjpa/conf/Compatibility.java|openjpa-kernel/src/main/java/org/apache/openjpa/kernel/DelegatingFetchConfiguration.java|openjpa-kernel/src/main/java/org/apache/openjpa/kernel/FetchConfiguration.java|openjpa-kernel/src/main/java/org/apache/openjpa/kernel/FetchConfigurationImpl.java
12663617,OPENJPA-2421,2841d18dda10cd57ffbff878980d15cc869fed2c,2013-08-16T18:12:29Z,OPENJPA-2421: Correct a bug on FinderTargetPolicy,2013-08-14T10:46:03Z,2013-08-16T18:17:28Z,INSIDE_LIFECYCLE,,2.2.2|2.3.0,2.3.0,1,1,1,openjpa-slice/src/main/java/org/apache/openjpa/slice/jdbc/DistributedJDBCConfigurationImpl.java
12665556,OPENJPA-2423,7a9815a15f13a9ea818d086fa94842a3fa3b1f95,2013-08-27T15:06:13Z,OPENJPA-2423: Isolation level is not working properly on DB2 for JPQL queries with nested sub-queries - committed to trunk the patch/fix provided by Pinaki Poddar.,2013-08-26T17:56:29Z,2013-11-05T18:35:02Z,INSIDE_LIFECYCLE,,2.1.1|2.2.1.1|2.2.2|2.3.0,2.1.2|2.2.1.1|2.2.3|2.3.0,1,1,1,openjpa-jdbc/src/main/java/org/apache/openjpa/jdbc/sql/DB2Dictionary.java
12665556,OPENJPA-2423,bcf46e516c7aab1b7a1412340c09d01101b96fd3,2014-02-04T22:23:09Z,OPENJPA-2423: Added null-check to DB2Dictionary update,2013-08-26T17:56:29Z,2013-11-05T18:35:02Z,AFTER_RESOLUTION,2187,2.1.1|2.2.1.1|2.2.2|2.3.0,2.1.2|2.2.1.1|2.2.3|2.3.0,1,1,1,openjpa-jdbc/src/main/java/org/apache/openjpa/jdbc/sql/DB2Dictionary.java
12666733,OPENJPA-2425,3b94663fe235c7254789519a3c7647a545037b98,2013-10-08T17:35:57Z,OPENJPA-2425: SELECT fields with @ExternalValues defined returns datastore values instead of unmapped fields - applied Albert Lee's patch to trunk.,2013-09-03T19:19:09Z,2013-10-17T22:29:09Z,INSIDE_LIFECYCLE,,2.1.2|2.2.1.1|2.2.3|2.3.0,2.1.2|2.2.1.1|2.2.3|2.3.0,2,2,1,openjpa-jdbc/src/main/java/org/apache/openjpa/jdbc/kernel/exps/PCPath.java
12670908,OPENJPA-2432,a3fccb40e3f0e3708932f13e99fc52596eac592e,2013-09-27T16:05:01Z,OPENJPA-2432: MySQL dictionary can't be found from a valid connection,2013-09-27T12:05:21Z,2013-09-27T16:07:50Z,INSIDE_LIFECYCLE,,,2.3.0,1,1,1,openjpa-jdbc/src/main/java/org/apache/openjpa/jdbc/sql/DBDictionaryFactory.java
12672937,OPENJPA-2435,83dab92168a533f757bcce390661a09a595b94a2,2013-10-17T23:28:31Z,OPENJPA-2435: Version field in a projection always returned as an Integer.  Merged 2.1.x changes to trunk.,2013-10-09T01:02:08Z,2013-10-18T15:07:22Z,INSIDE_LIFECYCLE,,2.1.0|2.2.1.1|2.2.2|2.3.0,2.1.2|2.2.1.1|2.2.3|2.3.0,9,9,1,openjpa-jdbc/src/main/java/org/apache/openjpa/jdbc/meta/strats/NumberVersionStrategy.java
12673459,OPENJPA-2437,f4b2428008de297a7f993f48e1a6c98761c078f3,2013-10-29T06:36:34Z,OPENJPA-2437 transactional listeners added too late to observe begin event,2013-10-11T16:09:54Z,2013-10-29T07:58:31Z,INSIDE_LIFECYCLE,,,2.2.1.1|2.2.3|2.3.0,4,3,2,openjpa-kernel/src/main/java/org/apache/openjpa/kernel/AbstractBrokerFactory.java|openjpa-kernel/src/main/java/org/apache/openjpa/kernel/BrokerImpl.java
12370109,OPENJPA-244,0c517d163e355f85ca40673db15a991693bc2d4a,2007-07-03T21:55:29Z,OPENJPA-244 committing on behalf of Albert,2007-05-24T02:48:54Z,2007-08-10T13:05:33Z,INSIDE_LIFECYCLE,,1.0.0,1.0.0,89,87,87,openjpa-jdbc/src/main/java/org/apache/openjpa/jdbc/ant/MappingToolTask.java|openjpa-jdbc/src/main/java/org/apache/openjpa/jdbc/ant/ReverseMappingToolTask.java|openjpa-jdbc/src/main/java/org/apache/openjpa/jdbc/conf/MappingRepositoryValue.java|openjpa-jdbc/src/main/java/org/apache/openjpa/jdbc/meta/MappingRepository.java|openjpa-jdbc/src/main/java/org/apache/openjpa/jdbc/meta/MappingTool.java|openjpa-jdbc/src/main/java/org/apache/openjpa/jdbc/meta/ReverseMappingTool.java|openjpa-jdbc/src/main/java/org/apache/openjpa/jdbc/schema/DataSourceFactory.java|openjpa-jdbc/src/main/java/org/apache/openjpa/jdbc/schema/FileSchemaFactory.java|openjpa-jdbc/src/main/java/org/apache/openjpa/jdbc/schema/SimpleDriverDataSource.java|openjpa-jdbc/src/main/java/org/apache/openjpa/jdbc/sql/DBDictionaryFactory.java|openjpa-kernel-5/src/main/java/org/apache/openjpa/enhance/PCEnhancerAgent.java|openjpa-kernel/src/main/java/org/apache/openjpa/abstractstore/AbstractStoreBrokerFactory.java|openjpa-kernel/src/main/java/org/apache/openjpa/conf/OpenJPAVersion.java|openjpa-kernel/src/main/java/org/apache/openjpa/ee/WASManagedRuntime.java|openjpa-kernel/src/main/java/org/apache/openjpa/enhance/ApplicationIdTool.java|openjpa-kernel/src/main/java/org/apache/openjpa/enhance/DynamicStorageGenerator.java|openjpa-kernel/src/main/java/org/apache/openjpa/enhance/PCEnhancer.java|openjpa-kernel/src/main/java/org/apache/openjpa/enhance/Reflection.java|openjpa-kernel/src/main/java/org/apache/openjpa/event/BeanLifecycleCallbacks.java|openjpa-kernel/src/main/java/org/apache/openjpa/event/MethodLifecycleCallbacks.java|openjpa-kernel/src/main/java/org/apache/openjpa/kernel/AbstractBrokerFactory.java|openjpa-kernel/src/main/java/org/apache/openjpa/kernel/Bootstrap.java|openjpa-kernel/src/main/java/org/apache/openjpa/kernel/BrokerImpl.java|openjpa-kernel/src/main/java/org/apache/openjpa/kernel/Filters.java|openjpa-kernel/src/main/java/org/apache/openjpa/kernel/ObjectIdStateManager.java|openjpa-kernel/src/main/java/org/apache/openjpa/kernel/QueryImpl.java|openjpa-kernel/src/main/java/org/apache/openjpa/kernel/QueryLanguages.java|openjpa-kernel/src/main/java/org/apache/openjpa/kernel/ResultPacker.java|openjpa-kernel/src/main/java/org/apache/openjpa/kernel/jpql/JPQLExpressionBuilder.java|openjpa-kernel/src/main/java/org/apache/openjpa/meta/AbstractCFMetaDataFactory.java|openjpa-kernel/src/main/java/org/apache/openjpa/meta/AbstractMetaDataDefaults.java|openjpa-kernel/src/main/java/org/apache/openjpa/meta/ClassMetaData.java|openjpa-kernel/src/main/java/org/apache/openjpa/meta/FieldMetaData.java|openjpa-kernel/src/main/java/org/apache/openjpa/meta/InterfaceImplGenerator.java|openjpa-kernel/src/main/java/org/apache/openjpa/meta/MetaDataRepository.java|openjpa-kernel/src/main/java/org/apache/openjpa/meta/SequenceMetaData.java|openjpa-kernel/src/main/java/org/apache/openjpa/util/ApplicationIds.java|openjpa-kernel/src/main/java/org/apache/openjpa/util/ClassResolverImpl.java|openjpa-kernel/src/main/java/org/apache/openjpa/util/Exceptions.java|openjpa-kernel/src/main/java/org/apache/openjpa/util/Id.java|openjpa-kernel/src/main/java/org/apache/openjpa/util/Proxies.java|openjpa-kernel/src/main/java/org/apache/openjpa/util/ProxyManagerImpl.java|openjpa-kernel/src/main/java/org/apache/openjpa/util/Serialization.java|openjpa-lib/src/main/java/org/apache/openjpa/lib/ant/AbstractTask.java|openjpa-lib/src/main/java/org/apache/openjpa/lib/conf/ConfigurationImpl.java|openjpa-lib/src/main/java/org/apache/openjpa/lib/conf/Configurations.java|openjpa-lib/src/main/java/org/apache/openjpa/lib/conf/FileValue.java|openjpa-lib/src/main/java/org/apache/openjpa/lib/conf/ObjectValue.java|openjpa-lib/src/main/java/org/apache/openjpa/lib/conf/ProductDerivations.java|openjpa-lib/src/main/java/org/apache/openjpa/lib/jdbc/LoggingConnectionDecorator.java|openjpa-lib/src/main/java/org/apache/openjpa/lib/jdbc/SQLFormatter.java|openjpa-lib/src/main/java/org/apache/openjpa/lib/log/LogFactoryImpl.java|openjpa-lib/src/main/java/org/apache/openjpa/lib/log/LogOutputStream.java|openjpa-lib/src/main/java/org/apache/openjpa/lib/meta/CFMetaDataParser.java|openjpa-lib/src/main/java/org/apache/openjpa/lib/meta/ClassArgParser.java|openjpa-lib/src/main/java/org/apache/openjpa/lib/meta/ClassMetaDataIterator.java|openjpa-lib/src/main/java/org/apache/openjpa/lib/meta/ClasspathMetaDataIterator.java|openjpa-lib/src/main/java/org/apache/openjpa/lib/meta/FileMetaDataIterator.java|openjpa-lib/src/main/java/org/apache/openjpa/lib/meta/ResourceMetaDataIterator.java|openjpa-lib/src/main/java/org/apache/openjpa/lib/meta/SourceTrackers.java|openjpa-lib/src/main/java/org/apache/openjpa/lib/meta/URLMetaDataIterator.java|openjpa-lib/src/main/java/org/apache/openjpa/lib/meta/XMLMetaDataParser.java|openjpa-lib/src/main/java/org/apache/openjpa/lib/meta/XMLMetaDataSerializer.java|openjpa-lib/src/main/java/org/apache/openjpa/lib/meta/ZipFileMetaDataIterator.java|openjpa-lib/src/main/java/org/apache/openjpa/lib/util/CodeFormat.java|openjpa-lib/src/main/java/org/apache/openjpa/lib/util/Files.java|openjpa-lib/src/main/java/org/apache/openjpa/lib/util/FormatPreservingProperties.java|openjpa-lib/src/main/java/org/apache/openjpa/lib/util/J2DoPrivHelper.java|openjpa-lib/src/main/java/org/apache/openjpa/lib/util/JavaVersions.java|openjpa-lib/src/main/java/org/apache/openjpa/lib/util/Localizer.java|openjpa-lib/src/main/java/org/apache/openjpa/lib/util/MultiClassLoader.java|openjpa-lib/src/main/java/org/apache/openjpa/lib/util/Options.java|openjpa-lib/src/main/java/org/apache/openjpa/lib/util/ParameterTemplate.java|openjpa-lib/src/main/java/org/apache/openjpa/lib/util/Services.java|openjpa-lib/src/main/java/org/apache/openjpa/lib/util/StreamResourceBundleProvider.java|openjpa-lib/src/main/java/org/apache/openjpa/lib/util/TemporaryClassLoader.java|openjpa-lib/src/main/java/org/apache/openjpa/lib/util/ZipResourceBundleProvider.java|openjpa-lib/src/main/java/org/apache/openjpa/lib/util/concurrent/Utils.java|openjpa-lib/src/main/java/org/apache/openjpa/lib/xml/XMLWriter.java|openjpa-persistence-jdbc/src/main/java/org/apache/openjpa/persistence/jdbc/JDBCPersistenceProductDerivation.java|openjpa-persistence/src/main/java/org/apache/openjpa/persistence/AnnotationPersistenceMetaDataParser.java|openjpa-persistence/src/main/java/org/apache/openjpa/persistence/PersistenceMetaDataDefaults.java|openjpa-persistence/src/main/java/org/apache/openjpa/persistence/PersistenceMetaDataFactory.java|openjpa-persistence/src/main/java/org/apache/openjpa/persistence/PersistenceProductDerivation.java|openjpa-persistence/src/main/java/org/apache/openjpa/persistence/PersistenceUnitInfoImpl.java|openjpa-persistence/src/main/java/org/apache/openjpa/persistence/XMLPersistenceMetaDataParser.java|openjpa-xmlstore/src/main/java/org/apache/openjpa/xmlstore/XMLFileHandler.java
12370109,OPENJPA-244,8b5a7f68a0016e7d5b5ac9a1c913794dccdcecd7,2007-07-03T22:42:39Z,OPENJPA-244 Fixed some formatting inconsistencies with the patch for OPENJPA-244,2007-05-24T02:48:54Z,2007-08-10T13:05:33Z,INSIDE_LIFECYCLE,,1.0.0,1.0.0,99,98,92,openjpa-jdbc-5/src/main/java/org/apache/openjpa/jdbc/meta/strats/XMLValueHandler.java|openjpa-jdbc/src/main/java/org/apache/openjpa/jdbc/ant/MappingToolTask.java|openjpa-jdbc/src/main/java/org/apache/openjpa/jdbc/ant/ReverseMappingToolTask.java|openjpa-jdbc/src/main/java/org/apache/openjpa/jdbc/conf/MappingRepositoryValue.java|openjpa-jdbc/src/main/java/org/apache/openjpa/jdbc/kernel/JDBCStoreManager.java|openjpa-jdbc/src/main/java/org/apache/openjpa/jdbc/kernel/exps/ConstPath.java|openjpa-jdbc/src/main/java/org/apache/openjpa/jdbc/meta/ClassMappingInfo.java|openjpa-jdbc/src/main/java/org/apache/openjpa/jdbc/meta/DiscriminatorMappingInfo.java|openjpa-jdbc/src/main/java/org/apache/openjpa/jdbc/meta/MappingRepository.java|openjpa-jdbc/src/main/java/org/apache/openjpa/jdbc/meta/MappingTool.java|openjpa-jdbc/src/main/java/org/apache/openjpa/jdbc/meta/ReverseMappingTool.java|openjpa-jdbc/src/main/java/org/apache/openjpa/jdbc/meta/VersionMappingInfo.java|openjpa-jdbc/src/main/java/org/apache/openjpa/jdbc/meta/strats/EmbedValueHandler.java|openjpa-jdbc/src/main/java/org/apache/openjpa/jdbc/schema/DataSourceFactory.java|openjpa-jdbc/src/main/java/org/apache/openjpa/jdbc/schema/FileSchemaFactory.java|openjpa-jdbc/src/main/java/org/apache/openjpa/jdbc/schema/SimpleDriverDataSource.java|openjpa-jdbc/src/main/java/org/apache/openjpa/jdbc/sql/DB2Dictionary.java|openjpa-jdbc/src/main/java/org/apache/openjpa/jdbc/sql/DBDictionary.java|openjpa-jdbc/src/main/java/org/apache/openjpa/jdbc/sql/DBDictionaryFactory.java|openjpa-jdbc/src/main/java/org/apache/openjpa/jdbc/sql/HSQLDictionary.java|openjpa-jdbc/src/main/java/org/apache/openjpa/jdbc/sql/SelectImpl.java|openjpa-kernel-5/src/main/java/org/apache/openjpa/enhance/PCEnhancerAgent.java|openjpa-kernel/src/main/java/org/apache/openjpa/abstractstore/AbstractStoreBrokerFactory.java|openjpa-kernel/src/main/java/org/apache/openjpa/conf/OpenJPAVersion.java|openjpa-kernel/src/main/java/org/apache/openjpa/ee/AutomaticManagedRuntime.java|openjpa-kernel/src/main/java/org/apache/openjpa/enhance/ApplicationIdTool.java|openjpa-kernel/src/main/java/org/apache/openjpa/enhance/DynamicStorageGenerator.java|openjpa-kernel/src/main/java/org/apache/openjpa/enhance/PCEnhancer.java|openjpa-kernel/src/main/java/org/apache/openjpa/enhance/Reflection.java|openjpa-kernel/src/main/java/org/apache/openjpa/event/BeanLifecycleCallbacks.java|openjpa-kernel/src/main/java/org/apache/openjpa/event/MethodLifecycleCallbacks.java|openjpa-kernel/src/main/java/org/apache/openjpa/kernel/Bootstrap.java|openjpa-kernel/src/main/java/org/apache/openjpa/kernel/BrokerImpl.java|openjpa-kernel/src/main/java/org/apache/openjpa/kernel/Filters.java|openjpa-kernel/src/main/java/org/apache/openjpa/kernel/ObjectIdStateManager.java|openjpa-kernel/src/main/java/org/apache/openjpa/kernel/QueryImpl.java|openjpa-kernel/src/main/java/org/apache/openjpa/kernel/QueryLanguages.java|openjpa-kernel/src/main/java/org/apache/openjpa/kernel/ResultPacker.java|openjpa-kernel/src/main/java/org/apache/openjpa/meta/AbstractCFMetaDataFactory.java|openjpa-kernel/src/main/java/org/apache/openjpa/meta/AbstractMetaDataDefaults.java|openjpa-kernel/src/main/java/org/apache/openjpa/meta/ClassMetaData.java|openjpa-kernel/src/main/java/org/apache/openjpa/meta/FieldMetaData.java|openjpa-kernel/src/main/java/org/apache/openjpa/meta/InterfaceImplGenerator.java|openjpa-kernel/src/main/java/org/apache/openjpa/meta/MetaDataRepository.java|openjpa-kernel/src/main/java/org/apache/openjpa/meta/SequenceMetaData.java|openjpa-kernel/src/main/java/org/apache/openjpa/util/ApplicationIds.java|openjpa-kernel/src/main/java/org/apache/openjpa/util/ClassResolverImpl.java|openjpa-kernel/src/main/java/org/apache/openjpa/util/Id.java|openjpa-kernel/src/main/java/org/apache/openjpa/util/Proxies.java|openjpa-kernel/src/main/java/org/apache/openjpa/util/ProxyCollections.java|openjpa-kernel/src/main/java/org/apache/openjpa/util/ProxyManagerImpl.java|openjpa-kernel/src/main/java/org/apache/openjpa/util/Serialization.java|openjpa-kernel/src/main/java/org/apache/openjpa/util/StoreFacadeTypeRegistry.java|openjpa-lib/src/main/java/org/apache/openjpa/lib/ant/AbstractTask.java|openjpa-lib/src/main/java/org/apache/openjpa/lib/conf/ConfigurationImpl.java|openjpa-lib/src/main/java/org/apache/openjpa/lib/conf/Configurations.java|openjpa-lib/src/main/java/org/apache/openjpa/lib/conf/FileValue.java|openjpa-lib/src/main/java/org/apache/openjpa/lib/conf/ObjectValue.java|openjpa-lib/src/main/java/org/apache/openjpa/lib/conf/ProductDerivations.java|openjpa-lib/src/main/java/org/apache/openjpa/lib/log/LogFactoryImpl.java|openjpa-lib/src/main/java/org/apache/openjpa/lib/meta/CFMetaDataParser.java|openjpa-lib/src/main/java/org/apache/openjpa/lib/meta/ClassArgParser.java|openjpa-lib/src/main/java/org/apache/openjpa/lib/meta/ClassMetaDataIterator.java|openjpa-lib/src/main/java/org/apache/openjpa/lib/meta/ClasspathMetaDataIterator.java|openjpa-lib/src/main/java/org/apache/openjpa/lib/meta/FileMetaDataIterator.java|openjpa-lib/src/main/java/org/apache/openjpa/lib/meta/ResourceMetaDataIterator.java|openjpa-lib/src/main/java/org/apache/openjpa/lib/meta/SourceTrackers.java|openjpa-lib/src/main/java/org/apache/openjpa/lib/meta/URLMetaDataIterator.java|openjpa-lib/src/main/java/org/apache/openjpa/lib/meta/XMLMetaDataParser.java|openjpa-lib/src/main/java/org/apache/openjpa/lib/meta/XMLMetaDataSerializer.java|openjpa-lib/src/main/java/org/apache/openjpa/lib/meta/ZipFileMetaDataIterator.java|openjpa-lib/src/main/java/org/apache/openjpa/lib/util/Files.java|openjpa-lib/src/main/java/org/apache/openjpa/lib/util/J2DoPrivHelper.java|openjpa-lib/src/main/java/org/apache/openjpa/lib/util/JavaVersions.java|openjpa-lib/src/main/java/org/apache/openjpa/lib/util/Localizer.java|openjpa-lib/src/main/java/org/apache/openjpa/lib/util/MultiClassLoader.java|openjpa-lib/src/main/java/org/apache/openjpa/lib/util/Options.java|openjpa-lib/src/main/java/org/apache/openjpa/lib/util/ParameterTemplate.java|openjpa-lib/src/main/java/org/apache/openjpa/lib/util/Services.java|openjpa-lib/src/main/java/org/apache/openjpa/lib/util/StreamResourceBundleProvider.java|openjpa-lib/src/main/java/org/apache/openjpa/lib/util/UUIDGenerator.java|openjpa-lib/src/main/java/org/apache/openjpa/lib/util/ZipResourceBundleProvider.java|openjpa-lib/src/main/java/org/apache/openjpa/lib/util/concurrent/Utils.java|openjpa-persistence-jdbc/src/main/java/org/apache/openjpa/persistence/jdbc/XMLPersistenceMappingParser.java|openjpa-persistence/src/main/java/org/apache/openjpa/persistence/AnnotationPersistenceMetaDataParser.java|openjpa-persistence/src/main/java/org/apache/openjpa/persistence/MetaDataParsers.java|openjpa-persistence/src/main/java/org/apache/openjpa/persistence/PersistenceMetaDataDefaults.java|openjpa-persistence/src/main/java/org/apache/openjpa/persistence/PersistenceMetaDataFactory.java|openjpa-persistence/src/main/java/org/apache/openjpa/persistence/PersistenceProductDerivation.java|openjpa-persistence/src/main/java/org/apache/openjpa/persistence/PersistenceUnitInfoImpl.java|openjpa-persistence/src/main/java/org/apache/openjpa/persistence/XMLPersistenceMetaDataParser.java|openjpa-xmlstore/src/main/java/org/apache/openjpa/xmlstore/XMLFileHandler.java
12370109,OPENJPA-244,5c9642d5f47c319d2279382c60141ebcb65cd3b0,2007-08-09T22:27:17Z,OPENJPA-244.  Committing Albert's changes for Java 2 Security (minus the white space).,2007-05-24T02:48:54Z,2007-08-10T13:05:33Z,INSIDE_LIFECYCLE,,1.0.0,1.0.0,31,29,29,openjpa-jdbc/src/main/java/org/apache/openjpa/jdbc/meta/ReverseMappingTool.java|openjpa-kernel-5/src/main/java/org/apache/openjpa/enhance/ManagedClassSubclasser.java|openjpa-kernel-5/src/main/java/org/apache/openjpa/enhance/PCEnhancerAgent.java|openjpa-kernel/src/main/java/org/apache/openjpa/enhance/ApplicationIdTool.java|openjpa-kernel/src/main/java/org/apache/openjpa/enhance/DynamicStorageGenerator.java|openjpa-kernel/src/main/java/org/apache/openjpa/enhance/PCEnhancer.java|openjpa-kernel/src/main/java/org/apache/openjpa/enhance/Reflection.java|openjpa-kernel/src/main/java/org/apache/openjpa/event/BeanLifecycleCallbacks.java|openjpa-kernel/src/main/java/org/apache/openjpa/event/MethodLifecycleCallbacks.java|openjpa-kernel/src/main/java/org/apache/openjpa/event/TCPRemoteCommitProvider.java|openjpa-kernel/src/main/java/org/apache/openjpa/meta/AbstractCFMetaDataFactory.java|openjpa-kernel/src/main/java/org/apache/openjpa/meta/InterfaceImplGenerator.java|openjpa-kernel/src/main/java/org/apache/openjpa/util/ClassResolverImpl.java|openjpa-kernel/src/main/java/org/apache/openjpa/util/GeneratedClasses.java|openjpa-kernel/src/main/java/org/apache/openjpa/util/MultiLoaderClassResolver.java|openjpa-kernel/src/main/java/org/apache/openjpa/util/ProxyManagerImpl.java|openjpa-kernel/src/main/java/org/apache/openjpa/util/Serialization.java|openjpa-lib/src/main/java/org/apache/openjpa/lib/ant/AbstractTask.java|openjpa-lib/src/main/java/org/apache/openjpa/lib/conf/ConfigurationImpl.java|openjpa-lib/src/main/java/org/apache/openjpa/lib/conf/Configurations.java|openjpa-lib/src/main/java/org/apache/openjpa/lib/meta/ClassMetaDataIterator.java|openjpa-lib/src/main/java/org/apache/openjpa/lib/meta/ClasspathMetaDataIterator.java|openjpa-lib/src/main/java/org/apache/openjpa/lib/meta/FileMetaDataIterator.java|openjpa-lib/src/main/java/org/apache/openjpa/lib/meta/ResourceMetaDataIterator.java|openjpa-lib/src/main/java/org/apache/openjpa/lib/meta/XMLMetaDataParser.java|openjpa-lib/src/main/java/org/apache/openjpa/lib/util/J2DoPrivHelper.java|openjpa-persistence/src/main/java/org/apache/openjpa/persistence/AnnotationPersistenceMetaDataSerializer.java|openjpa-persistence/src/main/java/org/apache/openjpa/persistence/PersistenceProductDerivation.java|openjpa-persistence/src/main/java/org/apache/openjpa/persistence/PersistenceUnitInfoImpl.java
12674126,OPENJPA-2440,a76249e143c9d2e73e566540fc3668c8ae8a4302,2013-10-18T21:28:57Z,OPENJPA-2440 close connection after not using it anymore,2013-10-16T13:53:08Z,2013-10-18T21:28:43Z,AFTER_RESOLUTION,0,2.3.0,2.3.0,1,1,1,openjpa-jdbc/src/main/java/org/apache/openjpa/jdbc/schema/SchemaTool.java
12674821,OPENJPA-2441,6d8a46e82540d035d4ba53a7760cc7edca2391af,2014-02-20T16:33:30Z,OPENJPA-2441: Remove usage of NullSafeConcurrentHashMap. Patch contributed by Dalia Abo Sheasha.,2013-10-21T16:08:53Z,2014-02-20T16:34:21Z,INSIDE_LIFECYCLE,,2.4.0,2.4.0,8,8,5,openjpa-kernel/src/main/java/org/apache/openjpa/datacache/AbstractQueryCache.java|openjpa-kernel/src/main/java/org/apache/openjpa/kernel/QueryStatistics.java|openjpa-kernel/src/main/java/org/apache/openjpa/util/ProxyManagerImpl.java|openjpa-lib/src/main/java/org/apache/openjpa/lib/util/concurrent/NullSafeConcurrentHashMap.java|openjpa-lib/src/main/java/org/apache/openjpa/lib/util/concurrent/SizedConcurrentHashMap.java
12674871,OPENJPA-2442,b3d7fe8829df05bf836b207ca62856c6e6e8fa82,2014-04-11T13:33:05Z,"OPENJPA-2442.  Just using ProxyConcurrentMaps for proxying the Map methods.  Since this extends ProxyMaps anyway, this is pretty safe change.  This change resolves the TestProxyManager errors in openjpa-kernel when testing with Java 8 runtime.  And, it doesn't affect Java 7 runtime at all.  Refer to the Comments section for more details.",2013-10-21T18:59:35Z,2014-04-11T13:33:47Z,INSIDE_LIFECYCLE,,2.4.0,2.4.0,2,2,2,openjpa-kernel/src/main/java/org/apache/openjpa/util/ProxyConcurrentMaps.java|openjpa-kernel/src/main/java/org/apache/openjpa/util/ProxyManagerImpl.java
12675132,OPENJPA-2443,1f383374815acfaa6a2878eb3e1e55790383aab1,2013-10-23T15:58:46Z,OPENJPA-2443 : Fix SingleFieldManager to not check for null values for IDENTITY generated fields when flushing.,2013-10-22T21:28:47Z,2013-10-24T13:43:22Z,INSIDE_LIFECYCLE,,2.3.0|2.4.0,2.3.0|2.4.0,3,3,1,openjpa-kernel/src/main/java/org/apache/openjpa/kernel/SingleFieldManager.java
12675132,OPENJPA-2443,d8395bdc5642ebfb7c44dee46993b54a8146d796,2013-10-23T17:58:23Z,OPENJPA-2443 : Remove unnecessary import.,2013-10-22T21:28:47Z,2013-10-24T13:43:22Z,INSIDE_LIFECYCLE,,2.3.0|2.4.0,2.3.0|2.4.0,1,1,1,openjpa-kernel/src/main/java/org/apache/openjpa/kernel/SingleFieldManager.java
12675569,OPENJPA-2444,4551bbc69664833548429cd05beeca38d9f80e67,2013-10-25T07:13:13Z,OPENJPA-2444 fix default orm.xml location for ReverseMappingTool,2013-10-24T21:30:53Z,2013-10-25T13:57:41Z,INSIDE_LIFECYCLE,,2.3.0,2.3.0|2.4.0,2,2,1,openjpa-persistence/src/main/java/org/apache/openjpa/persistence/PersistenceMetaDataFactory.java
12370345,OPENJPA-245,4d9a6759db880b67adf9cd233528da021524dc99,2008-01-23T15:16:01Z,OPENJPA-245,2007-05-27T14:03:51Z,2008-01-29T06:44:06Z,INSIDE_LIFECYCLE,,0.9.6|0.9.7,1.0.3|1.1.0,4,4,2,openjpa-kernel/src/main/java/org/apache/openjpa/kernel/AttachManager.java|openjpa-kernel/src/main/java/org/apache/openjpa/kernel/VersionAttachStrategy.java
12370345,OPENJPA-245,2a612c105315ff1b994a868505a65523e19690b0,2008-01-25T19:41:57Z,OPENJPA-245,2007-05-27T14:03:51Z,2008-01-29T06:44:06Z,INSIDE_LIFECYCLE,,0.9.6|0.9.7,1.0.3|1.1.0,2,2,2,openjpa-kernel/src/main/java/org/apache/openjpa/kernel/AttachManager.java|openjpa-kernel/src/main/java/org/apache/openjpa/kernel/VersionAttachStrategy.java
12370345,OPENJPA-245,b589da8070870f1ed50f8c50c715962323220ed6,2008-06-11T23:14:24Z,OPENJPA-245. Backported r646082 to trunk.,2007-05-27T14:03:51Z,2008-01-29T06:44:06Z,AFTER_RESOLUTION,3232,0.9.6|0.9.7,1.0.3|1.1.0,5,3,2,openjpa-kernel/src/main/java/org/apache/openjpa/enhance/PCEnhancer.java|openjpa-kernel/src/main/java/org/apache/openjpa/kernel/VersionAttachStrategy.java
12682710,OPENJPA-2463,d0a311efe0e6a5318f5755db8c3bea460f6a3f00,2013-12-17T02:43:23Z,OPENJPA-2463 : Change message from error to warning.,2013-12-04T15:53:46Z,2013-12-17T02:44:58Z,INSIDE_LIFECYCLE,,2.0.1|2.1.2|2.2.1.1|2.2.2,2.4.0,1,1,1,openjpa-kernel/src/main/java/org/apache/openjpa/enhance/PCEnhancer.java
12685900,OPENJPA-2467,0527c4570d0bdf444350fb12262b738ee6f61b2e,2014-02-05T21:18:31Z,OPENJPA-2467: Fix detection of property access method names. Patch contributed by Dalia Abo Sheasha.,2013-12-20T21:52:46Z,2014-02-05T21:19Z,INSIDE_LIFECYCLE,,2.2.2,2.4.0,8,8,5,openjpa-kernel/src/main/java/org/apache/openjpa/enhance/CodeGenerator.java|openjpa-kernel/src/main/java/org/apache/openjpa/enhance/PCEnhancer.java|openjpa-kernel/src/main/java/org/apache/openjpa/enhance/Reflection.java|openjpa-kernel/src/main/java/org/apache/openjpa/meta/FieldMetaData.java|openjpa-persistence/src/main/java/org/apache/openjpa/persistence/PersistenceMetaDataDefaults.java
12688907,OPENJPA-2470,bf646350eac65b7ccd9e68031c8e5bc228f5a121,2014-01-15T22:34:05Z,OPENJPA-2470 : Update DataCacheManagerImpl to use a ConcurrentHashMap rather than a HashMap.,2014-01-15T01:10:23Z,2015-10-12T22:10:01Z,INSIDE_LIFECYCLE,,2.0.1|2.1.1|2.2.2,2.2.3|2.4.0,1,1,1,openjpa-kernel/src/main/java/org/apache/openjpa/datacache/DataCacheManagerImpl.java
12689595,OPENJPA-2472,731649a2c91d5bdfcc572c7e2c43e5ae6c3458dd,2014-02-05T23:12:37Z,OPENJPA-2472: Fix concurrency bug in ClassMetaData. Patch contributed by Dalia Abo Sheasha.,2014-01-17T23:22:59Z,2016-01-22T20:11:59Z,INSIDE_LIFECYCLE,,2.2.2|2.3.0,2.2.1.1|2.2.3|2.4.0,1,1,1,openjpa-kernel/src/main/java/org/apache/openjpa/meta/ClassMetaData.java
12692355,OPENJPA-2475,873daf3531ba9384b2500e26a3ac482b77cae38f,2014-03-23T02:38:08Z,OPENJPA-2475: A query with LEFT FETCH JOIN returns incorrect results - applied fix to trunk.,2014-01-30T18:30:11Z,2014-05-05T17:53:29Z,INSIDE_LIFECYCLE,,2.1.1|2.2.1.1|2.2.2|2.3.0|2.4.0,2.1.2|2.2.1.1|2.2.3|2.4.0,5,5,1,openjpa-jdbc/src/main/java/org/apache/openjpa/jdbc/meta/strats/StoreCollectionFieldStrategy.java
12693951,OPENJPA-2476,3f33d76a34d24dee9cc16e68c1d12441ca5631c8,2014-05-01T03:24:11Z,OPENJPA-2476: Fixed OptimisticLockEx due to rounding of a Timestamp,2014-02-07T17:58:42Z,2014-05-05T17:56:40Z,INSIDE_LIFECYCLE,,2.1.0|2.2.0|2.2.1.1|2.3.0|2.4.0,2.1.2|2.2.1.1|2.2.3|2.4.0,5,4,2,openjpa-jdbc/src/main/java/org/apache/openjpa/jdbc/sql/DBDictionary.java|openjpa-kernel/src/main/java/org/apache/openjpa/kernel/StateManagerImpl.java
12694802,OPENJPA-2478,d7dfa322d613e53ebd960541f60c2830d4d27260,2014-05-01T15:47:53Z,OPENJPA-2478: Fixed erroneous message from the enhancer when a Mapped Superclass contains an @Id.,2014-02-12T18:16:55Z,2014-05-05T17:57:56Z,INSIDE_LIFECYCLE,,2.1.2|2.2.1.1|2.2.2|2.3.0|2.4.0,2.1.2|2.2.1.1|2.2.3|2.4.0,1,1,1,openjpa-kernel/src/main/java/org/apache/openjpa/enhance/PCEnhancer.java
12370634,OPENJPA-248,c634dcb4d81b286fe77bc1cffdd92c811116948c,2007-05-31T21:24:46Z,OPENJPA-248.  Modified parseForeignKey to set the appropriate cascade update action.,2007-05-31T19:29:03Z,2007-05-31T21:26:56Z,INSIDE_LIFECYCLE,,0.9.7,1.0.0,1,1,1,openjpa-persistence-jdbc/src/main/java/org/apache/openjpa/persistence/jdbc/AnnotationPersistenceMappingParser.java
12700809,OPENJPA-2482,51e2b70be5d42530dbb97cae436f28968c7f1182,2014-03-11T21:12:12Z,OPENJPA-2482: Cache column alias on colum+pathjoins rather than just column.,2014-03-11T20:41:17Z,2014-06-16T20:46:29Z,INSIDE_LIFECYCLE,,2.1.1|2.2.2|2.3.0|2.4.0,2.1.2|2.2.1.1|2.2.3|2.4.0,1,1,1,openjpa-jdbc/src/main/java/org/apache/openjpa/jdbc/sql/SelectImpl.java
12708310,OPENJPA-2494,077ad2b4462cd2be819df5485d906632488d73be,2014-09-22T23:06:18Z,OPENJPA-2494: A default Schema defined in a PU default (<persistence-unit-defaults>) in an orm.xml file is not being honored.,2014-04-14T16:42:42Z,2014-09-22T23:07:16Z,INSIDE_LIFECYCLE,,2.2.1.1|2.2.3|2.3.0|2.4.0,2.2.3|2.4.0,15,12,6,openjpa-jdbc/src/main/java/org/apache/openjpa/jdbc/meta/ClassMappingInfo.java|openjpa-kernel/src/main/java/org/apache/openjpa/meta/MetaDataDefaults.java|openjpa-kernel/src/main/java/org/apache/openjpa/meta/NoneMetaDataFactory.java|openjpa-kernel/src/main/java/org/apache/openjpa/meta/SequenceMetaData.java|openjpa-persistence-jdbc/src/main/java/org/apache/openjpa/persistence/jdbc/XMLPersistenceMappingParser.java|openjpa-persistence/src/main/java/org/apache/openjpa/persistence/PersistenceMetaDataDefaults.java
12713350,OPENJPA-2502,b95e0d1c6c2e2cc8f6f9d422058dfe232f6091d5,2014-06-05T15:48:54Z,OPENJPA-2502 : Update accessPath metas in CriteriaExpressionBuilder. Merged changes from 2.2.1.x. Patch contributed by Albert Lee.,2014-05-09T17:25:08Z,2014-09-22T19:11:48Z,INSIDE_LIFECYCLE,,2.2.1|2.2.2|2.3.0|2.4.0,2.2.1.1|2.2.3|2.4.0,6,6,1,openjpa-persistence/src/main/java/org/apache/openjpa/persistence/criteria/CriteriaExpressionBuilder.java
12714792,OPENJPA-2505,86c478ac0750801355f256e94306d13bce9e0c65,2014-09-19T17:59Z,OPENJPA-2505 : Properly init MetaDataRepository when obtaining a reference in EntityManagerFactory.getMetaModel.,2014-05-16T15:55:17Z,2014-09-23T15:57:09Z,INSIDE_LIFECYCLE,,2.1.0|2.2.2|2.3.0|2.4.0,2.2.3|2.4.0,5,5,1,openjpa-persistence/src/main/java/org/apache/openjpa/persistence/EntityManagerFactoryImpl.java
12716383,OPENJPA-2506,0a91a631b85b614790404896d190119d062f590f,2014-06-17T18:30:35Z,OPENJPA-2506: Update JPAFacadeHelper to properly create an OpenJPA identity object. Patch contributed by Dalia Abo Sheasha.,2014-05-23T17:56:26Z,2014-06-17T18:31:56Z,INSIDE_LIFECYCLE,,2.0.1|2.1.1|2.2.2|2.3.0|2.4.0,2.1.2|2.2.1.1|2.2.3|2.4.0,3,3,2,openjpa-kernel/src/main/java/org/apache/openjpa/meta/ClassMetaData.java|openjpa-persistence/src/main/java/org/apache/openjpa/persistence/JPAFacadeHelper.java
12716905,OPENJPA-2507,da48a0ad537df1e824471fa80c77062f77030ce4,2014-06-10T21:47:31Z,OPENJPA-2507.  Committing a variation of Thomas Darimont's patch that utilizes ThreadLocal storage to safeguard the _contexts in CriteriaQueryImpl.,2014-05-27T20:57:04Z,2014-07-09T16:15:09Z,INSIDE_LIFECYCLE,,2.2.0|2.3.0|2.4.0,2.4.0,1,1,1,openjpa-persistence/src/main/java/org/apache/openjpa/persistence/criteria/CriteriaQueryImpl.java
12717267,OPENJPA-2508,e48cd3e59d82ce352d161109987f283ecc369b66,2014-06-05T20:49:01Z,OPENJPA-2508 : Account for JOIN FETCH statements when loading from the Query Cache.,2014-05-29T14:07:08Z,2014-09-22T19:06:52Z,INSIDE_LIFECYCLE,,2.2.1.1|2.2.2|2.3.0|2.4.0,2.1.2|2.2.1.1|2.2.3|2.4.0,6,6,1,openjpa-kernel/src/main/java/org/apache/openjpa/datacache/QueryCacheStoreQuery.java
12371051,OPENJPA-251,18e83a09b18fde4721af69123fd4c7799bcca00e,2008-01-31T19:01:45Z,"OPENJPA-251, OPENJPA-329. svn merge -c 616961 ../branches/1.0.x/",2007-06-06T16:29:11Z,2008-01-31T00:02:24Z,AFTER_RESOLUTION,18,0.9.7,1.0.2|1.1.0,3,2,1,openjpa-kernel/src/main/java/org/apache/openjpa/enhance/Reflection.java
12727288,OPENJPA-2517,104fce25c2d9994b07987ecec93215176337ee38,2015-09-02T20:06:41Z,OPENJPA-2517: Option to allow the javax.persistence.query.timeout property to apply to EntityManager operations.  Ported 2.2.x changes to trunk.,2014-07-15T08:50:03Z,2015-10-12T20:51:56Z,INSIDE_LIFECYCLE,,2.2.0|2.2.1|2.2.2|2.3.0,2.2.3|2.4.1,3,2,2,openjpa-jdbc/src/main/java/org/apache/openjpa/jdbc/schema/DataSourceFactory.java|openjpa-jdbc/src/main/java/org/apache/openjpa/jdbc/sql/DBDictionary.java
12736206,OPENJPA-2525,319bb37fe1725e998531c4e62cf9133dc42b8639,2014-09-23T17:03:48Z,OPENJPA-2525: Use of JoinColumn targets to another joinColumn key exposed as an attribute will cause a ConstrainViolation exception on persist,2014-08-22T23:58:59Z,2014-09-23T18:35:04Z,INSIDE_LIFECYCLE,,2.2.2,2.2.3|2.4.0,5,5,1,openjpa-jdbc/src/main/java/org/apache/openjpa/jdbc/sql/RowImpl.java
12746303,OPENJPA-2533,08d94d75d68742fce002f65583844e5bb253b12e,2014-10-17T18:35:03Z,OPENJPA-2533: Reorder MetaDataRepository call to fix a bug in orm resloution.,2014-10-07T00:28:08Z,2015-01-28T19:40:57Z,INSIDE_LIFECYCLE,,2.2.2|2.3.0|2.4.0,2.2.3|2.4.0,5,3,1,openjpa-kernel/src/main/java/org/apache/openjpa/meta/MetaDataRepository.java
12746427,OPENJPA-2534,b659ac25783be780938623974195d03efb0137cd,2014-11-03T23:48:24Z,OPENJPA-2534: A boolean is not converted correct when using the hint 'UseLiteralInSQL' - applied Rick's patch to trunk.,2014-10-07T15:50:18Z,2015-01-12T22:49:09Z,INSIDE_LIFECYCLE,,2.1.2|2.2.1.1|2.2.3|2.3.0|2.4.0,2.1.2|2.2.1.1|2.2.3|2.4.0,2,2,1,openjpa-jdbc/src/main/java/org/apache/openjpa/jdbc/sql/SQLBuffer.java
12746427,OPENJPA-2534,69f3a6e1c92d317ec35ce2740dc0407766eef599,2015-01-11T19:52:59Z,OPENJPA-2534 cleanup DBDictionary alias handling,2014-10-07T15:50:18Z,2015-01-12T22:49:09Z,INSIDE_LIFECYCLE,,2.1.2|2.2.1.1|2.2.3|2.3.0|2.4.0,2.1.2|2.2.1.1|2.2.3|2.4.0,1,1,1,openjpa-jdbc/src/main/java/org/apache/openjpa/jdbc/conf/JDBCConfigurationImpl.java
12747887,OPENJPA-2536,8129fe685bb7788ee5cb192be39d80b0f097f01c,2015-01-28T15:28:40Z,OPENJPA-2536: FetchGroup is not returning lazy fields.  Applied Rick Curtis' fix to trunk.,2014-10-14T00:00:43Z,2015-01-28T04:58:59Z,AFTER_RESOLUTION,10,2.1.2|2.2.1.1|2.2.3|2.3.0|2.4.0,2.1.2|2.2.1.1|2.2.2|2.4.0,2,2,1,openjpa-kernel/src/main/java/org/apache/openjpa/kernel/StateManagerImpl.java
12750258,OPENJPA-2539,856fefb2c835fd0e46ce7c2a362720ac7f5b714d,2015-06-22T18:31:06Z,OPENJPA-2539: Query Compilation causing inner join table to be randomly generated incorrectly - ported changes to trunk.,2014-10-24T02:39:01Z,2015-08-26T21:50:39Z,INSIDE_LIFECYCLE,,2.1.0,2.1.2|2.2.1.1|2.2.3|2.4.1,1,1,1,openjpa-kernel/src/main/java/org/apache/openjpa/kernel/QueryImpl.java
12754473,OPENJPA-2542,b48106b0720d6ae199da5391aadcf3d4b40c5d13,2014-12-10T14:11:45Z,OPENJPA-2542: Use bundle classloader AND PersistenceUnitInfo classloader when creating a BrokerFactory.,2014-11-11T14:51:15Z,2014-12-10T14:12:09Z,INSIDE_LIFECYCLE,,2.3.0|2.4.0,2.4.0,2,2,2,openjpa-lib/src/main/java/org/apache/openjpa/lib/util/MultiClassLoader.java|openjpa-persistence/src/main/java/org/apache/openjpa/persistence/PersistenceProviderImpl.java
12757745,OPENJPA-2547,4ca9dbd7418f4193daceccf00131f0c67dedcfe5,2015-01-14T21:56:22Z,"OPENJPA-2547: When two threads attempt to get a Pessimistic Lock, one thread gets a 'false' lock.  Applied fix to trunk.",2014-11-25T16:58:25Z,2015-01-14T22:49:37Z,INSIDE_LIFECYCLE,,2.1.2|2.2.1.1|2.2.2|2.3.0|2.4.0,2.1.2|2.2.1.1|2.2.2|2.4.0,3,3,1,openjpa-jdbc/src/main/java/org/apache/openjpa/jdbc/kernel/PessimisticLockManager.java
12765122,OPENJPA-2555,9461ffdfcd870b1aeadf1eab3e8181c983a595b4,2018-10-31T20:51:31+01:00,OPENJPA-2775 OPENJPA-2555 fraction of seconds in MySQL,2015-01-06T14:58:50Z,2019-04-06T12:41:10Z,INSIDE_LIFECYCLE,,2.2.2|2.3.0,3.1.0,8,5,3,openjpa-jdbc/src/main/java/org/apache/openjpa/jdbc/meta/MappingInfo.java|openjpa-jdbc/src/main/java/org/apache/openjpa/jdbc/sql/DBDictionary.java|openjpa-jdbc/src/main/java/org/apache/openjpa/jdbc/sql/MySQLDictionary.java
12765122,OPENJPA-2555,3b4c2e6f427de1f6f1e21a9c5a0cca4e5730167e,2018-11-01T14:20:49+01:00,OPENJPA-2755 OPENJPA-2555 use scale to set Date fractions,2015-01-06T14:58:50Z,2019-04-06T12:41:10Z,INSIDE_LIFECYCLE,,2.2.2|2.3.0,3.1.0,4,4,2,openjpa-jdbc/src/main/java/org/apache/openjpa/jdbc/schema/DynamicSchemaFactory.java|openjpa-jdbc/src/main/java/org/apache/openjpa/jdbc/sql/MySQLDictionary.java
12765122,OPENJPA-2555,0530b5b72ba00a3014e67c9ee4c3e8bfcddabb76,2018-11-01T21:06:41+01:00,OPENJPA-2755 OPENJPA-2555 support fractions of a second,2015-01-06T14:58:50Z,2019-04-06T12:41:10Z,INSIDE_LIFECYCLE,,2.2.2|2.3.0,3.1.0,3,3,1,openjpa-jdbc/src/main/java/org/apache/openjpa/jdbc/sql/DBDictionary.java
12765122,OPENJPA-2555,4e59c4836407382f853306dfd0ffbd14cba6e5c1,2019-04-05T10:29:27+02:00,OPENJPA-2555 use a defaultFractionLength of 0 for backward compat,2015-01-06T14:58:50Z,2019-04-06T12:41:10Z,INSIDE_LIFECYCLE,,2.2.2|2.3.0,3.1.0,9,8,3,openjpa-jdbc/src/main/java/org/apache/openjpa/jdbc/sql/DBDictionary.java|openjpa-jdbc/src/main/java/org/apache/openjpa/jdbc/sql/MariaDBDictionary.java|openjpa-jdbc/src/main/java/org/apache/openjpa/jdbc/sql/MySQLDictionary.java
12765122,OPENJPA-2555,a7969c120bfba06b883f319788fc50ca0ef06b69,2019-04-05T13:58:05+02:00,OPENJPA-2555 rename DBDictionary property to dateFractionDigits,2015-01-06T14:58:50Z,2019-04-06T12:41:10Z,INSIDE_LIFECYCLE,,2.2.2|2.3.0,3.1.0,11,11,3,openjpa-jdbc/src/main/java/org/apache/openjpa/jdbc/sql/DBDictionary.java|openjpa-jdbc/src/main/java/org/apache/openjpa/jdbc/sql/MariaDBDictionary.java|openjpa-jdbc/src/main/java/org/apache/openjpa/jdbc/sql/MySQLDictionary.java
12766612,OPENJPA-2557,6591d4d464967b47185a77b1fa88a89bd4fdc8e0,2015-02-27T01:44:09Z,OPENJPA-2557: FinderCache contains incorrectly cached query with a NULL for a Primary Key.,2015-01-10T02:02:11Z,2015-02-27T03:15:47Z,INSIDE_LIFECYCLE,,2.1.2|2.2.1.1|2.2.2|2.3.0|2.4.0,2.1.2|2.2.1.1|2.2.3|2.4.0,6,6,1,openjpa-jdbc/src/main/java/org/apache/openjpa/jdbc/kernel/FinderQueryImpl.java
12371316,OPENJPA-256,b0cddf4e2d87d5a4f3c19d24cec89c4df4b9660d,2007-08-21T15:21:50Z,OPENJPA-256. Applied patch supplied by Bernd.,2007-06-09T12:08:13Z,2007-08-21T15:22:31Z,INSIDE_LIFECYCLE,,,1.0.0,1,1,1,openjpa-kernel/src/main/java/org/apache/openjpa/conf/QueryCompilationCacheValue.java
12771750,OPENJPA-2567,9a98d6a2bf8203a1cead34d18f705e380c829cd6,2018-09-03T11:41:07Z,[OPENJPA-2567] various MySql and MariaDB text types support is added - thanks @solomax - This closes #18,2015-02-02T15:35:48Z,2018-09-03T12:01:49Z,INSIDE_LIFECYCLE,,2.3.0,2.4.4|3.1.0,4,4,2,openjpa-jdbc/src/main/java/org/apache/openjpa/jdbc/sql/MariaDBDictionary.java|openjpa-jdbc/src/main/java/org/apache/openjpa/jdbc/sql/MySQLDictionary.java
12777706,OPENJPA-2571,7b1c24e1fa855114a28a7c065039798a5a0ef704,2015-04-14T18:59:29Z,OPENJPA-2571: Criteria Builder query generates extra alias when using multiselect.,2015-02-25T23:42:29Z,2015-05-04T17:00:17Z,INSIDE_LIFECYCLE,,2.2.3|2.4.0,2.1.2|2.2.1.1|2.2.3|2.4.0,6,6,1,openjpa-jdbc/src/main/java/org/apache/openjpa/jdbc/sql/SelectImpl.java
12818810,OPENJPA-2576,85556cb9eadeeac522860eefa8269858d196f94a,2015-04-07T10:37:14Z,OPENJPA-2576 remove @nonjava which is actually not a javadoc tag,2015-04-07T06:09:40Z,2015-04-16T21:24:32Z,INSIDE_LIFECYCLE,,2.3.0,2.4.0,262,262,252,openjpa-jdbc/src/main/java/org/apache/openjpa/jdbc/conf/FetchModeValue.java|openjpa-jdbc/src/main/java/org/apache/openjpa/jdbc/conf/JDBCSeqValue.java|openjpa-jdbc/src/main/java/org/apache/openjpa/jdbc/conf/MappingFactoryValue.java|openjpa-jdbc/src/main/java/org/apache/openjpa/jdbc/conf/MappingRepositoryValue.java|openjpa-jdbc/src/main/java/org/apache/openjpa/jdbc/kernel/DelegatingJDBCFetchConfiguration.java|openjpa-jdbc/src/main/java/org/apache/openjpa/jdbc/kernel/InstanceResultObjectProvider.java|openjpa-jdbc/src/main/java/org/apache/openjpa/jdbc/kernel/JDBCFetchConfigurationImpl.java|openjpa-jdbc/src/main/java/org/apache/openjpa/jdbc/kernel/JDBCStoreManager.java|openjpa-jdbc/src/main/java/org/apache/openjpa/jdbc/kernel/JDBCStoreQuery.java|openjpa-jdbc/src/main/java/org/apache/openjpa/jdbc/kernel/PagingResultObjectProvider.java|openjpa-jdbc/src/main/java/org/apache/openjpa/jdbc/kernel/PreparedQueryCacheImpl.java|openjpa-jdbc/src/main/java/org/apache/openjpa/jdbc/kernel/SQLStoreQuery.java|openjpa-jdbc/src/main/java/org/apache/openjpa/jdbc/kernel/SelectResultObjectProvider.java|openjpa-jdbc/src/main/java/org/apache/openjpa/jdbc/kernel/exps/ExpContext.java|openjpa-jdbc/src/main/java/org/apache/openjpa/jdbc/kernel/exps/ExpState.java|openjpa-jdbc/src/main/java/org/apache/openjpa/jdbc/kernel/exps/GetColumn.java|openjpa-jdbc/src/main/java/org/apache/openjpa/jdbc/kernel/exps/JDBCExpressionFactory.java|openjpa-jdbc/src/main/java/org/apache/openjpa/jdbc/kernel/exps/JDBCStringContains.java|openjpa-jdbc/src/main/java/org/apache/openjpa/jdbc/kernel/exps/JDBCWildcardMatch.java|openjpa-jdbc/src/main/java/org/apache/openjpa/jdbc/kernel/exps/QueryExpressionsState.java|openjpa-jdbc/src/main/java/org/apache/openjpa/jdbc/kernel/exps/SQLEmbed.java|openjpa-jdbc/src/main/java/org/apache/openjpa/jdbc/kernel/exps/SQLExpression.java|openjpa-jdbc/src/main/java/org/apache/openjpa/jdbc/kernel/exps/SQLValue.java|openjpa-jdbc/src/main/java/org/apache/openjpa/jdbc/kernel/exps/SelectConstructor.java|openjpa-jdbc/src/main/java/org/apache/openjpa/jdbc/kernel/exps/Val.java|openjpa-jdbc/src/main/java/org/apache/openjpa/jdbc/meta/MappingStrategyInstaller.java|openjpa-jdbc/src/main/java/org/apache/openjpa/jdbc/meta/MetaDataPlusMappingFactory.java|openjpa-jdbc/src/main/java/org/apache/openjpa/jdbc/meta/NoneMappingDefaults.java|openjpa-jdbc/src/main/java/org/apache/openjpa/jdbc/meta/NoneStrategyInstaller.java|openjpa-jdbc/src/main/java/org/apache/openjpa/jdbc/meta/RefreshStrategyInstaller.java|openjpa-jdbc/src/main/java/org/apache/openjpa/jdbc/meta/RuntimeStrategyInstaller.java|openjpa-jdbc/src/main/java/org/apache/openjpa/jdbc/meta/StrategyInstaller.java|openjpa-jdbc/src/main/java/org/apache/openjpa/jdbc/meta/strats/BlobValueHandler.java|openjpa-jdbc/src/main/java/org/apache/openjpa/jdbc/meta/strats/ByteArrayValueHandler.java|openjpa-jdbc/src/main/java/org/apache/openjpa/jdbc/meta/strats/CharArrayStreamValueHandler.java|openjpa-jdbc/src/main/java/org/apache/openjpa/jdbc/meta/strats/CharArrayValueHandler.java|openjpa-jdbc/src/main/java/org/apache/openjpa/jdbc/meta/strats/ClobValueHandler.java|openjpa-jdbc/src/main/java/org/apache/openjpa/jdbc/meta/strats/ElementEmbedValueHandler.java|openjpa-jdbc/src/main/java/org/apache/openjpa/jdbc/meta/strats/EmbeddedClassStrategy.java|openjpa-jdbc/src/main/java/org/apache/openjpa/jdbc/meta/strats/EnumValueHandler.java|openjpa-jdbc/src/main/java/org/apache/openjpa/jdbc/meta/strats/ImmutableValueHandler.java|openjpa-jdbc/src/main/java/org/apache/openjpa/jdbc/meta/strats/MaxEmbeddedBlobFieldStrategy.java|openjpa-jdbc/src/main/java/org/apache/openjpa/jdbc/meta/strats/MaxEmbeddedByteArrayFieldStrategy.java|openjpa-jdbc/src/main/java/org/apache/openjpa/jdbc/meta/strats/MaxEmbeddedCharArrayFieldStrategy.java|openjpa-jdbc/src/main/java/org/apache/openjpa/jdbc/meta/strats/MaxEmbeddedClobFieldStrategy.java|openjpa-jdbc/src/main/java/org/apache/openjpa/jdbc/meta/strats/ObjectIdClassStrategy.java|openjpa-jdbc/src/main/java/org/apache/openjpa/jdbc/meta/strats/ObjectIdValueHandler.java|openjpa-jdbc/src/main/java/org/apache/openjpa/jdbc/meta/strats/SuperclassDiscriminatorStrategy.java|openjpa-jdbc/src/main/java/org/apache/openjpa/jdbc/meta/strats/SuperclassVersionStrategy.java|openjpa-jdbc/src/main/java/org/apache/openjpa/jdbc/meta/strats/UntypedPCValueHandler.java|openjpa-jdbc/src/main/java/org/apache/openjpa/jdbc/schema/DataSourceFactory.java|openjpa-jdbc/src/main/java/org/apache/openjpa/jdbc/schema/SchemaParser.java|openjpa-jdbc/src/main/java/org/apache/openjpa/jdbc/schema/SchemaSerializer.java|openjpa-jdbc/src/main/java/org/apache/openjpa/jdbc/schema/Schemas.java|openjpa-jdbc/src/main/java/org/apache/openjpa/jdbc/schema/XMLSchemaParser.java|openjpa-jdbc/src/main/java/org/apache/openjpa/jdbc/schema/XMLSchemaSerializer.java|openjpa-jdbc/src/main/java/org/apache/openjpa/jdbc/sql/DBDictionaryFactory.java|openjpa-jdbc/src/main/java/org/apache/openjpa/jdbc/sql/PrimaryRow.java|openjpa-jdbc/src/main/java/org/apache/openjpa/jdbc/sql/RowImpl.java|openjpa-jdbc/src/main/java/org/apache/openjpa/jdbc/sql/RowManagerImpl.java|openjpa-jdbc/src/main/java/org/apache/openjpa/jdbc/sql/SQLExceptions.java|openjpa-jdbc/src/main/java/org/apache/openjpa/jdbc/sql/SecondaryRow.java|openjpa-jdbc/src/main/java/org/apache/openjpa/jdbc/sql/SelectImpl.java|openjpa-kernel/src/main/java/org/apache/openjpa/conf/AutoDetachValue.java|openjpa-kernel/src/main/java/org/apache/openjpa/conf/BrokerFactoryValue.java|openjpa-kernel/src/main/java/org/apache/openjpa/conf/DetachOptions.java|openjpa-kernel/src/main/java/org/apache/openjpa/conf/QueryCompilationCacheValue.java|openjpa-kernel/src/main/java/org/apache/openjpa/conf/RemoteCommitProviderValue.java|openjpa-kernel/src/main/java/org/apache/openjpa/conf/SeqValue.java|openjpa-kernel/src/main/java/org/apache/openjpa/datacache/DataCacheStoreManager.java|openjpa-kernel/src/main/java/org/apache/openjpa/datacache/DelegatingDataCache.java|openjpa-kernel/src/main/java/org/apache/openjpa/datacache/DelegatingQueryCache.java|openjpa-kernel/src/main/java/org/apache/openjpa/enhance/CodeGenerator.java|openjpa-kernel/src/main/java/org/apache/openjpa/enhance/DynamicStorage.java|openjpa-kernel/src/main/java/org/apache/openjpa/enhance/DynamicStorageGenerator.java|openjpa-kernel/src/main/java/org/apache/openjpa/enhance/PCClassFileTransformer.java|openjpa-kernel/src/main/java/org/apache/openjpa/enhance/PCDataGenerator.java|openjpa-kernel/src/main/java/org/apache/openjpa/event/LifecycleEventManager.java|openjpa-kernel/src/main/java/org/apache/openjpa/event/TransactionEventManager.java|openjpa-kernel/src/main/java/org/apache/openjpa/kernel/AbstractPCData.java|openjpa-kernel/src/main/java/org/apache/openjpa/kernel/AttachStrategy.java|openjpa-kernel/src/main/java/org/apache/openjpa/kernel/DelegatingBroker.java|openjpa-kernel/src/main/java/org/apache/openjpa/kernel/DelegatingBrokerFactory.java|openjpa-kernel/src/main/java/org/apache/openjpa/kernel/DelegatingExtent.java|openjpa-kernel/src/main/java/org/apache/openjpa/kernel/DelegatingFetchConfiguration.java|openjpa-kernel/src/main/java/org/apache/openjpa/kernel/DelegatingQuery.java|openjpa-kernel/src/main/java/org/apache/openjpa/kernel/DelegatingResultList.java|openjpa-kernel/src/main/java/org/apache/openjpa/kernel/DelegatingSeq.java|openjpa-kernel/src/main/java/org/apache/openjpa/kernel/DetachManager.java|openjpa-kernel/src/main/java/org/apache/openjpa/kernel/DetachedStateAttachStrategy.java|openjpa-kernel/src/main/java/org/apache/openjpa/kernel/DetachedStateManager.java|openjpa-kernel/src/main/java/org/apache/openjpa/kernel/ExtentImpl.java|openjpa-kernel/src/main/java/org/apache/openjpa/kernel/FetchConfigurationImpl.java|openjpa-kernel/src/main/java/org/apache/openjpa/kernel/Filters.java|openjpa-kernel/src/main/java/org/apache/openjpa/kernel/MethodStoreQuery.java|openjpa-kernel/src/main/java/org/apache/openjpa/kernel/ObjectIdStateManager.java|openjpa-kernel/src/main/java/org/apache/openjpa/kernel/OrderingMergedResultObjectProvider.java|openjpa-kernel/src/main/java/org/apache/openjpa/kernel/PCDataImpl.java|openjpa-kernel/src/main/java/org/apache/openjpa/kernel/QueryImpl.java|openjpa-kernel/src/main/java/org/apache/openjpa/kernel/ResultPacker.java|openjpa-kernel/src/main/java/org/apache/openjpa/kernel/VersionAttachStrategy.java|openjpa-kernel/src/main/java/org/apache/openjpa/kernel/exps/AbstractExpressionBuilder.java|openjpa-kernel/src/main/java/org/apache/openjpa/kernel/exps/AbstractExpressionVisitor.java|openjpa-kernel/src/main/java/org/apache/openjpa/kernel/exps/ExpressionFactory.java|openjpa-kernel/src/main/java/org/apache/openjpa/kernel/exps/ExpressionParser.java|openjpa-kernel/src/main/java/org/apache/openjpa/kernel/exps/InMemoryExpressionFactory.java|openjpa-kernel/src/main/java/org/apache/openjpa/kernel/exps/Literal.java|openjpa-kernel/src/main/java/org/apache/openjpa/kernel/exps/Parameter.java|openjpa-kernel/src/main/java/org/apache/openjpa/kernel/exps/QueryExpressions.java|openjpa-kernel/src/main/java/org/apache/openjpa/kernel/exps/Resolver.java|openjpa-kernel/src/main/java/org/apache/openjpa/kernel/exps/StringContains.java|openjpa-kernel/src/main/java/org/apache/openjpa/kernel/exps/Val.java|openjpa-kernel/src/main/java/org/apache/openjpa/kernel/exps/WildcardMatch.java|openjpa-kernel/src/main/java/org/apache/openjpa/kernel/jpql/JPQLExpressionBuilder.java|openjpa-kernel/src/main/java/org/apache/openjpa/kernel/jpql/JPQLParser.java|openjpa-kernel/src/main/java/org/apache/openjpa/kernel/jpql/SimpleNode.java|openjpa-kernel/src/main/java/org/apache/openjpa/meta/DelegatingMetaDataFactory.java|openjpa-kernel/src/main/java/org/apache/openjpa/meta/InheritanceComparator.java|openjpa-kernel/src/main/java/org/apache/openjpa/meta/MetaDataInheritanceComparator.java|openjpa-kernel/src/main/java/org/apache/openjpa/meta/NoneMetaDataFactory.java|openjpa-kernel/src/main/java/org/apache/openjpa/meta/ValueMetaDataImpl.java|openjpa-kernel/src/main/java/org/apache/openjpa/util/AbstractChangeTracker.java|openjpa-kernel/src/main/java/org/apache/openjpa/util/ApplicationIds.java|openjpa-kernel/src/main/java/org/apache/openjpa/util/ArrayStateImage.java|openjpa-kernel/src/main/java/org/apache/openjpa/util/CollectionChangeTrackerImpl.java|openjpa-kernel/src/main/java/org/apache/openjpa/util/DelayedCollectionChangeTrackerImpl.java|openjpa-kernel/src/main/java/org/apache/openjpa/util/Exceptions.java|openjpa-kernel/src/main/java/org/apache/openjpa/util/ImplHelper.java|openjpa-kernel/src/main/java/org/apache/openjpa/util/MapChangeTrackerImpl.java|openjpa-kernel/src/main/java/org/apache/openjpa/util/OptimisticException.java|openjpa-kernel/src/main/java/org/apache/openjpa/util/ProxyCollections.java|openjpa-kernel/src/main/java/org/apache/openjpa/util/ProxyMaps.java|openjpa-kernel/src/main/java/org/apache/openjpa/util/RuntimeExceptionTranslator.java|openjpa-kernel/src/main/java/org/apache/openjpa/util/Serialization.java|openjpa-lib/src/main/java/org/apache/openjpa/lib/ant/AbstractTask.java|openjpa-lib/src/main/java/org/apache/openjpa/lib/conf/ConfigurationProvider.java|openjpa-lib/src/main/java/org/apache/openjpa/lib/conf/Configurations.java|openjpa-lib/src/main/java/org/apache/openjpa/lib/conf/MapConfigurationProvider.java|openjpa-lib/src/main/java/org/apache/openjpa/lib/conf/ProductDerivations.java|openjpa-lib/src/main/java/org/apache/openjpa/lib/graph/BreadthFirstWalk.java|openjpa-lib/src/main/java/org/apache/openjpa/lib/graph/DepthFirstAnalysis.java|openjpa-lib/src/main/java/org/apache/openjpa/lib/graph/Edge.java|openjpa-lib/src/main/java/org/apache/openjpa/lib/graph/Graph.java|openjpa-lib/src/main/java/org/apache/openjpa/lib/graph/GraphVisitor.java|openjpa-lib/src/main/java/org/apache/openjpa/lib/jdbc/ConfiguringConnectionDecorator.java|openjpa-lib/src/main/java/org/apache/openjpa/lib/jdbc/DataSourceLogs.java|openjpa-lib/src/main/java/org/apache/openjpa/lib/jdbc/DecoratingDataSource.java|openjpa-lib/src/main/java/org/apache/openjpa/lib/jdbc/JDBCEventConnectionDecorator.java|openjpa-lib/src/main/java/org/apache/openjpa/lib/jdbc/LoggingConnectionDecorator.java|openjpa-lib/src/main/java/org/apache/openjpa/lib/jdbc/ReportingSQLException.java|openjpa-lib/src/main/java/org/apache/openjpa/lib/meta/CFMetaDataParser.java|openjpa-lib/src/main/java/org/apache/openjpa/lib/meta/CFMetaDataSerializer.java|openjpa-lib/src/main/java/org/apache/openjpa/lib/meta/ClassAnnotationMetaDataFilter.java|openjpa-lib/src/main/java/org/apache/openjpa/lib/meta/ClassArgParser.java|openjpa-lib/src/main/java/org/apache/openjpa/lib/meta/ClassMetaDataIterator.java|openjpa-lib/src/main/java/org/apache/openjpa/lib/meta/ClasspathMetaDataIterator.java|openjpa-lib/src/main/java/org/apache/openjpa/lib/meta/FileMetaDataIterator.java|openjpa-lib/src/main/java/org/apache/openjpa/lib/meta/MetaDataFilter.java|openjpa-lib/src/main/java/org/apache/openjpa/lib/meta/MetaDataIteratorChain.java|openjpa-lib/src/main/java/org/apache/openjpa/lib/meta/MetaDataParser.java|openjpa-lib/src/main/java/org/apache/openjpa/lib/meta/MetaDataSerializer.java|openjpa-lib/src/main/java/org/apache/openjpa/lib/meta/ResourceMetaDataIterator.java|openjpa-lib/src/main/java/org/apache/openjpa/lib/meta/SuffixMetaDataFilter.java|openjpa-lib/src/main/java/org/apache/openjpa/lib/meta/URLMetaDataIterator.java|openjpa-lib/src/main/java/org/apache/openjpa/lib/meta/XMLMetaDataParser.java|openjpa-lib/src/main/java/org/apache/openjpa/lib/meta/XMLMetaDataSerializer.java|openjpa-lib/src/main/java/org/apache/openjpa/lib/meta/XMLVersionParser.java|openjpa-lib/src/main/java/org/apache/openjpa/lib/meta/ZipFileMetaDataIterator.java|openjpa-lib/src/main/java/org/apache/openjpa/lib/meta/ZipStreamMetaDataIterator.java|openjpa-lib/src/main/java/org/apache/openjpa/lib/rop/AbstractListIterator.java|openjpa-lib/src/main/java/org/apache/openjpa/lib/rop/AbstractNonSequentialResultList.java|openjpa-lib/src/main/java/org/apache/openjpa/lib/rop/AbstractResultList.java|openjpa-lib/src/main/java/org/apache/openjpa/lib/rop/AbstractSequentialResultList.java|openjpa-lib/src/main/java/org/apache/openjpa/lib/rop/EagerResultList.java|openjpa-lib/src/main/java/org/apache/openjpa/lib/rop/LazyForwardResultList.java|openjpa-lib/src/main/java/org/apache/openjpa/lib/rop/ListResultList.java|openjpa-lib/src/main/java/org/apache/openjpa/lib/rop/RandomAccessResultList.java|openjpa-lib/src/main/java/org/apache/openjpa/lib/rop/RangeResultObjectProvider.java|openjpa-lib/src/main/java/org/apache/openjpa/lib/rop/ResultListIterator.java|openjpa-lib/src/main/java/org/apache/openjpa/lib/rop/ResultObjectProviderIterator.java|openjpa-lib/src/main/java/org/apache/openjpa/lib/rop/SimpleResultList.java|openjpa-lib/src/main/java/org/apache/openjpa/lib/rop/SoftRandomAccessResultList.java|openjpa-lib/src/main/java/org/apache/openjpa/lib/rop/WindowResultList.java|openjpa-lib/src/main/java/org/apache/openjpa/lib/util/Base16Encoder.java|openjpa-lib/src/main/java/org/apache/openjpa/lib/util/ConcreteClassGenerator.java|openjpa-lib/src/main/java/org/apache/openjpa/lib/util/Files.java|openjpa-lib/src/main/java/org/apache/openjpa/lib/util/JavaVersions.java|openjpa-lib/src/main/java/org/apache/openjpa/lib/util/LRUMap.java|openjpa-lib/src/main/java/org/apache/openjpa/lib/util/Options.java|openjpa-lib/src/main/java/org/apache/openjpa/lib/util/ParameterTemplate.java|openjpa-lib/src/main/java/org/apache/openjpa/lib/util/ParseException.java|openjpa-lib/src/main/java/org/apache/openjpa/lib/util/ReferenceHashMap.java|openjpa-lib/src/main/java/org/apache/openjpa/lib/util/ReferenceHashSet.java|openjpa-lib/src/main/java/org/apache/openjpa/lib/util/Services.java|openjpa-lib/src/main/java/org/apache/openjpa/lib/util/SimpleRegex.java|openjpa-lib/src/main/java/org/apache/openjpa/lib/util/StringDistance.java|openjpa-lib/src/main/java/org/apache/openjpa/lib/util/TemporaryClassLoader.java|openjpa-lib/src/main/java/org/apache/openjpa/lib/util/TypedProperties.java|openjpa-lib/src/main/java/org/apache/openjpa/lib/util/UUIDGenerator.java|openjpa-lib/src/main/java/org/apache/openjpa/lib/util/concurrent/ConcurrentReferenceHashSet.java|openjpa-lib/src/main/java/org/apache/openjpa/lib/xml/Commentable.java|openjpa-lib/src/main/java/org/apache/openjpa/lib/xml/DocTypeReader.java|openjpa-lib/src/main/java/org/apache/openjpa/lib/xml/Location.java|openjpa-lib/src/main/java/org/apache/openjpa/lib/xml/ValidatingErrorHandler.java|openjpa-lib/src/main/java/org/apache/openjpa/lib/xml/XMLFactory.java|openjpa-lib/src/main/java/org/apache/openjpa/lib/xml/XMLWriter.java|openjpa-persistence-jdbc/src/main/java/org/apache/openjpa/persistence/jdbc/AnnotationPersistenceMappingParser.java|openjpa-persistence-jdbc/src/main/java/org/apache/openjpa/persistence/jdbc/AnnotationPersistenceMappingSerializer.java|openjpa-persistence-jdbc/src/main/java/org/apache/openjpa/persistence/jdbc/JDBCFetchPlanImpl.java|openjpa-persistence-jdbc/src/main/java/org/apache/openjpa/persistence/jdbc/JDBCPersistenceProductDerivation.java|openjpa-persistence-jdbc/src/main/java/org/apache/openjpa/persistence/jdbc/MappingTag.java|openjpa-persistence-jdbc/src/main/java/org/apache/openjpa/persistence/jdbc/PersistenceMappingDefaults.java|openjpa-persistence-jdbc/src/main/java/org/apache/openjpa/persistence/jdbc/PersistenceMappingFactory.java|openjpa-persistence-jdbc/src/main/java/org/apache/openjpa/persistence/jdbc/XMLPersistenceMappingParser.java|openjpa-persistence-jdbc/src/main/java/org/apache/openjpa/persistence/jdbc/XMLPersistenceMappingSerializer.java|openjpa-persistence/src/main/java/org/apache/openjpa/persistence/AnnotationBuilder.java|openjpa-persistence/src/main/java/org/apache/openjpa/persistence/AnnotationPersistenceMetaDataParser.java|openjpa-persistence/src/main/java/org/apache/openjpa/persistence/AnnotationPersistenceMetaDataSerializer.java|openjpa-persistence/src/main/java/org/apache/openjpa/persistence/AnnotationPersistenceXMLMetaDataParser.java|openjpa-persistence/src/main/java/org/apache/openjpa/persistence/ArgumentException.java|openjpa-persistence/src/main/java/org/apache/openjpa/persistence/EntityExistsException.java|openjpa-persistence/src/main/java/org/apache/openjpa/persistence/EntityManagerFactoryImpl.java|openjpa-persistence/src/main/java/org/apache/openjpa/persistence/EntityManagerFactoryValue.java|openjpa-persistence/src/main/java/org/apache/openjpa/persistence/EntityManagerImpl.java|openjpa-persistence/src/main/java/org/apache/openjpa/persistence/EntityNotFoundException.java|openjpa-persistence/src/main/java/org/apache/openjpa/persistence/ExtentImpl.java|openjpa-persistence/src/main/java/org/apache/openjpa/persistence/FetchPlanImpl.java|openjpa-persistence/src/main/java/org/apache/openjpa/persistence/GeneratorImpl.java|openjpa-persistence/src/main/java/org/apache/openjpa/persistence/HintHandler.java|openjpa-persistence/src/main/java/org/apache/openjpa/persistence/InvalidStateException.java|openjpa-persistence/src/main/java/org/apache/openjpa/persistence/JPAFacadeHelper.java|openjpa-persistence/src/main/java/org/apache/openjpa/persistence/LockTimeoutException.java|openjpa-persistence/src/main/java/org/apache/openjpa/persistence/MetaDataTag.java|openjpa-persistence/src/main/java/org/apache/openjpa/persistence/NoResultException.java|openjpa-persistence/src/main/java/org/apache/openjpa/persistence/NonUniqueResultException.java|openjpa-persistence/src/main/java/org/apache/openjpa/persistence/OptimisticLockException.java|openjpa-persistence/src/main/java/org/apache/openjpa/persistence/PersistenceException.java|openjpa-persistence/src/main/java/org/apache/openjpa/persistence/PersistenceExceptions.java|openjpa-persistence/src/main/java/org/apache/openjpa/persistence/PersistenceMetaDataDefaults.java|openjpa-persistence/src/main/java/org/apache/openjpa/persistence/PersistenceMetaDataFactory.java|openjpa-persistence/src/main/java/org/apache/openjpa/persistence/PersistenceProductDerivation.java|openjpa-persistence/src/main/java/org/apache/openjpa/persistence/PersistenceStrategy.java|openjpa-persistence/src/main/java/org/apache/openjpa/persistence/PersistenceUnitInfoImpl.java|openjpa-persistence/src/main/java/org/apache/openjpa/persistence/PessimisticLockException.java|openjpa-persistence/src/main/java/org/apache/openjpa/persistence/QueryImpl.java|openjpa-persistence/src/main/java/org/apache/openjpa/persistence/QueryResultCacheImpl.java|openjpa-persistence/src/main/java/org/apache/openjpa/persistence/QueryTimeoutException.java|openjpa-persistence/src/main/java/org/apache/openjpa/persistence/RollbackException.java|openjpa-persistence/src/main/java/org/apache/openjpa/persistence/StoreCacheImpl.java|openjpa-persistence/src/main/java/org/apache/openjpa/persistence/TransactionRequiredException.java|openjpa-persistence/src/main/java/org/apache/openjpa/persistence/XMLPersistenceMetaDataParser.java|openjpa-persistence/src/main/java/org/apache/openjpa/persistence/XMLPersistenceMetaDataSerializer.java
12818810,OPENJPA-2576,fbbfc9d3245089284129dcd719c289a877867169,2015-04-16T21:24:19Z,OPENJPA-2576 fix broken JavaDocs,2015-04-07T06:09:40Z,2015-04-16T21:24:32Z,INSIDE_LIFECYCLE,,2.3.0,2.4.0,26,26,26,openjpa-kernel/src/main/java/org/apache/openjpa/conf/Compatibility.java|openjpa-kernel/src/main/java/org/apache/openjpa/conf/OpenJPAConfiguration.java|openjpa-kernel/src/main/java/org/apache/openjpa/datacache/DataCacheStoreManager.java|openjpa-kernel/src/main/java/org/apache/openjpa/enhance/PCEnhancer.java|openjpa-kernel/src/main/java/org/apache/openjpa/enhance/PCEnhancerAgent.java|openjpa-kernel/src/main/java/org/apache/openjpa/event/BeanLifecycleCallbacks.java|openjpa-kernel/src/main/java/org/apache/openjpa/event/MethodLifecycleCallbacks.java|openjpa-kernel/src/main/java/org/apache/openjpa/instrumentation/InstrumentationManagerImpl.java|openjpa-kernel/src/main/java/org/apache/openjpa/instrumentation/jmx/JMXProvider.java|openjpa-kernel/src/main/java/org/apache/openjpa/kernel/AuditManager.java|openjpa-kernel/src/main/java/org/apache/openjpa/kernel/BrokerImpl.java|openjpa-kernel/src/main/java/org/apache/openjpa/kernel/OpenJPAStateManager.java|openjpa-kernel/src/main/java/org/apache/openjpa/kernel/PNewProvisionalState.java|openjpa-kernel/src/main/java/org/apache/openjpa/kernel/StateManagerImpl.java|openjpa-kernel/src/main/java/org/apache/openjpa/kernel/exps/AbstractExpressionBuilder.java|openjpa-kernel/src/main/java/org/apache/openjpa/kernel/exps/Context.java|openjpa-kernel/src/main/java/org/apache/openjpa/kernel/exps/Path.java|openjpa-kernel/src/main/java/org/apache/openjpa/kernel/exps/QueryExpressions.java|openjpa-kernel/src/main/java/org/apache/openjpa/meta/AccessCode.java|openjpa-kernel/src/main/java/org/apache/openjpa/meta/FieldMetaData.java|openjpa-kernel/src/main/java/org/apache/openjpa/meta/JavaTypes.java|openjpa-kernel/src/main/java/org/apache/openjpa/meta/MetaDataRepository.java|openjpa-kernel/src/main/java/org/apache/openjpa/meta/XMLClassMetaData.java|openjpa-kernel/src/main/java/org/apache/openjpa/meta/XMLMetaData.java|openjpa-kernel/src/main/java/org/apache/openjpa/util/ProxyManagerImpl.java|openjpa-kernel/src/main/java/org/apache/openjpa/validation/ValidatingLifecycleEventManager.java
12371491,OPENJPA-258,62c8c548d90295d92e5aacd3adcdce0e785bf553,2008-01-31T19:39:25Z,OPENJPA-258 Merge from ../branches/1.0.x. svn merge -c 617039,2007-06-12T18:21:43Z,2008-01-31T08:04:57Z,AFTER_RESOLUTION,11,0.9.6,1.0.2|1.1.0,6,6,1,openjpa-kernel/src/main/java/org/apache/openjpa/meta/InheritanceComparator.java
12371491,OPENJPA-258,171dc5d46aeb2084b2fc2f92079033117b413ac4,2008-01-31T19:40:34Z,OPENJPA-258 Merge from ../branches/1.0.x. svn merge -c 617073,2007-06-12T18:21:43Z,2008-01-31T08:04:57Z,AFTER_RESOLUTION,11,0.9.6,1.0.2|1.1.0,6,6,1,openjpa-kernel/src/main/java/org/apache/openjpa/meta/InheritanceComparator.java
12830023,OPENJPA-2586,e5fa4e32dfb41fe5c20ec2afe0b3397a4f81f870,2015-09-10T01:53:27Z,OPENJPA-2586: Fix to return proper relationship data when QueryCache and FetchPlans are used.,2015-05-15T00:04:10Z,2015-10-12T20:44:01Z,INSIDE_LIFECYCLE,,2.1.2|2.2.1.1|2.2.2|2.4.1,2.0.2|2.1.2|2.2.1.1|2.2.3|2.4.1,3,3,1,openjpa-kernel/src/main/java/org/apache/openjpa/datacache/QueryCacheStoreQuery.java
12835928,OPENJPA-2596,ea1682c42511894999e7f3c155adf8b4d8785c1c,2015-06-07T06:50:58Z,OPENJPA-2596 schema-delta generation (sqlAction=refresh) drops columns if they have an alternative typeName,2015-06-06T14:45:37Z,2015-06-07T06:55:24Z,INSIDE_LIFECYCLE,,2.4.0,2.4.1,4,4,3,openjpa-jdbc/src/main/java/org/apache/openjpa/jdbc/schema/Column.java|openjpa-jdbc/src/main/java/org/apache/openjpa/jdbc/schema/SchemaTool.java|openjpa-tools/openjpa-maven-plugin/src/main/java/org/apache/openjpa/tools/maven/AbstractOpenJpaMojo.java
12841234,OPENJPA-2597,72be5f17209fbe92415a2ebed59d0d25d0a3b785,2015-06-29T04:25:16Z,OPENJPA-2597 DECIMAL and NUMERIC needs scale configuration for hsqldb,2015-06-29T04:09:57Z,2015-06-29T04:25:31Z,INSIDE_LIFECYCLE,,,2.4.1,1,1,1,openjpa-jdbc/src/main/java/org/apache/openjpa/jdbc/sql/HSQLDictionary.java
12841422,OPENJPA-2600,a51d3c5c7b02af5ccb5606685d01f1785b3b79c7,2015-06-30T08:49:04Z,OPENJPA-2600 remove Classes which break Java8 functionality.,2015-06-29T19:29:02Z,2015-06-30T12:06:17Z,INSIDE_LIFECYCLE,,2.4.0,2.4.1,2,2,2,openjpa-lib/src/main/java/org/apache/openjpa/lib/util/concurrent/NullSafeConcurrentHashMap.java|openjpa-lib/src/main/java/org/apache/openjpa/lib/util/concurrent/SizedConcurrentHashMap.java
12841422,OPENJPA-2600,3f040fbe1da7375a3bc1bf95acc52d6f1431918b,2015-07-08T19:54:53Z,OPENJPA-2600 add cast which is needed for Java8,2015-06-29T19:29:02Z,2015-06-30T12:06:17Z,AFTER_RESOLUTION,199,2.4.0,2.4.1,2,2,2,openjpa-persistence-jdbc/src/main/java/org/apache/openjpa/persistence/jdbc/AnnotationPersistenceMappingParser.java|openjpa-persistence/src/main/java/org/apache/openjpa/persistence/AnnotationPersistenceXMLMetaDataParser.java
12846325,OPENJPA-2601,41c05d1bbe5f3b5c5e103ff7ae63da1fbe1b8448,2015-07-21T11:25:35Z,OPENJPA-2601 fix 'hint' element in orm.xml parsing,2015-07-20T18:20:43Z,2015-07-21T11:26:16Z,INSIDE_LIFECYCLE,,2.3.0|2.4.0,2.4.1,3,2,1,openjpa-persistence/src/main/java/org/apache/openjpa/persistence/XMLPersistenceMetaDataParser.java
12852374,OPENJPA-2603,977ba12bfafc3de8042e93e162985d003cd6a641,2015-10-17T18:37:39Z,OPENJPA-2603: Merging an unmanaged entity multiple (3) times leads to an exception.  Merged 2.1.x changes to trunk.,2015-08-05T20:32:24Z,2015-10-19T02:12:26Z,INSIDE_LIFECYCLE,,2.1.2|2.2.1.1|2.2.3|2.4.1,2.1.2|2.2.1.1|2.2.3|2.4.1,5,5,1,openjpa-jdbc/src/main/java/org/apache/openjpa/jdbc/meta/strats/RelationToManyInverseKeyFieldStrategy.java
12854226,OPENJPA-2605,e98845758db72b188e9b73029266f45a8215e2de,2015-11-09T18:54:51Z,OPENJPA-2605: DelegatingConnection.unwrap() doesn't adhere to java.sql.Wrapper.unwrap() contract,2015-08-11T18:36:24Z,2015-11-09T18:57:03Z,INSIDE_LIFECYCLE,,2.2.2|2.4.0,2.2.3|2.4.1,2,2,1,openjpa-lib/src/main/java/org/apache/openjpa/lib/jdbc/DelegatingConnection.java
12902522,OPENJPA-2609,28da3eaccfb62847285dc270318dd2fc873afe6e,2015-10-18T19:52:10Z,OPENJPA-2609: Sporadic ClassCastException occurs under heavy load when QuerySQLCache is enabled.  Merged 2.1.x changes to trunk.,2015-10-05T21:56:59Z,2015-10-19T02:11:33Z,INSIDE_LIFECYCLE,,2.2.3|2.4.0,2.1.2|2.2.1.1|2.2.3|2.4.1,1,1,1,openjpa-jdbc/src/main/java/org/apache/openjpa/jdbc/kernel/PreparedQueryCacheImpl.java
12913703,OPENJPA-2614,c5b97348fcfcb77d1a0c00813bc4c18bf85140f7,2021-06-16T19:54:25+02:00,OPENJPA-2614 run ALTER SEQUENCE in a separate tx,2015-11-17T14:11:47Z,2021-06-16T18:01:58Z,INSIDE_LIFECYCLE,,2.4.0,3.2.1,2,2,2,openjpa-jdbc/src/main/java/org/apache/openjpa/jdbc/kernel/AbstractJDBCSeq.java|openjpa-jdbc/src/main/java/org/apache/openjpa/jdbc/kernel/NativeJDBCSeq.java
12916621,OPENJPA-2617,1dd5571047bccbd75043e7d8c7048ed88b914e03,2015-11-27T12:15:47Z,OPENJPA-2617 adding BlacklistClassResolver to support blacklisting of class loading in our ObjectInputStream,2015-11-27T12:10:54Z,2015-11-27T12:15:48Z,INSIDE_LIFECYCLE,,2.4.0,2.4.1,3,3,3,openjpa-kernel/src/main/java/org/apache/openjpa/util/BlacklistClassResolver.java|openjpa-kernel/src/main/java/org/apache/openjpa/util/Serialization.java|openjpa-persistence/src/main/java/org/apache/openjpa/persistence/EntityManagerImpl.java
12935076,OPENJPA-2626,a5788cc859181ad55354083930e2c515a35df95a,2016-01-29T10:36:53Z,OPENJPA-2626 support of java 8 bytecode test for isEnhanced - avoid to have logs full of exception/warnings when it actually works cause it is already enahnced at build time,2016-01-29T10:36:04Z,2016-01-29T10:37:30Z,INSIDE_LIFECYCLE,,2.4.0,2.4.1,3,3,2,openjpa-kernel/src/main/java/org/apache/openjpa/enhance/AsmAdaptor.java|openjpa-kernel/src/main/java/org/apache/openjpa/enhance/PCClassFileTransformer.java
12935076,OPENJPA-2626,88e01d2fba1acd82e70100d001699fcb989d6ea8,2016-02-14T10:34:35Z,OPENJPA-2626 remove unused import (which is an ugly internal sun class and doesn't exist in java7),2016-01-29T10:36:04Z,2016-01-29T10:37:30Z,AFTER_RESOLUTION,383,2.4.0,2.4.1,1,1,1,openjpa-kernel/src/main/java/org/apache/openjpa/enhance/PCClassFileTransformer.java
12938647,OPENJPA-2631,41827d794dc0635a71f846ecb8a213bceca4f961,2016-06-24T03:32:58Z,OPENJPA-2631: Fix for CriteriaBuilder issue with an @EmbeddedId that contains more than one field.  Ported 2.1.x commit to trunk,2016-02-11T23:28:57Z,2016-06-24T03:44:49Z,INSIDE_LIFECYCLE,,2.1.2|2.2.3|2.4.1,2.1.2|2.2.1.1|2.2.3|2.4.2,13,13,3,openjpa-jdbc/src/main/java/org/apache/openjpa/jdbc/kernel/exps/EqualExpression.java|openjpa-jdbc/src/main/java/org/apache/openjpa/jdbc/kernel/exps/Lit.java|openjpa-jdbc/src/main/java/org/apache/openjpa/jdbc/meta/ClassMapping.java
12946975,OPENJPA-2632,a453aa9f462cccb99f028426298e885c25b0cee2,2016-03-14T17:07:38Z,OPENJPA-2632 fallback to TCCL for select new if class cannot be found,2016-03-04T13:42:04Z,2016-03-14T21:58:08Z,INSIDE_LIFECYCLE,,2.4.1,2.4.2,3,3,3,openjpa-kernel/src/main/java/org/apache/openjpa/conf/OpenJPAConfiguration.java|openjpa-kernel/src/main/java/org/apache/openjpa/conf/OpenJPAConfigurationImpl.java|openjpa-kernel/src/main/java/org/apache/openjpa/kernel/jpql/JPQLExpressionBuilder.java
12954855,OPENJPA-2636,6955ddaea11e7c89199517ac0cceb5edc1eb368d,2016-04-01T15:50:32Z,OPENJPA-2636: Updated a Map in Configurations to avoid a ClassLoader leak.  Ported 2.2.x changes to trunk.,2016-03-31T04:10:03Z,2016-04-11T15:54:38Z,INSIDE_LIFECYCLE,,2.2.3|2.4.2,2.2.3|2.4.2,1,1,1,openjpa-lib/src/main/java/org/apache/openjpa/lib/conf/Configurations.java
12958112,OPENJPA-2640,0ac7140b82a35e8066c4b5e4765ba341a82fb410,2016-05-13T06:49:59Z,[OPENJPA-2640] Applying provided patch,2016-04-12T13:21:49Z,2016-05-13T06:50:40Z,INSIDE_LIFECYCLE,,2.4.1,2.4.2,3,3,3,openjpa-jdbc/src/main/java/org/apache/openjpa/jdbc/kernel/JDBCBrokerFactory.java|openjpa-jdbc/src/main/java/org/apache/openjpa/jdbc/meta/MappingTool.java|openjpa-tools/openjpa-maven-plugin/src/main/java/org/apache/openjpa/tools/maven/AbstractOpenJpaMappingToolMojo.java
12981420,OPENJPA-2646,8be86a6903dcf5d6486bf5578486fdd1fd28fc4a,2018-05-14T22:25:05Z,OPENJPA-2646: Sporadic NullPointerException and ClassCastException caused by query cache misses in multithreaded environments.,2016-06-21T17:20:03Z,2018-05-14T22:27:19Z,INSIDE_LIFECYCLE,,2.2.3|2.4.1,2.2.3|2.4.3|3.0.0,4,4,3,openjpa-jdbc/src/main/java/org/apache/openjpa/jdbc/kernel/PreparedQueryCacheImpl.java|openjpa-kernel/src/main/java/org/apache/openjpa/util/CacheMap.java|openjpa-persistence/src/main/java/org/apache/openjpa/persistence/QueryImpl.java
12981420,OPENJPA-2646,ae4b7425274ee82ba40e000bbafcc02a2e1a2eea,2018-08-14T15:09:27Z,OPENJPA-2646: Performance Regression Fix,2016-06-21T17:20:03Z,2018-05-14T22:27:19Z,AFTER_RESOLUTION,2200,2.2.3|2.4.1,2.2.3|2.4.3|3.0.0,1,1,1,openjpa-kernel/src/main/java/org/apache/openjpa/util/CacheMap.java
12986113,OPENJPA-2648,515756b8237353b07d8fa617dc9d6f797ffddf6a,2021-04-04T15:11:28+02:00,OPENJPA-2648 map long to BIGINT,2016-07-01T09:19:58Z,2021-04-04T13:17:48Z,INSIDE_LIFECYCLE,,2.4.1,3.2.0,1,1,1,openjpa-jdbc/src/main/java/org/apache/openjpa/jdbc/sql/HSQLDictionary.java
12989655,OPENJPA-2650,68fea1a51cb8a553127ce33f38ace2e3aaa70729,2016-08-16T18:08:54Z,"OPENJPA-2650: When SchemaFactory and useSchemaName=false is set, a schema name is incorrectly used.  Merged 2.2.x commit to trunk.",2016-07-15T03:23:37Z,2016-08-18T07:06:56Z,INSIDE_LIFECYCLE,,2.2.3|2.3.0|2.4.2,2.2.3|2.4.0|2.4.2,2,2,1,openjpa-jdbc/src/main/java/org/apache/openjpa/jdbc/kernel/TableJDBCSeq.java
12995760,OPENJPA-2651,4afdb070427b8b3f2ac3f18c9629d9509727de20,2016-08-11T20:43:27Z,OPENJPA-2651: Fix for issue where @SqlResultSetMapping is used with inheritance and a ManyToOne relationship.  Merged 2.2.x commit to trunk.,2016-08-08T21:13:08Z,2016-08-15T18:18:13Z,INSIDE_LIFECYCLE,,2.2.2|2.3.0|2.4.1,2.2.3|2.4.0|2.4.2,5,5,1,openjpa-jdbc/src/main/java/org/apache/openjpa/jdbc/kernel/MappedQueryResultObjectProvider.java
13011101,OPENJPA-2672,be71987b9c7f14af11718351a883582843eaa4ae,2016-10-11T18:30:19Z,OPENJPA-2672: ConfigurationImpl.loadGlobals() has java.util.ConcurrentModificationException vulnerability,2016-10-10T16:42:39Z,2016-11-06T20:38:42Z,INSIDE_LIFECYCLE,,2.2.3|2.4.1,2.2.3|2.4.2|3.0.0,1,1,1,openjpa-lib/src/main/java/org/apache/openjpa/lib/conf/ConfigurationImpl.java
13013140,OPENJPA-2674,4068d5ccb29f65d9a09daebcd232b7c8c1a2ed5a,2016-11-05T11:50:59Z,OPENJPA-2674 properly closing JarFile,2016-10-18T11:48:15Z,2016-11-05T11:33:48Z,AFTER_RESOLUTION,0,2.4.1,2.4.2|3.0.0,1,1,1,openjpa-kernel/src/main/java/org/apache/openjpa/enhance/InstrumentationFactory.java
13013777,OPENJPA-2675,701a4e7d2715b844f3b522400eee2024b1aac049,2016-11-05T11:25:29Z,OPENJPA-2675 implement null-check for CriteriaQueryImpl#equals,2016-10-20T07:49:18Z,2016-11-05T11:30:59Z,INSIDE_LIFECYCLE,,2.4.1,2.4.2|3.0.0,1,1,1,openjpa-persistence/src/main/java/org/apache/openjpa/persistence/criteria/CriteriaQueryImpl.java
13028389,OPENJPA-2684,635dd436cf12d83d40f73fa2b9ac77780e085de8,2016-12-15T14:34:23Z,[OPENJPA-2684] Adding support for JAR files via ZipStreamMetaDataIterator,2016-12-15T14:25:07Z,2016-12-15T14:34:58Z,INSIDE_LIFECYCLE,,2.3.0|2.4.1,2.4.2|3.0.0,1,1,1,openjpa-kernel/src/main/java/org/apache/openjpa/meta/AbstractCFMetaDataFactory.java
13046596,OPENJPA-2689,8567a5e5c20b8e987b3612ef75c6011e51221d83,2017-02-27T15:00:22Z,OPENJPA-2689 prevent IllegalArgumentException with package scoped OraclePreparedStatementWrapper classes,2017-02-27T10:07:10Z,2017-03-02T08:14:11Z,INSIDE_LIFECYCLE,,2.4.2|3.0.0,2.4.3|3.0.0,1,1,1,openjpa-jdbc/src/main/java/org/apache/openjpa/jdbc/sql/OracleDictionary.java
12372533,OPENJPA-269,058c174bef04520e4801447716b5c9203567a56f,2007-06-27T18:36:38Z,OPENJPA-269 Updating InformixDBDictionary,2007-06-27T18:26:33Z,2007-06-27T18:39:17Z,INSIDE_LIFECYCLE,,,1.0.0,1,1,1,openjpa-jdbc/src/main/java/org/apache/openjpa/jdbc/sql/InformixDictionary.java
13049689,OPENJPA-2690,49c1478cf3f107d9f7069bf2102d8cf0b6ca2b12,2017-03-11T18:20:01Z,[OPENJPA-2690] Update OSGi Import-Package to support Oracle CLOB/BLOB,2017-03-09T18:02:29Z,2018-06-06T16:18:01Z,INSIDE_LIFECYCLE,,2.4.2,2.4.3|3.0.0,2,1,1,openjpa-jdbc/src/main/java/org/apache/openjpa/jdbc/sql/OracleDictionary.java
13085509,OPENJPA-2704,4477ace6fde890ffb41fd10c548de2ebbe6f423c,2018-07-02T21:07:29Z,OPENJPA-2704: The openjpa.jdbc.Schema no longer overrides orm.xml default,2017-07-07T13:20:03Z,2018-07-02T21:09:08Z,INSIDE_LIFECYCLE,,2.2.2,2.2.3|2.4.4|3.1.0,4,3,2,openjpa-jdbc/src/main/java/org/apache/openjpa/jdbc/meta/ClassMappingInfo.java|openjpa-jdbc/src/main/java/org/apache/openjpa/jdbc/meta/MappingInfo.java
13087231,OPENJPA-2705,5c94a7ff67ad38f6fdcaa7a950eeb9622ff960aa,2017-07-20T20:11:40Z,OPENJPA-2705: ArrayOutOfBoundsException occurs with an @EmbeddedId (commit on wdazeys behalf),2017-07-14T15:41:06Z,2017-07-20T20:15:06Z,INSIDE_LIFECYCLE,,2.1.1,2.1.2|2.2.3,2,2,1,openjpa-jdbc/src/main/java/org/apache/openjpa/jdbc/meta/ClassMapping.java
13089058,OPENJPA-2707,2898b4e342591dc98848663caa74a9bb7fee35b4,2017-07-26T13:03:47Z,OPENJPA-2707 set Java version to 1.8,2017-07-21T14:38:11Z,2017-07-27T20:29:24Z,INSIDE_LIFECYCLE,,3.0.0,,2,1,1,openjpa-persistence/src/main/java/org/apache/openjpa/persistence/criteria/CriteriaQueryImpl.java
12372693,OPENJPA-271,9975362f1f43b4f1c7bea9d3fb02c27c03f098de,2007-06-30T02:33:35Z,"OPENJPA-271, add DB2 JDBC driver 2 support - datePrecision set to MICRO, (Timesptamp in micro-second in DB2) - save version strategy in Column (needed for specialized TimestampVersionStrategy) - set storeCharsAsNumbers to false (DB2 default - store chars as chars)",2007-06-29T15:18:40Z,2007-08-07T17:02:25Z,INSIDE_LIFECYCLE,,1.0.0,1.0.0,4,4,4,openjpa-jdbc/src/main/java/org/apache/openjpa/jdbc/meta/strats/ColumnVersionStrategy.java|openjpa-jdbc/src/main/java/org/apache/openjpa/jdbc/schema/Column.java|openjpa-jdbc/src/main/java/org/apache/openjpa/jdbc/sql/DB2Dictionary.java|openjpa-jdbc/src/main/java/org/apache/openjpa/jdbc/sql/DBDictionary.java
12372712,OPENJPA-272,9382677eb148b417ae0328330e858cb6396c1a4c,2007-08-05T23:34:06Z,OPENJPA-272.  Committing the changes to allow @GeneratedValue to detect and report if initial values and/or setters were called on fields marked with @GeneratedValue.  New testcases were also provided.,2007-06-29T18:53:18Z,2007-08-06T00:00:08Z,INSIDE_LIFECYCLE,,0.9.7,1.0.0,10,9,2,openjpa-kernel/src/main/java/org/apache/openjpa/kernel/StateManagerImpl.java|openjpa-kernel/src/main/java/org/apache/openjpa/util/ApplicationIds.java
13128235,OPENJPA-2725,14d4b8007cddcbd6197404f7ad435b9b514b2859,2018-01-03T15:37:54Z,OPENJPA-2725 - fix ConcurrentModificationException during unrefed dependents cleanup / thanks @eran-levy - This closes #9,2018-01-03T13:45:05Z,2018-01-03T15:38:37Z,INSIDE_LIFECYCLE,,2.2.3|2.4.2,2.4.3|3.0.0,1,1,1,openjpa-kernel/src/main/java/org/apache/openjpa/kernel/BrokerImpl.java
13150873,OPENJPA-2733,80736f6e9d38dfb180c89cec6cb2916341165a5c,2019-02-14T14:29:11+01:00,OPENJPA-2733 subquery parameters are incorrectly assigned,2018-04-09T00:34:55Z,2019-02-14T14:14:13Z,INSIDE_LIFECYCLE,,2.4.2,3.1.0,4,4,3,openjpa-lib/src/main/java/org/apache/openjpa/lib/util/OrderedMap.java|openjpa-persistence/src/main/java/org/apache/openjpa/persistence/criteria/CriteriaQueryImpl.java|openjpa-persistence/src/main/java/org/apache/openjpa/persistence/criteria/SubqueryImpl.java
13150873,OPENJPA-2733,0e4ec5b392b978c4515b26c60e485f2b610de94f,2019-02-14T15:06:50+01:00,OPENJPA-2733 fix param index.,2018-04-09T00:34:55Z,2019-02-14T14:14:13Z,INSIDE_LIFECYCLE,,2.4.2,3.1.0,7,7,5,openjpa-kernel/src/main/java/org/apache/openjpa/kernel/QueryImpl.java|openjpa-persistence/src/main/java/org/apache/openjpa/persistence/criteria/CriteriaBuilderImpl.java|openjpa-persistence/src/main/java/org/apache/openjpa/persistence/criteria/CriteriaQueryImpl.java|openjpa-persistence/src/main/java/org/apache/openjpa/persistence/criteria/ParameterExpressionImpl.java|openjpa-persistence/src/main/java/org/apache/openjpa/persistence/criteria/SubqueryImpl.java
13150873,OPENJPA-2733,f9b59689d45fdc5615da6779ad097173e729616b,2019-04-10T16:05:21+02:00,OPENJPA-2733 OPENJPA-2785 fix broken spring data usage.,2018-04-09T00:34:55Z,2019-02-14T14:14:13Z,AFTER_RESOLUTION,1319,2.4.2,3.1.0,3,3,2,openjpa-persistence/src/main/java/org/apache/openjpa/persistence/criteria/CriteriaQueryImpl.java|openjpa-persistence/src/main/java/org/apache/openjpa/persistence/criteria/ParameterExpressionImpl.java
12372784,OPENJPA-274,774e7b5b8c3a07ef01fdeb5d38f1c4bb59dda9b0,2007-07-06T14:49:52Z,"OPENJPA-274, OPENJPA-275. Improved our bulk update support to automatically increment version counters as necessary if an UPDATE query does not maintain the version fields itself. Also fixed a bug with all queries involving version fields by changing FieldMappings representing version fields to return their owning ClassMapping's Version's columns from a getColumns() call.",2007-07-01T20:25:59Z,2007-07-06T14:51:48Z,INSIDE_LIFECYCLE,,0.9.0|0.9.6|0.9.7,1.0.0,12,12,10,openjpa-jdbc/src/main/java/org/apache/openjpa/jdbc/kernel/JDBCStoreQuery.java|openjpa-jdbc/src/main/java/org/apache/openjpa/jdbc/meta/FieldMapping.java|openjpa-jdbc/src/main/java/org/apache/openjpa/jdbc/meta/QueryResultMapping.java|openjpa-jdbc/src/main/java/org/apache/openjpa/jdbc/meta/Version.java|openjpa-jdbc/src/main/java/org/apache/openjpa/jdbc/meta/VersionStrategy.java|openjpa-jdbc/src/main/java/org/apache/openjpa/jdbc/meta/strats/AbstractVersionStrategy.java|openjpa-jdbc/src/main/java/org/apache/openjpa/jdbc/meta/strats/NumberVersionStrategy.java|openjpa-jdbc/src/main/java/org/apache/openjpa/jdbc/meta/strats/SuperclassVersionStrategy.java|openjpa-jdbc/src/main/java/org/apache/openjpa/jdbc/meta/strats/TimestampVersionStrategy.java|openjpa-jdbc/src/main/java/org/apache/openjpa/jdbc/sql/DBDictionary.java
13171751,OPENJPA-2743,ef98e1848096448ba7e60f65839d69451dfcc06d,2019-07-29T17:40:09+02:00,OPENJPA-2743 skip AttributeConverter when loading the Metamodel and preparing the broker to avoid to fail if it was registered in persistent classes (allowed in JPA to bypass scanning but enable converters),2018-07-12T15:19:47Z,2019-07-29T15:40:54Z,INSIDE_LIFECYCLE,,2.4.2,3.1.1,10,9,8,openjpa-jdbc/src/main/java/org/apache/openjpa/jdbc/meta/MappingTool.java|openjpa-kernel/src/main/java/org/apache/openjpa/conf/OpenJPAConfiguration.java|openjpa-kernel/src/main/java/org/apache/openjpa/conf/OpenJPAConfigurationImpl.java|openjpa-kernel/src/main/java/org/apache/openjpa/enhance/PCEnhancer.java|openjpa-kernel/src/main/java/org/apache/openjpa/meta/MetaDataRepository.java|openjpa-lib/src/main/java/org/apache/openjpa/lib/conf/ClassListValue.java|openjpa-persistence-jdbc/src/main/java/org/apache/openjpa/persistence/jdbc/JDBCPersistenceProductDerivation.java|openjpa-persistence/src/main/java/org/apache/openjpa/persistence/meta/MetamodelImpl.java
13197602,OPENJPA-2756,db6f6b642203d60ae1fa7576715e180c6bbe6081,2018-11-10T20:47:09+01:00,OPENJPA-2756 escape search strings for all Postgres versions,2018-11-10T19:46:56Z,2018-11-10T19:53:54Z,INSIDE_LIFECYCLE,,3.0.0,3.1.0,1,1,1,openjpa-jdbc/src/main/java/org/apache/openjpa/jdbc/sql/PostgresDictionary.java
13197604,OPENJPA-2757,39bde81aa2fe6f5ac8348bf4a6a39669b67dbe7d,2018-11-10T21:33:02+01:00,OPENJPA-2757 upgrade to xbean-asm7 for Java7 support,2018-11-10T20:15:20Z,2018-11-10T20:33:48Z,INSIDE_LIFECYCLE,,3.0.0,3.1.0,5,1,1,openjpa-kernel/src/main/java/org/apache/openjpa/enhance/AsmAdaptor.java
13203088,OPENJPA-2761,aae0a95f6c8f38e0df18e5f538761ee502d9eb08,2019-01-10T13:29:49+01:00,OPENJPA-2761 properly handle javax.sql.Types.SQLXML,2018-12-07T16:46:30Z,2019-01-14T11:56:20Z,INSIDE_LIFECYCLE,,2.2.1|2.4.3|3.0.0,3.1.0,1,1,1,openjpa-jdbc/src/main/java/org/apache/openjpa/jdbc/schema/Column.java
13208761,OPENJPA-2768,c1d9fd3c62ab40a893749ac3338b3ed20ddd6567,2019-01-10T13:25:38+01:00,OPENJPA-2768 fix XMLStore xml handling,2019-01-10T11:28:22Z,2019-01-10T12:29:05Z,INSIDE_LIFECYCLE,,3.0.0,3.1.0,3,3,3,openjpa-xmlstore/src/main/java/org/apache/openjpa/xmlstore/XMLFileHandler.java|openjpa-xmlstore/src/main/java/org/apache/openjpa/xmlstore/XMLStore.java|openjpa-xmlstore/src/main/java/org/apache/openjpa/xmlstore/XMLStoreManager.java
13211132,OPENJPA-2770,9e222652dff1d959a2252cf96e5abb48a11dd7fd,2019-01-23T10:21:53+01:00,"OPENJPA-2770 ensure equal(xxx, literal(boolean)) works in criteria builder",2019-01-22T23:30:15Z,2019-01-23T09:22:06Z,INSIDE_LIFECYCLE,,2.4.2|2.4.3|3.0.0,3.1.0,3,3,2,openjpa-persistence/src/main/java/org/apache/openjpa/persistence/criteria/CriteriaBuilderImpl.java|openjpa-persistence/src/main/java/org/apache/openjpa/persistence/criteria/PredicateImpl.java
13213471,OPENJPA-2771,43aa42ccb533212db9acf1a238d24172b18dc513,2019-02-02T12:02:58+01:00,OPENJPA-2771 fix h2 'unlimited' LIMIT case,2019-02-02T09:21:53Z,2019-02-02T11:10:34Z,INSIDE_LIFECYCLE,,3.0.0,3.1.0,1,1,1,openjpa-jdbc/src/main/java/org/apache/openjpa/jdbc/sql/H2Dictionary.java
13213478,OPENJPA-2772,11863ed9327c70420c2a537dafa380d3fee7b548,2019-02-02T13:48:22+01:00,OPENJPA-2772 update list of h2 resorved words,2019-02-02T12:15:54Z,2019-02-02T12:49:11Z,INSIDE_LIFECYCLE,,3.0.0,3.1.0,1,1,1,openjpa-jdbc/src/main/java/org/apache/openjpa/jdbc/sql/H2Dictionary.java
13218858,OPENJPA-2777,cb20dd6b95a07fe87bf46a2c33580322d0b11cd0,2019-03-05T20:44:49+07:00,[OPENJPA-2777] Javax index (#39),2019-03-01T10:40:48Z,2019-03-05T13:45:36Z,INSIDE_LIFECYCLE,,3.0.0,3.1.0,7,5,3,openjpa-jdbc/src/main/java/org/apache/openjpa/jdbc/meta/ClassMapping.java|openjpa-jdbc/src/main/java/org/apache/openjpa/jdbc/meta/ClassMappingInfo.java|openjpa-persistence-jdbc/src/main/java/org/apache/openjpa/persistence/jdbc/AnnotationPersistenceMappingParser.java
12373103,OPENJPA-278,e286a915d570b48956e93105bb84321a89659aad,2007-07-05T20:51:01Z,OPENJPA-278,2007-07-05T20:49:46Z,2007-07-05T20:51:02Z,INSIDE_LIFECYCLE,,0.9.0|0.9.6|0.9.7,1.0.0,2,2,1,openjpa-kernel/src/main/java/org/apache/openjpa/kernel/ExpressionStoreQuery.java
13222843,OPENJPA-2780,75999ad5d93b73d6d363364c99caac2c5e104877,2019-03-22T12:21:32+07:00,[OPENJPA-2780] reverse customizer adds @Enumerated annotation as expected,2019-03-20T13:26:29Z,2019-03-24T02:30:23Z,INSIDE_LIFECYCLE,,2.4.2|2.4.3|3.0.0,2.4.4|3.1.0,5,4,1,openjpa-persistence-jdbc/src/main/java/org/apache/openjpa/persistence/jdbc/AnnotationPersistenceMappingSerializer.java
13223173,OPENJPA-2781,8c0b843f6e6e0dd86a31e485928e61f2ba4c8f29,2019-03-24T20:32:47+07:00,[OPENJPA-2781] persistence_2_1.xsd is bundled for offline processing,2019-03-21T19:36:51Z,2019-03-24T13:33:13Z,INSIDE_LIFECYCLE,,,2.4.4|3.1.0,9,2,2,openjpa-lib/src/main/java/org/apache/openjpa/lib/meta/XMLVersionParser.java|openjpa-persistence/src/main/java/org/apache/openjpa/persistence/PersistenceProductDerivation.java
13227117,OPENJPA-2785,f9b59689d45fdc5615da6779ad097173e729616b,2019-04-10T16:05:21+02:00,OPENJPA-2733 OPENJPA-2785 fix broken spring data usage.,2019-04-10T08:23:18Z,2019-04-10T14:08:21Z,INSIDE_LIFECYCLE,,3.1.0,3.1.0,3,3,2,openjpa-persistence/src/main/java/org/apache/openjpa/persistence/criteria/CriteriaQueryImpl.java|openjpa-persistence/src/main/java/org/apache/openjpa/persistence/criteria/ParameterExpressionImpl.java
13228776,OPENJPA-2788,00bd91cc2c858949486acb4e8063176be9a48842,2020-12-14T14:13:32+01:00,OPENJPA-2788 fix anynomous Criteria Parameters,2019-04-18T07:46:06Z,2020-12-14T13:18:46Z,INSIDE_LIFECYCLE,,3.1.0,3.2.0,2,2,1,openjpa-persistence/src/main/java/org/apache/openjpa/persistence/criteria/ParameterExpressionImpl.java
13240239,OPENJPA-2789,eb2dbec1273e52d4258ed2b183106ca8d098ed94,2021-04-18T23:05:50+02:00,OPENJPA-2789 close connection after bulk delete,2019-06-18T16:33:58Z,2021-04-18T21:11:02Z,INSIDE_LIFECYCLE,,2.4.3,3.2.0,2,2,1,openjpa-jdbc/src/main/java/org/apache/openjpa/jdbc/kernel/JDBCStoreQuery.java
13253665,OPENJPA-2795,c13f0b0e136b0c2730c769948937975a92055940,2020-08-31T16:08:53+02:00,This fixes OPENJPA-2795 in that generation of indizes for @ManyToOne relations that are also foreign keys can optionally be turned on if so desired. Default behaviour of OpenJPA is unchanged.,2019-08-29T09:45:43Z,2020-09-04T10:00:50Z,INSIDE_LIFECYCLE,,2.4.3|3.1.0,3.2.0,4,4,4,openjpa-jdbc/src/main/java/org/apache/openjpa/jdbc/meta/MappingDefaultsImpl.java|openjpa-jdbc/src/main/java/org/apache/openjpa/jdbc/sql/DBDictionary.java|openjpa-jdbc/src/main/java/org/apache/openjpa/jdbc/sql/OracleDictionary.java|openjpa-jdbc/src/main/java/org/apache/openjpa/jdbc/sql/SQLServerDictionary.java
13253665,OPENJPA-2795,f92c85314dc55c780378519c5ca6e20c8deb76e3,2020-08-31T16:09:17+02:00,OPENJPA-2795 add documentation and PostgreSQL support,2019-08-29T09:45:43Z,2020-09-04T10:00:50Z,INSIDE_LIFECYCLE,,2.4.3|3.1.0,3.2.0,3,1,1,openjpa-jdbc/src/main/java/org/apache/openjpa/jdbc/sql/PostgresDictionary.java
12348353,OPENJPA-28,bea15fff475ba4235b54925602b3ba7c53189cbf,2008-08-01T23:42:01Z,OPENJPA-28: GROUP BY clause on nested sub query should not appear on top-level query,2006-08-21T19:10:27Z,2008-08-01T23:44:49Z,INSIDE_LIFECYCLE,,,1.2.0|1.3.0,6,6,1,openjpa-kernel/src/main/java/org/apache/openjpa/kernel/jpql/JPQLExpressionBuilder.java
12373206,OPENJPA-280,2f5d52b7e703327cc6047b641d66e79f860c2bf0,2007-07-06T23:21:06Z,OPENJPA-280. Committing for David Ezzio.,2007-07-06T20:49:25Z,2007-07-13T20:03:34Z,INSIDE_LIFECYCLE,,1.0.0,1.0.0,1,1,1,openjpa-kernel/src/main/java/org/apache/openjpa/enhance/PCEnhancer.java
12373206,OPENJPA-280,124f615eb51b063bbf2856cd487d168b1da5f839,2007-07-07T01:47:21Z,OPENJPA-280. Correcting my mistaken commit.,2007-07-06T20:49:25Z,2007-07-13T20:03:34Z,INSIDE_LIFECYCLE,,1.0.0,1.0.0,1,1,1,openjpa-kernel/src/main/java/org/apache/openjpa/enhance/PCEnhancer.java
13288239,OPENJPA-2807,ff2a1e6c1f8655a52fa9db5a8b1e9ffe54f92f81,2020-04-25T20:11:04+02:00,OPENJPA-2807 trim spaces from column names,2020-02-28T10:01:17Z,2020-04-25T18:16:06Z,INSIDE_LIFECYCLE,,3.1.1,3.1.2,6,6,4,openjpa-jdbc/src/main/java/org/apache/openjpa/jdbc/identifier/DBIdentifier.java|openjpa-jdbc/src/main/java/org/apache/openjpa/jdbc/identifier/Normalizer.java|openjpa-lib/src/main/java/org/apache/openjpa/lib/identifier/IdentifierUtil.java|openjpa-persistence-jdbc/src/main/java/org/apache/openjpa/persistence/jdbc/AnnotationPersistenceMappingParser.java
12373309,OPENJPA-281,c34fb4e80ef3597fc11c72640cc80d222d1fe282,2007-08-05T23:30:08Z,OPENJPA-281.  Committing the patch that I posted earlier this week.  These changes do the proper eager loading of @Basic types.  Along with a new testcase and updated AllFieldTypes.,2007-07-09T14:09:24Z,2007-08-05T23:51:23Z,INSIDE_LIFECYCLE,,0.9.7,1.0.0,6,5,3,openjpa-jdbc/src/main/java/org/apache/openjpa/jdbc/meta/FieldMapping.java|openjpa-jdbc/src/main/java/org/apache/openjpa/jdbc/meta/MappingRepository.java|openjpa-kernel/src/main/java/org/apache/openjpa/meta/FieldMetaData.java
13300132,OPENJPA-2810,2a579043550b1cc4d1e6348ff65b8bb86c861928,2020-04-25T05:32:35+07:00,[OPENJPA-2810] try-with-resource to check jira-git integration,2020-04-22T02:13:52Z,2020-04-22T02:15:30Z,AFTER_RESOLUTION,68,3.1.1,3.1.2,1,1,1,openjpa-jdbc/src/main/java/org/apache/openjpa/jdbc/sql/DBDictionary.java
12373321,OPENJPA-282,e959466d1dfb8749fe4a8e8c99743ce73513391c,2007-08-28T21:48:53Z,OPENJPA-282. No test case.,2007-07-09T15:59:41Z,2007-08-28T21:51:18Z,INSIDE_LIFECYCLE,,,1.0.1|1.1.0,2,2,2,openjpa-jdbc/src/main/java/org/apache/openjpa/jdbc/sql/DBDictionary.java|openjpa-jdbc/src/main/java/org/apache/openjpa/jdbc/sql/PostgresDictionary.java
12373321,OPENJPA-282,3fa609873b76746455b7c0355de7ac4dda52a14e,2007-08-28T21:50:01Z,OPENJPA-282 -- part two. No test case.,2007-07-09T15:59:41Z,2007-08-28T21:51:18Z,INSIDE_LIFECYCLE,,,1.0.1|1.1.0,1,1,1,openjpa-jdbc/src/main/java/org/apache/openjpa/jdbc/sql/PostgresDictionary.java
12373321,OPENJPA-282,065d3e2f59afff648660be408f864eca30153054,2007-08-28T23:05:26Z,OPENJPA-282. Fixed incorrect variable choice.,2007-07-09T15:59:41Z,2007-08-28T21:51:18Z,AFTER_RESOLUTION,1,,1.0.1|1.1.0,1,1,1,openjpa-jdbc/src/main/java/org/apache/openjpa/jdbc/sql/DBDictionary.java
13318915,OPENJPA-2821,94a033d83bcab3e8f00c9927533ae9889c3d11ec,2020-07-23T14:06:52+02:00,OPENJPA-2821 use AsmAdapter for subclassing,2020-07-23T11:53:56Z,2020-07-23T12:39:59Z,INSIDE_LIFECYCLE,,3.1.2,3.2.0,2,2,2,openjpa-kernel/src/main/java/org/apache/openjpa/enhance/AsmAdaptor.java|openjpa-kernel/src/main/java/org/apache/openjpa/enhance/ManagedClassSubclasser.java
13327639,OPENJPA-2828,f93ea15745531838caf87022424604044302e95b,2020-09-22T15:11:24+02:00,[OPENJPA-2828] Fix method equals() (#72),2020-09-15T09:58:35Z,2020-09-22T13:12:15Z,INSIDE_LIFECYCLE,,3.1.2,3.2.0,2,2,1,openjpa-kernel/src/main/java/org/apache/openjpa/conf/Specification.java
13327695,OPENJPA-2829,8dbdc143219734d3c8ab05f13fa11b791e643458,2020-09-15T16:57:43+02:00,[OPENJPA-2829] ensure empty lines are ignored for executeScript action,2020-09-15T14:57:05Z,2020-09-15T14:57:59Z,INSIDE_LIFECYCLE,,,3.2.0,1,1,1,openjpa-jdbc/src/main/java/org/apache/openjpa/jdbc/schema/SchemaTool.java
13327700,OPENJPA-2830,a38684b3231e13cef7fa6588194c68f226589d52,2020-09-15T17:57:24+02:00,[OPENJPA-2830] ensure we don't drop a SQL statement when running action executeScript,2020-09-15T15:53:10Z,2020-09-15T15:57:35Z,INSIDE_LIFECYCLE,,,3.2.0,1,1,1,openjpa-jdbc/src/main/java/org/apache/openjpa/jdbc/schema/SchemaTool.java
13329774,OPENJPA-2832,b24a6a239cafc968ecaef4ab683495eb3fbe11e0,2020-09-28T17:50:54+02:00,OPENJPA-2832 DROP COLUMN does not use delimiters and always add double quotes,2020-09-28T15:50:25Z,2020-09-30T10:25:14Z,INSIDE_LIFECYCLE,,,3.2.0,1,1,1,openjpa-jdbc/src/main/java/org/apache/openjpa/jdbc/sql/DBDictionary.java
13330140,OPENJPA-2834,bd015d02e95bd3d7c39f3b0a9bdf2cb448bedc75,2020-09-30T12:14:35+02:00,[OPENJPA-2834] cache EMF#properties,2020-09-30T09:53:55Z,2020-09-30T10:18Z,INSIDE_LIFECYCLE,,3.1.1,3.2.0,2,2,2,openjpa-persistence/src/main/java/org/apache/openjpa/persistence/EntityManagerFactoryImpl.java|openjpa-persistence/src/main/java/org/apache/openjpa/persistence/EntityManagerImpl.java
13330140,OPENJPA-2834,4a546f759cee4220495e4206abc3c0503af204fa,2020-09-30T13:43:55+02:00,[OPENJPA-2834] ensure setProperty invalid properties cache in em,2020-09-30T09:53:55Z,2020-09-30T10:18Z,AFTER_RESOLUTION,1,3.1.1,3.2.0,2,2,2,openjpa-persistence/src/main/java/org/apache/openjpa/persistence/EntityManagerFactoryImpl.java|openjpa-persistence/src/main/java/org/apache/openjpa/persistence/EntityManagerImpl.java
13330140,OPENJPA-2834,9fa619f94ecec2510d2ec560bb719eecd8f222c1,2020-09-30T15:34:44+02:00,[OPENJPA-2834] ensure getProperties does not fail with xmlstore,2020-09-30T09:53:55Z,2020-09-30T10:18Z,AFTER_RESOLUTION,3,3.1.1,3.2.0,5,5,5,openjpa-kernel/src/main/java/org/apache/openjpa/conf/OpenJPAConfigurationImpl.java|openjpa-kernel/src/main/java/org/apache/openjpa/enhance/PCClassFileTransformer.java|openjpa-kernel/src/main/java/org/apache/openjpa/enhance/PCEnhancerAgent.java|openjpa-kernel/src/main/java/org/apache/openjpa/kernel/BrokerImpl.java|openjpa-persistence/src/main/java/org/apache/openjpa/persistence/PersistenceProviderImpl.java
13330140,OPENJPA-2834,0b68db6ba164943d8470d46fb4de326a19fc9485,2020-10-01T09:45:50+02:00,[OPENJPA-2834] enable to bypass synchronizeMappings when calling getProperties,2020-09-30T09:53:55Z,2020-09-30T10:18Z,AFTER_RESOLUTION,21,3.1.1,3.2.0,1,1,1,openjpa-persistence/src/main/java/org/apache/openjpa/persistence/EntityManagerFactoryImpl.java
13330140,OPENJPA-2834,574e226ba074dda5927623f5f1b33c009c4d1187,2020-10-01T09:49+02:00,"[OPENJPA-2834] also cache properties in the em - even if less useful, but no need to recompute it again and again",2020-09-30T09:53:55Z,2020-09-30T10:18Z,AFTER_RESOLUTION,21,3.1.1,3.2.0,1,1,1,openjpa-persistence/src/main/java/org/apache/openjpa/persistence/EntityManagerImpl.java
13330140,OPENJPA-2834,6f2692228fbc75656f34c5d1d7cc6dbe2de631ca,2020-10-27T15:43:24+01:00,[OPENJPA-2834] invalid properties cache when a propery changes,2020-09-30T09:53:55Z,2020-09-30T10:18Z,AFTER_RESOLUTION,652,3.1.1,3.2.0,1,1,1,openjpa-persistence/src/main/java/org/apache/openjpa/persistence/EntityManagerImpl.java
12373898,OPENJPA-284,a5d1acd44ec6f9a2a47d7fcda05bd51ae9ab9a82,2007-07-20T19:17:19Z,OPENJPA-284 committing on behalf of Teresa,2007-07-16T14:11:03Z,2007-08-07T17:00:59Z,INSIDE_LIFECYCLE,,1.0.0,1.0.0,3,3,1,openjpa-jdbc/src/main/java/org/apache/openjpa/jdbc/kernel/TableJDBCSeq.java
13343379,OPENJPA-2842,61b30777d4e83646325006175f918d9fb2ef45c9,2020-12-01T11:35:29+01:00,OPENJPA-2842 log4j vs log4j2 logging fixed,2020-11-30T18:53:01Z,2020-12-13T11:22:50Z,INSIDE_LIFECYCLE,,3.1.2,3.2.0,5,3,3,openjpa-lib/src/main/java/org/apache/openjpa/lib/conf/ConfigurationImpl.java|openjpa-lib/src/main/java/org/apache/openjpa/lib/log/Log4J2LogFactory.java|openjpa-lib/src/main/java/org/apache/openjpa/lib/log/Log4JLogFactory.java
13343524,OPENJPA-2843,eef64ccd69c48ba8c7193509f6f621c6315bc74e,2020-12-02T12:12:13+01:00,OPENJPA-2843 remove ibm specific dependencies,2020-12-01T11:11:30Z,2020-12-12T13:59:03Z,INSIDE_LIFECYCLE,,3.1.2,3.2.0,3,2,2,openjpa-kernel/src/main/java/com/ibm/wsspi/uow/UOWAction.java|openjpa-kernel/src/main/java/org/apache/openjpa/ee/WASRegistryManagedRuntime.java
13343524,OPENJPA-2843,b29976342c912ca5db47ef529cba025b3fe18430,2020-12-02T14:27:01+01:00,OPENJPA-2843 fix signature of runUnderUOW method,2020-12-01T11:11:30Z,2020-12-12T13:59:03Z,INSIDE_LIFECYCLE,,3.1.2,3.2.0,1,1,1,openjpa-kernel/src/main/java/org/apache/openjpa/ee/WASRegistryManagedRuntime.java
13362330,OPENJPA-2848,c7c13d3e8be25512b0e9451f5bbe3706a07c7206,2021-03-28T19:58:28+02:00,OPENJPA-2848 duplicate DROP SEQUENCE stmt,2021-03-04T15:15:54Z,2021-03-28T18:00:08Z,INSIDE_LIFECYCLE,,3.1.2,,1,1,1,openjpa-jdbc/src/main/java/org/apache/openjpa/jdbc/schema/SchemaTool.java
13368188,OPENJPA-2849,72df0228cab9637e23b4a7a3aa90b7e11b0fd7cf,2021-03-28T19:36:32+02:00,OPENJPA-2849 coerc native java.sql types to java.time,2021-03-28T12:26:01Z,2021-03-30T12:41:44Z,INSIDE_LIFECYCLE,,3.1.2,3.2.0,2,2,1,openjpa-kernel/src/main/java/org/apache/openjpa/kernel/Filters.java
13368188,OPENJPA-2849,1a8bcfb6b1bd08d3f0158c023307c3cea2512d98,2021-03-30T14:38:14+02:00,OPENJPA-2849 fix UnaryOp to use DBDictionary,2021-03-28T12:26:01Z,2021-03-30T12:41:44Z,INSIDE_LIFECYCLE,,3.1.2,3.2.0,4,4,3,openjpa-jdbc/src/main/java/org/apache/openjpa/jdbc/kernel/exps/UnaryOp.java|openjpa-jdbc/src/main/java/org/apache/openjpa/jdbc/meta/JavaSQLTypes.java|openjpa-jdbc/src/main/java/org/apache/openjpa/jdbc/meta/strats/HandlerStrategies.java
13368188,OPENJPA-2849,25af7c35ee04fd198e95a5e3767530852a432ee6,2021-05-07T23:07:41+02:00,OPENJPA-2849 proper handling of different Date types,2021-03-28T12:26:01Z,2021-03-30T12:41:44Z,AFTER_RESOLUTION,920,3.1.2,3.2.0,3,3,1,openjpa-jdbc/src/main/java/org/apache/openjpa/jdbc/kernel/exps/UnaryOp.java
12373956,OPENJPA-285,f61968f30255063c02971f041a0111e5dcf84220,2007-08-01T21:55:44Z,OPENJPA-285.  I am going ahead with the integration of Kevan's patches for the two memory leaks found in OpenJPA while testing Geronimo.  I will post more details in the Issue.,2007-07-17T06:29:30Z,2007-08-01T22:03:50Z,INSIDE_LIFECYCLE,,1.0.0,1.0.0,2,2,2,openjpa-kernel/src/main/java/org/apache/openjpa/enhance/PCRegistry.java|openjpa-kernel/src/main/java/org/apache/openjpa/util/ImplHelper.java
13368546,OPENJPA-2850,8283ea0fb2d455118c133540ef7f2bea4ae597cd,2021-03-30T09:19:57+02:00,OPENJPA-2850 use VARBINARY(MAX) instead BLOB column type,2021-03-30T07:19:27Z,2021-03-31T07:43:35Z,INSIDE_LIFECYCLE,,3.1.2,3.2.0,2,1,1,openjpa-jdbc/src/main/java/org/apache/openjpa/jdbc/sql/SQLServerDictionary.java
13368675,OPENJPA-2851,6db4db7f512e67b7ea1e3aeb124a4e0343df79d8,2021-04-01T21:59:36+02:00,OPENJPA-2851 fix CURRENT_DATE with LocalDate and LocalDateTime,2021-03-30T15:13:25Z,2021-04-01T20:01:05Z,INSIDE_LIFECYCLE,,3.1.2,3.2.0,2,2,1,openjpa-kernel/src/main/java/org/apache/openjpa/kernel/Filters.java
13368675,OPENJPA-2851,76225267d90f9abe559dc63a7f5f74a1aa5bcd93,2021-04-02T20:46:41+02:00,OPENJPA-2851 simplify comparison,2021-03-30T15:13:25Z,2021-04-01T20:01:05Z,AFTER_RESOLUTION,22,3.1.2,3.2.0,1,1,1,openjpa-kernel/src/main/java/org/apache/openjpa/kernel/Filters.java
13369137,OPENJPA-2854,c3bbb92557743928d045e1061360f3bfd48b182e,2021-04-01T17:02:25+02:00,OPENJPA-2854 fix OffsetTime handling for PostgreSQL,2021-04-01T15:01:37Z,2021-04-01T19:13:30Z,INSIDE_LIFECYCLE,,3.1.2,3.2.0,1,1,1,openjpa-jdbc/src/main/java/org/apache/openjpa/jdbc/sql/PostgresDictionary.java
13369194,OPENJPA-2855,2a3fc7386182ce7e4a6ace5b8f5a926766e53041,2021-04-01T21:19:59+02:00,OPENJPA-2855 revert PK name handling,2021-04-01T19:18:21Z,2021-04-01T19:21:35Z,INSIDE_LIFECYCLE,,3.2.0,3.2.0,1,1,1,openjpa-jdbc/src/main/java/org/apache/openjpa/jdbc/kernel/ValueTableJDBCSeq.java
13369393,OPENJPA-2856,ab8090f5566c68fd3d46600158527de14ce622f2,2021-04-03T08:42:28+02:00,OPENJPA-2856 improve MariaDB TIME handling,2021-04-03T06:41:38Z,2021-04-03T07:31:20Z,INSIDE_LIFECYCLE,,3.1.2,3.2.0,3,2,1,openjpa-jdbc/src/main/java/org/apache/openjpa/jdbc/sql/MariaDBDictionary.java
13369411,OPENJPA-2857,8d3acdc11ef04890718fc8e6d24063daa254ebfe,2021-04-03T16:08:13+02:00,OPENJPA-2857 handle sqlState 70100 as QueryTimeoutException,2021-04-03T14:08:01Z,2021-04-03T14:13:42Z,INSIDE_LIFECYCLE,,3.1.2,3.2.0,2,1,1,openjpa-jdbc/src/main/java/org/apache/openjpa/jdbc/sql/MariaDBDictionary.java
13369444,OPENJPA-2858,7f92be5e2bfbee3c2213f8d2609e9f619647d39f,2021-04-03T22:57:06+02:00,OPENJPA-2858 update dbcp2 to 2.8.0,2021-04-03T20:42:43Z,2021-04-03T20:58:46Z,INSIDE_LIFECYCLE,,3.1.2,3.2.0,2,1,1,openjpa-jdbc/src/main/java/org/apache/openjpa/jdbc/schema/DBCPDriverDataSource.java
13369478,OPENJPA-2859,1c30090c8c611843860ff83be862e22cbcf46cee,2021-04-04T13:51:21+02:00,OPENJPA-2859 use DOUBLE instead of NUMERIC,2021-04-04T11:50:14Z,2021-04-04T11:52:47Z,INSIDE_LIFECYCLE,,3.1.2,3.2.0,3,2,1,openjpa-jdbc/src/main/java/org/apache/openjpa/jdbc/sql/HSQLDictionary.java
13369612,OPENJPA-2860,044c7d27b1e787509d00837443511a9f76cbf6dc,2021-04-05T18:16:48+02:00,OPENJPA-2860 PostgreSQL >= 10 supports setQueryTimeout,2021-04-05T16:16:29Z,2021-04-05T17:45:53Z,INSIDE_LIFECYCLE,,3.1.2,3.2.0,4,3,2,openjpa-jdbc/src/main/java/org/apache/openjpa/jdbc/schema/SchemaTool.java|openjpa-jdbc/src/main/java/org/apache/openjpa/jdbc/sql/PostgresDictionary.java
13369821,OPENJPA-2861,0fc957a02be3c4ad2f862f1424e56717b0887917,2021-04-06T22:30:10+02:00,OPENJPA-2861 fix Raw handling,2021-04-06T14:51:18Z,2021-04-06T20:33:33Z,INSIDE_LIFECYCLE,,3.1.2,3.2.0,4,4,2,openjpa-jdbc/src/main/java/org/apache/openjpa/jdbc/kernel/exps/JDBCExpressionFactory.java|openjpa-jdbc/src/main/java/org/apache/openjpa/jdbc/kernel/exps/Lit.java
13369867,OPENJPA-2862,5fd5de9fb8931548f98888abc2d577a4aea341ad,2021-04-06T22:29:16+02:00,OPENJPA-2862 select SUM return types fixed,2021-04-06T20:28:56Z,2021-04-06T20:30:16Z,INSIDE_LIFECYCLE,,3.1.2,3.2.0,1,1,1,openjpa-jdbc/src/main/java/org/apache/openjpa/jdbc/kernel/exps/Sum.java
13370336,OPENJPA-2863,683e78045cba80703154207a96e5935d64a076e1,2021-04-08T14:55:28+02:00,OPENJPA-2863 use MICROS for TIMESTAMP precision in Oracle,2021-04-08T09:41:12Z,2021-04-08T12:58:01Z,INSIDE_LIFECYCLE,,3.1.2,3.2.0,1,1,1,openjpa-jdbc/src/main/java/org/apache/openjpa/jdbc/sql/OracleDictionary.java
13370381,OPENJPA-2864,a68835381e0975aa1c75cd381e5e37d63b1d0db1,2021-04-08T14:54:22+02:00,OPENJPA-2864 use Timestamp precision from Column if set,2021-04-08T12:53:45Z,2021-04-08T12:58:19Z,INSIDE_LIFECYCLE,,3.1.2,3.2.0,1,1,1,openjpa-jdbc/src/main/java/org/apache/openjpa/jdbc/sql/DBDictionary.java
13370640,OPENJPA-2865,59a8586855b23cc38cf0c79c4ab050f9f1de7bfd,2021-04-09T14:26:51+02:00,OPENJPA-2865 use java.time handling from JDBC driver,2021-04-09T12:26:11Z,2021-04-18T16:37:44Z,INSIDE_LIFECYCLE,,3.1.2,3.2.0,1,1,1,openjpa-jdbc/src/main/java/org/apache/openjpa/jdbc/sql/OracleDictionary.java
13370640,OPENJPA-2865,8e18fdbbbc29f39764f969168dcec58583721f39,2021-05-02T23:14:33+02:00,OPENJPA-2865 add compat check for WITH_TIMEZONE cols,2021-04-09T12:26:11Z,2021-04-18T16:37:44Z,AFTER_RESOLUTION,340,3.1.2,3.2.0,3,3,3,openjpa-jdbc/src/main/java/org/apache/openjpa/jdbc/meta/MappingInfo.java|openjpa-jdbc/src/main/java/org/apache/openjpa/jdbc/schema/Column.java|openjpa-jdbc/src/main/java/org/apache/openjpa/jdbc/schema/DynamicSchemaFactory.java
13370796,OPENJPA-2866,d6a64bebcd275c1af8e9b9eebeb7ac741321c433,2021-04-10T12:27:37+02:00,OPENJPA-2866 Oracle GenerationType#IDENTITY support,2021-04-10T10:25:45Z,2021-04-18T09:24:19Z,INSIDE_LIFECYCLE,,3.1.2,3.2.0,1,1,1,openjpa-jdbc/src/main/java/org/apache/openjpa/jdbc/sql/OracleDictionary.java
12374203,OPENJPA-287,1c9f0ae0ae9c4861d9f0181b3f0174dffb7eb87a,2007-07-19T20:55:30Z,OPENJPA-287,2007-07-19T20:23:13Z,2007-07-19T20:56:01Z,INSIDE_LIFECYCLE,,0.9.7,1.0.0,5,4,1,openjpa-kernel/src/main/java/org/apache/openjpa/enhance/PCEnhancer.java
13383264,OPENJPA-2876,c6f42826b72940aa771a394d42173b2f7fec0428,2021-06-16T12:44:15+02:00,OPENJPA-2876 fix schema 'refresh',2021-06-10T18:54:23Z,2021-06-16T11:02:05Z,INSIDE_LIFECYCLE,,3.0.0,3.2.1,5,3,3,openjpa-jdbc/src/main/java/org/apache/openjpa/jdbc/kernel/JDBCBrokerFactory.java|openjpa-jdbc/src/main/java/org/apache/openjpa/jdbc/meta/MappingTool.java|openjpa-jdbc/src/main/java/org/apache/openjpa/jdbc/schema/SchemaTool.java
13389149,OPENJPA-2877,116eda990351130f70ec384c182efecd36b26977,2021-07-12T15:51:47+02:00,OPENJPA-2877,2021-07-12T13:50:32Z,2021-10-27T11:33:38Z,INSIDE_LIFECYCLE,,,3.2.1,4,3,3,openjpa-kernel/src/main/java/org/apache/openjpa/meta/FieldMetaData.java|openjpa-persistence/src/main/java/org/apache/openjpa/persistence/AnnotationPersistenceMetaDataParser.java|openjpa-persistence/src/main/java/org/apache/openjpa/persistence/MetaDataTag.java
13389149,OPENJPA-2877,d698ccaf00ccffd2a15430363885dafbe5a66ae9,2021-07-12T16:08:27+02:00,OPENJPA-2877 added caching of method,2021-07-12T13:50:32Z,2021-10-27T11:33:38Z,INSIDE_LIFECYCLE,,,3.2.1,1,1,1,openjpa-kernel/src/main/java/org/apache/openjpa/meta/FieldMetaData.java
13389149,OPENJPA-2877,a0e40795ff786ca74d2f63b9f5956332c0114856,2021-07-13T15:06:55+02:00,OPENJPA-2877 test,2021-07-12T13:50:32Z,2021-10-27T11:33:38Z,INSIDE_LIFECYCLE,,,3.2.1,4,4,1,openjpa-kernel/src/main/java/org/apache/openjpa/meta/FieldMetaData.java
13389149,OPENJPA-2877,8ff3dff49b4754205315df0d144e2e9da1fe6880,2021-10-27T11:20:41+02:00,OPENJPA-2877 added caching of constructor,2021-07-12T13:50:32Z,2021-10-27T11:33:38Z,INSIDE_LIFECYCLE,,,3.2.1,1,1,1,openjpa-kernel/src/main/java/org/apache/openjpa/meta/FieldMetaData.java
12374259,OPENJPA-288,99950ad3ff9d4d9adbf104dab04f3a3e036e384f,2007-07-20T17:50:56Z,OPENJPA-288 committing on behalf of Teresa,2007-07-20T14:01Z,2007-07-20T18:18:26Z,INSIDE_LIFECYCLE,,1.0.0,,1,1,1,openjpa-jdbc/src/main/java/org/apache/openjpa/jdbc/kernel/PreparedStatementManagerImpl.java
13406236,OPENJPA-2882,30c443dcc32fdc43b75431c9579f8ca415421d17,2021-10-20T14:55:24-05:00,OPENJPA-2882: Exception passing javax.persistence.* String values to createEntityManager(Map),2021-10-12T22:04:20Z,2021-10-21T06:10:15Z,INSIDE_LIFECYCLE,,2.2.3,3.2.1,2,2,1,openjpa-persistence/src/main/java/org/apache/openjpa/persistence/JPAProperties.java
13407779,OPENJPA-2883,e9f3f9cdfcbb6479e02a477730debb320e5e5dbe,2021-03-31T19:11:08+02:00,OPENJPA-2883 fix handling of java.sql.Time on MSSQL,2021-10-21T13:46:08Z,2021-10-22T17:20:31Z,BEFORE_CREATION,,3.2.0,3.2.1,4,2,1,openjpa-jdbc/src/main/java/org/apache/openjpa/jdbc/sql/SQLServerDictionary.java
13407779,OPENJPA-2883,9113461cb98d2c608ad6cf4d703521a1d1780fec,2021-10-23T00:19:22+07:00,[OPENJPA-2883] 'supportsAutoAssign' is turned OFF when 'useTriggersForAutoAssign' is ON (#84),2021-10-21T13:46:08Z,2021-10-22T17:20:31Z,INSIDE_LIFECYCLE,,3.2.0,3.2.1,4,2,1,openjpa-jdbc/src/main/java/org/apache/openjpa/jdbc/sql/OracleDictionary.java
13414503,OPENJPA-2891,fe423839f134be2d6a13fcbc3e4d91961b869340,2021-11-30T12:20+01:00,[OPENJPA-2891] allow configuration of @Generated annotation.,2021-11-30T09:29:45Z,2021-12-01T07:15:48Z,INSIDE_LIFECYCLE,,3.2.0,3.2.1,4,1,1,openjpa-persistence/src/main/java/org/apache/openjpa/persistence/meta/AnnotationProcessor6.java
13414503,OPENJPA-2891,ad5f05112a06dbd0592f4bd158900037e32f2ccd,2021-11-30T12:44:19+01:00,"[OPENJPA-2891] default for addGeneratedOption, use switch",2021-11-30T09:29:45Z,2021-12-01T07:15:48Z,INSIDE_LIFECYCLE,,3.2.0,3.2.1,1,1,1,openjpa-persistence/src/main/java/org/apache/openjpa/persistence/meta/AnnotationProcessor6.java
13427435,OPENJPA-2898,63f631d78ddf4070f12e0a4bd18385c8784796ce,2025-03-14T11:08:22+07:00,[OPENJPA-2898] typos were fixed by Patrice DUROUX (#126),2022-02-09T09:40:41Z,2025-03-14T09:38:42Z,INSIDE_LIFECYCLE,,3.2.1|3.2.2,4.1.0,3,1,1,openjpa-persistence/src/main/java/org/apache/openjpa/persistence/XMLPersistenceMetaDataParser.java
13427435,OPENJPA-2898,23e0fa8d650c991d7a3b0974d2bc361320a2fcbf,2025-03-16T08:24:18+07:00,[OPENJPA-2898] Offline orm/persistence.xsd file names are named using _ .,2022-02-09T09:40:41Z,2025-03-14T09:38:42Z,AFTER_RESOLUTION,39,3.2.1|3.2.2,4.1.0,13,2,2,openjpa-persistence/src/main/java/org/apache/openjpa/persistence/PersistenceProductDerivation.java|openjpa-persistence/src/main/java/org/apache/openjpa/persistence/XMLPersistenceMetaDataParser.java
13551137,OPENJPA-2915,33372a718ef48243f7774af43c4172d8407dfe18,2023-10-11T15:09:37+07:00,[OPENJPA-2915] properties of type Duration can be set as expected (#114),2023-09-18T19:59:10Z,2023-10-11T14:10:23Z,INSIDE_LIFECYCLE,,3.2.2,3.2.3|4.0.0,2,2,1,openjpa-lib/src/main/java/org/apache/openjpa/lib/util/Options.java
13585390,OPENJPA-2923,c3fff2cb0ff71a14ed5e2e3eb8242b2fc950db4e,2024-07-15T12:13:57+07:00,[OPENJPA-2923] replace new Long(long) with Long.valueOf(long) while enhancing (#117),2024-07-11T03:54:34Z,2024-07-15T05:48:01Z,INSIDE_LIFECYCLE,,4.0.0,4.0.1,2,1,1,openjpa-kernel/src/main/java/org/apache/openjpa/enhance/PCEnhancer.java
13590180,OPENJPA-2925,f2520c06dd23b50f6b6a5d9a1e9e004176d2ae81,2025-04-23T14:25:52+07:00,[OPENJPA-2925] Clearing result cache before loading eager joins,2024-08-27T15:31:43Z,2025-04-23T07:27:42Z,INSIDE_LIFECYCLE,,3.2.2|4.0.0,4.1.1,9,7,1,openjpa-jdbc/src/main/java/org/apache/openjpa/jdbc/kernel/JDBCStoreManager.java
13593524,OPENJPA-2928,c16c8348a0d7a3da6da3a2c2774631a5359e6241,2024-09-30T17:33:48+02:00,[OPENJPA-2928] Add xsd schemas for offline processing (#120),2024-09-27T14:54:37Z,2024-09-30T15:33:57Z,INSIDE_LIFECYCLE,,4.0.1,4.1.0,14,4,3,openjpa-lib/src/main/java/org/apache/openjpa/lib/meta/XMLVersionParser.java|openjpa-persistence/src/main/java/org/apache/openjpa/persistence/PersistenceProductDerivation.java|openjpa-persistence/src/main/java/org/apache/openjpa/persistence/XMLPersistenceMetaDataParser.java
13602968,OPENJPA-2930,6f4cf5b11b5bc5ffa0da1925260cdb7fbf7b8fe5,2025-02-19T21:12:45+07:00,OPENJPA-2930 Implements UUID and GenerationType.UUID strategy (#124),2024-12-22T12:22:25Z,2025-02-22T04:03:15Z,INSIDE_LIFECYCLE,,4.0.1,4.1.0,21,18,16,openjpa-jdbc/src/main/java/org/apache/openjpa/jdbc/kernel/JDBCStoreManager.java|openjpa-jdbc/src/main/java/org/apache/openjpa/jdbc/meta/MappingRepository.java|openjpa-jdbc/src/main/java/org/apache/openjpa/jdbc/meta/strats/ImmutableValueHandler.java|openjpa-jdbc/src/main/java/org/apache/openjpa/jdbc/sql/DBDictionary.java|openjpa-jdbc/src/main/java/org/apache/openjpa/jdbc/sql/H2Dictionary.java|openjpa-jdbc/src/main/java/org/apache/openjpa/jdbc/sql/HSQLDictionary.java|openjpa-jdbc/src/main/java/org/apache/openjpa/jdbc/sql/PostgresDictionary.java|openjpa-kernel/src/main/java/org/apache/openjpa/enhance/PCEnhancer.java|openjpa-kernel/src/main/java/org/apache/openjpa/kernel/StateManagerImpl.java|openjpa-kernel/src/main/java/org/apache/openjpa/meta/ClassMetaData.java|openjpa-kernel/src/main/java/org/apache/openjpa/meta/JavaTypes.java|openjpa-kernel/src/main/java/org/apache/openjpa/meta/ValueStrategies.java|openjpa-kernel/src/main/java/org/apache/openjpa/util/ApplicationIds.java|openjpa-kernel/src/main/java/org/apache/openjpa/util/ImplHelper.java|openjpa-kernel/src/main/java/org/apache/openjpa/util/UuidId.java|openjpa-persistence/src/main/java/org/apache/openjpa/persistence/AnnotationPersistenceMetaDataParser.java
13605078,OPENJPA-2932,4cc3050998afbdf8d59d5e96ccc9ff0580ee07ff,2025-02-02T21:34:55+07:00,[OPENJPA-2932] Implements numeric JPA 3.1 JPQL functions and equivalent Criteria API (#122),2025-01-15T14:27:10Z,2025-02-02T14:37:48Z,INSIDE_LIFECYCLE,,4.0.1,4.1.0,28,26,23,openjpa-jdbc/src/main/java/org/apache/openjpa/jdbc/kernel/JDBCStoreQuery.java|openjpa-jdbc/src/main/java/org/apache/openjpa/jdbc/kernel/exps/Ceiling.java|openjpa-jdbc/src/main/java/org/apache/openjpa/jdbc/kernel/exps/Exponential.java|openjpa-jdbc/src/main/java/org/apache/openjpa/jdbc/kernel/exps/Floor.java|openjpa-jdbc/src/main/java/org/apache/openjpa/jdbc/kernel/exps/JDBCExpressionFactory.java|openjpa-jdbc/src/main/java/org/apache/openjpa/jdbc/kernel/exps/Math.java|openjpa-jdbc/src/main/java/org/apache/openjpa/jdbc/kernel/exps/NaturalLogarithm.java|openjpa-jdbc/src/main/java/org/apache/openjpa/jdbc/kernel/exps/Sign.java|openjpa-jdbc/src/main/java/org/apache/openjpa/jdbc/kernel/exps/Val.java|openjpa-jdbc/src/main/java/org/apache/openjpa/jdbc/sql/DBDictionary.java|openjpa-kernel/src/main/java/org/apache/openjpa/kernel/Filters.java|openjpa-kernel/src/main/java/org/apache/openjpa/kernel/exps/Ceiling.java|openjpa-kernel/src/main/java/org/apache/openjpa/kernel/exps/Exponential.java|openjpa-kernel/src/main/java/org/apache/openjpa/kernel/exps/ExpressionFactory.java|openjpa-kernel/src/main/java/org/apache/openjpa/kernel/exps/Floor.java|openjpa-kernel/src/main/java/org/apache/openjpa/kernel/exps/InMemoryExpressionFactory.java|openjpa-kernel/src/main/java/org/apache/openjpa/kernel/exps/NaturalLogarithm.java|openjpa-kernel/src/main/java/org/apache/openjpa/kernel/exps/Power.java|openjpa-kernel/src/main/java/org/apache/openjpa/kernel/exps/Round.java|openjpa-kernel/src/main/java/org/apache/openjpa/kernel/exps/Sign.java|openjpa-kernel/src/main/java/org/apache/openjpa/kernel/jpql/JPQLExpressionBuilder.java|openjpa-persistence/src/main/java/org/apache/openjpa/persistence/criteria/CriteriaBuilderImpl.java|openjpa-persistence/src/main/java/org/apache/openjpa/persistence/criteria/Expressions.java
13605430,OPENJPA-2933,141bcd6e8e61486a4f1d653ec040c6bdc7976745,2025-02-08T20:49:14+07:00,[OPENJPA-2933] Implements new date JPA 3.1 JPQL functions and equivalent Criteria API (#123),2025-01-17T18:52:23Z,2025-02-18T07:18:14Z,INSIDE_LIFECYCLE,,4.0.1,4.1.0,26,24,17,openjpa-jdbc/src/main/java/org/apache/openjpa/jdbc/kernel/exps/CurrentTemporal.java|openjpa-jdbc/src/main/java/org/apache/openjpa/jdbc/kernel/exps/ExtractDateTimeField.java|openjpa-jdbc/src/main/java/org/apache/openjpa/jdbc/kernel/exps/ExtractDateTimePart.java|openjpa-jdbc/src/main/java/org/apache/openjpa/jdbc/kernel/exps/JDBCExpressionFactory.java|openjpa-jdbc/src/main/java/org/apache/openjpa/jdbc/kernel/exps/Math.java|openjpa-jdbc/src/main/java/org/apache/openjpa/jdbc/kernel/exps/Val.java|openjpa-jdbc/src/main/java/org/apache/openjpa/jdbc/sql/DBDictionary.java|openjpa-kernel/src/main/java/org/apache/openjpa/kernel/exps/CurrentTemporal.java|openjpa-kernel/src/main/java/org/apache/openjpa/kernel/exps/DateTimeExtractField.java|openjpa-kernel/src/main/java/org/apache/openjpa/kernel/exps/DateTimeExtractPart.java|openjpa-kernel/src/main/java/org/apache/openjpa/kernel/exps/ExpressionFactory.java|openjpa-kernel/src/main/java/org/apache/openjpa/kernel/exps/ExtractDateTimeField.java|openjpa-kernel/src/main/java/org/apache/openjpa/kernel/exps/ExtractDateTimePart.java|openjpa-kernel/src/main/java/org/apache/openjpa/kernel/exps/InMemoryExpressionFactory.java|openjpa-kernel/src/main/java/org/apache/openjpa/kernel/jpql/JPQLExpressionBuilder.java|openjpa-persistence/src/main/java/org/apache/openjpa/persistence/criteria/CriteriaBuilderImpl.java|openjpa-persistence/src/main/java/org/apache/openjpa/persistence/criteria/Expressions.java
13614695,OPENJPA-2936,3c2bae980d3c79eb1e664d54218c9f0d0fdf20a5,2025-05-01T13:41:20+07:00,[OPENJPA-2936] Fixes unnamed index synchronization (#130),2025-04-09T13:31:31Z,2025-05-01T06:44:32Z,INSIDE_LIFECYCLE,,4.0.1|4.1.0,4.1.1,3,3,1,openjpa-jdbc/src/main/java/org/apache/openjpa/jdbc/meta/MappingInfo.java
12374560,OPENJPA-295,4150e7f566680cf07ab70a58faa6b12f26b6574a,2007-08-03T17:35:54Z,OPENJPA-295,2007-07-25T16:15:24Z,2007-08-08T17:50:31Z,INSIDE_LIFECYCLE,,0.9.6,1.0.1|1.1.0,11,11,11,openjpa-kernel/src/main/java/org/apache/openjpa/ee/AbstractManagedRuntime.java|openjpa-kernel/src/main/java/org/apache/openjpa/ee/AutomaticManagedRuntime.java|openjpa-kernel/src/main/java/org/apache/openjpa/ee/InvocationManagedRuntime.java|openjpa-kernel/src/main/java/org/apache/openjpa/ee/JNDIManagedRuntime.java|openjpa-kernel/src/main/java/org/apache/openjpa/ee/ManagedRuntime.java|openjpa-kernel/src/main/java/org/apache/openjpa/ee/RegistryManagedRuntime.java|openjpa-kernel/src/main/java/org/apache/openjpa/ee/SunOneManagedRuntime.java|openjpa-kernel/src/main/java/org/apache/openjpa/ee/WASManagedRuntime.java|openjpa-kernel/src/main/java/org/apache/openjpa/ee/WLSManagedRuntime.java|openjpa-kernel/src/main/java/org/apache/openjpa/kernel/AbstractBrokerFactory.java|openjpa-kernel/src/main/java/org/apache/openjpa/kernel/LocalManagedRuntime.java
12374998,OPENJPA-303,a1d28857fa6cff6a6374b5f10d747b8538af9cdf,2007-07-31T17:32:01Z,OPENJPA-303 committing on behalf of Albert,2007-07-30T20:51:47Z,2007-07-31T20:10:59Z,INSIDE_LIFECYCLE,,0.9.7|1.0.0,,3,3,1,openjpa-persistence-jdbc/src/main/java/org/apache/openjpa/persistence/jdbc/AnnotationPersistenceMappingParser.java
12375048,OPENJPA-304,872d00888d786f97f027946f59cd9c1962487fec,2007-07-31T15:43:39Z,OPENJPA-304.  Changes to DepthFirstAnalysis and associated classes and testcases to resolve IBM JDK and Sun JDK differences.,2007-07-31T15:33:10Z,2007-07-31T16:02:02Z,INSIDE_LIFECYCLE,,0.9.7,1.0.0,4,4,3,openjpa-lib/src/main/java/org/apache/openjpa/lib/graph/DepthFirstAnalysis.java|openjpa-lib/src/main/java/org/apache/openjpa/lib/graph/Edge.java|openjpa-lib/src/main/java/org/apache/openjpa/lib/graph/Graph.java
12375463,OPENJPA-308,d5ef5d1f3db5251683f1888da5353fb765584fe2,2007-08-07T00:16:08Z,OPENJPA-308,2007-08-07T00:15:35Z,2007-08-07T16:55:55Z,INSIDE_LIFECYCLE,,0.9.0|0.9.6|0.9.7,1.0.0,1,1,1,openjpa-jdbc/src/main/java/org/apache/openjpa/jdbc/sql/PostgresDictionary.java
12375701,OPENJPA-311,99ecf9564bc9f260bde9f702b2a79b121414345a,2007-08-10T17:33:08Z,OPENJPA-311,2007-08-09T19:51:37Z,2007-08-10T17:34:35Z,INSIDE_LIFECYCLE,,0.9.0|0.9.6|0.9.7|1.0.0,1.0.0,1,1,1,openjpa-kernel/src/main/java/org/apache/openjpa/util/GeneratedClasses.java
12375716,OPENJPA-312,88f293dec94ee995603f7c4b895cc26bffb0ac67,2007-08-15T22:56:44Z,"OPENJPA-312.  Committing these changes for Daniel.  I decided to make a common private utility method out of the common code across the proposed patch, but the intent of the original patch is still there.  Thanks, Daniel, for posting the fix.",2007-08-10T01:43:10Z,2007-08-16T13:59:39Z,INSIDE_LIFECYCLE,,1.0.0,1.0.0,1,1,1,openjpa-jdbc/src/main/java/org/apache/openjpa/jdbc/sql/SelectImpl.java
12375808,OPENJPA-313,26b0e498455ffc4062ff4d06feec1d18ea560572,2007-08-14T17:38Z,Help Catalina committing OPENJPA-313.r564688.patch,2007-08-10T23:14:33Z,2007-08-16T14:49:14Z,INSIDE_LIFECYCLE,,,1.0.0,1,1,1,openjpa-jdbc/src/main/java/org/apache/openjpa/jdbc/meta/ClassMapping.java
12375808,OPENJPA-313,4e81825171676204c7e3ccaeaddbf679f0c5a590,2007-08-14T20:17:39Z,OPENJPA-313.  Looks like this patch wasn't quite ready for prime time.  I attempted to re-build and re-test right after applying this change and I got several testcase errors in openjpa-persistence-jdbc.  I revert back ClassMapping.java and the problems go away.  Needs some more work...,2007-08-10T23:14:33Z,2007-08-16T14:49:14Z,INSIDE_LIFECYCLE,,,1.0.0,1,1,1,openjpa-jdbc/src/main/java/org/apache/openjpa/jdbc/meta/ClassMapping.java
12375808,OPENJPA-313,c014c925382f115e067fb9265d9c49f96aaf17f9,2007-08-15T02:24:50Z,Help Catalina committing OPENJPA-313.2.patch,2007-08-10T23:14:33Z,2007-08-16T14:49:14Z,INSIDE_LIFECYCLE,,,1.0.0,2,2,2,openjpa-jdbc/src/main/java/org/apache/openjpa/jdbc/meta/ClassMapping.java|openjpa-kernel/src/main/java/org/apache/openjpa/util/OpenJPAId.java
12375989,OPENJPA-314,8dd6857f67991d646727bfd3597d8b5b9b03d69f,2007-08-20T23:19:05Z,"OPENJPA-314, OPENJPA-315",2007-08-14T17:34:24Z,2007-08-20T23:19:14Z,INSIDE_LIFECYCLE,,,1.0.0,11,11,2,openjpa-kernel/src/main/java/org/apache/openjpa/enhance/PCEnhancer.java|openjpa-kernel/src/main/java/org/apache/openjpa/util/ApplicationIds.java
12375994,OPENJPA-315,8dd6857f67991d646727bfd3597d8b5b9b03d69f,2007-08-20T23:19:05Z,"OPENJPA-314, OPENJPA-315",2007-08-14T19:04:10Z,2007-08-29T01:26:28Z,INSIDE_LIFECYCLE,,,1.0.0,11,11,2,openjpa-kernel/src/main/java/org/apache/openjpa/enhance/PCEnhancer.java|openjpa-kernel/src/main/java/org/apache/openjpa/util/ApplicationIds.java
12376197,OPENJPA-320,71f44f884e20bc6b08e339115bf14dc09a1ee8e5,2007-08-16T21:18:35Z,OPENJPA-320.  Updated the resevered schema prefixes for DB2.,2007-08-16T20:39:23Z,2007-08-17T12:40:42Z,INSIDE_LIFECYCLE,,0.9.7,1.0.0,1,1,1,openjpa-jdbc/src/main/java/org/apache/openjpa/jdbc/sql/DB2Dictionary.java
12376279,OPENJPA-321,eaeebf20c7e89466748e4c872a6c15a732351382,2007-08-21T03:15:37Z,"OPENJPA-321.  Committing Teresa's patch with a few minor formatting updates.  Thanks, Teresa.",2007-08-17T22:00Z,2007-08-21T03:26:29Z,INSIDE_LIFECYCLE,,0.9.7,1.0.0,11,11,11,openjpa-jdbc/src/main/java/org/apache/openjpa/jdbc/kernel/exps/Lit.java|openjpa-jdbc/src/main/java/org/apache/openjpa/jdbc/kernel/exps/Param.java|openjpa-jdbc/src/main/java/org/apache/openjpa/jdbc/kernel/exps/StringLength.java|openjpa-jdbc/src/main/java/org/apache/openjpa/jdbc/kernel/exps/ToLowerCase.java|openjpa-jdbc/src/main/java/org/apache/openjpa/jdbc/kernel/exps/ToUpperCase.java|openjpa-jdbc/src/main/java/org/apache/openjpa/jdbc/kernel/exps/Trim.java|openjpa-jdbc/src/main/java/org/apache/openjpa/jdbc/kernel/exps/UnaryOp.java|openjpa-jdbc/src/main/java/org/apache/openjpa/jdbc/sql/AbstractDB2Dictionary.java|openjpa-jdbc/src/main/java/org/apache/openjpa/jdbc/sql/DB2Dictionary.java|openjpa-jdbc/src/main/java/org/apache/openjpa/jdbc/sql/DBDictionary.java|openjpa-jdbc/src/main/java/org/apache/openjpa/jdbc/sql/SQLBuffer.java
12376279,OPENJPA-321,52d7ab797565c7b182a87128eb0a484a7e9237a7,2007-08-21T05:26:15Z,"OPENJPA-321. Avoiding JDK1.5-specific String.replace() call. Also changed the method to return a well-balanced SQL, since it looks like the only usage is in a place where well-balanced-ness is possible.",2007-08-17T22:00Z,2007-08-21T03:26:29Z,AFTER_RESOLUTION,1,0.9.7,1.0.0,1,1,1,openjpa-jdbc/src/main/java/org/apache/openjpa/jdbc/sql/DB2Dictionary.java
12376559,OPENJPA-326,071a9abbbbf852ddd8fbba083d2b139e4b340dc4,2007-08-22T04:01:07Z,OPENJPA-326 Initialize discType,2007-08-22T03:58:36Z,2007-09-24T15:56:49Z,INSIDE_LIFECYCLE,,0.9.7,1.0.1|1.1.0,1,1,1,openjpa-persistence-jdbc/src/main/java/org/apache/openjpa/persistence/jdbc/XMLPersistenceMappingParser.java
12376639,OPENJPA-329,18e83a09b18fde4721af69123fd4c7799bcca00e,2008-01-31T19:01:45Z,"OPENJPA-251, OPENJPA-329. svn merge -c 616961 ../branches/1.0.x/",2007-08-22T22:10:41Z,2008-01-31T00:01:38Z,AFTER_RESOLUTION,19,,1.0.2|1.1.0,3,2,1,openjpa-kernel/src/main/java/org/apache/openjpa/enhance/Reflection.java
12376745,OPENJPA-331,008b249c241dae1cc91a2c74f0621afc8947a5fa,2007-12-16T12:30:15Z,OPENJPA-331. Checking in on behalf of Miroslav Nachev. Includes minor whitespace reformatting and @since tags for new source classes.,2007-08-23T21:08:21Z,2008-01-31T00:13:48Z,INSIDE_LIFECYCLE,,0.9.7|1.0.0,1.0.2|1.1.0,10,10,6,openjpa-kernel/src/main/java/org/apache/openjpa/enhance/PCEnhancer.java|openjpa-kernel/src/main/java/org/apache/openjpa/meta/ClassMetaData.java|openjpa-kernel/src/main/java/org/apache/openjpa/util/ApplicationIds.java|openjpa-kernel/src/main/java/org/apache/openjpa/util/BigDecimalId.java|openjpa-kernel/src/main/java/org/apache/openjpa/util/BigIntegerId.java|openjpa-persistence/src/main/java/org/apache/openjpa/persistence/JPAFacadeHelper.java
12376745,OPENJPA-331,69ee1ce7f0f6b819a38128ffeddbb5c235942af9,2007-12-29T22:07:29Z,OPENJPA-331 fix notices,2007-08-23T21:08:21Z,2008-01-31T00:13:48Z,INSIDE_LIFECYCLE,,0.9.7|1.0.0,1.0.2|1.1.0,7,6,2,openjpa-kernel/src/main/java/org/apache/openjpa/util/BigDecimalId.java|openjpa-kernel/src/main/java/org/apache/openjpa/util/BigIntegerId.java
12376846,OPENJPA-335,809cb370030c72970ed499c3003aa5400b3a276e,2007-09-13T23:24:12Z,OPENJPA-335. 'svn merge -c 575492 ../branches/1.0.x',2007-08-24T20:58:28Z,2007-09-13T23:24:24Z,INSIDE_LIFECYCLE,,1.0.0,1.0.1|1.1.0,2,2,1,openjpa-kernel/src/main/java/org/apache/openjpa/enhance/PCEnhancer.java
12376942,OPENJPA-339,62b3725596582caa622cd068de3f28a6bd8fa976,2007-08-28T01:05:18Z,OPENJPA-339 committing on behalf of Albert,2007-08-27T17:21:57Z,2007-09-17T22:25:31Z,INSIDE_LIFECYCLE,,0.9.7,1.0.1|1.1.0,6,6,6,openjpa-kernel/src/main/java/org/apache/openjpa/meta/AbstractCFMetaDataFactory.java|openjpa-kernel/src/main/java/org/apache/openjpa/util/ProxyManagerImpl.java|openjpa-lib/src/main/java/org/apache/openjpa/lib/meta/FileMetaDataIterator.java|openjpa-lib/src/main/java/org/apache/openjpa/lib/util/J2DoPrivHelper.java|openjpa-persistence/src/main/java/org/apache/openjpa/persistence/PersistenceProductDerivation.java|openjpa-persistence/src/main/java/org/apache/openjpa/persistence/PersistenceUnitInfoImpl.java
12376942,OPENJPA-339,4dae2231cc3253d8d98590476d839500268584f8,2007-08-31T16:53:43Z,"OPENJPA-339.  Committing Albert's Java 2 Security changes.  Hopefully, this is the last batch of changes...  :-)",2007-08-27T17:21:57Z,2007-09-17T22:25:31Z,INSIDE_LIFECYCLE,,0.9.7,1.0.1|1.1.0,3,3,3,openjpa-kernel/src/main/java/org/apache/openjpa/datacache/DataCacheScheduler.java|openjpa-kernel/src/main/java/org/apache/openjpa/util/ProxyManagerImpl.java|openjpa-lib/src/main/java/org/apache/openjpa/lib/util/J2DoPrivHelper.java
12377008,OPENJPA-340,ff4a96e707337123c3e94ba641b504101dd05c79,2008-06-26T22:04:06Z,"OPENJPA-340: Support for @UniqueConstraints on @TableGenerator, @SecondaryTable and @JoinTable.",2007-08-28T15:40:33Z,2008-07-16T02:47:18Z,INSIDE_LIFECYCLE,,,1.2.0,17,15,12,openjpa-jdbc/src/main/java/org/apache/openjpa/jdbc/kernel/TableJDBCSeq.java|openjpa-jdbc/src/main/java/org/apache/openjpa/jdbc/meta/ClassMappingInfo.java|openjpa-jdbc/src/main/java/org/apache/openjpa/jdbc/meta/FieldMapping.java|openjpa-jdbc/src/main/java/org/apache/openjpa/jdbc/meta/FieldMappingInfo.java|openjpa-jdbc/src/main/java/org/apache/openjpa/jdbc/meta/MappingInfo.java|openjpa-jdbc/src/main/java/org/apache/openjpa/jdbc/meta/SequenceMapping.java|openjpa-jdbc/src/main/java/org/apache/openjpa/jdbc/schema/Table.java|openjpa-jdbc/src/main/java/org/apache/openjpa/jdbc/schema/Unique.java|openjpa-persistence-jdbc/src/main/java/org/apache/openjpa/persistence/jdbc/AnnotationPersistenceMappingParser.java|openjpa-persistence-jdbc/src/main/java/org/apache/openjpa/persistence/jdbc/AnnotationPersistenceMappingSerializer.java|openjpa-persistence-jdbc/src/main/java/org/apache/openjpa/persistence/jdbc/XMLPersistenceMappingParser.java|openjpa-persistence-jdbc/src/main/java/org/apache/openjpa/persistence/jdbc/XMLPersistenceMappingSerializer.java
12377008,OPENJPA-340,6868b1cc4a104a7224510ad5be5869372ffbe80c,2008-06-27T22:02:34Z,OPENJPA-340: UniqueConstraint supported via XML Descriptors,2007-08-28T15:40:33Z,2008-07-16T02:47:18Z,INSIDE_LIFECYCLE,,,1.2.0,12,10,5,openjpa-jdbc/src/main/java/org/apache/openjpa/jdbc/meta/ClassMappingInfo.java|openjpa-jdbc/src/main/java/org/apache/openjpa/jdbc/meta/MappingInfo.java|openjpa-jdbc/src/main/java/org/apache/openjpa/jdbc/schema/Unique.java|openjpa-persistence-jdbc/src/main/java/org/apache/openjpa/persistence/jdbc/AnnotationPersistenceMappingParser.java|openjpa-persistence-jdbc/src/main/java/org/apache/openjpa/persistence/jdbc/XMLPersistenceMappingParser.java
12377008,OPENJPA-340,54d1a24320ffae8bada3281bf28d28490de284c3,2008-07-01T00:02:11Z,OPENJPA-340: Unique names are unique.,2007-08-28T15:40:33Z,2008-07-16T02:47:18Z,INSIDE_LIFECYCLE,,,1.2.0,1,1,1,openjpa-jdbc/src/main/java/org/apache/openjpa/jdbc/schema/Unique.java
12377008,OPENJPA-340,9d40841d48636bff9246b2ddc6fb3005dd8c9374,2008-11-13T18:33:07Z,OPENJPA-340: Let DBDictionary generate Unique Constraint names rather than Unique trying to auto-generate such names in lesser scope. Strengthen the tests to have exactly same named unique columns in two classes to verify that the unique constraint names are unique across tables.,2007-08-28T15:40:33Z,2008-07-16T02:47:18Z,AFTER_RESOLUTION,2895,,1.2.0,6,5,1,openjpa-jdbc/src/main/java/org/apache/openjpa/jdbc/schema/Unique.java
12377093,OPENJPA-343,8500feee82da1dadbc37833ce22aa2626bbe8828,2007-08-31T16:55:51Z,"OPENJPA-343.  Modified the call to setRollbackOnly to check for a valid Transaction status first.  If the Transaction is not in a valid state, then we will log a trace message indicating such failure.  Processing will continue though.",2007-08-29T13:15:21Z,2007-09-04T13:23:10Z,INSIDE_LIFECYCLE,,0.9.7|1.0.0,1.0.1|1.1.0,2,1,1,openjpa-kernel/src/main/java/org/apache/openjpa/kernel/BrokerImpl.java
12377181,OPENJPA-346,a7777cb075dc6b6dc58d25562e772346d3209a8a,2007-08-30T18:38:33Z,OPENJPA-346,2007-08-30T18:38Z,2007-08-30T18:48:59Z,INSIDE_LIFECYCLE,,1.0.0,1.0.1|1.1.0,1,1,1,openjpa-kernel-5/src/main/java/org/apache/openjpa/enhance/PCEnhancerAgent.java
12377191,OPENJPA-347,5affd1274fc1e236e34612d9164a4a916c71f131,2007-08-31T13:42:29Z,"OPENJPA-347.  This change brings the performance back to the expected levels.  I have also updated the ""BidiSQL"" testcase to ensure that regressions like this get caught during normal testing.",2007-08-30T21:18:44Z,2007-08-31T20:11:34Z,INSIDE_LIFECYCLE,,1.0.0,1.0.1|1.1.0,3,3,1,openjpa-kernel/src/main/java/org/apache/openjpa/meta/FieldMetaData.java
12377533,OPENJPA-349,6e3aca63ec90da0198073a1697a556dbe493cbc2,2008-07-16T03:55:45Z,OPENJPA-349: Validate the row if auto-assigned identity happens to be only column.,2007-09-05T09:09:50Z,2008-07-16T03:57:05Z,INSIDE_LIFECYCLE,,1.0.0,1.2.0,1,1,1,openjpa-jdbc/src/main/java/org/apache/openjpa/jdbc/sql/RowImpl.java
12348773,OPENJPA-35,853fb319ba81e2ad589ac6a7ce47b45de0a2749d,2007-03-10T17:15:49Z,"OPENJPA-35: fixed bulk update / bulk delete logic to properly clear out the data cache as well as the query cache. We could probably change the logic to remove the query cache mutations, since the data cache clear should automatically clear out the query cache as needed. Also changed the test framework a bit to allow for easier test harness creation without using SingleEMTest, which required providing access to the open brokers from AbstractBrokerFactory.",2006-08-28T23:36:05Z,2007-03-10T15:18:10Z,AFTER_RESOLUTION,1,0.9.0|0.9.6,0.9.7,5,5,2,openjpa-kernel/src/main/java/org/apache/openjpa/datacache/QueryCacheStoreQuery.java|openjpa-kernel/src/main/java/org/apache/openjpa/kernel/AbstractBrokerFactory.java
12377703,OPENJPA-353,caa4b76fe246bebf47ada251d5e84e0ada35b2bb,2007-09-06T22:16:10Z,OPENJPA-353,2007-09-06T21:48:15Z,2007-09-18T15:31:04Z,INSIDE_LIFECYCLE,,1.0.0,1.0.1|1.1.0,2,2,1,openjpa-jdbc/src/main/java/org/apache/openjpa/jdbc/meta/strats/InValueDiscriminatorStrategy.java
12377735,OPENJPA-355,7d9724ac004489042af95932629ecb152033c34a,2007-09-07T18:10:43Z,"OPENJPA-355 Fix checking for log levels; patch submitted by Adrian Co""",2007-09-07T07:41:06Z,2007-09-07T18:11:17Z,INSIDE_LIFECYCLE,,1.0.0,1.0.1|1.1.0,1,1,1,openjpa-lib/src/main/java/org/apache/openjpa/lib/log/Log4JLogFactory.java
12377780,OPENJPA-356,a3a74cc233a91b442857d81b00c78e5b86e799de,2007-09-07T19:27:13Z,OPENJPA-356,2007-09-07T19:26:39Z,2007-09-07T19:27:22Z,INSIDE_LIFECYCLE,,0.9.0|0.9.6|0.9.7|1.0.0,1.0.1|1.1.0,5,5,5,openjpa-jdbc/src/main/java/org/apache/openjpa/jdbc/sql/DB2Dictionary.java|openjpa-jdbc/src/main/java/org/apache/openjpa/jdbc/sql/DBDictionary.java|openjpa-jdbc/src/main/java/org/apache/openjpa/jdbc/sql/LogicalUnion.java|openjpa-jdbc/src/main/java/org/apache/openjpa/jdbc/sql/Select.java|openjpa-jdbc/src/main/java/org/apache/openjpa/jdbc/sql/SelectImpl.java
12377791,OPENJPA-357,6d5fe3bb8ada4d0aceb5d6221140637dc60ab47d,2007-09-10T16:01:40Z,"OPENJPA-357, OPENJPA-358: Adding @since tag/comments to new additions to FetchGroup inclusion",2007-09-07T22:56:25Z,2007-09-20T18:41:19Z,INSIDE_LIFECYCLE,,0.9.7|1.0.0,1.0.1|1.1.0,2,2,2,openjpa-kernel/src/main/java/org/apache/openjpa/meta/FetchGroup.java|openjpa-persistence/src/main/java/org/apache/openjpa/persistence/AnnotationPersistenceMetaDataParser.java
12377791,OPENJPA-357,7c07cc6d1da3313455114ffe00b120ab8d1a2ba6,2007-09-10T16:20:08Z,"OPENJPA-357, OPENJPA-358: Checking for user error of wrong fetch group inclusion",2007-09-07T22:56:25Z,2007-09-20T18:41:19Z,INSIDE_LIFECYCLE,,0.9.7|1.0.0,1.0.1|1.1.0,2,1,1,openjpa-persistence/src/main/java/org/apache/openjpa/persistence/AnnotationPersistenceMetaDataParser.java
12377791,OPENJPA-357,8d161ff99e1e4f1f0bfa4b2c5e590abc590df42d,2008-01-30T21:10:49Z,"OPENJPA-357, OPENJPA-358. Changing @since tag to 1.1.0.",2007-09-07T22:56:25Z,2007-09-20T18:41:19Z,AFTER_RESOLUTION,3170,0.9.7|1.0.0,1.0.1|1.1.0,1,1,1,openjpa-kernel/src/main/java/org/apache/openjpa/meta/FetchGroup.java
12377792,OPENJPA-358,6d5fe3bb8ada4d0aceb5d6221140637dc60ab47d,2007-09-10T16:01:40Z,"OPENJPA-357, OPENJPA-358: Adding @since tag/comments to new additions to FetchGroup inclusion",2007-09-07T23:01:44Z,2007-09-20T18:41:32Z,INSIDE_LIFECYCLE,,0.9.7|1.0.0,1.0.1|1.1.0,2,2,2,openjpa-kernel/src/main/java/org/apache/openjpa/meta/FetchGroup.java|openjpa-persistence/src/main/java/org/apache/openjpa/persistence/AnnotationPersistenceMetaDataParser.java
12377792,OPENJPA-358,7c07cc6d1da3313455114ffe00b120ab8d1a2ba6,2007-09-10T16:20:08Z,"OPENJPA-357, OPENJPA-358: Checking for user error of wrong fetch group inclusion",2007-09-07T23:01:44Z,2007-09-20T18:41:32Z,INSIDE_LIFECYCLE,,0.9.7|1.0.0,1.0.1|1.1.0,2,1,1,openjpa-persistence/src/main/java/org/apache/openjpa/persistence/AnnotationPersistenceMetaDataParser.java
12377792,OPENJPA-358,8d161ff99e1e4f1f0bfa4b2c5e590abc590df42d,2008-01-30T21:10:49Z,"OPENJPA-357, OPENJPA-358. Changing @since tag to 1.1.0.",2007-09-07T23:01:44Z,2007-09-20T18:41:32Z,AFTER_RESOLUTION,3170,0.9.7|1.0.0,1.0.1|1.1.0,1,1,1,openjpa-kernel/src/main/java/org/apache/openjpa/meta/FetchGroup.java
12377801,OPENJPA-359,c4af04617ebb18551f6cf57e80b798e110da18a6,2008-02-25T22:59:29Z,OPENJPA-359 Improve Timestamp resolution for use by versioning.,2007-09-08T05:03:51Z,2008-02-26T16:53:39Z,INSIDE_LIFECYCLE,,1.0.0,1.1.0,4,4,4,openjpa-jdbc/src/main/java/org/apache/openjpa/jdbc/meta/MappingRepository.java|openjpa-jdbc/src/main/java/org/apache/openjpa/jdbc/meta/strats/NanoPrecisionTimestampVersionStrategy.java|openjpa-lib-5/src/main/java/org/apache/openjpa/lib/util/Timestamp5Helper.java|openjpa-lib/src/main/java/org/apache/openjpa/lib/util/TimestampHelper.java
12377828,OPENJPA-360,a4bf964c089bb70e48abb4d78f35327317264c49,2007-09-11T05:32:37Z,"OPENJPA-360 SQL FOR UPDATE OF incorrectly generated for DB2 UDB version8.1 or earlier and DB2 ISeries V5R3 or earlier. These  DB2 version also require the ""optimize for <n> row"" clause appear before FOR UPDATE clause. Due to this requirement, the OPTIMIZE clause will  appear before FOR UPDATE clause for all DB2 versions. Also fixed the affected testcases.",2007-09-08T19:35:26Z,2007-09-18T16:12:47Z,INSIDE_LIFECYCLE,,1.0.0|1.0.1|1.1.0,1.0.1|1.1.0,6,6,2,openjpa-jdbc/src/main/java/org/apache/openjpa/jdbc/sql/DB2Dictionary.java|openjpa-jdbc/src/main/java/org/apache/openjpa/jdbc/sql/DBDictionary.java
12377828,OPENJPA-360,5e590a951ee9a24d3c019f8eb67ced2d819261a0,2007-09-12T21:08:53Z,OPENJPA-360 FOR UPDATE clause incorrectly generated remove transient variable,2007-09-08T19:35:26Z,2007-09-18T16:12:47Z,INSIDE_LIFECYCLE,,1.0.0|1.0.1|1.1.0,1.0.1|1.1.0,2,2,2,openjpa-jdbc/src/main/java/org/apache/openjpa/jdbc/sql/DB2Dictionary.java|openjpa-jdbc/src/main/java/org/apache/openjpa/jdbc/sql/DBDictionary.java
12377845,OPENJPA-361,3d8748c427a095b896ce1ecfca0b5ab91b34617e,2007-09-10T23:01:39Z,OPENJPA-361.  Committing Albert's patch for the incorrect GREG_OFFSET (Gregorian Offset).,2007-09-09T14:06:10Z,2007-09-11T13:30:01Z,INSIDE_LIFECYCLE,,1.0.0,1.0.1|1.1.0,1,1,1,openjpa-lib/src/main/java/org/apache/openjpa/lib/util/UUIDGenerator.java
12377850,OPENJPA-363,1242abf2d5464c4048fdb62a17f7cee12c190798,2007-09-09T21:11:40Z,OPENJPA-363,2007-09-09T20:43:38Z,2007-09-09T21:14:34Z,INSIDE_LIFECYCLE,,0.9.0|0.9.6|0.9.7|1.0.0,,1,1,1,openjpa-lib/src/main/java/org/apache/openjpa/lib/util/MultiClassLoader.java
12378020,OPENJPA-365,2988f75fc32af9baf16c1978782dfed6dcc37076,2008-09-02T17:47:06Z,"OPENJPA-365: This is a token commit. Original commit is 677147 but due to typo in commit message, the JIRA issue did not get assoicated correctly with the commit 677147",2007-09-12T01:58:22Z,2008-07-16T03:59:57Z,AFTER_RESOLUTION,1165,,1.2.0,1,1,1,openjpa-kernel/src/main/java/org/apache/openjpa/kernel/BrokerImpl.java
12378057,OPENJPA-366,03d19774c2c6a63b49a3b95f5b3095af146015b3,2007-10-03T14:09:43Z,OPENJPA-366 - Add message text to InternalException.,2007-09-12T14:27:11Z,2008-01-31T00:45:29Z,INSIDE_LIFECYCLE,,1.0.0,1.0.2|1.1.0,2,1,1,openjpa-kernel/src/main/java/org/apache/openjpa/kernel/BrokerImpl.java
12378065,OPENJPA-367,884d6b5460be23e12f82f29501f07b5b771e012d,2007-09-17T18:12:46Z,OPENJPA-367.  Committing Albert's patch (since he doesn't have his committer karma quite yet...).,2007-09-12T16:30:38Z,2007-10-30T16:04:19Z,INSIDE_LIFECYCLE,,1.0.0,1.0.1|1.0.2|1.1.0,1,1,1,openjpa-kernel/src/main/java/org/apache/openjpa/enhance/PCEnhancer.java
12378162,OPENJPA-368,5ef181ab94a302d439ef4e406fcdda7785a57048,2007-10-03T00:15:12Z,OPENJPA-368. Committing Vikram's patch.,2007-09-13T14:04:52Z,2007-10-03T00:15:33Z,INSIDE_LIFECYCLE,,0.9.7|1.0.0,1.0.1|1.1.0,1,1,1,openjpa-jdbc/src/main/java/org/apache/openjpa/jdbc/kernel/AbstractJDBCSeq.java
12378298,OPENJPA-369,7524219f6a3291c382287b41db5dcd72cb35a995,2007-09-18T19:44:06Z,OPENJPA-369.  Committed Albert's changes for the Java 2 Security updates for the Solaris platform.,2007-09-14T15:45:57Z,2007-10-15T17:45:09Z,INSIDE_LIFECYCLE,,1.0.0,1.0.1|1.1.0,7,7,7,openjpa-kernel/src/main/java/org/apache/openjpa/datacache/DataCacheScheduler.java|openjpa-lib/src/main/java/org/apache/openjpa/lib/util/J2DoPrivHelper.java|openjpa-persistence-jdbc/src/main/java/org/apache/openjpa/persistence/jdbc/AnnotationPersistenceMappingParser.java|openjpa-persistence/src/main/java/org/apache/openjpa/persistence/AnnotationPersistenceMetaDataParser.java|openjpa-persistence/src/main/java/org/apache/openjpa/persistence/AnnotationPersistenceXMLMetaDataParser.java|openjpa-persistence/src/main/java/org/apache/openjpa/persistence/PersistenceMetaDataDefaults.java|openjpa-persistence/src/main/java/org/apache/openjpa/persistence/PersistenceMetaDataFactory.java
12378298,OPENJPA-369,bb527a1e882b9aff495a02b14a31231651487ef6,2007-09-28T18:23:48Z,OPENJPA-369. Committing Albert's 1.5-supporting changes.,2007-09-14T15:45:57Z,2007-10-15T17:45:09Z,INSIDE_LIFECYCLE,,1.0.0,1.0.1|1.1.0,10,7,7,openjpa-lib-5/src/main/java/org/apache/openjpa/lib/util/J2DoPriv5Helper.java|openjpa-lib/src/main/java/org/apache/openjpa/lib/util/J2DoPrivHelper.java|openjpa-persistence-jdbc/src/main/java/org/apache/openjpa/persistence/jdbc/AnnotationPersistenceMappingParser.java|openjpa-persistence/src/main/java/org/apache/openjpa/persistence/AnnotationPersistenceMetaDataParser.java|openjpa-persistence/src/main/java/org/apache/openjpa/persistence/AnnotationPersistenceXMLMetaDataParser.java|openjpa-persistence/src/main/java/org/apache/openjpa/persistence/PersistenceMetaDataDefaults.java|openjpa-persistence/src/main/java/org/apache/openjpa/persistence/PersistenceMetaDataFactory.java
12378578,OPENJPA-375,c0cf40564898fbf464b6782e674aa26ea4031182,2007-09-18T18:50:25Z,OPENJPA-375  DB2 autoCommit(true) causes Result Set prematurely closed in WebContainer JEE environment.,2007-09-18T17:39:17Z,2007-09-21T22:47:25Z,INSIDE_LIFECYCLE,,1.0.0|1.0.1|1.1.0,1.0.1|1.1.0,1,1,1,openjpa-jdbc/src/main/java/org/apache/openjpa/jdbc/sql/DB2Dictionary.java
12378578,OPENJPA-375,ac83668ffa1941c8534cf6417391af4cdb70cab5,2007-10-30T21:51:47Z,"OPENJPA-375: undo this fix for DB2 (result set closed problem). The problem is resolved by setting DB2 datasource custom property ""resultSetHoldability""  to 1 in WebSphere.",2007-09-18T17:39:17Z,2007-09-21T22:47:25Z,AFTER_RESOLUTION,935,1.0.0|1.0.1|1.1.0,1.0.1|1.1.0,1,1,1,openjpa-jdbc/src/main/java/org/apache/openjpa/jdbc/sql/DB2Dictionary.java
12378786,OPENJPA-378,5d4d50df96e29335937e5fb12df0b6787d5c525e,2007-09-21T03:32:14Z,"OPENJPA-378 DB2 ""FETCH FIRST <n> ROWS ONLY"" clause should not be generated in subselect for SELECT COUNT(*) from (subselect ...) s",2007-09-20T19:07:08Z,2007-09-21T22:43:36Z,INSIDE_LIFECYCLE,,1.0.0|1.0.1|1.1.0,1.0.1|1.1.0,2,2,2,openjpa-jdbc/src/main/java/org/apache/openjpa/jdbc/sql/DB2Dictionary.java|openjpa-jdbc/src/main/java/org/apache/openjpa/jdbc/sql/DBDictionary.java
12378786,OPENJPA-378,5b67b240f1d53eae36fba27611c501003cf700a7,2007-10-14T01:02:19Z,"The overridden toSelect() signature in the OracleDictionary was no longer appropriate since the DBDictionary.toSelect() change in revision #577972 (which fixed OPENJPA-378). This resulted in the special Oracle range handing to no longer take place, resulting in setFirstResult() and setMaxResults() effectively being ignored for Oracle.",2007-09-20T19:07:08Z,2007-09-21T22:43:36Z,AFTER_RESOLUTION,530,1.0.0|1.0.1|1.1.0,1.0.1|1.1.0,1,1,1,openjpa-jdbc/src/main/java/org/apache/openjpa/jdbc/sql/OracleDictionary.java
12378834,OPENJPA-379,91917c406cd68298a501a2eea1605fdc4e8c73e2,2007-09-21T05:54:55Z,"OPENJPA-379. Creating the statement with the resultSetType, resultSetConcurrency specified consistent with the Kodos internal pool.",2007-09-21T05:18:25Z,2007-09-21T05:57:01Z,INSIDE_LIFECYCLE,,0.9.0|0.9.6|0.9.7|1.0.0,1.1.0,1,1,1,openjpa-lib/src/main/java/org/apache/openjpa/lib/jdbc/DelegatingConnection.java
12378883,OPENJPA-380,89b030c3d17855b38301bc84934d82bcc32b0ad1,2007-09-21T20:38:31Z,OPENJPA-380,2007-09-21T18:48:12Z,2007-09-21T21:54:01Z,INSIDE_LIFECYCLE,,0.9.0|0.9.6|0.9.7|1.0.0,1.0.1|1.1.0,5,4,3,openjpa-kernel/src/main/java/org/apache/openjpa/conf/OpenJPAConfiguration.java|openjpa-kernel/src/main/java/org/apache/openjpa/conf/OpenJPAConfigurationImpl.java|openjpa-kernel/src/main/java/org/apache/openjpa/kernel/AbstractBrokerFactory.java
12378997,OPENJPA-382,12840cafbf0b0ebe84c5d8fb76b38b4b1e543fce,2007-09-24T16:14:12Z,OPENJPA-382,2007-09-24T16:12:04Z,2011-02-25T16:32:58Z,INSIDE_LIFECYCLE,,,1.0.1|1.1.0,6,5,1,openjpa-persistence-jdbc/src/main/java/org/apache/openjpa/persistence/jdbc/XMLPersistenceMappingParser.java
12379111,OPENJPA-385,6f43ce7d40f545a2fd88f0feb752aab16985157c,2007-09-27T16:36:48Z,OPENJPA-385.  Committing changes for both 1.0.x and 1.1.0 to properly skip and optionally log malformed .class files.,2007-09-26T14:04:52Z,2007-09-27T19:20:29Z,INSIDE_LIFECYCLE,,1.0.0|1.0.1|1.1.0,1.0.1|1.1.0,2,2,2,openjpa-lib/src/main/java/org/apache/openjpa/lib/meta/ClassAnnotationMetaDataFilter.java|openjpa-persistence/src/main/java/org/apache/openjpa/persistence/PersistenceMetaDataFactory.java
12379198,OPENJPA-386,f06d862ec60cd1ab679152e0c7c6588c3b6282e1,2009-08-27T01:26:37Z,OPENJPA-386: Handle abstract and non abstract MappedSuperClasses identically. Submitted By: Jody Grassel,2007-09-27T14:26:06Z,2009-08-27T20:07:52Z,INSIDE_LIFECYCLE,,0.9.7|1.0.0|1.0.2|1.1.0|1.2.1,1.2.0|1.3.0|2.0.0-M3,5,5,1,openjpa-kernel/src/main/java/org/apache/openjpa/meta/ClassMetaData.java
12379251,OPENJPA-387,5a48e90100e6fdaa4cee76a1a927679cba0eefd7,2007-10-01T21:44:51Z,OPENJPA-387.  Committing the latest patch from Daniel (with slight modifications by me).,2007-09-28T01:24:51Z,2007-10-01T21:46:38Z,INSIDE_LIFECYCLE,,1.0.0,1.0.1|1.1.0,1,1,1,openjpa-lib/src/main/java/org/apache/openjpa/lib/conf/Configurations.java
12379307,OPENJPA-388,a92418ddd6d486cff60d3c377dda16149ca2297c,2007-09-28T17:13:41Z,OPENJPA-388,2007-09-28T16:51:47Z,2007-10-30T15:29:13Z,INSIDE_LIFECYCLE,,1.0.0,1.0.1|1.1.0,1,1,1,openjpa-jdbc/src/main/java/org/apache/openjpa/jdbc/ant/MappingToolTask.java
12379432,OPENJPA-389,fab1a92046f60999aa6428f2f27a9fdf1056bba4,2007-10-01T21:50:15Z,OPENJPA-389 et.commit() not issuing database commit for Native queries involving updates.,2007-10-01T19:49:53Z,2007-10-01T23:21:58Z,INSIDE_LIFECYCLE,,1.0.0|1.0.1|1.1.0,1.0.1|1.1.0,1,1,1,openjpa-jdbc/src/main/java/org/apache/openjpa/jdbc/kernel/SQLStoreQuery.java
12379672,OPENJPA-392,22e5530d0c819cfdc15e629d3c92657c8ed992dc,2007-10-04T14:44:37Z,OPENJPA-392,2007-10-04T14:40:31Z,2008-05-01T13:54:26Z,INSIDE_LIFECYCLE,,0.9.0|0.9.6|0.9.7|1.0.0,1.1.0,1,1,1,openjpa-persistence-jdbc/src/main/java/org/apache/openjpa/persistence/jdbc/AnnotationPersistenceMappingParser.java
12379868,OPENJPA-395,4fb0c28dc295eb9318fbf8f6c5f664e315f40b79,2007-10-08T14:41:14Z,"OPENJPA-395.  Use getShort instead of getInt for the KEY_SEQ, DEFFERABILITY, and DELETE_RULE metadata fields.",2007-10-08T14:03:55Z,2007-10-08T14:53:14Z,INSIDE_LIFECYCLE,,1.0.0|1.0.1|1.1.0,1.0.1|1.1.0,1,1,1,openjpa-jdbc/src/main/java/org/apache/openjpa/jdbc/sql/DBDictionary.java
12379870,OPENJPA-396,a1fb5b7f72e7947c30570b44feb6e0b9934d60d7,2007-10-08T21:06:45Z,"OPENJPA-396.  Going ahead with the commit of the patch.  Per the discussion in the Issue and the dev mailing list, I have added a few more comments to the clone() generation.  Thanks.",2007-10-08T14:14:22Z,2007-10-09T14:29:38Z,INSIDE_LIFECYCLE,,1.0.0|1.0.1|1.1.0,1.0.1|1.1.0,2,2,1,openjpa-kernel/src/main/java/org/apache/openjpa/util/ProxyManagerImpl.java
12379875,OPENJPA-397,8c6e31a1d98955516d9d66e292a186069cf1b13d,2007-10-08T15:36:49Z,OPENJPA-397,2007-10-08T15:18:08Z,2007-10-08T17:18:55Z,INSIDE_LIFECYCLE,,1.0.0,1.0.1|1.1.0,1,1,1,openjpa-jdbc/src/main/java/org/apache/openjpa/jdbc/ant/SchemaToolTask.java
12380120,OPENJPA-399,151cf2d034e904110ac1d19747319034943753de,2007-10-12T23:42:34Z,OPENJPA-399 committing Teresa's patch,2007-10-10T22:48:18Z,2007-12-13T15:10:08Z,INSIDE_LIFECYCLE,,1.0.1,1.0.1|1.1.0,15,12,6,openjpa-jdbc/src/main/java/org/apache/openjpa/jdbc/kernel/TableJDBCSeq.java|openjpa-jdbc/src/main/java/org/apache/openjpa/jdbc/schema/Column.java|openjpa-jdbc/src/main/java/org/apache/openjpa/jdbc/schema/LocalConstraint.java|openjpa-jdbc/src/main/java/org/apache/openjpa/jdbc/schema/SchemaGroup.java|openjpa-jdbc/src/main/java/org/apache/openjpa/jdbc/schema/SchemaTool.java|openjpa-jdbc/src/main/java/org/apache/openjpa/jdbc/schema/Table.java
12380120,OPENJPA-399,2d6fbb5d13861f3b2f28fbd2ad7b604a19c96904,2007-10-13T00:51:54Z,OPENJPA-399 Committing Teresa's patch,2007-10-10T22:48:18Z,2007-12-13T15:10:08Z,INSIDE_LIFECYCLE,,1.0.1,1.0.1|1.1.0,7,7,1,openjpa-jdbc/src/main/java/org/apache/openjpa/jdbc/schema/LocalConstraint.java
12380120,OPENJPA-399,a20d36c121387f0e2036069bbcf6a4458d3849f1,2007-10-18T01:37:58Z,OPENJPA-399.  Committing Teresa's most recent patch for this Issue.  Should be ready for resolution now.,2007-10-10T22:48:18Z,2007-12-13T15:10:08Z,INSIDE_LIFECYCLE,,1.0.1,1.0.1|1.1.0,4,4,4,openjpa-jdbc/src/main/java/org/apache/openjpa/jdbc/schema/SchemaGenerator.java|openjpa-jdbc/src/main/java/org/apache/openjpa/jdbc/sql/DB2Dictionary.java|openjpa-jdbc/src/main/java/org/apache/openjpa/jdbc/sql/DBDictionary.java|openjpa-jdbc/src/main/java/org/apache/openjpa/jdbc/sql/SQLServerDictionary.java
12380120,OPENJPA-399,6a26ae253154f94e39fbc686f636d8fb4a47d08c,2007-10-29T18:26:15Z,OPENJPA-399 committing Teresa's patch,2007-10-10T22:48:18Z,2007-12-13T15:10:08Z,INSIDE_LIFECYCLE,,1.0.1,1.0.1|1.1.0,3,3,3,openjpa-jdbc/src/main/java/org/apache/openjpa/jdbc/kernel/TableJDBCSeq.java|openjpa-jdbc/src/main/java/org/apache/openjpa/jdbc/sql/DB2Dictionary.java|openjpa-jdbc/src/main/java/org/apache/openjpa/jdbc/sql/DBDictionary.java
12380246,OPENJPA-401,31e436df3c015ff70a0ba4fa8e0ec493e4cef358,2007-10-12T15:36:08Z,OPENJPA-401,2007-10-12T15:35:41Z,2008-02-05T19:08:23Z,INSIDE_LIFECYCLE,,1.0.0,1.0.1|1.0.2|1.1.0,1,1,1,openjpa-jdbc/src/main/java/org/apache/openjpa/jdbc/ant/MappingToolTask.java
12380246,OPENJPA-401,5472692b411e87032a95e60ea0833b35b94695a0,2007-11-28T22:51:18Z,OPENJPA-401 Swapped the order of the class loaders since the previous fix for OPENJPA-401 was causing intermittent failures in loading metadata when the mappingtool task was being run.,2007-10-12T15:35:41Z,2008-02-05T19:08:23Z,INSIDE_LIFECYCLE,,1.0.0,1.0.1|1.0.2|1.1.0,1,1,1,openjpa-jdbc/src/main/java/org/apache/openjpa/jdbc/ant/MappingToolTask.java
12380246,OPENJPA-401,b92f6420af0222aa71877aa737d3456f000bb409,2008-02-05T18:58:09Z,OPENJPA-401 making temporary classloader optional for MappingTool ant task,2007-10-12T15:35:41Z,2008-02-05T19:08:23Z,INSIDE_LIFECYCLE,,1.0.0,1.0.1|1.0.2|1.1.0,1,1,1,openjpa-jdbc/src/main/java/org/apache/openjpa/jdbc/ant/MappingToolTask.java
12380369,OPENJPA-402,cc5e5a36fa28670e6e6bb1a74eae359a2c6cd8ab,2007-10-13T16:12:35Z,OPENJPA-402 Complete .class file read in ZipFileMetaDataIterator,2007-10-13T03:16:01Z,2007-10-15T16:57:58Z,INSIDE_LIFECYCLE,,1.0.1|1.1.0,1.0.1|1.1.0,1,1,1,openjpa-lib/src/main/java/org/apache/openjpa/lib/meta/ZipFileMetaDataIterator.java
12380475,OPENJPA-403,09c894a368c7956e2490eeadc2002a6612ebbe8e,2007-10-15T23:21:30Z,OPENJPA-403. Assuming that ignoring the new code is sufficient in cases where the fetch configuration is unavailable.,2007-10-15T19:48:38Z,2007-10-18T15:33:58Z,INSIDE_LIFECYCLE,,1.0.1|1.1.0,1.0.1|1.1.0,2,2,1,openjpa-kernel/src/main/java/org/apache/openjpa/kernel/StateManagerImpl.java
12380777,OPENJPA-410,ba6274a19e6255e384c27a0d6cf9ffe5290beec0,2007-10-19T19:37:44Z,"OPENJPA-410.  Committing the change to make the ""connecting to database"" message a Trace message instead of an Info message.",2007-10-19T13:25:13Z,2007-10-29T20:14:30Z,INSIDE_LIFECYCLE,,1.0.0|1.0.1|1.1.0,1.0.1|1.1.0,1,1,1,openjpa-jdbc/src/main/java/org/apache/openjpa/jdbc/conf/JDBCConfigurationImpl.java
12380988,OPENJPA-413,b50c73f35711d2d965dfa4fe9918f14504d628b7,2007-10-25T22:14:55Z,OPENJPA-413. Some more clarifications in confusing error messages.,2007-10-23T15:31:17Z,2007-10-30T15:29:52Z,INSIDE_LIFECYCLE,,1.0.0,1.0.1|1.1.0,3,2,2,openjpa-kernel/src/main/java/org/apache/openjpa/kernel/AttachStrategy.java|openjpa-kernel/src/main/java/org/apache/openjpa/kernel/SingleFieldManager.java
12381075,OPENJPA-415,1af3d93ca73f0b315d11229dab94709c235e164d,2007-10-25T00:04:51Z,OPENJPA-415 remove AbstractResultList.finalize() method.,2007-10-24T15:58:01Z,2007-10-26T13:55:52Z,INSIDE_LIFECYCLE,,1.0.1|1.1.0,1.0.1|1.1.0,1,1,1,openjpa-lib/src/main/java/org/apache/openjpa/lib/rop/AbstractResultList.java
12381084,OPENJPA-416,9e5cc06fcb99006eea60d88c91451b2ea86331ca,2007-10-24T18:09:01Z,OPENJPA-416,2007-10-24T18:07:27Z,2007-10-24T18:09:34Z,INSIDE_LIFECYCLE,,0.9.6|0.9.7|1.0.0,1.0.1|1.1.0,4,3,1,openjpa-kernel/src/main/java/org/apache/openjpa/meta/FieldMetaData.java
12381214,OPENJPA-419,e487d35da68bc0332546d1a16f0cdc9e9baa64f0,2007-10-26T05:39:48Z,OPENJPA-419,2007-10-26T05:24:37Z,2008-02-04T19:20:10Z,INSIDE_LIFECYCLE,,0.9.0|0.9.6|0.9.7|1.0.0,1.0.2|1.1.0,2,2,1,openjpa-kernel/src/main/java/org/apache/openjpa/kernel/AttachStrategy.java
12349437,OPENJPA-42,25e80a994e6e50afb0e146066cf6e0185e4b8af7,2006-09-10T23:24:02Z,OPENJPA-42 Check for the existence of superclass metadata in getSuperclassField so we throw a better exception than an NPE if it doesn't exist.,2006-09-07T22:26:45Z,2006-09-10T23:22:50Z,AFTER_RESOLUTION,0,,,1,1,1,openjpa-kernel/src/main/java/org/apache/openjpa/meta/ClassMetaData.java
12381222,OPENJPA-420,64d0ea816673b6f36f88c363891ecb2136993dda,2008-01-31T19:41:46Z,"OPENJPA-135, OPENJPA-420 Merge from ../branches/1.0.x. svn merge -c 617164",2007-10-26T07:46:48Z,2008-01-31T19:43:16Z,INSIDE_LIFECYCLE,,1.0.0,1.0.2|1.1.0,2,2,1,openjpa-kernel/src/main/java/org/apache/openjpa/kernel/jpql/JPQLExpressionBuilder.java
12381285,OPENJPA-421,2f2e39991d5c6485183d03c3d1051f4fb5ce0ee9,2007-10-29T16:23:17Z,OPENJPA-421.  Committing Daniel's changes to ensure that the datasource configuration is complete before attempting to generate SQL.,2007-10-27T00:35:24Z,2007-10-29T20:13:42Z,INSIDE_LIFECYCLE,,1.0.0|1.0.1|1.1.0,1.0.1|1.1.0,2,1,1,openjpa-jdbc/src/main/java/org/apache/openjpa/jdbc/schema/DataSourceFactory.java
12381307,OPENJPA-422,ddd0791346cfdce3612e60608d35e5c952deb898,2007-10-27T20:18:56Z,OPENJPA-422.  The reproxy() method needed the Calendar object type in it's switch statement.,2007-10-27T19:51:26Z,2007-10-27T20:20:33Z,INSIDE_LIFECYCLE,,1.0.0,1.0.1|1.1.0,1,1,1,openjpa-kernel/src/main/java/org/apache/openjpa/kernel/DetachManager.java
12381324,OPENJPA-423,80d2c39020e4aa201d1bc066db6d97044863e1a1,2007-10-29T15:48:31Z,OPENJPA-423,2007-10-28T13:58:06Z,2007-10-29T15:48:45Z,INSIDE_LIFECYCLE,,0.9.6|0.9.7|1.0.0,1.0.1|1.1.0,3,3,3,openjpa-jdbc/src/main/java/org/apache/openjpa/jdbc/kernel/TableJDBCSeq.java|openjpa-jdbc/src/main/java/org/apache/openjpa/jdbc/sql/DBDictionary.java|openjpa-jdbc/src/main/java/org/apache/openjpa/jdbc/sql/HSQLDictionary.java
12381620,OPENJPA-427,4a8d0b798b2b292f9a8a5c234dd446b566cb7274,2007-11-15T18:14:55Z,OPENJPA-427 Change maxAutoAssignNameLength to 63 for PostgreSQL,2007-11-01T13:58:20Z,2007-11-15T18:16:34Z,INSIDE_LIFECYCLE,,1.0.0|1.1.0,1.1.0,1,1,1,openjpa-jdbc/src/main/java/org/apache/openjpa/jdbc/sql/PostgresDictionary.java
12381637,OPENJPA-428,4f930b1c29d0dc2502e640e97ea5c0bce03b8086,2012-08-08T18:02:44Z,OPENJPA-428 - Remove Id property from remaining map in Configurations,2007-11-01T17:39:40Z,2012-08-08T18:04:01Z,INSIDE_LIFECYCLE,,1.0.0,,4,4,2,openjpa-lib/src/main/java/org/apache/openjpa/lib/conf/ConfigurationImpl.java|openjpa-lib/src/main/java/org/apache/openjpa/lib/conf/Configurations.java
12382100,OPENJPA-437,7f797f0226382b919e7353060d108d9e519e90dc,2008-01-17T15:35:45Z,OPENJPA-437.  Changed AbstractBrokerFactory.loadPersistentTypes to be synchronized to get around the multi-threading issue during broker creation.,2007-11-08T14:23:02Z,2008-01-25T21:52:10Z,INSIDE_LIFECYCLE,,1.0.0|1.0.1|1.0.2|1.1.0,1.0.2|1.1.0,1,1,1,openjpa-kernel/src/main/java/org/apache/openjpa/kernel/AbstractBrokerFactory.java
12382100,OPENJPA-437,2a45dc5929232f897d20240d2891836dabff020d,2008-01-25T19:41:47Z,OPENJPA-437,2007-11-08T14:23:02Z,2008-01-25T21:52:10Z,INSIDE_LIFECYCLE,,1.0.0|1.0.1|1.0.2|1.1.0,1.0.2|1.1.0,1,1,1,openjpa-kernel/src/main/java/org/apache/openjpa/kernel/AbstractBrokerFactory.java
12382100,OPENJPA-437,78f5a95b2b21290f26e467de86bc97db483ee52c,2008-01-25T21:52:05Z,OPENJPA-437,2007-11-08T14:23:02Z,2008-01-25T21:52:10Z,INSIDE_LIFECYCLE,,1.0.0|1.0.1|1.0.2|1.1.0,1.0.2|1.1.0,1,1,1,openjpa-kernel/src/main/java/org/apache/openjpa/kernel/AbstractBrokerFactory.java
12382100,OPENJPA-437,37c4e9148a7c6246c339a8b87285b686a8d812ae,2008-01-25T21:53:57Z,OPENJPA-437. Trivial change to be consistent with class usage between constructor and symbolic constant.,2007-11-08T14:23:02Z,2008-01-25T21:52:10Z,AFTER_RESOLUTION,0,1.0.0|1.0.1|1.0.2|1.1.0,1.0.2|1.1.0,1,1,1,openjpa-kernel/src/main/java/org/apache/openjpa/kernel/AbstractBrokerFactory.java
12382100,OPENJPA-437,badc4b924fb4f3632b2d74439b9ee0b5904ef962,2008-01-30T19:03:48Z,"OPENJPA-437. Reverted back to hard-reference ArrayList instead of a concurrent set, since the new logic only performs local mutation.",2007-11-08T14:23:02Z,2008-01-25T21:52:10Z,AFTER_RESOLUTION,117,1.0.0|1.0.1|1.0.2|1.1.0,1.0.2|1.1.0,1,1,1,openjpa-kernel/src/main/java/org/apache/openjpa/kernel/AbstractBrokerFactory.java
12382245,OPENJPA-439,80269d0f1932a57779128c7c3c9432a646bebd94,2007-11-12T17:57:50Z,OPENJPA-439,2007-11-10T00:43:44Z,2007-11-12T17:58:02Z,INSIDE_LIFECYCLE,,0.9.0|0.9.6|0.9.7|1.0.0|1.0.1|1.0.2|1.1.0,1.1.0,1,1,1,openjpa-kernel/src/main/java/org/apache/openjpa/kernel/BrokerImpl.java
12349669,OPENJPA-44,9174b3f1742e0d17eeaa874690cf2dca2752b97d,2008-07-28T21:56:58Z,OPENJPA-44: Support 'metadata-complete' attribute to ignore class-level annotations.,2006-09-11T23:08:07Z,2008-07-28T22:50:04Z,INSIDE_LIFECYCLE,,,1.2.0,1,1,1,openjpa-persistence/src/main/java/org/apache/openjpa/persistence/XMLPersistenceMetaDataParser.java
12382539,OPENJPA-442,a35b53b27f1ad9b72ac2ae715031f5dfccd9b1e9,2008-04-20T18:09:19Z,OPENJPA-442 committing patch provided by Teresa Kan,2007-11-14T18:54:23Z,2008-04-20T19:08:13Z,INSIDE_LIFECYCLE,,1.1.0|1.2.0,1.2.0,1,1,1,openjpa-persistence/src/main/java/org/apache/openjpa/persistence/QueryImpl.java
12382539,OPENJPA-442,016f0bf61ecbfcacbbfe94a7bf5f3754440f7245,2008-04-20T19:09:19Z,OPENJPA-442 deprecating and adding javadoc,2007-11-14T18:54:23Z,2008-04-20T19:08:13Z,AFTER_RESOLUTION,0,1.1.0|1.2.0,1.2.0,1,1,1,openjpa-persistence/src/main/java/org/apache/openjpa/persistence/QueryImpl.java
12382814,OPENJPA-446,e1dccc1872e9fa517851e54dccd5d6e264c5caba,2007-11-20T16:17:57Z,OPENJPA-446,2007-11-19T19:50:59Z,2007-11-20T16:35:20Z,INSIDE_LIFECYCLE,,1.0.1,1.0.2|1.1.0,3,3,1,openjpa-kernel/src/main/java/org/apache/openjpa/kernel/DetachedStateManager.java
12382839,OPENJPA-447,d4e978f5aeb420aa295a166e0f35770e5b181932,2007-11-20T03:05:36Z,OPENJPA-447. It looks like some of our DBDictionaries might not be handling ranging properly even after this fix.,2007-11-20T03:04:33Z,2008-02-07T01:44:37Z,INSIDE_LIFECYCLE,,1.1.0,1.0.2|1.1.0,5,5,5,openjpa-jdbc/src/main/java/org/apache/openjpa/jdbc/sql/AbstractSQLServerDictionary.java|openjpa-jdbc/src/main/java/org/apache/openjpa/jdbc/sql/H2Dictionary.java|openjpa-jdbc/src/main/java/org/apache/openjpa/jdbc/sql/HSQLDictionary.java|openjpa-jdbc/src/main/java/org/apache/openjpa/jdbc/sql/MySQLDictionary.java|openjpa-jdbc/src/main/java/org/apache/openjpa/jdbc/sql/PostgresDictionary.java
12383365,OPENJPA-455,55720f220bb769a21cb3161f240a9f7937d27dd6,2007-11-28T23:13:50Z,OPENJPA-455,2007-11-27T23:44:28Z,2008-01-30T06:30:46Z,INSIDE_LIFECYCLE,,1.0.0|1.0.1,1.1.0,2,2,2,openjpa-jdbc/src/main/java/org/apache/openjpa/jdbc/sql/DBDictionary.java|openjpa-jdbc/src/main/java/org/apache/openjpa/jdbc/sql/MySQLDictionary.java
12383584,OPENJPA-456,e503930afa3b607e55818d38f11ff9205553807a,2007-12-05T15:57:23Z,OPENJPA-456 committing patch provided by Teresa Kan,2007-11-30T05:11:14Z,2008-04-20T19:00:07Z,INSIDE_LIFECYCLE,,1.1.0,1.1.0|1.2.0,1,1,1,openjpa-persistence-jdbc/src/main/java/org/apache/openjpa/persistence/jdbc/PersistenceMappingDefaults.java
12383584,OPENJPA-456,45eb530812221b3e2b0a4d095a703ea4b95a6f2a,2007-12-12T14:59:12Z,OPENJPA-456 committing patch provided by Teresa Kan,2007-11-30T05:11:14Z,2008-04-20T19:00:07Z,INSIDE_LIFECYCLE,,1.1.0,1.1.0|1.2.0,1,1,1,openjpa-persistence-jdbc/src/main/java/org/apache/openjpa/persistence/jdbc/PersistenceMappingDefaults.java
12383824,OPENJPA-458,a8e0dc180e8b360c4e72eca7c131b2826eceaedd,2008-06-17T20:07:12Z,OPENJPA-458: Amplified SQL Exception processing. Introduced a new sql-error-state-codes.xml to specify database specific error code for different types of Store exceptions. This helps to narrow SQL exception to a specific errors which bubble up to user application.,2007-12-03T21:47:17Z,2008-07-16T02:37:09Z,INSIDE_LIFECYCLE,,1.0.1,1.2.0,10,9,5,openjpa-jdbc/src/main/java/org/apache/openjpa/jdbc/sql/DBDictionary.java|openjpa-jdbc/src/main/java/org/apache/openjpa/jdbc/sql/DerbyDictionary.java|openjpa-jdbc/src/main/java/org/apache/openjpa/jdbc/sql/SQLErrorCodeReader.java|openjpa-jdbc/src/main/java/org/apache/openjpa/jdbc/sql/SQLExceptions.java|openjpa-persistence/src/main/java/org/apache/openjpa/persistence/PersistenceExceptions.java
12383824,OPENJPA-458,2ed656a2a0bdf6bc719fab7d7870974fbe8b1fbc,2008-07-22T23:54:44Z,OPENJPA-458. Adding license header to new file.,2007-12-03T21:47:17Z,2008-07-16T02:37:09Z,AFTER_RESOLUTION,165,1.0.1,1.2.0,1,1,1,openjpa-jdbc/src/main/java/org/apache/openjpa/jdbc/sql/SQLErrorCodeReader.java
12383999,OPENJPA-459,70fc46f93eab6364e8062cc857ae27dafbc3449f,2009-11-12T06:35:31Z,OPENJPA-459: Bulk update using a join instead of a subselect,2007-12-05T16:38:29Z,2009-11-12T06:39:24Z,INSIDE_LIFECYCLE,,1.0.0,2.0.0-beta,2,2,1,openjpa-jdbc/src/main/java/org/apache/openjpa/jdbc/sql/DBDictionary.java
12383999,OPENJPA-459,123e0b61202ec1cfd6632736954bd80d65d3f8b3,2009-12-03T06:36:36Z,OPENJPA-459: fix bulkUpdate for DB2,2007-12-05T16:38:29Z,2009-11-12T06:39:24Z,AFTER_RESOLUTION,503,1.0.0,2.0.0-beta,2,2,2,openjpa-jdbc/src/main/java/org/apache/openjpa/jdbc/sql/DBDictionary.java|openjpa-jdbc/src/main/java/org/apache/openjpa/jdbc/sql/MySQLDictionary.java
12384032,OPENJPA-460,d3fb4cabf89d9c80054a481cc6679158be665402,2007-12-05T23:37:34Z,"OPENJPA-460 Can't convert to: Time, InformixDictionary needs timeTypeName set to ""DATETIME HOUR TO SECOND""",2007-12-05T23:21:59Z,2007-12-05T23:48:40Z,INSIDE_LIFECYCLE,,1.1.0,1.1.0,1,1,1,openjpa-jdbc/src/main/java/org/apache/openjpa/jdbc/sql/InformixDictionary.java
12384082,OPENJPA-462,a54f84262450b1cafe497ed0b058f1e9bd5f31bc,2007-12-10T19:15:35Z,OPENJPA-462: Narrow StoreException by SQLException.getSQLState(),2007-12-06T14:56:33Z,2008-07-16T02:37:34Z,INSIDE_LIFECYCLE,,0.9.7,1.2.0,4,4,4,openjpa-jdbc/src/main/java/org/apache/openjpa/jdbc/sql/DBDictionary.java|openjpa-jdbc/src/main/java/org/apache/openjpa/jdbc/sql/SQLExceptions.java|openjpa-kernel/src/main/java/org/apache/openjpa/util/ObjectExistsException.java|openjpa-persistence/src/main/java/org/apache/openjpa/persistence/PersistenceExceptions.java
12384082,OPENJPA-462,38f41d870ee28de236a4bde5fa5331c04771eebf,2007-12-10T20:11:22Z,OPENJPA-462: Adding SQLState in DerbyDictionary to demonstrate specialization,2007-12-06T14:56:33Z,2008-07-16T02:37:34Z,INSIDE_LIFECYCLE,,0.9.7,1.2.0,2,2,2,openjpa-jdbc/src/main/java/org/apache/openjpa/jdbc/sql/DBDictionary.java|openjpa-jdbc/src/main/java/org/apache/openjpa/jdbc/sql/DerbyDictionary.java
12384438,OPENJPA-464,8d18daabd722e39dae258ab33f74c561b4965496,2008-01-23T23:25:56Z,OPENJPA-464 committing patch provided by Teresa Kan,2007-12-11T22:03:56Z,2008-02-07T22:53:46Z,INSIDE_LIFECYCLE,,1.1.0,1.1.0,10,6,6,openjpa-jdbc/src/main/java/org/apache/openjpa/jdbc/conf/JDBCConfigurationImpl.java|openjpa-jdbc/src/main/java/org/apache/openjpa/jdbc/kernel/BatchingConstraintUpdateManager.java|openjpa-jdbc/src/main/java/org/apache/openjpa/jdbc/kernel/BatchingPreparedStatementManagerImpl.java|openjpa-jdbc/src/main/java/org/apache/openjpa/jdbc/sql/DB2Dictionary.java|openjpa-jdbc/src/main/java/org/apache/openjpa/jdbc/sql/DBDictionary.java|openjpa-jdbc/src/main/java/org/apache/openjpa/jdbc/sql/OracleDictionary.java
12384438,OPENJPA-464,81cb7e17f98946e4455e055f075d958900c2f576,2008-02-07T22:11:21Z,OPENJPA-464 commiting patch provided by Teresa Kan,2007-12-11T22:03:56Z,2008-02-07T22:53:46Z,INSIDE_LIFECYCLE,,1.1.0,1.1.0,3,2,2,openjpa-jdbc/src/main/java/org/apache/openjpa/jdbc/conf/JDBCConfigurationImpl.java|openjpa-jdbc/src/main/java/org/apache/openjpa/jdbc/kernel/BatchingOperationOrderUpdateManager.java
12384540,OPENJPA-466,679989fd16a96bd9f94c0a68face0374dfaa2b44,2009-02-19T05:34:30Z,OPENJPA-466 - Commit patch contributed by Tim McConnell.,2007-12-13T02:40:28Z,2009-10-31T21:13:01Z,INSIDE_LIFECYCLE,,1.0.0|1.0.1|1.1.0|1.2.0,1.0.4|1.2.2|1.3.0|2.0.0-M3,4,4,1,openjpa-jdbc/src/main/java/org/apache/openjpa/jdbc/kernel/NativeJDBCSeq.java
12384540,OPENJPA-466,13819e01f7d57a59ebc945e4bd33b4b4882863bf,2009-05-12T17:43:28Z,OPENJPA-466: Get rid of possible duplicate sequence values,2007-12-13T02:40:28Z,2009-10-31T21:13:01Z,INSIDE_LIFECYCLE,,1.0.0|1.0.1|1.1.0|1.2.0,1.0.4|1.2.2|1.3.0|2.0.0-M3,2,2,2,openjpa-jdbc/src/main/java/org/apache/openjpa/jdbc/kernel/AbstractJDBCSeq.java|openjpa-jdbc/src/main/java/org/apache/openjpa/jdbc/kernel/NativeJDBCSeq.java
12384540,OPENJPA-466,47173558ef9f0a570e931c2d6d1e395f4bbf688d,2009-07-13T14:54:26Z,OPENJPA-466: Synchronize the call to obtain the next sequence value. Submitted by: Tim McConnell. 	modified:   openjpa-jdbc/src/main/java/org/apache/openjpa/jdbc/kernel/NativeJDBCSeq.java,2007-12-13T02:40:28Z,2009-10-31T21:13:01Z,INSIDE_LIFECYCLE,,1.0.0|1.0.1|1.1.0|1.2.0,1.0.4|1.2.2|1.3.0|2.0.0-M3,1,1,1,openjpa-jdbc/src/main/java/org/apache/openjpa/jdbc/kernel/NativeJDBCSeq.java
12384952,OPENJPA-470,ab88266f2aa9f0a95baa64f264efeb3ff79665b2,2007-12-19T20:19:49Z,"OPENJPA-470. Added test case for custom sequence implementations, and updated docs with the current parentheses limitation.",2007-12-19T11:35:27Z,2008-07-16T05:32:09Z,INSIDE_LIFECYCLE,,0.9.0|0.9.6|0.9.7|1.0.0|1.0.1,1.2.0,5,4,1,openjpa-lib/src/main/java/org/apache/openjpa/lib/conf/ConfigurationImpl.java
12384980,OPENJPA-471,0d3bc96fcb3ce692bf088c5cab91cfa309013a32,2008-01-10T06:55:17Z,OPENJPA-471 iSeries DB2 problem with using @GeneratedValue(strategy=GenerationType.IDENTITY) or @GeneratedValue(strategy=GenerationType.SEQUENCE),2007-12-19T18:04:27Z,2008-01-10T07:06:37Z,INSIDE_LIFECYCLE,,1.0.1,1.0.2|1.1.0,1,1,1,openjpa-jdbc/src/main/java/org/apache/openjpa/jdbc/sql/DB2Dictionary.java
12385941,OPENJPA-481,d4a2929a579f5a484ee5893330bb88cc64464aa0,2008-01-10T20:44:35Z,OPENJPA-147 -- managed interface support. Also includes failure test case for OPENJPA-481.,2008-01-10T02:35:18Z,2008-08-01T19:33:28Z,INSIDE_LIFECYCLE,,1.1.0,,30,28,15,openjpa-kernel/src/main/java/org/apache/openjpa/enhance/PCEnhancer.java|openjpa-kernel/src/main/java/org/apache/openjpa/enhance/PCRegistry.java|openjpa-kernel/src/main/java/org/apache/openjpa/kernel/Broker.java|openjpa-kernel/src/main/java/org/apache/openjpa/kernel/BrokerImpl.java|openjpa-kernel/src/main/java/org/apache/openjpa/kernel/StateManagerImpl.java|openjpa-kernel/src/main/java/org/apache/openjpa/meta/AbstractMetaDataDefaults.java|openjpa-kernel/src/main/java/org/apache/openjpa/meta/ClassMetaData.java|openjpa-kernel/src/main/java/org/apache/openjpa/meta/InterfaceImplGenerator.java|openjpa-kernel/src/main/java/org/apache/openjpa/meta/MetaDataRepository.java|openjpa-kernel/src/main/java/org/apache/openjpa/util/ApplicationIds.java|openjpa-persistence/src/main/java/org/apache/openjpa/persistence/AnnotationPersistenceMetaDataParser.java|openjpa-persistence/src/main/java/org/apache/openjpa/persistence/ManagedInterface.java|openjpa-persistence/src/main/java/org/apache/openjpa/persistence/MetaDataTag.java|openjpa-persistence/src/main/java/org/apache/openjpa/persistence/OpenJPAEntityManager.java|openjpa-persistence/src/main/java/org/apache/openjpa/persistence/PersistenceMetaDataDefaults.java
12386057,OPENJPA-484,6bb87e620310fbd6be0493485dca9e9bc910985c,2008-02-20T21:58:01Z,OPENJPA-484. Also added 'h2' as an alias for H2Dictionary in the DBDictionary property.,2008-01-11T15:31:07Z,2008-02-20T22:48:42Z,INSIDE_LIFECYCLE,,1.0.1|1.1.0,1.1.0,3,3,3,openjpa-jdbc/src/main/java/org/apache/openjpa/jdbc/conf/JDBCConfigurationImpl.java|openjpa-jdbc/src/main/java/org/apache/openjpa/jdbc/sql/DBDictionaryFactory.java|openjpa-jdbc/src/main/java/org/apache/openjpa/jdbc/sql/H2Dictionary.java
12386206,OPENJPA-485,8cb82a6f330d3fb6032750fc94236ffaa43ad01a,2008-08-01T19:03:34Z,OPENJPA-485: ORDER BY clause in JPQL generates syntactically wrong SQL for TABLE_PER_CLASS inheritance hierarchy,2008-01-14T18:06:43Z,2008-08-01T19:31:08Z,INSIDE_LIFECYCLE,,,1.2.0|1.3.0,3,3,1,openjpa-jdbc/src/main/java/org/apache/openjpa/jdbc/kernel/exps/PCPath.java
12386206,OPENJPA-485,b683569de095f7e9d24606816f5d09d88e12f3e2,2008-08-05T03:19:13Z,OPENJPA-485: OPENJPA-497: Saving NPE,2008-01-14T18:06:43Z,2008-08-01T19:31:08Z,AFTER_RESOLUTION,79,,1.2.0|1.3.0,2,2,2,openjpa-jdbc/src/main/java/org/apache/openjpa/jdbc/kernel/exps/PCPath.java|openjpa-persistence/src/main/java/org/apache/openjpa/persistence/QueryImpl.java
12386336,OPENJPA-489,8c4cf9511edfc1a505ae639204b14f06a12ce739,2008-01-16T03:49:23Z,"OPENJPA-488, OPENJPA-489, OPENJPA-490, OPENJPA-491, OPENJPA-492",2008-01-16T01:55:24Z,2008-01-16T03:51:58Z,INSIDE_LIFECYCLE,,1.0.0|1.0.1,1.1.0,14,13,8,openjpa-jdbc/src/main/java/org/apache/openjpa/jdbc/sql/AbstractDB2Dictionary.java|openjpa-jdbc/src/main/java/org/apache/openjpa/jdbc/sql/AbstractSQLServerDictionary.java|openjpa-jdbc/src/main/java/org/apache/openjpa/jdbc/sql/AccessDictionary.java|openjpa-jdbc/src/main/java/org/apache/openjpa/jdbc/sql/DBDictionary.java|openjpa-jdbc/src/main/java/org/apache/openjpa/jdbc/sql/H2Dictionary.java|openjpa-jdbc/src/main/java/org/apache/openjpa/jdbc/sql/OracleDictionary.java|openjpa-kernel/src/main/java/org/apache/openjpa/kernel/exps/ExpressionFactory.java|openjpa-kernel/src/main/java/org/apache/openjpa/kernel/jpql/JPQLExpressionBuilder.java
12386336,OPENJPA-489,206f0f04e1d6d28b7a1a8c7166bf7e5e366b5dde,2008-01-16T04:35:26Z,"OPENJPA-488, OPENJPA-489, OPENJPA-490, OPENJPA-491, OPENJPA-492. Reduce logging in test case; use onlyChild() to validate tree structure.",2008-01-16T01:55:24Z,2008-01-16T03:51:58Z,AFTER_RESOLUTION,0,1.0.0|1.0.1,1.1.0,2,2,1,openjpa-kernel/src/main/java/org/apache/openjpa/kernel/jpql/JPQLExpressionBuilder.java
12386431,OPENJPA-495,240d356314bb8662101ac87c1e2e97ebf829c4b2,2008-01-16T22:01:42Z,OPENJPA-495 Populate Ordering/ProjectClauses from JPQL parser to be used for merging multiple ordered results,2008-01-16T21:40:45Z,2008-06-19T12:05:45Z,INSIDE_LIFECYCLE,,,,2,2,2,openjpa-kernel/src/main/java/org/apache/openjpa/kernel/ExpressionStoreQuery.java|openjpa-kernel/src/main/java/org/apache/openjpa/kernel/jpql/JPQLExpressionBuilder.java
12386583,OPENJPA-497,45651cee86e2b0fd09d9ba131c25b5f668c0412d,2008-08-02T13:58:56Z,OPENJPA-497: TemporalType conversion at facade level Query. Also includes extensive changes in parameter validation logic and data structure.,2008-01-18T08:11:05Z,2008-08-02T14:00:01Z,INSIDE_LIFECYCLE,,1.0.1,1.3.0,8,7,1,openjpa-persistence/src/main/java/org/apache/openjpa/persistence/QueryImpl.java
12386583,OPENJPA-497,b683569de095f7e9d24606816f5d09d88e12f3e2,2008-08-05T03:19:13Z,OPENJPA-485: OPENJPA-497: Saving NPE,2008-01-18T08:11:05Z,2008-08-02T14:00:01Z,AFTER_RESOLUTION,61,1.0.1,1.3.0,2,2,2,openjpa-jdbc/src/main/java/org/apache/openjpa/jdbc/kernel/exps/PCPath.java|openjpa-persistence/src/main/java/org/apache/openjpa/persistence/QueryImpl.java
12386661,OPENJPA-498,92d1334e52ad95bc637260eb60b32b03598e61b8,2008-01-19T00:55:19Z,OPENJPA-498. Resolve this by not removing if the prop is not set; the prop in question is only ever set internally anyways when EMF pooling is enabled.,2008-01-19T00:52:23Z,2008-01-21T18:51:19Z,INSIDE_LIFECYCLE,,1.1.0,1.1.0,1,1,1,openjpa-lib/src/main/java/org/apache/openjpa/lib/conf/Configurations.java
12387408,OPENJPA-505,0b4ce34920fbf2fb358447bd1aa209d03098b8f3,2008-01-30T06:49:26Z,OPENJPA-505. Committing on behalf of joe@bea.com (Joe Weinstein).,2008-01-29T21:23:41Z,2008-01-31T00:41:46Z,INSIDE_LIFECYCLE,,1.1.0,1.1.0,1,1,1,openjpa-jdbc/src/main/java/org/apache/openjpa/jdbc/sql/DBDictionary.java
12387408,OPENJPA-505,70f3a94b36c3fc63924dd0748513023fd8372faa,2008-01-30T20:01:09Z,OPENJPA-505.  Resolving some formatting issues with the r616658 commit.,2008-01-29T21:23:41Z,2008-01-31T00:41:46Z,INSIDE_LIFECYCLE,,1.1.0,1.1.0,1,1,1,openjpa-jdbc/src/main/java/org/apache/openjpa/jdbc/sql/DBDictionary.java
12387565,OPENJPA-506,a747db9443a0408c58221d36ce9c6103e8010be2,2008-02-01T15:46:51Z,"OPENJPA-506. svn merge -c 617334 ../branches/1.0.x; svn merge -c 617363 ../branches/1.0.x, plus modifications for serialization.",2008-01-31T18:41:15Z,2008-02-01T16:08:40Z,INSIDE_LIFECYCLE,,1.1.0,1.0.2|1.1.0,11,10,6,openjpa-kernel/src/main/java/org/apache/openjpa/event/LifecycleEvent.java|openjpa-kernel/src/main/java/org/apache/openjpa/event/LifecycleEventManager.java|openjpa-kernel/src/main/java/org/apache/openjpa/kernel/StateManagerImpl.java|openjpa-kernel/src/main/java/org/apache/openjpa/kernel/VersionAttachStrategy.java|openjpa-kernel/src/main/java/org/apache/openjpa/util/ImplHelper.java|openjpa-persistence/src/main/java/org/apache/openjpa/persistence/MetaDataParsers.java
12387565,OPENJPA-506,3f439edc57637940063ce9c72a1c528587e165ff,2008-02-05T23:26:33Z,OPENJPA-506. Fixed behaviors for global listeners to get TCK working on trunk again. It turns out that global listeners and per-instance listeners are bound into the OpenJPA event framework differently.,2008-01-31T18:41:15Z,2008-02-01T16:08:40Z,AFTER_RESOLUTION,103,1.1.0,1.0.2|1.1.0,12,10,5,openjpa-kernel/src/main/java/org/apache/openjpa/event/LifecycleEventManager.java|openjpa-kernel/src/main/java/org/apache/openjpa/event/PostDeleteListener.java|openjpa-kernel/src/main/java/org/apache/openjpa/event/PostPersistListener.java|openjpa-kernel/src/main/java/org/apache/openjpa/event/UpdateListener.java|openjpa-persistence/src/main/java/org/apache/openjpa/persistence/PersistenceListenerAdapter.java
12387668,OPENJPA-508,18c90bbd0be9031ca3f32f0f19c2c48221c3834f,2008-02-02T06:42:20Z,OPENJPA-508 Merge from ../branches/1.0.x. svn merge -c 617760 ../branches/1.0.x,2008-02-01T20:45:49Z,2008-02-02T06:43:33Z,INSIDE_LIFECYCLE,,1.0.0|1.0.1,1.0.2|1.1.0,2,2,1,openjpa-jdbc/src/main/java/org/apache/openjpa/jdbc/kernel/exps/SelectConstructor.java
12387914,OPENJPA-509,024faa31d75a55a619b1e59ff40b7523c24c4c84,2008-02-05T21:53:39Z,OPENJPA-509 Fix & Test for insertion of MappedSuperClass-Entity-Embedded domain model insertion failure.,2008-02-05T21:27:58Z,2008-06-19T12:15:55Z,INSIDE_LIFECYCLE,,,1.1.0,5,5,1,openjpa-jdbc/src/main/java/org/apache/openjpa/jdbc/meta/strats/EmbedFieldStrategy.java
12350212,OPENJPA-51,d5d214c1821cb78f4bf644cf0c1fe2d5cb092f69,2007-05-02T21:35:55Z,Fix for issue OPENJPA-51. It should also resolve issue OPENJPA-173.,2006-09-19T01:12:45Z,2008-07-14T04:10:09Z,INSIDE_LIFECYCLE,,1.0.0|1.0.1|1.0.2|1.0.3|1.0.4|1.1.0|1.2.0,1.0.3|1.2.0,1,1,1,openjpa-jdbc/src/main/java/org/apache/openjpa/jdbc/sql/SelectImpl.java
12350212,OPENJPA-51,a044af3287e0ec164de9d0b6841998369860045f,2007-05-02T22:53:39Z,Fix for issue OPENJPA-51. It should also resolve issue OPENJPA-173. Change to use BitSet.,2006-09-19T01:12:45Z,2008-07-14T04:10:09Z,INSIDE_LIFECYCLE,,1.0.0|1.0.1|1.0.2|1.0.3|1.0.4|1.1.0|1.2.0,1.0.3|1.2.0,1,1,1,openjpa-jdbc/src/main/java/org/apache/openjpa/jdbc/sql/SelectImpl.java
12350212,OPENJPA-51,23beb964c591d2c6dac0a3f3b7828fcfcfcc67b8,2007-05-09T22:23:16Z,"undo patch for OPENJPA-51, revert back to r52881",2006-09-19T01:12:45Z,2008-07-14T04:10:09Z,INSIDE_LIFECYCLE,,1.0.0|1.0.1|1.0.2|1.0.3|1.0.4|1.1.0|1.2.0,1.0.3|1.2.0,1,1,1,openjpa-jdbc/src/main/java/org/apache/openjpa/jdbc/sql/SelectImpl.java
12350212,OPENJPA-51,be91d228c537529c5bb7a9681a083b2e422ce0e5,2007-06-22T17:08:28Z,OPENJPA-51. Committing Catalina's patch. It passes against Derby in my environment as well.,2006-09-19T01:12:45Z,2008-07-14T04:10:09Z,INSIDE_LIFECYCLE,,1.0.0|1.0.1|1.0.2|1.0.3|1.0.4|1.1.0|1.2.0,1.0.3|1.2.0,1,1,1,openjpa-jdbc/src/main/java/org/apache/openjpa/jdbc/sql/SelectImpl.java
12350212,OPENJPA-51,b2812a4cce25e17a52519036f3a7a66298a4d1ef,2008-07-14T03:46:44Z,OPENJPA-51 Incorrect SQL with syntax error for JPQL subqueries,2006-09-19T01:12:45Z,2008-07-14T04:10:09Z,INSIDE_LIFECYCLE,,1.0.0|1.0.1|1.0.2|1.0.3|1.0.4|1.1.0|1.2.0,1.0.3|1.2.0,5,5,1,openjpa-jdbc/src/main/java/org/apache/openjpa/jdbc/sql/SelectImpl.java
12350212,OPENJPA-51,89695ec253f59efcafe9aafb2d14afb6f6fc2edb,2008-07-15T02:06:55Z,OPENJPA-51 A  non-correlated subquery resulting SQL syntax error,2006-09-19T01:12:45Z,2008-07-14T04:10:09Z,AFTER_RESOLUTION,21,1.0.0|1.0.1|1.0.2|1.0.3|1.0.4|1.1.0|1.2.0,1.0.3|1.2.0,2,2,1,openjpa-jdbc/src/main/java/org/apache/openjpa/jdbc/sql/SelectImpl.java
12387935,OPENJPA-511,0033a6b3d97a468fe7c08a6cb46a66fdd57a0da3,2008-02-07T16:01:06Z,OPENJPA-511,2008-02-06T05:12:03Z,2008-02-07T16:17:57Z,INSIDE_LIFECYCLE,,1.0.1,1.0.2|1.1.0,3,3,3,openjpa-jdbc/src/main/java/org/apache/openjpa/jdbc/kernel/SQLStoreQuery.java|openjpa-jdbc/src/main/java/org/apache/openjpa/jdbc/sql/DB2Dictionary.java|openjpa-jdbc/src/main/java/org/apache/openjpa/jdbc/sql/DBDictionary.java
12388710,OPENJPA-516,caa400cbb335869941d547038008b23f6a7769d5,2008-02-14T21:36:58Z,OPENJPA-516. Following the setFormOfUse(...) need to still call setString(...),2008-02-14T21:01:12Z,2008-02-14T21:46:26Z,INSIDE_LIFECYCLE,,1.0.0|1.0.1|1.0.2,1.1.0,1,1,1,openjpa-jdbc/src/main/java/org/apache/openjpa/jdbc/sql/OracleDictionary.java
12388826,OPENJPA-518,ec7bd83e1afb1f08ff8f809331526c5186f61b62,2008-02-20T15:02:30Z,OPENJPA-518 Committing code changes suggested by Adam Toback,2008-02-15T23:05:38Z,2008-02-20T15:02:55Z,INSIDE_LIFECYCLE,,1.0.1,1.0.3|1.1.0,1,1,1,openjpa-lib/src/main/java/org/apache/openjpa/lib/util/Services.java
12389721,OPENJPA-525,636bd5f2135cfeb387e7a534f2e134eb58be16b9,2009-06-23T23:03:42Z,"OpenJPA-525: merged change 786218 from 1.1.x branch to trunk, fix for Oracle and null CLOBs.",2008-02-27T19:20:04Z,2009-09-27T07:01:34Z,INSIDE_LIFECYCLE,,1.0.0|1.0.2|1.1.0|1.2.1|2.0.0,1.2.0|1.3.0|2.0.0-M3,2,2,1,openjpa-jdbc/src/main/java/org/apache/openjpa/jdbc/sql/ResultSetResult.java
12389721,OPENJPA-525,56ae0ae6ae48cd07156cb6c9e4048ad62df823cd,2009-07-08T20:01:08Z,"OPENJPA-525 - Semi-revert the original solution due to regression in ResultSetResult.translate() method. Implemented an alternative solution to perform the same original intent. Based on Milosz, the current solution caused some failure in MySQL. He agreed for this interim commit and look for cause of failures in MySQL.",2008-02-27T19:20:04Z,2009-09-27T07:01:34Z,INSIDE_LIFECYCLE,,1.0.0|1.0.2|1.1.0|1.2.1|2.0.0,1.2.0|1.3.0|2.0.0-M3,2,2,2,openjpa-jdbc/src/main/java/org/apache/openjpa/jdbc/sql/AbstractResult.java|openjpa-jdbc/src/main/java/org/apache/openjpa/jdbc/sql/ResultSetResult.java
12389721,OPENJPA-525,6303e9a753e205f16612bcd92ee7685446d849c9,2009-08-25T14:09:23Z,"OpenJPA-525 : Applied Milosz Tylenda's OPENJPA-525.3.patch to trunk, after testing by Amy Yang.",2008-02-27T19:20:04Z,2009-09-27T07:01:34Z,INSIDE_LIFECYCLE,,1.0.0|1.0.2|1.1.0|1.2.1|2.0.0,1.2.0|1.3.0|2.0.0-M3,2,2,2,openjpa-jdbc/src/main/java/org/apache/openjpa/jdbc/sql/AbstractResult.java|openjpa-jdbc/src/main/java/org/apache/openjpa/jdbc/sql/ResultSetResult.java
12389723,OPENJPA-526,833520766fb60b735687ad60f1564c76d04edf1c,2010-08-20T18:32:21Z,OPENJPA-526: Insert text more than 4K bytes to Clob column causes SQLException: Exhausted Resultset,2008-02-27T19:28:05Z,2010-09-20T12:36:31Z,INSIDE_LIFECYCLE,,1.0.0|1.0.2|1.1.0|1.2.0,2.1.0,9,9,4,openjpa-jdbc/src/main/java/org/apache/openjpa/jdbc/meta/strats/MaxEmbeddedBlobFieldStrategy.java|openjpa-jdbc/src/main/java/org/apache/openjpa/jdbc/meta/strats/MaxEmbeddedByteArrayFieldStrategy.java|openjpa-jdbc/src/main/java/org/apache/openjpa/jdbc/meta/strats/MaxEmbeddedClobFieldStrategy.java|openjpa-jdbc/src/main/java/org/apache/openjpa/jdbc/sql/OracleDictionary.java
12389926,OPENJPA-528,a4600fbe98636abf2f72904852008ea09b8793bc,2008-02-29T23:06:06Z,OPENJPA-528 Handle foreignKey column names similarly to joins in PeristenceMetaDataDefaults.,2008-02-29T22:09:19Z,2008-03-24T15:13:12Z,INSIDE_LIFECYCLE,,,,2,2,1,openjpa-persistence-jdbc/src/main/java/org/apache/openjpa/persistence/jdbc/PersistenceMappingDefaults.java
12389926,OPENJPA-528,ca9828726d333c043d4a3a97d5276f97591077c2,2008-03-03T12:54:56Z,OPENJPA-528 reverting behavior. Original fix caused problems with the TCK.,2008-02-29T22:09:19Z,2008-03-24T15:13:12Z,INSIDE_LIFECYCLE,,,,2,1,1,openjpa-persistence-jdbc/src/main/java/org/apache/openjpa/persistence/jdbc/PersistenceMappingDefaults.java
12389926,OPENJPA-528,831bd55051cccfaad51dde9923e19584d236062f,2008-03-21T15:48:30Z,OPENJPA-528 committing patch provided by Jeremy Bauer,2008-02-29T22:09:19Z,2008-03-24T15:13:12Z,INSIDE_LIFECYCLE,,,,3,2,2,openjpa-jdbc/src/main/java/org/apache/openjpa/jdbc/sql/DBDictionary.java|openjpa-persistence-jdbc/src/main/java/org/apache/openjpa/persistence/jdbc/PersistenceMappingDefaults.java
12390015,OPENJPA-530,64402ea7daab354dbffa85e029dc7df739c1df66,2008-03-03T22:59:07Z,OPENJPA-530 - Change BatchingPreparedStatementManagerImpl to correctly batch dispatched statements in the same order requested by the update managers.,2008-03-03T01:19:26Z,2008-03-07T04:10:19Z,INSIDE_LIFECYCLE,,1.1.0,1.1.0,4,4,4,openjpa-jdbc/src/main/java/org/apache/openjpa/jdbc/kernel/BatchingConstraintUpdateManager.java|openjpa-jdbc/src/main/java/org/apache/openjpa/jdbc/kernel/BatchingOperationOrderUpdateManager.java|openjpa-jdbc/src/main/java/org/apache/openjpa/jdbc/kernel/BatchingPreparedStatementManagerImpl.java|openjpa-jdbc/src/main/java/org/apache/openjpa/jdbc/kernel/PreparedStatementManagerImpl.java
12390015,OPENJPA-530,f67ace749ae8e55cd9dc85b5c989353ea4b05899,2008-03-04T04:51:20Z,OPENJPA-530 Update manual and code to match for the update manager values and default.,2008-03-03T01:19:26Z,2008-03-07T04:10:19Z,INSIDE_LIFECYCLE,,1.1.0,1.1.0,2,1,1,openjpa-jdbc/src/main/java/org/apache/openjpa/jdbc/conf/JDBCConfigurationImpl.java
12390281,OPENJPA-532,ba5d11b43b0d6182812998c347a94d4af768c6fe,2008-03-06T04:12:11Z,OPENJPA-532 This patch enables command runnable to process once when no persistence unit is found by the tool commands. This allows command option(s) which does not require pu definition to function properly.,2008-03-05T19:54:44Z,2008-03-07T04:08:39Z,INSIDE_LIFECYCLE,,1.1.0,1.1.0,1,1,1,openjpa-lib/src/main/java/org/apache/openjpa/lib/conf/Configurations.java
12390340,OPENJPA-533,f62ea1ab0d2922377368ca5d31bbcbea57ecbc3c,2008-06-18T23:25:59Z,OPENJPA-533: Update query can set single-valued association to NULL or non-NULL.,2008-03-06T12:00:08Z,2008-06-18T23:29:59Z,INSIDE_LIFECYCLE,,1.0.0,1.2.0,6,6,3,openjpa-jdbc/src/main/java/org/apache/openjpa/jdbc/kernel/exps/Null.java|openjpa-jdbc/src/main/java/org/apache/openjpa/jdbc/sql/DBDictionary.java|openjpa-kernel/src/main/java/org/apache/openjpa/kernel/jpql/JPQLExpressionBuilder.java
12390765,OPENJPA-535,d93ac261adc022453b16d2879805057fd6205773,2008-03-11T20:05Z,OPENJPA-535 - fix comment typos.,2008-03-11T16:16:57Z,2008-03-11T20:05:19Z,INSIDE_LIFECYCLE,,1.0.2,1.0.3|1.1.0,2,2,2,openjpa-jdbc/src/main/java/org/apache/openjpa/jdbc/schema/SchemaFactory.java|openjpa-lib/src/main/java/org/apache/openjpa/lib/util/Localizer.java
12390908,OPENJPA-536,999ce2e670eef2def0a0b89f4bb62dbe74b6a4fa,2008-04-03T00:01:47Z,OPENJPA-536. Committing on behalf of Amy Yang.,2008-03-13T03:14:29Z,2008-04-27T22:47:54Z,INSIDE_LIFECYCLE,,1.0.2|1.0.3,0.9.7-r547073|1.0.4|1.1.0,7,7,2,openjpa-kernel/src/main/java/org/apache/openjpa/meta/InheritanceComparator.java|openjpa-kernel/src/main/java/org/apache/openjpa/meta/MetaDataRepository.java
12390908,OPENJPA-536,18a3db781b0e3275f83f9cd4b014c06f8f43af47,2008-04-23T01:10:43Z,"OPENJPA-562, OPENJPA-536, OPENJPA-564, OPENJPA-536, OPENJPA-576, OPENJPA-577. Merging changes from 1.1.x branch.",2008-03-13T03:14:29Z,2008-04-27T22:47:54Z,INSIDE_LIFECYCLE,,1.0.2|1.0.3,0.9.7-r547073|1.0.4|1.1.0,9,9,8,openjpa-jdbc/src/main/java/org/apache/openjpa/jdbc/meta/strats/EmbedFieldStrategy.java|openjpa-jdbc/src/main/java/org/apache/openjpa/jdbc/meta/strats/HandlerFieldStrategy.java|openjpa-jdbc/src/main/java/org/apache/openjpa/jdbc/schema/DataSourceFactory.java|openjpa-jdbc/src/main/java/org/apache/openjpa/jdbc/sql/MySQLDictionary.java|openjpa-kernel/src/main/java/org/apache/openjpa/meta/FieldMetaData.java|openjpa-kernel/src/main/java/org/apache/openjpa/meta/InheritanceComparator.java|openjpa-kernel/src/main/java/org/apache/openjpa/meta/InheritanceOrderedMetaDataList.java|openjpa-kernel/src/main/java/org/apache/openjpa/meta/MetaDataRepository.java
12391913,OPENJPA-539,57ca9afbdd20903f4fab7d14f876f34d6f911e85,2008-03-21T18:23:19Z,"OPENJPA-539 Can't create a table with a field of java type ""Map"" in Derby commit patch for Fay Wang. testcases have been modified.",2008-03-19T20:31:23Z,2008-03-21T18:38:54Z,INSIDE_LIFECYCLE,,1.1.0,1.1.0,4,4,2,openjpa-jdbc/src/main/java/org/apache/openjpa/jdbc/meta/strats/HandlerHandlerMapTableFieldStrategy.java|openjpa-jdbc/src/main/java/org/apache/openjpa/jdbc/meta/strats/HandlerRelationMapTableFieldStrategy.java
12391919,OPENJPA-540,6af619cd891e793efe4c239f4e4815b89d119d49,2008-03-25T01:35:28Z,OPENJPA-540.  Committing a simpler version of the patch.  Got rid of the ClassResolver classloader and am now just relying on the Class.forName() classloading.  This is similar to the processing used for the other *ManagedRuntime classes.,2008-03-19T21:18:25Z,2008-03-25T01:50:27Z,INSIDE_LIFECYCLE,,1.0.0|1.0.1|1.0.2|1.0.3|1.1.0,1.0.3|1.1.0,1,1,1,openjpa-kernel/src/main/java/org/apache/openjpa/ee/WASManagedRuntime.java
12392192,OPENJPA-542,2d0a3c91578d9994dca0204abcb463e9fa548828,2008-03-24T18:17:35Z,OPENJPA-542,2008-03-24T18:14:07Z,2008-03-24T18:46:27Z,INSIDE_LIFECYCLE,,1.0.0|1.0.1|1.0.2,1.0.3|1.1.0,1,1,1,openjpa-jdbc/src/main/java/org/apache/openjpa/jdbc/sql/OracleDictionary.java
12392192,OPENJPA-542,fe45f77f038d058b28c4b667cf91e4e13161489f,2008-04-17T18:41:25Z,OPENJPA-542,2008-03-24T18:14:07Z,2008-03-24T18:46:27Z,AFTER_RESOLUTION,575,1.0.0|1.0.1|1.0.2,1.0.3|1.1.0,2,2,2,openjpa-jdbc/src/main/java/org/apache/openjpa/jdbc/sql/OracleDictionary.java|openjpa-lib/src/main/java/org/apache/openjpa/lib/util/J2DoPrivHelper.java
12392195,OPENJPA-543,9dadffffc19228783088509e22c2d42181d02295,2008-03-24T18:41:12Z,OPENJPA-543,2008-03-24T18:38:47Z,2008-03-24T18:45:50Z,INSIDE_LIFECYCLE,,1.0.0|1.0.1|1.0.2,1.0.3|1.1.0,1,1,1,openjpa-jdbc/src/main/java/org/apache/openjpa/jdbc/kernel/SQLStoreQuery.java
12392499,OPENJPA-547,50b81e6d7706d8f28aab8110086b1d7f114c1b45,2008-04-09T18:09:42Z,OPENJPA-547 INNER JOIN FETCH query incorrectly generates LEFT join SQL,2008-03-27T21:43:02Z,2008-04-11T01:27Z,INSIDE_LIFECYCLE,,,1.0.3|1.1.0,8,8,8,openjpa-jdbc/src/main/java/org/apache/openjpa/jdbc/kernel/DelegatingJDBCFetchConfiguration.java|openjpa-jdbc/src/main/java/org/apache/openjpa/jdbc/kernel/JDBCFetchConfiguration.java|openjpa-jdbc/src/main/java/org/apache/openjpa/jdbc/kernel/JDBCFetchConfigurationImpl.java|openjpa-jdbc/src/main/java/org/apache/openjpa/jdbc/kernel/JDBCStoreQuery.java|openjpa-jdbc/src/main/java/org/apache/openjpa/jdbc/meta/strats/RelationFieldStrategy.java|openjpa-jdbc/src/main/java/org/apache/openjpa/jdbc/meta/strats/StoreCollectionFieldStrategy.java|openjpa-kernel/src/main/java/org/apache/openjpa/kernel/exps/QueryExpressions.java|openjpa-kernel/src/main/java/org/apache/openjpa/kernel/jpql/JPQLExpressionBuilder.java
12392960,OPENJPA-552,ee8155bb60ddfdc94e94b8973455c599072a6c27,2008-04-03T01:18:39Z,OPENJPA-552 Remove dis-allowing Connection* properties in,2008-04-02T18:10:17Z,2008-04-04T19:49:56Z,INSIDE_LIFECYCLE,,1.0.2|1.0.3|1.1.0,1.0.3|1.1.0,1,1,1,openjpa-persistence/src/main/java/org/apache/openjpa/persistence/PersistenceProviderImpl.java
12392967,OPENJPA-554,9c19356c7c2b5690c8b487b4ee05ba92297847c4,2008-04-07T16:18:26Z,Fix for OPENJPA-554.,2008-04-02T19:47:11Z,2008-04-07T16:27:09Z,INSIDE_LIFECYCLE,,1.0.2,1.0.3,2,2,2,openjpa-jdbc/src/main/java/org/apache/openjpa/jdbc/kernel/exps/GetMapValue.java|openjpa-jdbc/src/main/java/org/apache/openjpa/jdbc/kernel/exps/JDBCExpressionFactory.java
12393093,OPENJPA-557,fb7ab1908bfb6afe560f094ab70b9de860280ed0,2008-12-24T00:18:32Z,OPENJPA-557 Primary key sequences broken with postgres schemas Commit patch provided by Milosz Tylenda,2008-04-04T07:13:41Z,2008-12-24T00:23:45Z,INSIDE_LIFECYCLE,,1.0.2,1.3.0|2.0.0-M2,10,10,1,openjpa-jdbc/src/main/java/org/apache/openjpa/jdbc/sql/PostgresDictionary.java
12393154,OPENJPA-559,1b5aac791d776726ada8fdc6b39ec71d13262f3e,2008-04-04T19:43:36Z,OPENJPA-559 : Add SerialVersionUID.,2008-04-04T19:26:50Z,2008-04-04T19:48:58Z,INSIDE_LIFECYCLE,,1.0.3|1.1.0,1.0.3|1.1.0,1,1,1,openjpa-kernel/src/main/java/org/apache/openjpa/kernel/DetachedStateManager.java
12393154,OPENJPA-559,8c756bf65566e8ed69794a03c10716b1c3d83350,2008-05-19T12:43:34Z,OPENJPA-559 set SerialVersionUID to a value compatible with previous releases.,2008-04-04T19:26:50Z,2008-04-04T19:48:58Z,AFTER_RESOLUTION,1072,1.0.3|1.1.0,1.0.3|1.1.0,1,1,1,openjpa-kernel/src/main/java/org/apache/openjpa/kernel/DetachedStateManager.java
12393460,OPENJPA-562,18a3db781b0e3275f83f9cd4b014c06f8f43af47,2008-04-23T01:10:43Z,"OPENJPA-562, OPENJPA-536, OPENJPA-564, OPENJPA-536, OPENJPA-576, OPENJPA-577. Merging changes from 1.1.x branch.",2008-04-08T21:35:42Z,2008-04-08T22:36:41Z,AFTER_RESOLUTION,338,1.1.0,1.1.0,9,9,8,openjpa-jdbc/src/main/java/org/apache/openjpa/jdbc/meta/strats/EmbedFieldStrategy.java|openjpa-jdbc/src/main/java/org/apache/openjpa/jdbc/meta/strats/HandlerFieldStrategy.java|openjpa-jdbc/src/main/java/org/apache/openjpa/jdbc/schema/DataSourceFactory.java|openjpa-jdbc/src/main/java/org/apache/openjpa/jdbc/sql/MySQLDictionary.java|openjpa-kernel/src/main/java/org/apache/openjpa/meta/FieldMetaData.java|openjpa-kernel/src/main/java/org/apache/openjpa/meta/InheritanceComparator.java|openjpa-kernel/src/main/java/org/apache/openjpa/meta/InheritanceOrderedMetaDataList.java|openjpa-kernel/src/main/java/org/apache/openjpa/meta/MetaDataRepository.java
12393479,OPENJPA-565,5196ae0bc27d4d50ef468aa9b5334155c89a8dcb,2008-04-09T14:31:33Z,OPENJPA-565 - Ignore duplicate NamedQuery definition and continue to parse the remaining entries in NamedQueries definition.,2008-04-09T03:38:10Z,2008-04-11T14:44:54Z,INSIDE_LIFECYCLE,,1.0.2|1.0.3|1.1.0,1.0.3|1.1.0|1.2.0,1,1,1,openjpa-persistence/src/main/java/org/apache/openjpa/persistence/AnnotationPersistenceMetaDataParser.java
12393637,OPENJPA-567,d78e76aa5addbfdfa92fa5fc93142c325c250ab1,2008-04-24T14:08:31Z,OPENJPA-567. Committing on behalf of Vikram Bhatia in trunk.,2008-04-10T10:11:25Z,2008-04-27T22:50:36Z,INSIDE_LIFECYCLE,,1.0.2,1.1.0|1.2.0,1,1,1,openjpa-jdbc/src/main/java/org/apache/openjpa/jdbc/meta/strats/StoreCollectionFieldStrategy.java
12394163,OPENJPA-574,b796e1710f4572bee7e20f8e7c2851205ddbb8b2,2008-05-08T00:18:11Z,OPENJPA-574 DataCache entries not evicted when multiple OptimisticLockExceptions reported from backend DB.,2008-04-17T00:54:53Z,2008-05-28T19:59Z,INSIDE_LIFECYCLE,,1.1.0|1.2.0,1.2.0,1,1,1,openjpa-jdbc/src/main/java/org/apache/openjpa/jdbc/kernel/BatchingPreparedStatementManagerImpl.java
12394163,OPENJPA-574,b585833c0c69866d50fbc8edb441ae2364a50df6,2008-05-08T21:31:31Z,OPENJPA-574 DataCache entries not evicted when multiple OptimisticLockExceptions reported from backend DB.,2008-04-17T00:54:53Z,2008-05-28T19:59Z,INSIDE_LIFECYCLE,,1.1.0|1.2.0,1.2.0,1,1,1,openjpa-jdbc/src/main/java/org/apache/openjpa/jdbc/kernel/BatchingPreparedStatementManagerImpl.java
12394163,OPENJPA-574,956065baa001a4c69149d666566e9343d173b4c7,2008-05-14T06:18:18Z,OPENJPA-574  fix  checkUpdateCount of (-2 SSUCCESS_NO_INFO) for Batching inserts in Oracle and DB2/ZOS.,2008-04-17T00:54:53Z,2008-05-28T19:59Z,INSIDE_LIFECYCLE,,1.1.0|1.2.0,1.2.0,1,1,1,openjpa-jdbc/src/main/java/org/apache/openjpa/jdbc/kernel/BatchingPreparedStatementManagerImpl.java
12394163,OPENJPA-574,72df500c6e4eb583bfc5dd826c7c343a800b8be2,2008-05-22T07:39:21Z,OPENJPA-574 Cached object in DataCache not evicted due to StatementBatching not reporting OptimisticException Handle  (-2) updateCount returned from Batching for Oracle.,2008-04-17T00:54:53Z,2008-05-28T19:59Z,INSIDE_LIFECYCLE,,1.1.0|1.2.0,1.2.0,2,1,1,openjpa-jdbc/src/main/java/org/apache/openjpa/jdbc/kernel/BatchingPreparedStatementManagerImpl.java
12394163,OPENJPA-574,dcada1323742967f4e066cc88ac1d9ed46f16102,2008-05-22T08:05Z,OPENJPA-574 Cached object in DataCache not evicted due to StatementBatching not reporting OptimisticException Handle  (-2) updateCount returned from Batching for Oracle. Got a ClassCasstException while testing multiple entries in DataCache needed to be removed due to OptimisticException.,2008-04-17T00:54:53Z,2008-05-28T19:59Z,INSIDE_LIFECYCLE,,1.1.0|1.2.0,1.2.0,1,1,1,openjpa-kernel/src/main/java/org/apache/openjpa/datacache/DataCacheStoreManager.java
12394163,OPENJPA-574,93e15d846c2338b979d8a08408bce95c31c4598f,2008-05-23T02:14:35Z,OPENJPA-574 fix a potential NullPointerException in checkUpdateCount for statement batching.,2008-04-17T00:54:53Z,2008-05-28T19:59Z,INSIDE_LIFECYCLE,,1.1.0|1.2.0,1.2.0,1,1,1,openjpa-jdbc/src/main/java/org/apache/openjpa/jdbc/kernel/BatchingPreparedStatementManagerImpl.java
12394312,OPENJPA-576,18a3db781b0e3275f83f9cd4b014c06f8f43af47,2008-04-23T01:10:43Z,"OPENJPA-562, OPENJPA-536, OPENJPA-564, OPENJPA-536, OPENJPA-576, OPENJPA-577. Merging changes from 1.1.x branch.",2008-04-18T15:29:37Z,2008-04-27T22:51:11Z,INSIDE_LIFECYCLE,,,1.1.0,9,9,8,openjpa-jdbc/src/main/java/org/apache/openjpa/jdbc/meta/strats/EmbedFieldStrategy.java|openjpa-jdbc/src/main/java/org/apache/openjpa/jdbc/meta/strats/HandlerFieldStrategy.java|openjpa-jdbc/src/main/java/org/apache/openjpa/jdbc/schema/DataSourceFactory.java|openjpa-jdbc/src/main/java/org/apache/openjpa/jdbc/sql/MySQLDictionary.java|openjpa-kernel/src/main/java/org/apache/openjpa/meta/FieldMetaData.java|openjpa-kernel/src/main/java/org/apache/openjpa/meta/InheritanceComparator.java|openjpa-kernel/src/main/java/org/apache/openjpa/meta/InheritanceOrderedMetaDataList.java|openjpa-kernel/src/main/java/org/apache/openjpa/meta/MetaDataRepository.java
12394345,OPENJPA-577,18a3db781b0e3275f83f9cd4b014c06f8f43af47,2008-04-23T01:10:43Z,"OPENJPA-562, OPENJPA-536, OPENJPA-564, OPENJPA-536, OPENJPA-576, OPENJPA-577. Merging changes from 1.1.x branch.",2008-04-18T21:15:27Z,2008-04-27T22:51:33Z,INSIDE_LIFECYCLE,,1.1.0,1.1.0,9,9,8,openjpa-jdbc/src/main/java/org/apache/openjpa/jdbc/meta/strats/EmbedFieldStrategy.java|openjpa-jdbc/src/main/java/org/apache/openjpa/jdbc/meta/strats/HandlerFieldStrategy.java|openjpa-jdbc/src/main/java/org/apache/openjpa/jdbc/schema/DataSourceFactory.java|openjpa-jdbc/src/main/java/org/apache/openjpa/jdbc/sql/MySQLDictionary.java|openjpa-kernel/src/main/java/org/apache/openjpa/meta/FieldMetaData.java|openjpa-kernel/src/main/java/org/apache/openjpa/meta/InheritanceComparator.java|openjpa-kernel/src/main/java/org/apache/openjpa/meta/InheritanceOrderedMetaDataList.java|openjpa-kernel/src/main/java/org/apache/openjpa/meta/MetaDataRepository.java
12394469,OPENJPA-579,547438ed18be883a33b5b8175ca0e72a8225c64c,2008-06-11T23:29:11Z,"OPENJPA-579, OPENJPA-585, OPENJPA-587, OPENJPA-588. Merge from ../active. svn merge -c 652987 ../active",2008-04-21T19:42:01Z,2008-05-03T03:17:18Z,AFTER_RESOLUTION,956,1.1.0,1.1.0,5,5,5,openjpa-jdbc/src/main/java/org/apache/openjpa/jdbc/meta/strats/MaxEmbeddedLobFieldStrategy.java|openjpa-jdbc/src/main/java/org/apache/openjpa/jdbc/sql/SybaseDictionary.java|openjpa-kernel/src/main/java/org/apache/openjpa/kernel/AttachStrategy.java|openjpa-kernel/src/main/java/org/apache/openjpa/kernel/VersionAttachStrategy.java|openjpa-kernel/src/main/java/org/apache/openjpa/meta/ClassMetaData.java
12394586,OPENJPA-580,ea9378fc9646f9fe771ace35fc2d8cbb0d88bc56,2008-11-05T22:31:42Z,OPENJPA-580 - Improve jdbc url mapping to DB dictionary alias.,2008-04-23T02:38:36Z,2008-11-05T22:33:10Z,INSIDE_LIFECYCLE,,,1.2.0|1.3.0|2.0.0-M2,2,2,1,openjpa-jdbc/src/main/java/org/apache/openjpa/jdbc/sql/DBDictionaryFactory.java
12394613,OPENJPA-581,37cb4af35de27c75ac6f5acffaed0f1ba82cc12f,2008-06-19T01:41:32Z,OPENJPA-581: Print WARN level message on JNDI lookup failure,2008-04-23T13:54:45Z,2008-06-19T01:42:22Z,INSIDE_LIFECYCLE,,1.0.3|1.1.0|1.2.0,1.2.0,3,2,2,openjpa-kernel/src/main/java/org/apache/openjpa/conf/OpenJPAConfigurationImpl.java|openjpa-lib/src/main/java/org/apache/openjpa/lib/conf/Configurations.java
12395152,OPENJPA-585,547438ed18be883a33b5b8175ca0e72a8225c64c,2008-06-11T23:29:11Z,"OPENJPA-579, OPENJPA-585, OPENJPA-587, OPENJPA-588. Merge from ../active. svn merge -c 652987 ../active",2008-05-01T18:59:59Z,2008-05-03T03:17:19Z,AFTER_RESOLUTION,956,1.1.0,1.1.0,5,5,5,openjpa-jdbc/src/main/java/org/apache/openjpa/jdbc/meta/strats/MaxEmbeddedLobFieldStrategy.java|openjpa-jdbc/src/main/java/org/apache/openjpa/jdbc/sql/SybaseDictionary.java|openjpa-kernel/src/main/java/org/apache/openjpa/kernel/AttachStrategy.java|openjpa-kernel/src/main/java/org/apache/openjpa/kernel/VersionAttachStrategy.java|openjpa-kernel/src/main/java/org/apache/openjpa/meta/ClassMetaData.java
12395166,OPENJPA-586,33e094c6f1aa4e900bd5a149f8b1d718640d9c1b,2008-05-07T21:06:16Z,OPENJPA-586 Query parameter binding for externalized fields,2008-05-01T21:58:50Z,2008-06-09T21:49:52Z,INSIDE_LIFECYCLE,,,1.2.0,3,3,1,openjpa-kernel/src/main/java/org/apache/openjpa/kernel/jpql/JPQLExpressionBuilder.java
12395211,OPENJPA-587,547438ed18be883a33b5b8175ca0e72a8225c64c,2008-06-11T23:29:11Z,"OPENJPA-579, OPENJPA-585, OPENJPA-587, OPENJPA-588. Merge from ../active. svn merge -c 652987 ../active",2008-05-02T17:19:24Z,2008-05-03T03:17:16Z,AFTER_RESOLUTION,956,1.1.0,1.1.0,5,5,5,openjpa-jdbc/src/main/java/org/apache/openjpa/jdbc/meta/strats/MaxEmbeddedLobFieldStrategy.java|openjpa-jdbc/src/main/java/org/apache/openjpa/jdbc/sql/SybaseDictionary.java|openjpa-kernel/src/main/java/org/apache/openjpa/kernel/AttachStrategy.java|openjpa-kernel/src/main/java/org/apache/openjpa/kernel/VersionAttachStrategy.java|openjpa-kernel/src/main/java/org/apache/openjpa/meta/ClassMetaData.java
12395219,OPENJPA-588,547438ed18be883a33b5b8175ca0e72a8225c64c,2008-06-11T23:29:11Z,"OPENJPA-579, OPENJPA-585, OPENJPA-587, OPENJPA-588. Merge from ../active. svn merge -c 652987 ../active",2008-05-02T19:52:27Z,2008-05-03T03:17:17Z,AFTER_RESOLUTION,956,,1.1.0,5,5,5,openjpa-jdbc/src/main/java/org/apache/openjpa/jdbc/meta/strats/MaxEmbeddedLobFieldStrategy.java|openjpa-jdbc/src/main/java/org/apache/openjpa/jdbc/sql/SybaseDictionary.java|openjpa-kernel/src/main/java/org/apache/openjpa/kernel/AttachStrategy.java|openjpa-kernel/src/main/java/org/apache/openjpa/kernel/VersionAttachStrategy.java|openjpa-kernel/src/main/java/org/apache/openjpa/meta/ClassMetaData.java
12395269,OPENJPA-589,31870894320c738e8d7776382892305d9b99b94d,2008-05-09T00:13:48Z,OPENJPA-589 Can not retrieve M-to-M data when DataCache is on committing patch provided by Fay Wang,2008-05-04T06:10:48Z,2008-05-12T22:51:31Z,INSIDE_LIFECYCLE,,,1.1.0|1.2.0,1,1,1,openjpa-kernel/src/main/java/org/apache/openjpa/kernel/AbstractPCData.java
12395270,OPENJPA-590,efcc2577a608e944098c4aa727f4d4b0f5867585,2008-05-05T20:52:29Z,OPENJPA-590 committing patch provided by Fay Wang,2008-05-04T06:37Z,2008-05-05T20:52:53Z,INSIDE_LIFECYCLE,,,1.2.0,2,2,2,openjpa-kernel/src/main/java/org/apache/openjpa/kernel/exps/QueryExpressions.java|openjpa-kernel/src/main/java/org/apache/openjpa/kernel/jpql/JPQLExpressionBuilder.java
12395270,OPENJPA-590,63850bed0bf56ae1a6527cdf8efc8890cbeadbef,2008-05-07T23:32:32Z,OPENJPA-590 cleanup unused imports,2008-05-04T06:37Z,2008-05-05T20:52:53Z,AFTER_RESOLUTION,50,,1.2.0,2,2,2,openjpa-kernel/src/main/java/org/apache/openjpa/kernel/exps/QueryExpressions.java|openjpa-kernel/src/main/java/org/apache/openjpa/kernel/jpql/JPQLExpressionBuilder.java
12395643,OPENJPA-594,df0902d4cf600a5abf4172fa86e5b4d397e7aa6a,2008-05-08T23:38:21Z,OPENJPA-594 committing patch provided by Dinkar Rao,2008-05-08T17:38:52Z,2008-05-08T23:39:51Z,INSIDE_LIFECYCLE,,1.0.1|1.0.2,1.0.4|1.1.0|1.2.0,1,1,1,openjpa-jdbc/src/main/java/org/apache/openjpa/jdbc/sql/InformixDictionary.java
12395647,OPENJPA-595,3f9dcdbb761fa29847e028db7cc6309966028659,2008-05-08T21:24:47Z,OPENJPA-595 A common path() action in JPQL.jjt being used for Enum literal causes a simple aliase resolution to fail,2008-05-08T19:05:03Z,2008-05-08T21:36:17Z,INSIDE_LIFECYCLE,,1.2.0,1.1.0|1.2.0,2,1,1,openjpa-kernel/src/main/java/org/apache/openjpa/kernel/jpql/JPQLExpressionBuilder.java
12395647,OPENJPA-595,01e08029e93ceb75f24297fc3471f3afe299620d,2008-05-09T17:05:45Z,OPENJPA-595 A common path() action in JPQL.jjt being used for Enum literal causes a simple aliase resolution to fail,2008-05-08T19:05:03Z,2008-05-08T21:36:17Z,AFTER_RESOLUTION,19,1.2.0,1.1.0|1.2.0,1,1,1,openjpa-kernel/src/main/java/org/apache/openjpa/kernel/jpql/JPQLExpressionBuilder.java
12395662,OPENJPA-596,b3f87ba1ec0288c6b6dabf2c15c2a8c5c66f9cc9,2008-05-21T03:17:04Z,OPENJPA-596 ClassCastException during in-memory update with Informix IDS 10.0,2008-05-08T21:21:05Z,2008-05-22T16:02:42Z,INSIDE_LIFECYCLE,,,1.2.0,1,1,1,openjpa-kernel/src/main/java/org/apache/openjpa/kernel/QueryImpl.java
12395679,OPENJPA-597,629977fb1c2a25ba7ce2dd38fe0062866f73b48f,2008-06-11T23:55:46Z,OPENJPA-597. Merge from ../branches/1.1.x. svn merge -c 655600 ../branches/1.1.x,2008-05-09T03:03:56Z,2008-05-16T20:55:32Z,AFTER_RESOLUTION,627,1.1.0,1.1.0,2,2,2,openjpa-jdbc/src/main/java/org/apache/openjpa/jdbc/sql/DBDictionary.java|openjpa-jdbc/src/main/java/org/apache/openjpa/jdbc/sql/MySQLDictionary.java
12351917,OPENJPA-60,7baaaf4b760248e0e5fdf63903b00f15a4485f78,2006-09-27T23:19:17Z,Fixing http://issues.apache.org/jira/browse/OPENJPA-60 Specifying the wrong persistence implementation in persistence.xml leads to misleading error message,2006-09-27T18:49:25Z,2007-02-06T03:03:38Z,INSIDE_LIFECYCLE,,,0.9.7,2,1,1,openjpa-persistence/src/main/java/org/apache/openjpa/persistence/PersistenceProductDerivation.java
12396006,OPENJPA-602,63c48992274fce84b2c08bf8bbe6df024736557c,2008-06-10T20:34:52Z,OPENJPA-602: Avoid NPE when table-per-class inheritance staregy with an abstract root. See test cases for further details.,2008-05-14T09:51:23Z,2008-06-19T16:26:32Z,INSIDE_LIFECYCLE,,1.1.0,1.2.0,8,8,1,openjpa-jdbc/src/main/java/org/apache/openjpa/jdbc/meta/strats/RelationToManyInverseKeyFieldStrategy.java
12396441,OPENJPA-605,99a69bef3315bc0434be8a54281b3f1802fbe6f8,2008-05-21T03:19:08Z,OPENJPA-605 Informix will throw an exception when a unique index is explictily created on the primary key columns,2008-05-20T19:08:31Z,2008-05-21T07:46:07Z,INSIDE_LIFECYCLE,,,1.0.4|1.2.0,1,1,1,openjpa-jdbc/src/main/java/org/apache/openjpa/jdbc/schema/SchemaTool.java
12396441,OPENJPA-605,b2bd03567df6a5f3b936f65288bd84df9ebeca97,2008-05-21T07:42:38Z,OPENJPA-605 Informix will throw an exception when a unique index is explictily created on the primary key columns Help committing new patch provided by Fay Wang,2008-05-20T19:08:31Z,2008-05-21T07:46:07Z,INSIDE_LIFECYCLE,,,1.0.4|1.2.0,3,3,3,openjpa-jdbc/src/main/java/org/apache/openjpa/jdbc/schema/SchemaTool.java|openjpa-jdbc/src/main/java/org/apache/openjpa/jdbc/sql/DBDictionary.java|openjpa-jdbc/src/main/java/org/apache/openjpa/jdbc/sql/InformixDictionary.java
12396467,OPENJPA-606,689eec175b9b0743785fec5db31cada6bd1fea59,2008-05-21T03:23:18Z,OPENJPA-606 InformixDictionary default property setting incorrectly set. Also fixed SQL problems as described in the issue.,2008-05-21T01:33:46Z,2008-06-04T19:44:06Z,INSIDE_LIFECYCLE,,1.2.0,1.0.4|1.2.0,2,2,2,openjpa-jdbc/src/main/java/org/apache/openjpa/jdbc/kernel/exps/Distinct.java|openjpa-jdbc/src/main/java/org/apache/openjpa/jdbc/sql/InformixDictionary.java
12396467,OPENJPA-606,8a56c75597fbc4d7ff1291e1a7ab9947053b6180,2008-05-22T07:34:23Z,"OPENJPA-606 Informix specific message for reporting that it  does not support ""LOCATE"" function",2008-05-21T01:33:46Z,2008-06-04T19:44:06Z,INSIDE_LIFECYCLE,,1.2.0,1.0.4|1.2.0,2,1,1,openjpa-jdbc/src/main/java/org/apache/openjpa/jdbc/sql/InformixDictionary.java
12396467,OPENJPA-606,81fc3ab6051257667d115e120de98ed650d4d54d,2008-05-22T23:55:49Z,OPENJPA-606 More changes to Informix specific properties in the InformixDictionary,2008-05-21T01:33:46Z,2008-06-04T19:44:06Z,INSIDE_LIFECYCLE,,1.2.0,1.0.4|1.2.0,1,1,1,openjpa-jdbc/src/main/java/org/apache/openjpa/jdbc/sql/InformixDictionary.java
12396602,OPENJPA-607,47f681a7b504c0a5ebed6e7bce44bcd1f7d236ae,2008-05-22T07:30:25Z,"OPENJPA-607 Extraneous ""( )"" on DISTINCT, ALL, ANY results in SQL syntax errors on some database systems",2008-05-22T07:03:30Z,2008-05-22T15:58:20Z,INSIDE_LIFECYCLE,,,1.2.0,4,4,4,openjpa-jdbc/src/main/java/org/apache/openjpa/jdbc/kernel/exps/All.java|openjpa-jdbc/src/main/java/org/apache/openjpa/jdbc/kernel/exps/Any.java|openjpa-jdbc/src/main/java/org/apache/openjpa/jdbc/kernel/exps/Distinct.java|openjpa-jdbc/src/main/java/org/apache/openjpa/jdbc/kernel/exps/UnaryOp.java
12351985,OPENJPA-61,e65f53b43de6707db3515c17daa40a9103a558aa,2007-06-26T18:22:06Z,"OPENJPA-61.  Marc's patch tests out okay with WebSphere.  I made a couple of minor cosmetic changes to the patch.  We need to get this into the stream for additional testing and verification by other application servers. So, let's go for it...",2006-09-28T13:29:24Z,2007-06-26T18:26:17Z,INSIDE_LIFECYCLE,,,1.0.0,3,2,2,openjpa-kernel/src/main/java/org/apache/openjpa/ee/AutomaticManagedRuntime.java|openjpa-kernel/src/main/java/org/apache/openjpa/ee/RegistryManagedRuntime.java
12396785,OPENJPA-612,dbbd1236f235a86f672b3f21bedaf2ee5672b34c,2008-05-28T06:08:41Z,OPENJPA-612 Add support for calculating update value in QueryImpl.updateInMemory Help comitting patch provided by Fay Wang,2008-05-25T22:38:54Z,2008-05-28T22:27:21Z,INSIDE_LIFECYCLE,,,1.2.0,6,6,6,openjpa-jdbc/src/main/java/org/apache/openjpa/jdbc/kernel/JDBCStoreQuery.java|openjpa-jdbc/src/main/java/org/apache/openjpa/jdbc/kernel/exps/Math.java|openjpa-kernel/src/main/java/org/apache/openjpa/datacache/QueryCacheStoreQuery.java|openjpa-kernel/src/main/java/org/apache/openjpa/kernel/AbstractStoreQuery.java|openjpa-kernel/src/main/java/org/apache/openjpa/kernel/QueryImpl.java|openjpa-kernel/src/main/java/org/apache/openjpa/kernel/StoreQuery.java
12396785,OPENJPA-612,faa0f26cddae6869271257634c6b5b74689fc345,2008-05-28T22:19:31Z,OPENJPA-612 Add support for calculating update value in QueryImpl.updateInMemory Help comitting patch provided by Fay Wang Add support for in-memory string function evulation,2008-05-25T22:38:54Z,2008-05-28T22:27:21Z,INSIDE_LIFECYCLE,,,1.2.0,11,11,11,openjpa-jdbc/src/main/java/org/apache/openjpa/jdbc/kernel/JDBCStoreQuery.java|openjpa-jdbc/src/main/java/org/apache/openjpa/jdbc/kernel/exps/AbstractVal.java|openjpa-jdbc/src/main/java/org/apache/openjpa/jdbc/kernel/exps/Args.java|openjpa-jdbc/src/main/java/org/apache/openjpa/jdbc/kernel/exps/Concat.java|openjpa-jdbc/src/main/java/org/apache/openjpa/jdbc/kernel/exps/IndexOf.java|openjpa-jdbc/src/main/java/org/apache/openjpa/jdbc/kernel/exps/StringLength.java|openjpa-jdbc/src/main/java/org/apache/openjpa/jdbc/kernel/exps/Substring.java|openjpa-jdbc/src/main/java/org/apache/openjpa/jdbc/kernel/exps/ToLowerCase.java|openjpa-jdbc/src/main/java/org/apache/openjpa/jdbc/kernel/exps/ToUpperCase.java|openjpa-jdbc/src/main/java/org/apache/openjpa/jdbc/kernel/exps/Trim.java|openjpa-jdbc/src/main/java/org/apache/openjpa/jdbc/kernel/exps/Val.java
12396945,OPENJPA-614,2d217257d9a6e169d8ea1aea9e2f906192d16784,2008-05-28T00:55:10Z,OPENJPA-614 set supportsTimestampNanos = false for SQLServer,2008-05-28T00:53:25Z,2008-05-28T00:56:10Z,INSIDE_LIFECYCLE,,,1.2.0,1,1,1,openjpa-jdbc/src/main/java/org/apache/openjpa/jdbc/sql/SQLServerDictionary.java
12397037,OPENJPA-617,93417f99e370124cf2e4dfc5a8988b14ae061eaf,2008-05-29T03:51:34Z,OPENJPA-617 Removed hardcoding platform string. also relocated 2 jdbc trace messages.,2008-05-29T01:29:12Z,2008-05-29T04:00:44Z,INSIDE_LIFECYCLE,,,1.2.0,7,4,4,openjpa-jdbc/src/main/java/org/apache/openjpa/jdbc/kernel/BatchingPreparedStatementManagerImpl.java|openjpa-jdbc/src/main/java/org/apache/openjpa/jdbc/schema/DataSourceFactory.java|openjpa-jdbc/src/main/java/org/apache/openjpa/jdbc/sql/DBDictionary.java|openjpa-jdbc/src/main/java/org/apache/openjpa/jdbc/sql/OracleDictionary.java
12397037,OPENJPA-617,d1aa6a2c48ad00711befb7d237a435ddd1c3973a,2008-05-29T04:27:42Z,OPENJPA-617 Removed hardcoding platform string. a minor fix of the message text id from batch_update_success_count to batch-update-success-count. Just caught that immediately after last commit.,2008-05-29T01:29:12Z,2008-05-29T04:00:44Z,AFTER_RESOLUTION,0,,1.2.0,2,1,1,openjpa-jdbc/src/main/java/org/apache/openjpa/jdbc/sql/OracleDictionary.java
12397037,OPENJPA-617,48b1fb5a370ea5969116332cb486c95e4934c77d,2008-05-29T20:38:21Z,"OPENJPA-617 Add support for calculating update value in QueryImpl.updateInMemory Help comitting patch provided by Fay Wang Add support for in-memory math - sqrt, abs functions",2008-05-29T01:29:12Z,2008-05-29T04:00:44Z,AFTER_RESOLUTION,16,,1.2.0,6,6,6,openjpa-jdbc/src/main/java/org/apache/openjpa/jdbc/kernel/JDBCStoreQuery.java|openjpa-jdbc/src/main/java/org/apache/openjpa/jdbc/kernel/exps/Abs.java|openjpa-jdbc/src/main/java/org/apache/openjpa/jdbc/kernel/exps/Math.java|openjpa-jdbc/src/main/java/org/apache/openjpa/jdbc/kernel/exps/Sqrt.java|openjpa-jdbc/src/main/java/org/apache/openjpa/jdbc/kernel/exps/UnaryOp.java|openjpa-jdbc/src/main/java/org/apache/openjpa/jdbc/kernel/exps/Val.java
12397505,OPENJPA-622,8a80d753a31e71ce07f24e7069b7ff5e71e30c03,2008-06-04T19:49:41Z,"OPENJPA-622 Informix -lock timieout, cursor not open problem for NonJTA datasource transaction RESOURCE_LOCAL in JEE",2008-06-04T19:47:01Z,2008-06-04T20:00:25Z,INSIDE_LIFECYCLE,,1.0.3|1.1.0|1.2.0,1.0.4|1.2.0,3,3,3,openjpa-jdbc/src/main/java/org/apache/openjpa/jdbc/sql/DB2Dictionary.java|openjpa-jdbc/src/main/java/org/apache/openjpa/jdbc/sql/DBDictionary.java|openjpa-jdbc/src/main/java/org/apache/openjpa/jdbc/sql/InformixDictionary.java
12397581,OPENJPA-625,e00c6e8f80434fd07b1dd438780cb3d964303392,2008-06-16T19:29:24Z,OPENJPA-625: remove Embedded collection members throws exception in PCData,2008-06-05T14:00:16Z,2008-06-19T16:48:56Z,INSIDE_LIFECYCLE,,1.1.0,1.2.0,4,4,1,openjpa-kernel/src/main/java/org/apache/openjpa/kernel/AbstractPCData.java
12397816,OPENJPA-628,e41e1dd9761c718861e69afd2c44e85da02daa7d,2008-08-05T17:37:39Z,OPENJPA-628. Revert changes from revision 610922 and add testcase.,2008-06-09T16:04:49Z,2008-08-05T17:44:23Z,INSIDE_LIFECYCLE,,1.1.0,1.2.0,3,3,1,openjpa-kernel/src/main/java/org/apache/openjpa/util/ProxyCollections.java
12397825,OPENJPA-629,ffbc73ffa6d85735666fd0ec98ae30f418d42d93,2008-06-09T16:51:55Z,OPENJPA-629 trim schema name,2008-06-09T16:51:19Z,2008-06-09T17:56:19Z,INSIDE_LIFECYCLE,,1.2.0,1.0.4|1.2.0,1,1,1,openjpa-jdbc/src/main/java/org/apache/openjpa/jdbc/schema/SchemaGenerator.java
12397825,OPENJPA-629,a4d905f3455ee6b6f2a594baf1961cc73234fffe,2008-06-09T17:53:22Z,OPENJPA-629 trim schema name for Informix only.,2008-06-09T16:51:19Z,2008-06-09T17:56:19Z,INSIDE_LIFECYCLE,,1.2.0,1.0.4|1.2.0,3,3,3,openjpa-jdbc/src/main/java/org/apache/openjpa/jdbc/schema/SchemaGenerator.java|openjpa-jdbc/src/main/java/org/apache/openjpa/jdbc/sql/DBDictionary.java|openjpa-jdbc/src/main/java/org/apache/openjpa/jdbc/sql/InformixDictionary.java
12397845,OPENJPA-630,110e3ff4b02aa1482d3f0e931539bbf616b006bc,2008-06-09T22:02:12Z,OPENJPA-630 Enforce no statement batching support if batchlimit set to 1.,2008-06-09T21:49Z,2008-06-09T22:07:57Z,INSIDE_LIFECYCLE,,1.0.2|1.1.0,1.2.0,1,1,1,openjpa-jdbc/src/main/java/org/apache/openjpa/jdbc/kernel/BatchingPreparedStatementManagerImpl.java
12398017,OPENJPA-634,d965db72710b34fb1547dc616caedaaf75af565e,2008-06-11T03:03:16Z,OPENJPA-634 Batched updates resulted in SQLException was not propagated back to users application,2008-06-11T02:37:29Z,2008-07-02T14:18:46Z,INSIDE_LIFECYCLE,,1.2.0,1.2.0,3,3,3,openjpa-jdbc/src/main/java/org/apache/openjpa/jdbc/kernel/BatchingConstraintUpdateManager.java|openjpa-jdbc/src/main/java/org/apache/openjpa/jdbc/kernel/BatchingOperationOrderUpdateManager.java|openjpa-jdbc/src/main/java/org/apache/openjpa/jdbc/kernel/BatchingPreparedStatementManagerImpl.java
12398017,OPENJPA-634,545c6732c887dc77040eff00fc0dad89312d6729,2008-06-11T09:48:06Z,OPENJPA-634 Batched updates resulted in SQLException was not propagated back to users application,2008-06-11T02:37:29Z,2008-07-02T14:18:46Z,INSIDE_LIFECYCLE,,1.2.0,1.2.0,2,2,2,openjpa-jdbc/src/main/java/org/apache/openjpa/jdbc/kernel/BatchingConstraintUpdateManager.java|openjpa-jdbc/src/main/java/org/apache/openjpa/jdbc/kernel/BatchingOperationOrderUpdateManager.java
12398017,OPENJPA-634,514a4bb907c5e6bbab34a758008240347ef11830,2008-06-13T00:23:56Z,OPENJPA-634 Batched updates resulted in SQLException was not propagated back to users application fix OutOfMemoryException,2008-06-11T02:37:29Z,2008-07-02T14:18:46Z,INSIDE_LIFECYCLE,,1.2.0,1.2.0,2,2,2,openjpa-jdbc/src/main/java/org/apache/openjpa/jdbc/kernel/BatchingConstraintUpdateManager.java|openjpa-jdbc/src/main/java/org/apache/openjpa/jdbc/kernel/BatchingOperationOrderUpdateManager.java
12398017,OPENJPA-634,1aa44030d62809dd419f94f4d48dc353ee135952,2008-07-01T20:32:48Z,OPENJPA-634 - Use only the exception collection in the prepared statement to collect batch flush exceptions. This will preserve the order of exceptions thrown by underlying batch operations during the update manager flush processing.,2008-06-11T02:37:29Z,2008-07-02T14:18:46Z,INSIDE_LIFECYCLE,,1.2.0,1.2.0,2,2,1,openjpa-jdbc/src/main/java/org/apache/openjpa/jdbc/kernel/AbstractUpdateManager.java
12398364,OPENJPA-637,82e61ba0d578fba28ae987cafdc29e3b211a45f7,2008-06-26T19:31:20Z,"OPENJPA-637.  Reverting ConcurrentHashMap implementation per the patch provided by Jeremy Bauer.  A more complete, configurable implementation is being tracked via the related sub-task OPENJPA-643.",2008-06-16T20:25:06Z,2008-06-30T18:37:11Z,INSIDE_LIFECYCLE,,1.2.0,1.2.0,2,2,2,openjpa-kernel/src/main/java/org/apache/openjpa/util/CacheMap.java|openjpa-lib/src/main/java/org/apache/openjpa/lib/util/concurrent/ConcurrentHashMap.java
12398930,OPENJPA-642,976a5e1faf9df64b40ede8586c345def1454cf4e,2008-06-25T15:46:44Z,OPENJPA-642 committing patch provided by Fay Wang,2008-06-24T16:43:55Z,2008-06-25T15:47:42Z,INSIDE_LIFECYCLE,,,1.2.0,1,1,1,openjpa-jdbc/src/main/java/org/apache/openjpa/jdbc/sql/SybaseDictionary.java
12399110,OPENJPA-644,e3dbdac15947253e9073840e3759603e82380188,2008-06-26T19:38:30Z,OPENJPA-644 Handle databaseProductVersion string from newer jcc driver for DB2 ISeries,2008-06-26T19:28:12Z,2008-06-26T19:46:33Z,INSIDE_LIFECYCLE,,1.2.0,1.0.4|1.2.0,1,1,1,openjpa-jdbc/src/main/java/org/apache/openjpa/jdbc/sql/DB2Dictionary.java
12399111,OPENJPA-645,2b3f7ec90c3a834917232f4cdf27d00d0f62905a,2008-06-26T20:11:51Z,OPENJPA-645 Date millisecond precision lost for Informix IDS and SQLServer Commit the patch provided by Dinkar Rao,2008-06-26T20:01:07Z,2008-06-26T20:22:32Z,INSIDE_LIFECYCLE,,1.0.3|1.1.0,1.0.4|1.2.0|1.3.0|2.0.0-M1,3,3,3,openjpa-jdbc/src/main/java/org/apache/openjpa/jdbc/sql/DBDictionary.java|openjpa-jdbc/src/main/java/org/apache/openjpa/jdbc/sql/InformixDictionary.java|openjpa-jdbc/src/main/java/org/apache/openjpa/jdbc/sql/SQLServerDictionary.java
12399184,OPENJPA-646,079aa06091a9337a1f5087f904c332d590659c82,2008-09-08T20:11:35Z,OPENJPA-646.  Migrate this change from the 1.2.x branch to trunk.,2008-06-27T16:42:30Z,2008-09-08T20:12:56Z,INSIDE_LIFECYCLE,,1.2.0,1.2.1|1.3.0,1,1,1,openjpa-lib/src/main/java/org/apache/openjpa/lib/util/TemporaryClassLoader.java
12399304,OPENJPA-647,1ad09239b378a4c495a8a35cd61cda8b807b22d0,2008-07-02T19:50:37Z,OPENJPA-647: ClassMetaData listens to value updates of dynamic property,2008-06-30T18:34:26Z,2008-07-02T19:51:32Z,INSIDE_LIFECYCLE,,1.1.0,1.2.0,2,2,1,openjpa-kernel/src/main/java/org/apache/openjpa/meta/ClassMetaData.java
12399304,OPENJPA-647,13e48971736a7727f65293895c175ef992c30d1e,2008-07-02T20:26:48Z,OPENJPA-647: Change cardinality of listeners for Value update so that ClassMetaData (and others) can sync with dynamic configuration changes,2008-06-30T18:34:26Z,2008-07-02T19:51:32Z,AFTER_RESOLUTION,0,1.1.0,1.2.0,3,3,3,openjpa-kernel/src/main/java/org/apache/openjpa/meta/ClassMetaData.java|openjpa-lib/src/main/java/org/apache/openjpa/lib/conf/ConfigurationImpl.java|openjpa-lib/src/main/java/org/apache/openjpa/lib/conf/Value.java
12399726,OPENJPA-653,c7a906314641bc2a3f7d997422028686938c1d55,2008-07-07T19:41:32Z,OPENJPA-653 - Commit for Jeremy Bauer,2008-07-07T14:14:56Z,2008-07-07T19:44:59Z,INSIDE_LIFECYCLE,,1.2.0,1.2.0,1,1,1,openjpa-kernel/src/main/java/org/apache/openjpa/datacache/QueryCacheStoreQuery.java
12400050,OPENJPA-656,cc85528f693f18b625aa6bfc94c19583028e4582,2008-07-11T13:48:50Z,OPENJPA-656 : raise informational error on initial connection failure,2008-07-10T19:06:33Z,2008-07-11T13:55:47Z,INSIDE_LIFECYCLE,,1.2.0,1.2.0,4,3,3,openjpa-jdbc/src/main/java/org/apache/openjpa/jdbc/schema/DataSourceFactory.java|openjpa-jdbc/src/main/java/org/apache/openjpa/jdbc/schema/SimpleDriverDataSource.java|openjpa-kernel/src/main/java/org/apache/openjpa/util/StoreException.java
12400050,OPENJPA-656,026c96d5138612108237ed46c9b015006ecdf5ce,2008-07-11T20:28:49Z,OPENJPA-656: raise error messages with connection parameters on connect failure,2008-07-10T19:06:33Z,2008-07-11T13:55:47Z,AFTER_RESOLUTION,6,1.2.0,1.2.0,3,3,2,openjpa-jdbc/src/main/java/org/apache/openjpa/jdbc/schema/DataSourceFactory.java|openjpa-jdbc/src/main/java/org/apache/openjpa/jdbc/schema/SimpleDriverDataSource.java
12400050,OPENJPA-656,85b0b0b45b143f28ba4422107708f77aa710b160,2008-07-11T21:14:42Z,OPENJPA-656: reusing existing error message key from a different package,2008-07-10T19:06:33Z,2008-07-11T13:55:47Z,AFTER_RESOLUTION,7,1.2.0,1.2.0,2,2,2,openjpa-jdbc/src/main/java/org/apache/openjpa/jdbc/schema/DataSourceFactory.java|openjpa-jdbc/src/main/java/org/apache/openjpa/jdbc/schema/SimpleDriverDataSource.java
12400074,OPENJPA-657,07919b9becd533a113949dce397a2d6ba1879f69,2008-07-10T23:56:07Z,OPENJPA-657 Removing DOM 3 level methods in parsing XML,2008-07-10T23:36:28Z,2008-07-10T23:57:21Z,INSIDE_LIFECYCLE,,,1.2.0,1,1,1,openjpa-jdbc/src/main/java/org/apache/openjpa/jdbc/sql/SQLErrorCodeReader.java
12400230,OPENJPA-659,434319cfee6140b6eac8cc136f039de50de59b83,2008-07-14T20:46:18Z,OPENJPA-659: Dirty checking fails for runtime enhanced classes. The original case reported the failure in a Spring-Tomcat-Weaver with Embdded field. But as TestSimpleUnenhancedQuery can raise the same failure in a simpler settings. The fix is related to initializing a SaveFieldManager conditional to having loaded fields at invocation of saveFields(). The fix removes the condition and ensures that a SaveFieldManager is assocaited even when saveFields() is invoked without any field loaded.,2008-07-14T17:33:02Z,2008-07-14T20:49:42Z,INSIDE_LIFECYCLE,,1.1.0,1.2.0,3,3,1,openjpa-kernel/src/main/java/org/apache/openjpa/kernel/StateManagerImpl.java
12400364,OPENJPA-660,b4c557d0c052726037f32430f038d059fc9aceaf,2008-07-22T11:54:26Z,OPENJPA-660: SQL Query Cache supports binding non-primary key parameters to cached SQL. Commit fix on behalf of Fay Wang. Original test case developed by Vikram Bhatia.,2008-07-16T10:09:58Z,2008-07-25T20:50:29Z,INSIDE_LIFECYCLE,,1.0.0|1.0.1|1.0.2|1.0.3|1.0.4|1.1.0|1.2.0,1.2.0,9,9,2,openjpa-jdbc/src/main/java/org/apache/openjpa/jdbc/meta/strats/StoreCollectionFieldStrategy.java|openjpa-jdbc/src/main/java/org/apache/openjpa/jdbc/sql/SQLBuffer.java
12400506,OPENJPA-662,c7e78fc80dc0a37f48de261b67f4ccba50338c5e,2008-07-17T20:11:42Z,OPENJPA-662: Allow version field values be loaded in projection query,2008-07-17T18:59:43Z,2008-07-23T14:04:08Z,INSIDE_LIFECYCLE,,,2.0.0-M1,5,5,5,openjpa-jdbc/src/main/java/org/apache/openjpa/jdbc/meta/FieldMapping.java|openjpa-jdbc/src/main/java/org/apache/openjpa/jdbc/meta/Version.java|openjpa-jdbc/src/main/java/org/apache/openjpa/jdbc/meta/VersionStrategy.java|openjpa-jdbc/src/main/java/org/apache/openjpa/jdbc/meta/strats/AbstractVersionStrategy.java|openjpa-jdbc/src/main/java/org/apache/openjpa/jdbc/meta/strats/ColumnVersionStrategy.java
12400918,OPENJPA-664,315cc2d1555925da6f62b808976792676ec2bcea,2008-07-24T16:05:10Z,OPENJPA-664: Check for length of schema component name during generation of SQL DDL generation.,2008-07-24T15:16:11Z,2008-07-24T18:47:18Z,INSIDE_LIFECYCLE,,,1.2.0,3,2,2,openjpa-jdbc/src/main/java/org/apache/openjpa/jdbc/sql/DBDictionary.java|openjpa-jdbc/src/main/java/org/apache/openjpa/jdbc/sql/DerbyDictionary.java
12400929,OPENJPA-665,1111ee16ff9fdb72c7e5d12dd0afad6ddda2be5c,2008-07-24T18:45:44Z,OPENJPA-665: Sets column i/o conditions accordingly when column is set as not nullable.,2008-07-24T17:42:49Z,2008-08-05T13:55:43Z,INSIDE_LIFECYCLE,,,1.2.0,3,3,1,openjpa-jdbc/src/main/java/org/apache/openjpa/jdbc/meta/MappingInfo.java
12400929,OPENJPA-665,3b00de3b261f4b0dd28b8da7500c7b81dad2d132,2008-08-05T07:23:41Z,OPENJPA-665: Check for null constraint on insert and update,2008-07-24T17:42:49Z,2008-08-05T13:55:43Z,INSIDE_LIFECYCLE,,,1.2.0,6,5,2,openjpa-jdbc/src/main/java/org/apache/openjpa/jdbc/meta/strats/HandlerFieldStrategy.java|openjpa-jdbc/src/main/java/org/apache/openjpa/jdbc/meta/strats/HandlerStrategies.java
12401190,OPENJPA-669,191f26d72d58b992ee7a6f82c6973681a3bdc275,2008-07-28T21:12:17Z,OPENJPA-669 DBDictionary can specify the type of native sequences.,2008-07-28T21:11:05Z,2008-07-28T21:24:52Z,INSIDE_LIFECYCLE,,0.9.6|0.9.7|1.0.0|1.0.1|1.0.2|1.0.3|1.1.0,1.2.0,3,3,3,openjpa-jdbc/src/main/java/org/apache/openjpa/jdbc/kernel/NativeJDBCSeq.java|openjpa-jdbc/src/main/java/org/apache/openjpa/jdbc/sql/DBDictionary.java|openjpa-kernel/src/main/java/org/apache/openjpa/meta/SequenceMetaData.java
12353882,OPENJPA-67,753468d8a19f1c6dcac94ea3fd12ed30791d6fab,2006-10-27T16:16:59Z,Resolving OPENJPA-67.  The sql statement for selecting the next value in a sequence was not correct in the DB2 Dictionary.,2006-10-24T18:38:32Z,2006-10-27T16:18:12Z,INSIDE_LIFECYCLE,,,,1,1,1,openjpa-jdbc/src/main/java/org/apache/openjpa/jdbc/sql/DB2Dictionary.java
12401267,OPENJPA-670,68f051fccf0e33e1a822f7741efec3f0602ddf4f,2008-07-31T13:52:50Z,OPENJPA-670 committing patch provided by Jeremy Bauer,2008-07-29T21:05:48Z,2008-07-31T15:37:36Z,INSIDE_LIFECYCLE,,1.2.0|1.3.0,1.2.0|1.3.0,28,28,1,openjpa-jdbc/src/main/java/org/apache/openjpa/jdbc/meta/MappingRepository.java
12401748,OPENJPA-674,e97d6d15985fa8f0100ee1e4931e5337ed497d65,2008-08-06T01:28:26Z,OPENJPA-674 javaagent enhancer (PCEnhancerAgent) ignores persistence units after the first in persistence.xml committing PCEnhancerAgent.patch provided by Dinkar Rao,2008-08-06T01:02:49Z,2008-08-06T01:33:39Z,INSIDE_LIFECYCLE,,,1.2.0|1.3.0,1,1,1,openjpa-kernel/src/main/java/org/apache/openjpa/enhance/PCEnhancerAgent.java
12401793,OPENJPA-676,ce3f368ab0b7e56515803e55a399dc3f94e0f0b4,2008-08-06T15:31:01Z,OPENJPA-676 close connection used for CONTIGUOUS or TRANSACTIONAL sequences,2008-08-06T15:29:48Z,2009-03-03T01:49:53Z,INSIDE_LIFECYCLE,,1.2.0|1.3.0,1.2.1,1,1,1,openjpa-jdbc/src/main/java/org/apache/openjpa/jdbc/kernel/AbstractJDBCSeq.java
12401793,OPENJPA-676,62a6555c8975a950294cf681ef27eed1a0cb61d9,2008-08-06T15:34:33Z,OPENJPA-676 remove extraneous cast,2008-08-06T15:29:48Z,2009-03-03T01:49:53Z,INSIDE_LIFECYCLE,,1.2.0|1.3.0,1.2.1,1,1,1,openjpa-jdbc/src/main/java/org/apache/openjpa/jdbc/kernel/AbstractJDBCSeq.java
12401793,OPENJPA-676,b53a58f948719d8299a91584966bf2381701004e,2008-08-06T15:45:08Z,OPENJPA-676 remove extra bracket,2008-08-06T15:29:48Z,2009-03-03T01:49:53Z,INSIDE_LIFECYCLE,,1.2.0|1.3.0,1.2.1,1,1,1,openjpa-jdbc/src/main/java/org/apache/openjpa/jdbc/kernel/AbstractJDBCSeq.java
12401800,OPENJPA-677,9ebfe800a5cffc4116d0fa3023d8427d6a1a63bb,2008-08-08T08:06:18Z,OPENJPA-677: While loading intermediate data be more strict about when superclass oid  can be allowed,2008-08-06T16:14:28Z,2011-09-21T15:09:07Z,INSIDE_LIFECYCLE,,1.1.0|1.2.0|1.2.1|1.3.0,1.2.3|1.3.0|2.0.0-M1,5,5,1,openjpa-jdbc/src/main/java/org/apache/openjpa/jdbc/meta/strats/RelationFieldStrategy.java
12401800,OPENJPA-677,237c092ebb1dd885954e4a93c476ff70554c7bf2,2008-08-08T08:59:12Z,OPENJPA-677: Make a judgement whether reading discrimnator value from the result makes sense in a context,2008-08-06T16:14:28Z,2011-09-21T15:09:07Z,INSIDE_LIFECYCLE,,1.1.0|1.2.0|1.2.1|1.3.0,1.2.3|1.3.0|2.0.0-M1,2,2,2,openjpa-jdbc/src/main/java/org/apache/openjpa/jdbc/meta/ClassMapping.java|openjpa-jdbc/src/main/java/org/apache/openjpa/jdbc/meta/strats/RelationFieldStrategy.java
12401913,OPENJPA-678,fd15719a4ba9863172ed7a8286662caf2b7f9e21,2008-08-15T19:04:25Z,Eagerly compile JPQL queries to catch JPQL errors and throw proper exception as required by spec.  OPENJPA-678,2008-08-07T18:31:23Z,2008-08-15T19:05:34Z,INSIDE_LIFECYCLE,,1.1.0,0.9.7|1.2.0|1.3.0,4,4,2,openjpa-persistence/src/main/java/org/apache/openjpa/persistence/EntityManagerImpl.java|openjpa-persistence/src/main/java/org/apache/openjpa/persistence/QueryImpl.java
12401913,OPENJPA-678,ff93b1d6e693df0e93c441ee68788f8d206515e4,2008-08-16T05:51:59Z,OPENJPA-678: Hint based targeting of Slices required changes because of eager compilation of Query.,2008-08-07T18:31:23Z,2008-08-15T19:05:34Z,AFTER_RESOLUTION,10,1.1.0,0.9.7|1.2.0|1.3.0,3,3,2,openjpa-slice/src/main/java/org/apache/openjpa/slice/jdbc/DistributedStoreManager.java|openjpa-slice/src/main/java/org/apache/openjpa/slice/jdbc/DistributedStoreQuery.java
12401930,OPENJPA-679,f4845dae9b5767ea7fb4a26c631c4b28b0c49243,2008-08-12T05:10:54Z,OPENJPA-679 java.lang.ArrayIndexOutOfBoundsException may occur when a relation field is annotated as a primary key and a foreign key Commit patch provided by Fay Wang,2008-08-07T21:32:30Z,2009-03-24T00:51:39Z,INSIDE_LIFECYCLE,,,1.2.1|1.3.0,8,8,1,openjpa-jdbc/src/main/java/org/apache/openjpa/jdbc/meta/ClassMapping.java
12401930,OPENJPA-679,ab9d17f12e6e5bc2b784d7f4e5b4d45b47aac9b6,2009-03-10T17:37:57Z,OPENJPA-679: fix ReverseMappingTool problem,2008-08-07T21:32:30Z,2009-03-24T00:51:39Z,INSIDE_LIFECYCLE,,,1.2.1|1.3.0,1,1,1,openjpa-jdbc/src/main/java/org/apache/openjpa/jdbc/meta/ClassMapping.java
12354098,OPENJPA-68,ba1d28973531251d4b3c74cab8c1321cf0e74347,2006-10-27T17:04:24Z,Fix OPENJPA-68.,2006-10-27T06:10:34Z,2006-10-27T17:03:30Z,AFTER_RESOLUTION,0,,,2,2,2,openjpa-kernel-5/src/main/java/org/apache/openjpa/enhance/PCClassFileTransformer.java|openjpa-kernel/src/main/java/org/apache/openjpa/ee/WASManagedRuntime.java
12401950,OPENJPA-680,4668ea4e7792f624f48a7c6c275eb2f5f05998bc,2008-08-08T02:42:36Z,OPENJPA-680. Consistent with the beforeRefresh call check for new unflushed instances,2008-08-08T01:12:24Z,2010-03-03T18:33:10Z,INSIDE_LIFECYCLE,,1.2.0|1.2.1|1.3.0,1.2.0|1.2.2|1.3.0|2.0.0-M1,1,1,1,openjpa-kernel/src/main/java/org/apache/openjpa/kernel/StateManagerImpl.java
12401950,OPENJPA-680,352d799756bfed3eae503285fdd694d716b6405e,2008-08-08T18:32:01Z,OPENJPA-680 - Format changes to standard 80 columns and spacing conventions.,2008-08-08T01:12:24Z,2010-03-03T18:33:10Z,INSIDE_LIFECYCLE,,1.2.0|1.2.1|1.3.0,1.2.0|1.2.2|1.3.0|2.0.0-M1,1,1,1,openjpa-kernel/src/main/java/org/apache/openjpa/kernel/StateManagerImpl.java
12401950,OPENJPA-680,404cbbf99bad44d769250020bc38a2f499d152ea,2008-08-12T21:58:19Z,OPENJPA-680 - revert changes due to TCK regression.,2008-08-08T01:12:24Z,2010-03-03T18:33:10Z,INSIDE_LIFECYCLE,,1.2.0|1.2.1|1.3.0,1.2.0|1.2.2|1.3.0|2.0.0-M1,1,1,1,openjpa-kernel/src/main/java/org/apache/openjpa/kernel/StateManagerImpl.java
12401950,OPENJPA-680,031f525d4f15b930340fed274ac4f4f8ff7c67f4,2008-11-20T05:37:59Z,OPENJPA-680 - After load and after refresh callbacks were each resulting in a post load call resulting in the duplicate call. Fix addresses the same and re-introduces the original fix.,2008-08-08T01:12:24Z,2010-03-03T18:33:10Z,INSIDE_LIFECYCLE,,1.2.0|1.2.1|1.3.0,1.2.0|1.2.2|1.3.0|2.0.0-M1,4,4,3,openjpa-kernel/src/main/java/org/apache/openjpa/kernel/StateManagerImpl.java|openjpa-persistence/src/main/java/org/apache/openjpa/persistence/MetaDataParsers.java|openjpa-persistence/src/main/java/org/apache/openjpa/persistence/PersistenceListenerAdapter.java
12402066,OPENJPA-692,6dbe8a9e57ee2a66d2b760e4114761332ada00f3,2008-08-10T10:11:50Z,OPENJPA-692: Bi-directional mapping with JoinTable,2008-08-09T19:13:09Z,2008-08-25T14:06:06Z,INSIDE_LIFECYCLE,,,1.3.0,3,3,3,openjpa-jdbc/src/main/java/org/apache/openjpa/jdbc/kernel/JDBCStoreQuery.java|openjpa-jdbc/src/main/java/org/apache/openjpa/jdbc/meta/FieldMapping.java|openjpa-jdbc/src/main/java/org/apache/openjpa/jdbc/meta/strats/RelationCollectionTableFieldStrategy.java
12402066,OPENJPA-692,ffb59c35fcd7b8d6adf658bc794bcaff465ced32,2008-08-11T17:18:31Z,OPENJPA-692: Detect orphaning relation and change row update to delete for join table entry.,2008-08-09T19:13:09Z,2008-08-25T14:06:06Z,INSIDE_LIFECYCLE,,,1.3.0,3,3,2,openjpa-jdbc/src/main/java/org/apache/openjpa/jdbc/meta/FieldMapping.java|openjpa-jdbc/src/main/java/org/apache/openjpa/jdbc/meta/strats/RelationFieldStrategy.java
12402261,OPENJPA-693,aae12606650335c92930c6a369d799828bbae058,2008-08-14T20:52:16Z,OPENJPA-693: Support 1.5 directional mapping where Parent maps its Children but Child refers to Parent via Parent's primary key value. Introduces a concept of implicit ForeignKey that marks the shared mapped column without any database schema impact.,2008-08-13T01:08:41Z,2008-08-25T14:40:18Z,INSIDE_LIFECYCLE,,,1.3.0,15,14,8,openjpa-jdbc/src/main/java/org/apache/openjpa/jdbc/meta/MappingInfo.java|openjpa-jdbc/src/main/java/org/apache/openjpa/jdbc/meta/strats/HandlerStrategies.java|openjpa-jdbc/src/main/java/org/apache/openjpa/jdbc/meta/strats/PrimitiveFieldStrategy.java|openjpa-jdbc/src/main/java/org/apache/openjpa/jdbc/schema/Column.java|openjpa-jdbc/src/main/java/org/apache/openjpa/jdbc/sql/PrimaryRow.java|openjpa-persistence-jdbc/src/main/java/org/apache/openjpa/persistence/jdbc/AnnotationPersistenceMappingParser.java|openjpa-persistence-jdbc/src/main/java/org/apache/openjpa/persistence/jdbc/ForeignKey.java|openjpa-persistence/src/main/java/org/apache/openjpa/persistence/AnnotationPersistenceMetaDataParser.java
12402799,OPENJPA-696,8cb451d1dfefe4f4d67332cd055310cf29b0b3a8,2013-07-10T02:14:30Z,OPENJPA-696: Make transaction synchronization registries non-static.,2008-08-21T15:25:40Z,2013-07-10T02:16:01Z,INSIDE_LIFECYCLE,,1.0.0|1.0.1|1.0.2|1.0.3|1.1.0|1.2.0,2.3.0,2,2,2,openjpa-kernel/src/main/java/org/apache/openjpa/ee/AutomaticManagedRuntime.java|openjpa-kernel/src/main/java/org/apache/openjpa/ee/RegistryManagedRuntime.java
12402836,OPENJPA-697,f0126e921f716ce057b9f72e52868dae0b323a48,2008-08-25T14:25:36Z,OPENJPA-697: Upgrade version strategy for multiple numeric-valued columns to support @VersionColumns.,2008-08-22T03:47:58Z,2009-09-12T04:46:46Z,INSIDE_LIFECYCLE,,2.0.0,1.3.0,9,9,7,openjpa-jdbc/src/main/java/org/apache/openjpa/jdbc/meta/MappingRepository.java|openjpa-jdbc/src/main/java/org/apache/openjpa/jdbc/meta/strats/ColumnVersionStrategy.java|openjpa-jdbc/src/main/java/org/apache/openjpa/jdbc/meta/strats/MultiColumnVersionStrategy.java|openjpa-jdbc/src/main/java/org/apache/openjpa/jdbc/meta/strats/NumberVersionStrategy.java|openjpa-jdbc/src/main/java/org/apache/openjpa/jdbc/meta/strats/TimestampVersionStrategy.java|openjpa-persistence-jdbc/src/main/java/org/apache/openjpa/persistence/jdbc/AnnotationPersistenceMappingParser.java|openjpa-persistence-jdbc/src/main/java/org/apache/openjpa/persistence/jdbc/PersistenceMappingDefaults.java
12402836,OPENJPA-697,62c0cba64bab3d23a4d59bd70e97910d0fed5322,2008-08-26T20:51:30Z,OPENJPA-697: Implement newly added getJavaType(int i) abstarct method to save derivations unaware of multi-column versioning support from compiler error,2008-08-22T03:47:58Z,2009-09-12T04:46:46Z,INSIDE_LIFECYCLE,,2.0.0,1.3.0,4,3,3,openjpa-jdbc/src/main/java/org/apache/openjpa/jdbc/meta/strats/ColumnVersionStrategy.java|openjpa-jdbc/src/main/java/org/apache/openjpa/jdbc/meta/strats/NumberVersionStrategy.java|openjpa-jdbc/src/main/java/org/apache/openjpa/jdbc/meta/strats/TimestampVersionStrategy.java
12402836,OPENJPA-697,aa1516f04b61ae6c10253ef06b853970e1efe5fb,2008-08-29T17:46:15Z,OPENJPA-697: Add new capabilities to support version columns to spread across primary and secondary tables,2008-08-22T03:47:58Z,2009-09-12T04:46:46Z,INSIDE_LIFECYCLE,,2.0.0,1.3.0,10,8,5,openjpa-jdbc/src/main/java/org/apache/openjpa/jdbc/meta/MappingInfo.java|openjpa-jdbc/src/main/java/org/apache/openjpa/jdbc/meta/VersionMappingInfo.java|openjpa-jdbc/src/main/java/org/apache/openjpa/jdbc/meta/strats/ColumnVersionStrategy.java|openjpa-persistence-jdbc/src/main/java/org/apache/openjpa/persistence/jdbc/AnnotationPersistenceMappingParser.java|openjpa-persistence-jdbc/src/main/java/org/apache/openjpa/persistence/jdbc/VersionColumn.java
12402836,OPENJPA-697,939b122c09432e54083d751469c56ad48aff9fb6,2008-09-08T16:54:21Z,OPENJPA-697: Join if version column is in secondary table,2008-08-22T03:47:58Z,2009-09-12T04:46:46Z,INSIDE_LIFECYCLE,,2.0.0,1.3.0,2,2,2,openjpa-jdbc/src/main/java/org/apache/openjpa/jdbc/meta/strats/ColumnVersionStrategy.java|openjpa-jdbc/src/main/java/org/apache/openjpa/jdbc/meta/strats/MultiColumnVersionStrategy.java
12402882,OPENJPA-698,04c292c761a2fa8563dc66bea702ed381e910cec,2008-08-22T16:19:07Z,"OPENJPA-698: Decorate callable statements with logging. Added a new inner class LoggingConnection.LoggingCallableStatement which is almost a duplicate of LoggingPreparedStatement -- but existing hierarchy prohibits a direct inheritance. The logging with parameter tracking code needs to be refactored for a cleaner and less duplicated code, but has not be done with this commit.",2008-08-22T15:41:50Z,2008-08-25T14:03:03Z,INSIDE_LIFECYCLE,,,1.3.0,2,2,2,openjpa-lib/src/main/java/org/apache/openjpa/lib/jdbc/DelegatingCallableStatement.java|openjpa-lib/src/main/java/org/apache/openjpa/lib/jdbc/LoggingConnectionDecorator.java
12402891,OPENJPA-699,8fc909c19cbbf27f1b2e5168a6b2dadd40024f95,2008-08-27T16:39:29Z,Apply patch for OPENJPA-699.,2008-08-22T17:24:33Z,2008-08-27T16:47:11Z,INSIDE_LIFECYCLE,,1.0.0,2.0.0-M1,1,1,1,openjpa-lib/src/main/java/org/apache/openjpa/lib/jdbc/LoggingConnectionDecorator.java
12354323,OPENJPA-70,0a96982e61dadc190d809790e41da922ba715bfb,2006-10-30T23:23:11Z,Fixed OPENJPA-70. Data caching + external modifications could result in stale data getting stuck in cache.,2006-10-30T23:21:11Z,2006-10-30T23:37:08Z,INSIDE_LIFECYCLE,,,,3,3,1,openjpa-kernel/src/main/java/org/apache/openjpa/datacache/DataCacheStoreManager.java
12354323,OPENJPA-70,5c4a8c7e73e3997f69969f0ae0315dee57bc0a26,2007-06-29T23:08:41Z,"OPENJPA-70. Added new RemoteCommitEvent payload type and logic to fire RemoteCommitEvents when stale records are detected. This logic still gets fired via afterCommit(), even though these checks can happen either after a commit or a flush is issued. Additionally, these events are only fired against local listeners, so actually represent local analysis that is detecting remote events, rather than remote events themselves.",2006-10-30T23:21:11Z,2006-10-30T23:37:08Z,AFTER_RESOLUTION,5807,,,4,4,3,openjpa-kernel/src/main/java/org/apache/openjpa/datacache/DataCacheStoreManager.java|openjpa-kernel/src/main/java/org/apache/openjpa/event/RemoteCommitEvent.java|openjpa-kernel/src/main/java/org/apache/openjpa/event/RemoteCommitEventManager.java
12402892,OPENJPA-700,322689a573483d14cdd807b5881f707a1ff8a3f9,2008-08-22T17:48:55Z,OPENJPA-700 DB2 lastGeneratedKeyQuery should use new syntax for db2UDBV82OrLater,2008-08-22T17:40:14Z,2008-08-22T17:50:34Z,INSIDE_LIFECYCLE,,1.3.0,1.3.0,1,1,1,openjpa-jdbc/src/main/java/org/apache/openjpa/jdbc/sql/DB2Dictionary.java
12403029,OPENJPA-705,42f2f394fbadb894079389c4e69cb0193a4beb94,2008-08-25T23:28:31Z,OPENJPA-705: Secondary table for Embdded field is to be looked up in the owner's secondary table.,2008-08-25T22:00:14Z,2008-08-26T13:32:15Z,INSIDE_LIFECYCLE,,,1.3.0,1,1,1,openjpa-jdbc/src/main/java/org/apache/openjpa/jdbc/meta/FieldMappingInfo.java
12354330,OPENJPA-71,0b90c67a8bb2932037c4311e8afb7d85a6c3902e,2007-03-08T09:34:52Z,OPENJPA-71: resolved inefficiency with array types and AbstractPCData,2006-10-31T01:06:29Z,2007-03-08T09:34:49Z,AFTER_RESOLUTION,0,0.9.0|0.9.6,0.9.7,5,5,2,openjpa-kernel/src/main/java/org/apache/openjpa/kernel/AbstractPCData.java|openjpa-persistence/src/main/java/org/apache/openjpa/persistence/PersistentCollection.java
12403562,OPENJPA-710,a60fab2d7eef3c7cad40ca7c598e1f90ec2c01ad,2008-09-02T23:07:22Z,OPENJPA-710: Do not add ORDER BY clause for unordered collection field. But select the field as it is expecetd subsequently for loading.,2008-09-02T21:14:24Z,2008-09-03T00:29:07Z,INSIDE_LIFECYCLE,,1.0.0|1.0.1|1.0.2|1.0.3|1.0.4|1.1.0|1.2.0|1.2.1|1.3.0,1.0.4|1.2.0|1.2.1|1.3.0,1,1,1,openjpa-jdbc/src/main/java/org/apache/openjpa/jdbc/meta/strats/StoreCollectionFieldStrategy.java
12403675,OPENJPA-714,40f017a2e99211101f25fe3d6faafdef38d780a8,2009-12-16T04:17:43Z,OPENJPA-714: Check l1 cache when looking for managed instances when cascading. Submitted By: Jody Grassel,2008-09-04T12:37:58Z,2010-01-12T19:35:01Z,INSIDE_LIFECYCLE,,1.1.0|1.2.0,1.2.2|1.3.0|2.0.0-beta,4,4,1,openjpa-kernel/src/main/java/org/apache/openjpa/kernel/AttachStrategy.java
12403677,OPENJPA-715,8e6db6cb65c2acca6812b30f56e56ff48000a02f,2008-09-08T21:32:17Z,OPENJPA-715.  Committing the testcase provided by Ekin Sokmen and the patch provided by Fay Wang.  Committing the change for both the 1.2.x service stream and 1.3.0 snapshot (trunk).,2008-09-04T13:07:03Z,2008-09-18T15:41:09Z,INSIDE_LIFECYCLE,,1.0.0|1.1.0|1.2.0,1.0.4|1.2.1|1.3.0,3,3,3,openjpa-jdbc/src/main/java/org/apache/openjpa/jdbc/kernel/TableJDBCSeq.java|openjpa-kernel/src/main/java/org/apache/openjpa/kernel/SingleFieldManager.java|openjpa-kernel/src/main/java/org/apache/openjpa/kernel/StateManagerImpl.java
12404089,OPENJPA-719,07c6b1e5ddce7069c8bab7149ecf0a365a43bd88,2008-09-25T04:45:48Z,OPENJPA-719 - Ensure English locale is used in toUpperCase/toLowerCase for locale insensitive code.,2008-09-10T15:36:30Z,2008-09-25T14:13:08Z,INSIDE_LIFECYCLE,,1.0.3|1.0.4|1.1.0|1.2.0|1.2.1|1.3.0,1.2.1|1.3.0,2,2,2,openjpa-kernel/src/main/java/org/apache/openjpa/enhance/PCEnhancer.java|openjpa-lib/src/main/java/org/apache/openjpa/lib/log/LogFactoryImpl.java
12404757,OPENJPA-731,baa01d79dd0a9f35195ce46828b3f38e3faf93d5,2008-09-26T03:05:52Z,OPENJPA-731 Bug on FetchType.EAGER when QuerySQLCache is turned on Committing patch provided by Fay Wang,2008-09-19T17:24:32Z,2008-09-26T03:09:55Z,INSIDE_LIFECYCLE,,1.2.0|1.2.1,1.2.1|1.3.0,5,5,1,openjpa-jdbc/src/main/java/org/apache/openjpa/jdbc/sql/SelectImpl.java
12405004,OPENJPA-732,f0ad75d7fdfbe0deb4beb660e839123529082bc7,2008-10-02T20:41:18Z,OPENJPA-732 - Fixed BrokerImpl's fields of type Set to consistently use the correct implementation type of HashSet rather than ArrayList or LinkList.,2008-09-23T19:51:21Z,2008-10-29T19:06:12Z,INSIDE_LIFECYCLE,,1.2.1|1.3.0,1.2.2|2.0.0-M2,6,4,1,openjpa-kernel/src/main/java/org/apache/openjpa/kernel/BrokerImpl.java
12405004,OPENJPA-732,50ff3ed6933dbd115dfc9d84551b3613ec6f29ed,2008-10-02T22:50:41Z,OPENJPA-732 - Regressed a unit test. Reverting BrokerImpl back to previous level and disabling a test in the new TestMessageListener.,2008-09-23T19:51:21Z,2008-10-29T19:06:12Z,INSIDE_LIFECYCLE,,1.2.1|1.3.0,1.2.2|2.0.0-M2,2,2,1,openjpa-kernel/src/main/java/org/apache/openjpa/kernel/BrokerImpl.java
12405004,OPENJPA-732,99dc9d8a66d0b127174e6e25913311ea3cc9d5ad,2008-10-07T05:15:05Z,OPENJPA-732 - Re-commit the same original committed changes (code and tests) after test cases corrections were made.,2008-09-23T19:51:21Z,2008-10-29T19:06:12Z,INSIDE_LIFECYCLE,,1.2.1|1.3.0,1.2.2|2.0.0-M2,3,3,1,openjpa-kernel/src/main/java/org/apache/openjpa/kernel/BrokerImpl.java
12405163,OPENJPA-733,ab424921005d872958cae6583a44af1e089b65d1,2008-09-30T19:42:11Z,OPENJPA-733: Updated state manager to use actual oid instead of owner oid.,2008-09-25T17:29:55Z,2008-10-06T17:40:20Z,INSIDE_LIFECYCLE,,1.2.0,1.2.1|1.3.0,2,2,1,openjpa-kernel/src/main/java/org/apache/openjpa/kernel/StateManagerImpl.java
12354515,OPENJPA-74,b4077bd6a64f73fd28c210f265d5ef8b089199dd,2006-11-03T21:10:39Z,"OPENJPA-74: Fixed multiple problems with named queries: 1. They were not being parsed as part of the orm.xml file, since we were incorrectly looking for an attribute named 'query' (when it really should have been a sub-element named 'query'). 2. Looking for a named query did not force resolution of all metadatas. 3. An NPE was being thrown when a JPQL query was created with a null filter",2006-11-02T02:48Z,2006-11-03T21:10:49Z,INSIDE_LIFECYCLE,,,,5,4,4,openjpa-kernel/src/main/java/org/apache/openjpa/kernel/jpql/JPQLExpressionBuilder.java|openjpa-kernel/src/main/java/org/apache/openjpa/meta/MetaDataRepository.java|openjpa-persistence/src/main/java/org/apache/openjpa/persistence/MetaDataTag.java|openjpa-persistence/src/main/java/org/apache/openjpa/persistence/XMLPersistenceMetaDataParser.java
12405967,OPENJPA-740,1873fcd3685125c77025e0015ea0dbfbc4fc2818,2010-03-08T19:35:47Z,"OPENJPA-740 In MySQLDictionary use LONGBLOB, MEDIUMBLOB, TINYBLOB based on the column size, instead of always using BLOB which can only hold 64KB.  Patch contributed by Simone Gianni.",2008-10-07T22:15:36Z,2010-03-08T21:50:15Z,INSIDE_LIFECYCLE,,1.2.0|1.2.1|1.2.2|1.3.0|2.0.0-M3|2.0.0-beta|2.0.0-beta2,1.3.0|2.0.0-beta3,1,1,1,openjpa-jdbc/src/main/java/org/apache/openjpa/jdbc/sql/MySQLDictionary.java
12405967,OPENJPA-740,82694335ddfd450d60b34744a5345bebd99d992e,2010-03-08T20:23:03Z,OPENJPA-740 Handle case where size is unkown by defaulting back to old value (64KB),2008-10-07T22:15:36Z,2010-03-08T21:50:15Z,INSIDE_LIFECYCLE,,1.2.0|1.2.1|1.2.2|1.3.0|2.0.0-M3|2.0.0-beta|2.0.0-beta2,1.3.0|2.0.0-beta3,1,1,1,openjpa-jdbc/src/main/java/org/apache/openjpa/jdbc/sql/MySQLDictionary.java
12406339,OPENJPA-745,1e4aa60859d0a2a6ef90ab1d6c56dfb90ea7805b,2008-10-21T02:03:26Z,OPENJPA-745 raise string right truncation error for Sybase,2008-10-13T22:36:20Z,2008-10-22T23:34:32Z,INSIDE_LIFECYCLE,,1.2.0,1.2.1|1.3.0,3,3,3,openjpa-jdbc/src/main/java/org/apache/openjpa/jdbc/kernel/JDBCStoreManager.java|openjpa-jdbc/src/main/java/org/apache/openjpa/jdbc/sql/DBDictionary.java|openjpa-jdbc/src/main/java/org/apache/openjpa/jdbc/sql/SybaseDictionary.java
12406339,OPENJPA-745,ac40fde3f1bded71a16c8c5dd4846d81f1dc9ea5,2008-10-21T02:11:41Z,OPENJPA-745: raise string right truncation error for Sybase. Move the call to _dict.initializedSettings inside the block of checking whether _conn is null in JDBCStoreManager.,2008-10-13T22:36:20Z,2008-10-22T23:34:32Z,INSIDE_LIFECYCLE,,1.2.0,1.2.1|1.3.0,1,1,1,openjpa-jdbc/src/main/java/org/apache/openjpa/jdbc/kernel/JDBCStoreManager.java
12406339,OPENJPA-745,703a2b9b600817f96ed3d7ba1024fabf50184dc9,2008-10-22T22:12:37Z,OPENJPA-745: streamline the fix to be consistent with the fix in OPENJPA-750,2008-10-13T22:36:20Z,2008-10-22T23:34:32Z,INSIDE_LIFECYCLE,,1.2.0,1.2.1|1.3.0,3,3,3,openjpa-jdbc/src/main/java/org/apache/openjpa/jdbc/kernel/JDBCStoreManager.java|openjpa-jdbc/src/main/java/org/apache/openjpa/jdbc/sql/DBDictionary.java|openjpa-jdbc/src/main/java/org/apache/openjpa/jdbc/sql/SybaseDictionary.java
12354865,OPENJPA-75,b29b9b6c7619e5785d80769881a16a95503bf79c,2008-08-01T20:05:18Z,OPENJPA-75: Error message for missing identification variable shows nearest Levensthien choice and all avaialble choices,2006-11-06T19:18:52Z,2008-08-01T20:05:52Z,INSIDE_LIFECYCLE,,,1.3.0,3,2,2,openjpa-kernel/src/main/java/org/apache/openjpa/kernel/exps/AbstractExpressionBuilder.java|openjpa-kernel/src/main/java/org/apache/openjpa/meta/ClassMetaData.java
12406711,OPENJPA-750,703a2b9b600817f96ed3d7ba1024fabf50184dc9,2008-10-22T22:12:37Z,OPENJPA-745: streamline the fix to be consistent with the fix in OPENJPA-750,2008-10-17T20:26:28Z,2008-10-23T14:51:24Z,INSIDE_LIFECYCLE,,1.3.0,1.3.0,3,3,3,openjpa-jdbc/src/main/java/org/apache/openjpa/jdbc/kernel/JDBCStoreManager.java|openjpa-jdbc/src/main/java/org/apache/openjpa/jdbc/sql/DBDictionary.java|openjpa-jdbc/src/main/java/org/apache/openjpa/jdbc/sql/SybaseDictionary.java
12406711,OPENJPA-750,c49f0e17d6b1f02970acd15dee527b25784d01e1,2008-10-23T04:43:35Z,"OPENJPA-750: Added option to Sybase dictionary to ignore truncation warnings, added doc for new dictionary option, and code to log any SQLWarnings when update count isn't expected value.",2008-10-17T20:26:28Z,2008-10-23T14:51:24Z,INSIDE_LIFECYCLE,,1.3.0,1.3.0,5,3,3,openjpa-jdbc/src/main/java/org/apache/openjpa/jdbc/kernel/BatchingPreparedStatementManagerImpl.java|openjpa-jdbc/src/main/java/org/apache/openjpa/jdbc/kernel/PreparedStatementManagerImpl.java|openjpa-jdbc/src/main/java/org/apache/openjpa/jdbc/sql/SybaseDictionary.java
12406711,OPENJPA-750,044764a395220342b5843c2ffebd7197baa04b4f,2008-10-24T15:24:21Z,OPENJPA-750: Updates to code and doc based on code review comments,2008-10-17T20:26:28Z,2008-10-23T14:51:24Z,AFTER_RESOLUTION,24,1.3.0,1.3.0,2,1,1,openjpa-jdbc/src/main/java/org/apache/openjpa/jdbc/kernel/PreparedStatementManagerImpl.java
12407487,OPENJPA-755,54d4d0d07d5405670c84823ee2701f497f384538,2008-10-31T18:39:16Z,OPENJPA-755 Update to SingleFieldManager to permit detached related entities on a merge with cascade persist.  Committing for Dinkar Rao.,2008-10-30T05:19:16Z,2008-11-14T00:11:03Z,INSIDE_LIFECYCLE,,,1.2.1|1.3.0|2.0.0-M2,5,5,1,openjpa-kernel/src/main/java/org/apache/openjpa/kernel/SingleFieldManager.java
12407487,OPENJPA-755,5550d8dbb53e2b5bbff4dddac060a93c33d7ceff,2008-11-10T19:55Z,OPENJPA-755 Update to SingleFieldManager to permit detached related entities on a merge with cascade persist. cosmatic changes only - removed tabs.,2008-10-30T05:19:16Z,2008-11-14T00:11:03Z,INSIDE_LIFECYCLE,,,1.2.1|1.3.0|2.0.0-M2,5,5,1,openjpa-kernel/src/main/java/org/apache/openjpa/kernel/SingleFieldManager.java
12354902,OPENJPA-76,05f7fac8637ae3f5c524e1aaf35ebd4f09798db8,2006-11-07T08:01:49Z,"Michael Dick's patch for OPENJPA-76, plus a tweak to make it use resources instead of files.",2006-11-07T04:35:48Z,2006-11-07T08:02:24Z,INSIDE_LIFECYCLE,,,,1,1,1,openjpa-kernel/src/main/java/org/apache/openjpa/ee/WASManagedRuntime.java
12407802,OPENJPA-761,f55dff2069f4a1dc2f27d7e5a9dd126bcc5a2d67,2008-11-04T21:56:35Z,OPENJPA-761 - test for null column object and post a more meaning message to the warning log in SchemaGenerator.,2008-11-04T18:02:13Z,2008-11-04T21:58:35Z,INSIDE_LIFECYCLE,,1.0.4|1.1.0|1.2.1|1.3.0|2.0.0-M2,1.3.0|2.0.0-M2,2,1,1,openjpa-jdbc/src/main/java/org/apache/openjpa/jdbc/schema/SchemaGenerator.java
12407809,OPENJPA-762,7e24608f524188e5b019777d85d01a2b4dd62d9a,2008-11-04T21:03:56Z,OPENJPA-762: Batch execution fails for Oracle when batch limit is set to -1.,2008-11-04T20:05:46Z,2008-11-04T21:07:28Z,INSIDE_LIFECYCLE,,1.2.0,1.2.1|1.3.0|2.0.0-M2,1,1,1,openjpa-jdbc/src/main/java/org/apache/openjpa/jdbc/sql/OracleDictionary.java
12355182,OPENJPA-77,6cb121e192041b65410fa2af968921c908b14d14,2006-12-29T15:19:17Z,Changes for JIRA OPENJPA-77 issue.,2006-11-09T17:55:44Z,2006-12-29T15:23:15Z,INSIDE_LIFECYCLE,,,0.9.7,2,2,2,openjpa-jdbc/src/main/java/org/apache/openjpa/jdbc/sql/DB2Dictionary.java|openjpa-jdbc/src/main/java/org/apache/openjpa/jdbc/sql/DBDictionary.java
12408793,OPENJPA-774,68d48f948e8bf1f47648179fe0680040d1f23b1f,2008-11-20T21:48:54Z,OPENJPA-774.  Committing the patch provided by Alexey Ousov in trunk and the 1.3.x branch.,2008-11-19T03:40:32Z,2010-03-03T15:42:03Z,INSIDE_LIFECYCLE,,1.1.0|1.2.0|1.3.0|2.0.0-M2,1.3.0|2.0.0-beta3,1,1,1,openjpa-jdbc/src/main/java/org/apache/openjpa/jdbc/kernel/SQLStoreQuery.java
12409239,OPENJPA-787,3f47c13c68f439f274c735862184cfb19c37b151,2008-12-01T12:34:17Z,"OPENJPA-787,OPENJPA-799: getSingleResult() and multiple aggregate projections",2008-11-26T03:15:07Z,2008-12-20T06:56:35Z,INSIDE_LIFECYCLE,,2.0.0-M2,2.0.0-M2,5,5,3,openjpa-slice/src/main/java/org/apache/openjpa/slice/jdbc/DistributedResultSet.java|openjpa-slice/src/main/java/org/apache/openjpa/slice/jdbc/DistributedStoreQuery.java|openjpa-slice/src/main/java/org/apache/openjpa/slice/jdbc/UniqueResultObjectProvider.java
12409296,OPENJPA-792,9946b6c19bb6445d8b975d2bb734329777cf7ec5,2008-12-08T21:22:58Z,OPENJPA-792: MappedSuperClass problem. Commit on behalf of Sandhya Turaga.,2008-11-26T19:15:40Z,2008-12-09T19:53:24Z,INSIDE_LIFECYCLE,,2.0.0-M2,1.3.0|2.0.0-M2,10,9,1,openjpa-kernel/src/main/java/org/apache/openjpa/enhance/PCEnhancer.java
12409401,OPENJPA-795,569641f0950e01c8abbaff6e23e2739a8a2f2c9a,2008-12-09T18:49:49Z,"OPENJPA-795  enhancer throws an exception when parsing column name ""first.name"" because it thinks 'first' is a table name In U2 database column name may contain '.'",2008-11-27T16:41:30Z,2008-12-09T18:56:29Z,INSIDE_LIFECYCLE,,1.2.0,1.3.0|2.0.0-M2,1,1,1,openjpa-jdbc/src/main/java/org/apache/openjpa/jdbc/meta/MappingInfo.java
12409520,OPENJPA-799,3f47c13c68f439f274c735862184cfb19c37b151,2008-12-01T12:34:17Z,"OPENJPA-787,OPENJPA-799: getSingleResult() and multiple aggregate projections",2008-12-01T00:06:47Z,2008-12-20T06:57:30Z,INSIDE_LIFECYCLE,,2.0.0-M1,2.0.0-M1,5,5,3,openjpa-slice/src/main/java/org/apache/openjpa/slice/jdbc/DistributedResultSet.java|openjpa-slice/src/main/java/org/apache/openjpa/slice/jdbc/DistributedStoreQuery.java|openjpa-slice/src/main/java/org/apache/openjpa/slice/jdbc/UniqueResultObjectProvider.java
12355510,OPENJPA-80,1af233a0b3b7ad19ed14aa1b0a297269f7905e97,2007-03-06T09:33:06Z,OPENJPA-80: MySQL escape string for string matches queries,2006-11-13T20:01:09Z,2007-03-06T09:34:16Z,INSIDE_LIFECYCLE,,,0.9.7,1,1,1,openjpa-jdbc/src/main/java/org/apache/openjpa/jdbc/sql/MySQLDictionary.java
12409567,OPENJPA-801,62e1deae8f372545fc7c95d9bdd986886f3d7db4,2008-12-09T20:08:32Z,OPENJPA-801: PCPath is now a CandidatePath. But why was it not before?,2008-12-01T18:18:19Z,2008-12-10T12:33:15Z,INSIDE_LIFECYCLE,,2.0.0-M1,2.0.0-M1,3,3,2,openjpa-jdbc/src/main/java/org/apache/openjpa/jdbc/kernel/exps/PCPath.java|openjpa-kernel/src/main/java/org/apache/openjpa/kernel/exps/CandidatePath.java
12409788,OPENJPA-811,ef7f18f30c168b1cb4b046bfde99ac23cd9ba934,2008-12-03T21:41:54Z,OPENJPA-811 - Committ on behalf of Pinaki Poddar and Dinkar Rao.,2008-12-03T18:44:59Z,2009-03-17T16:21:45Z,INSIDE_LIFECYCLE,,1.2.0|2.0.0-M2,1.2.1|1.3.0|2.0.0-M2,2,1,1,openjpa-jdbc/src/main/java/org/apache/openjpa/jdbc/sql/OracleDictionary.java
12409867,OPENJPA-812,5bf35c3a409e2f4940b32ed8ea2ed419de4f6015,2008-12-04T09:09:35Z,OPENJPA-812: Consider case when aggreate result from a slice can be null,2008-12-04T02:27Z,2008-12-09T19:25:15Z,INSIDE_LIFECYCLE,,2.0.0-M1,2.0.0-M1,2,2,1,openjpa-slice/src/main/java/org/apache/openjpa/slice/jdbc/UniqueResultObjectProvider.java
12410006,OPENJPA-815,55b1fa6cd377b1e15ffff6b8b65eb94c241e02a5,2008-12-04T23:03:42Z,"OPENJPA-815: retrieval fails for an entity that contains an embeddable, which contains a toMany relation.",2008-12-04T20:19:14Z,2008-12-04T23:52:12Z,INSIDE_LIFECYCLE,,,1.3.0|2.0.0-M2,6,6,1,openjpa-jdbc/src/main/java/org/apache/openjpa/jdbc/meta/strats/StoreCollectionFieldStrategy.java
12410224,OPENJPA-819,04900fe85c90b86e0becb5b2cb59ba4d08ae4cf8,2008-12-18T20:39:06Z,OPENJPA-819 Committing fix for NPE and corresponding test case contributed by Dianne Richards.,2008-12-08T21:58:21Z,2008-12-18T20:41:09Z,INSIDE_LIFECYCLE,,2.0.0-M2,2.0.0-M2,5,3,1,openjpa-kernel/src/main/java/org/apache/openjpa/enhance/ManagedClassSubclasser.java
12410326,OPENJPA-821,57d329d3c55c3805465df3299e37deaf144dfc02,2008-12-10T12:36:24Z,OPENJPA-821: DistributedStoreQuery$UpdateExecutor called executeDelete(). Should be executeUpdate(),2008-12-10T01:15:05Z,2008-12-10T12:36:52Z,INSIDE_LIFECYCLE,,2.0.0-M1,2.0.0-M1,1,1,1,openjpa-slice/src/main/java/org/apache/openjpa/slice/jdbc/DistributedStoreQuery.java
12410528,OPENJPA-825,9c8b2d2cd844ecc73081c3baf281b13abd178843,2008-12-15T19:02:19Z,OPENJPA-825: Execute slice operations serailly when openjpa.Multithreaded=true. Otherwise continue using parallel execution mode.,2008-12-11T23:40:42Z,2009-09-12T04:47:23Z,INSIDE_LIFECYCLE,,2.0.0-M2,2.0.0-M1,6,6,3,openjpa-slice/src/main/java/org/apache/openjpa/slice/ReplicationPolicy.java|openjpa-slice/src/main/java/org/apache/openjpa/slice/jdbc/DistributedStoreManager.java|openjpa-slice/src/main/java/org/apache/openjpa/slice/jdbc/DistributedStoreQuery.java
12410528,OPENJPA-825,0f7f03d8b0bfcfa33fb3bed73597af731e86cfef,2008-12-17T06:23Z,OPENJPA-825: Cache unique flag for query to avoid lcoking. Use StateManager's instance lock rather than acquiring Broker's lock.,2008-12-11T23:40:42Z,2009-09-12T04:47:23Z,INSIDE_LIFECYCLE,,2.0.0-M2,2.0.0-M1,4,4,4,openjpa-jdbc/src/main/java/org/apache/openjpa/jdbc/kernel/JDBCStoreQuery.java|openjpa-kernel/src/main/java/org/apache/openjpa/kernel/QueryImpl.java|openjpa-kernel/src/main/java/org/apache/openjpa/kernel/StateManagerImpl.java|openjpa-slice/src/main/java/org/apache/openjpa/slice/jdbc/DistributedStoreQuery.java
12410528,OPENJPA-825,574d559860c58a74aead153305aef6dfc44a2fbd,2008-12-19T00:08:23Z,OPENJPA-825: Introduced internal locking for shared contexts (BrokerImpl/QueryImpl).,2008-12-11T23:40:42Z,2009-09-12T04:47:23Z,INSIDE_LIFECYCLE,,2.0.0-M2,2.0.0-M1,12,10,8,openjpa-jdbc/src/main/java/org/apache/openjpa/jdbc/kernel/JDBCStoreQuery.java|openjpa-kernel/src/main/java/org/apache/openjpa/kernel/BrokerImpl.java|openjpa-kernel/src/main/java/org/apache/openjpa/kernel/QueryImpl.java|openjpa-persistence/src/main/java/org/apache/openjpa/persistence/QueryImpl.java|openjpa-slice/src/main/java/org/apache/openjpa/slice/DistributedBrokerImpl.java|openjpa-slice/src/main/java/org/apache/openjpa/slice/ProductDerivation.java|openjpa-slice/src/main/java/org/apache/openjpa/slice/jdbc/DistributedStoreManager.java|openjpa-slice/src/main/java/org/apache/openjpa/slice/jdbc/DistributedStoreQuery.java
12410528,OPENJPA-825,75cf4c522f41e6dfcbac89a2905498085d7f728e,2009-02-26T20:20:44Z,OPENJPA-825: A new threading policy for Slice via extension,2008-12-11T23:40:42Z,2009-09-12T04:47:23Z,INSIDE_LIFECYCLE,,2.0.0-M2,2.0.0-M1,10,10,9,openjpa-slice/src/main/java/org/apache/openjpa/slice/DistributedBrokerImpl.java|openjpa-slice/src/main/java/org/apache/openjpa/slice/DistributedQueryImpl.java|openjpa-slice/src/main/java/org/apache/openjpa/slice/ExecutorServiceValue.java|openjpa-slice/src/main/java/org/apache/openjpa/slice/ReentrantSliceLock.java|openjpa-slice/src/main/java/org/apache/openjpa/slice/SliceThread.java|openjpa-slice/src/main/java/org/apache/openjpa/slice/jdbc/DistributedJDBCConfiguration.java|openjpa-slice/src/main/java/org/apache/openjpa/slice/jdbc/DistributedJDBCConfigurationImpl.java|openjpa-slice/src/main/java/org/apache/openjpa/slice/jdbc/DistributedStoreManager.java|openjpa-slice/src/main/java/org/apache/openjpa/slice/jdbc/DistributedStoreQuery.java
12410528,OPENJPA-825,4d28f28b20ee8300fe6c68c914e1f0b2e0974c24,2009-02-26T21:17:13Z,OPENJPA-825: ExecutorService is not configurable anymore with new threading strategy.,2008-12-11T23:40:42Z,2009-09-12T04:47:23Z,INSIDE_LIFECYCLE,,2.0.0-M2,2.0.0-M1,2,2,2,openjpa-slice/src/main/java/org/apache/openjpa/slice/ExecutorServiceValue.java|openjpa-slice/src/main/java/org/apache/openjpa/slice/jdbc/DistributedJDBCConfigurationImpl.java
12410754,OPENJPA-828,548ccbcf959025988fc9ee517ba1a0ef983ee449,2008-12-16T01:59:34Z,OPENJPA-828: Switch field value access based on declaredTypeCode rather than typeCode to take care of externalized fields.,2008-12-16T01:26:35Z,2013-04-10T20:52:16Z,INSIDE_LIFECYCLE,,,1.2.3|2.0.0-M1|2.0.0-M2,1,1,1,openjpa-kernel/src/main/java/org/apache/openjpa/enhance/ReflectingPersistenceCapable.java
12411017,OPENJPA-835,0500645b7a753dbf287c81b6bda473165b1ccc44,2008-12-19T02:17:36Z,OPENJPA-835 Loading nested toMany EAGER relation resuled in PersistenceException,2008-12-18T23:07:23Z,2008-12-19T02:24:33Z,INSIDE_LIFECYCLE,,1.2.0|1.2.1|1.3.0|2.0.0-M2,1.2.1|1.3.0|2.0.0-M2,1,1,1,openjpa-jdbc/src/main/java/org/apache/openjpa/jdbc/kernel/JDBCStoreManager.java
12411045,OPENJPA-836,1583426e01c38dd65d255a2eeb52cca475975fb7,2009-01-14T23:21:13Z,OPENJPA-836 after em.clear the datacache is inconsistent,2008-12-19T12:03:53Z,2009-01-14T23:25:45Z,INSIDE_LIFECYCLE,,1.2.0|1.3.0,1.3.0|2.0.0-M2,1,1,1,openjpa-kernel/src/main/java/org/apache/openjpa/kernel/PCDataImpl.java
12411068,OPENJPA-838,6ff7d9a922d1b3f61fa2363529622e69f1d82b9d,2008-12-22T19:36:50Z,OPENJPA-838: remove cache from StoreCollectionFieldStrategy,2008-12-19T18:51:31Z,2009-01-29T16:44:49Z,INSIDE_LIFECYCLE,,1.2.0,1.2.1|1.3.0|2.0.0-M2,2,2,2,openjpa-jdbc/src/main/java/org/apache/openjpa/jdbc/meta/strats/StoreCollectionFieldStrategy.java|openjpa-jdbc/src/main/java/org/apache/openjpa/jdbc/sql/SQLBuffer.java
12411187,OPENJPA-843,9ab2dd6c4ab1da7438f6f0265d876fa8bf4135e4,2009-01-12T22:16:06Z,OPENJPA-843 Unnecessary version update on inverse-side of a 1-m relationship Committing patch provided by Dinkar Rao,2008-12-22T19:16:01Z,2009-01-12T22:43:12Z,INSIDE_LIFECYCLE,,2.0.0-M2,1.2.1|1.3.0|2.0.0-M2,7,7,1,openjpa-jdbc/src/main/java/org/apache/openjpa/jdbc/kernel/AbstractUpdateManager.java
12411263,OPENJPA-845,94efd58dd9e258e2de7436c767f179e136c49dfe,2008-12-23T20:08:39Z,OPENJPA-845: Evaluate ordering value for PCPath to support ORDER BY slice queries that involves ordering terms not included in projection items and hence requires in-memory ordering from multiple slices.,2008-12-23T19:25:03Z,2009-02-26T17:13:35Z,INSIDE_LIFECYCLE,,,2.0.0-M1,2,2,1,openjpa-jdbc/src/main/java/org/apache/openjpa/jdbc/kernel/exps/PCPath.java
12411523,OPENJPA-847,e80110bdd1029dc03dd3ff422c98458daf451478,2009-05-30T13:11:24Z,OPENJPA-847: Enable JDBC 3 way of retrieving generated keys,2008-12-31T10:18:29Z,2009-05-31T09:57:15Z,INSIDE_LIFECYCLE,,2.0.0-M2,1.3.0|2.0.0-M2,1,1,1,openjpa-lib/src/main/java/org/apache/openjpa/lib/jdbc/DelegatingDatabaseMetaData.java
12411987,OPENJPA-853,2309a59df503eafd89ecaa334d4964d0ea34b605,2009-01-10T00:44:36Z,OPENJPA-853 Informix Cursor not open problem,2009-01-09T00:08:37Z,2009-01-10T00:51:15Z,INSIDE_LIFECYCLE,,1.2.0,1.2.1|1.3.0|2.0.0-M2,1,1,1,openjpa-jdbc/src/main/java/org/apache/openjpa/jdbc/sql/InformixDictionary.java
12412382,OPENJPA-859,9c3a7117a83a2e0035cb7d73a14aa42663187a4b,2009-09-25T17:45:49Z,OPENJPA-859: Handle having relational info in mapping file and annotations. Patch contributed by Rick Curtis.,2009-01-14T15:17:26Z,2009-12-10T19:33:15Z,INSIDE_LIFECYCLE,,2.0.0-M2,2.0.0-beta,5,3,1,openjpa-persistence/src/main/java/org/apache/openjpa/persistence/AnnotationPersistenceMetaDataParser.java
12412382,OPENJPA-859,4c6ecef1ba10438268154d33c16520588f574fbb,2009-10-02T16:32:49Z,OPENJPA-859: Backing out 818928 while investigating a regression.,2009-01-14T15:17:26Z,2009-12-10T19:33:15Z,INSIDE_LIFECYCLE,,2.0.0-M2,2.0.0-beta,5,3,1,openjpa-persistence/src/main/java/org/apache/openjpa/persistence/AnnotationPersistenceMetaDataParser.java
12412382,OPENJPA-859,f7568decb957ebcf656c977fcdac4f85914962ce,2009-10-21T15:57Z,OPENJPA-859: Recommitting 818928. Added new test scenario for partial xml defined embeddable that implements Serializable.,2009-01-14T15:17:26Z,2009-12-10T19:33:15Z,INSIDE_LIFECYCLE,,2.0.0-M2,2.0.0-beta,7,5,2,openjpa-persistence/src/main/java/org/apache/openjpa/persistence/AnnotationPersistenceMetaDataParser.java|openjpa-persistence/src/main/java/org/apache/openjpa/persistence/XMLPersistenceMetaDataParser.java
12412382,OPENJPA-859,7a46717616e9f908df95bcff48dff7e6b29af14a,2009-10-21T22:45:36Z,OPENJPA-859: Restructured testcase. Minor formatting change.,2009-01-14T15:17:26Z,2009-12-10T19:33:15Z,INSIDE_LIFECYCLE,,2.0.0-M2,2.0.0-beta,5,3,1,openjpa-persistence/src/main/java/org/apache/openjpa/persistence/AnnotationPersistenceMetaDataParser.java
12412382,OPENJPA-859,5d793884e63d62b5f88705173083cb0ee0603485,2009-10-22T01:41:03Z,OPENJPA-859: Fix checkstyle error,2009-01-14T15:17:26Z,2009-12-10T19:33:15Z,INSIDE_LIFECYCLE,,2.0.0-M2,2.0.0-beta,1,1,1,openjpa-persistence/src/main/java/org/apache/openjpa/persistence/AnnotationPersistenceMetaDataParser.java
12356226,OPENJPA-86,86e47000db1e081076ed16ef2873bb71e6e93c70,2007-08-07T23:12:56Z,OPENJPA-86,2006-11-21T01:42:51Z,2007-08-07T23:13:06Z,INSIDE_LIFECYCLE,,0.9.6,1.0.0,5,4,2,openjpa-persistence/src/main/java/org/apache/openjpa/persistence/AnnotationPersistenceMetaDataParser.java|openjpa-persistence/src/main/java/org/apache/openjpa/persistence/XMLPersistenceMetaDataParser.java
12412498,OPENJPA-860,696388049b3a89248e265af7274bdb298ab91e0a,2009-01-15T20:21:45Z,OPENJPA-860 improve trace. Entity class names are printed when found in orm.xml,2009-01-15T15:48:42Z,2009-01-23T21:41:41Z,INSIDE_LIFECYCLE,,1.2.0,1.3.0,1,1,1,openjpa-kernel/src/main/java/org/apache/openjpa/meta/AbstractCFMetaDataFactory.java
12412498,OPENJPA-860,8c50f73fe4820ac25b5268553b8029c32d9c9f9e,2009-01-16T21:12:47Z,OPENJPA-860 fixing the last trace call. Patch originally provided by Janko Heilgeist,2009-01-15T15:48:42Z,2009-01-23T21:41:41Z,INSIDE_LIFECYCLE,,1.2.0,1.3.0,1,1,1,openjpa-kernel/src/main/java/org/apache/openjpa/meta/AbstractCFMetaDataFactory.java
12412762,OPENJPA-863,f1d2bf4bef6b479bfe9ee5eda2e5364bba7d67d5,2009-01-23T18:23:18Z,OPENJPA-863 Unexpected mere-cascade behavior when cascade.all/merge specified on both sides of relationships Committing patch provided by Sandhya Truraga,2009-01-19T18:07:33Z,2009-01-23T18:27:04Z,INSIDE_LIFECYCLE,,1.2.0|2.0.0-M2,1.3.0|2.0.0-M2,2,2,1,openjpa-kernel/src/main/java/org/apache/openjpa/kernel/AttachManager.java
12412951,OPENJPA-864,c5736acdf423b312fde13a86d34ec4932e22acc9,2009-01-22T19:16:37Z,OPENJPA-864 do not remove table aliases for databases which use JoinSyntaxes.SYNTAX_DATABASE (no joins).,2009-01-21T23:30:21Z,2009-01-23T14:49:25Z,INSIDE_LIFECYCLE,,1.0.3|1.2.0,1.0.4|1.2.1|1.3.0|2.0.0-M2,5,5,1,openjpa-jdbc/src/main/java/org/apache/openjpa/jdbc/sql/SelectImpl.java
12413092,OPENJPA-866,0e7c84ef81c1fa5b92a07f4604d00217479b831a,2009-03-12T21:31:11Z,OPENJPA-866 - Commit contributions by Tim McConnell.,2009-01-23T14:53:51Z,2009-03-12T21:32:55Z,INSIDE_LIFECYCLE,,1.2.0|1.3.0|2.0.0-M2,1.3.0|2.0.0-M2,5,5,3,openjpa-jdbc/src/main/java/org/apache/openjpa/jdbc/schema/DynamicSchemaFactory.java|openjpa-jdbc/src/main/java/org/apache/openjpa/jdbc/schema/Schema.java|openjpa-jdbc/src/main/java/org/apache/openjpa/jdbc/schema/Table.java
12413100,OPENJPA-867,dbf066de8e47f5c2beeb2768b200abd7aef7a377,2011-08-21T15:34:37Z,"OPENJPA-867: Use 3-argument version of LOCATE-like SQL function where possible, instead of a trick with SUBSTRING.",2009-01-23T15:37:26Z,2011-08-29T20:13:10Z,INSIDE_LIFECYCLE,,1.2.0|2.0.0-M2,2.2.0,6,6,6,openjpa-jdbc/src/main/java/org/apache/openjpa/jdbc/sql/AbstractSQLServerDictionary.java|openjpa-jdbc/src/main/java/org/apache/openjpa/jdbc/sql/H2Dictionary.java|openjpa-jdbc/src/main/java/org/apache/openjpa/jdbc/sql/MySQLDictionary.java|openjpa-jdbc/src/main/java/org/apache/openjpa/jdbc/sql/OracleDictionary.java|openjpa-jdbc/src/main/java/org/apache/openjpa/jdbc/sql/SQLServerDictionary.java|openjpa-jdbc/src/main/java/org/apache/openjpa/jdbc/sql/SybaseDictionary.java
12413299,OPENJPA-873,89df4a75321f4066bb7a0a83d0fa03ace16e32bf,2009-01-26T20:23:55Z,OPENJPA-873: fix NPE when MappedSuperclass does not have IdClass defined.,2009-01-26T19:05:24Z,2009-02-04T17:30:10Z,INSIDE_LIFECYCLE,,1.2.0,1.0.4|1.2.2|1.3.0|2.0.0-M2,1,1,1,openjpa-kernel/src/main/java/org/apache/openjpa/meta/ClassMetaData.java
12413618,OPENJPA-883,0aedae43701528f57b32dea534b5def3a576074d,2009-04-02T18:45:32Z,OPENJPA-883: Documentation is out of date for some MySQLDictionary properties,2009-01-30T13:43:54Z,2009-04-02T19:10:24Z,INSIDE_LIFECYCLE,,1.2.0|1.2.1|1.3.0|2.0.0-M1|2.0.0-M2,1.3.0|2.0.0-M2,2,1,1,openjpa-jdbc/src/main/java/org/apache/openjpa/jdbc/sql/MySQLDictionary.java
12413623,OPENJPA-884,efc6ba4735d62cb8a82ed2ce29096d149d516c4f,2009-03-01T19:31:06Z,OPENJPA-884: Logging oversight in DB2Dictionary https://issues.apache.org/jira/browse/OPENJPA-884,2009-01-30T14:38:47Z,2009-03-01T20:10:43Z,INSIDE_LIFECYCLE,,1.2.0|1.2.1|1.3.0|2.0.0-M1|2.0.0-M2,1.3.0|2.0.0-M2,1,1,1,openjpa-jdbc/src/main/java/org/apache/openjpa/jdbc/sql/DB2Dictionary.java
12414006,OPENJPA-896,90b84c5d73db4d0d7fa3e5520358912961b59c43,2009-03-22T23:37:24Z,OPENJPA-896. Setting eol-style:native and removing windows eol characters from source files.,2009-02-04T16:39:44Z,2009-03-22T23:57:02Z,INSIDE_LIFECYCLE,,1.0.3|1.1.0|1.2.0,1.0.4|1.2.2|1.3.0|2.0.0-M2,1544,1544,264,openjpa-jdbc/src/main/java/org/apache/openjpa/jdbc/kernel/ConstraintUpdateManager.java|openjpa-jdbc/src/main/java/org/apache/openjpa/jdbc/kernel/FinderCacheImpl.java|openjpa-jdbc/src/main/java/org/apache/openjpa/jdbc/kernel/FinderQueryImpl.java|openjpa-jdbc/src/main/java/org/apache/openjpa/jdbc/kernel/PreparedQueryCacheImpl.java|openjpa-jdbc/src/main/java/org/apache/openjpa/jdbc/kernel/PreparedQueryImpl.java|openjpa-jdbc/src/main/java/org/apache/openjpa/jdbc/kernel/PreparedResultObjectProvider.java|openjpa-jdbc/src/main/java/org/apache/openjpa/jdbc/kernel/PreparedSQLStoreQuery.java|openjpa-jdbc/src/main/java/org/apache/openjpa/jdbc/kernel/exps/MapEntry.java|openjpa-jdbc/src/main/java/org/apache/openjpa/jdbc/kernel/exps/MapKey.java|openjpa-jdbc/src/main/java/org/apache/openjpa/jdbc/kernel/exps/TypeLit.java|openjpa-jdbc/src/main/java/org/apache/openjpa/jdbc/meta/strats/ElementEmbedValueHandler.java|openjpa-jdbc/src/main/java/org/apache/openjpa/jdbc/meta/strats/HandlerCollectionTableFieldStrategy.java|openjpa-jdbc/src/main/java/org/apache/openjpa/jdbc/meta/strats/HandlerHandlerMapTableFieldStrategy.java|openjpa-jdbc/src/main/java/org/apache/openjpa/jdbc/meta/strats/HandlerRelationMapTableFieldStrategy.java|openjpa-jdbc/src/main/java/org/apache/openjpa/jdbc/meta/strats/LobFieldStrategy.java|openjpa-jdbc/src/main/java/org/apache/openjpa/jdbc/meta/strats/MultiColumnVersionStrategy.java|openjpa-jdbc/src/main/java/org/apache/openjpa/jdbc/meta/strats/NanoPrecisionTimestampVersionStrategy.java|openjpa-jdbc/src/main/java/org/apache/openjpa/jdbc/meta/strats/RelationHandlerMapTableFieldStrategy.java|openjpa-jdbc/src/main/java/org/apache/openjpa/jdbc/meta/strats/RelationRelationMapTableFieldStrategy.java|openjpa-jdbc/src/main/java/org/apache/openjpa/jdbc/sql/DB2Dictionary.java|openjpa-jdbc/src/main/java/org/apache/openjpa/jdbc/sql/SQLErrorCodeReader.java|openjpa-kernel/src/main/java/org/apache/openjpa/conf/CacheMarshaller.java|openjpa-kernel/src/main/java/org/apache/openjpa/conf/CacheMarshallerImpl.java|openjpa-kernel/src/main/java/org/apache/openjpa/conf/CacheMarshallersValue.java|openjpa-kernel/src/main/java/org/apache/openjpa/conf/MetaDataCacheMaintenance.java|openjpa-kernel/src/main/java/org/apache/openjpa/conf/MetaDataRepositoryValue.java|openjpa-kernel/src/main/java/org/apache/openjpa/conf/NoOpCacheMarshaller.java|openjpa-kernel/src/main/java/org/apache/openjpa/conf/OpenJPAProductDerivation.java|openjpa-kernel/src/main/java/org/apache/openjpa/conf/OpenJPAVersionAndConfigurationTypeValidationPolicy.java|openjpa-kernel/src/main/java/org/apache/openjpa/conf/QueryCompilationCacheValue.java|openjpa-kernel/src/main/java/org/apache/openjpa/conf/Specification.java|openjpa-kernel/src/main/java/org/apache/openjpa/conf/SpecificationPlugin.java|openjpa-kernel/src/main/java/org/apache/openjpa/datacache/AbstractDataCache.java|openjpa-kernel/src/main/java/org/apache/openjpa/datacache/AbstractQueryCache.java|openjpa-kernel/src/main/java/org/apache/openjpa/datacache/CacheStatistics.java|openjpa-kernel/src/main/java/org/apache/openjpa/datacache/DataCacheScheduler.java|openjpa-kernel/src/main/java/org/apache/openjpa/datacache/QueryCacheStoreQuery.java|openjpa-kernel/src/main/java/org/apache/openjpa/enhance/AttributeTranslator.java|openjpa-kernel/src/main/java/org/apache/openjpa/enhance/ClassRedefiner.java|openjpa-kernel/src/main/java/org/apache/openjpa/enhance/DynamicPersistenceCapable.java|openjpa-kernel/src/main/java/org/apache/openjpa/enhance/ManagedClassSubclasser.java|openjpa-kernel/src/main/java/org/apache/openjpa/enhance/ManagedInstanceProvider.java|openjpa-kernel/src/main/java/org/apache/openjpa/enhance/PCDataGenerator.java|openjpa-kernel/src/main/java/org/apache/openjpa/enhance/PCRegistry.java|openjpa-kernel/src/main/java/org/apache/openjpa/enhance/PCSubclassValidator.java|openjpa-kernel/src/main/java/org/apache/openjpa/enhance/RedefinitionHelper.java|openjpa-kernel/src/main/java/org/apache/openjpa/enhance/ReflectingPersistenceCapable.java|openjpa-kernel/src/main/java/org/apache/openjpa/enhance/RuntimeUnenhancedClassesModes.java|openjpa-kernel/src/main/java/org/apache/openjpa/enhance/RuntimeUnenhancedClasssesModes.java|openjpa-kernel/src/main/java/org/apache/openjpa/event/BrokerFactoryEvent.java|openjpa-kernel/src/main/java/org/apache/openjpa/event/BrokerFactoryEventManager.java|openjpa-kernel/src/main/java/org/apache/openjpa/event/BrokerFactoryListener.java|openjpa-kernel/src/main/java/org/apache/openjpa/event/PostDeleteListener.java|openjpa-kernel/src/main/java/org/apache/openjpa/event/PostPersistListener.java|openjpa-kernel/src/main/java/org/apache/openjpa/event/RemoteCommitEventManager.java|openjpa-kernel/src/main/java/org/apache/openjpa/event/SingleJVMRemoteCommitProvider.java|openjpa-kernel/src/main/java/org/apache/openjpa/event/TCPRemoteCommitProvider.java|openjpa-kernel/src/main/java/org/apache/openjpa/event/TransactionEventManager.java|openjpa-kernel/src/main/java/org/apache/openjpa/event/UpdateListener.java|openjpa-kernel/src/main/java/org/apache/openjpa/kernel/AbstractBrokerFactory.java|openjpa-kernel/src/main/java/org/apache/openjpa/kernel/AbstractStoreQuery.java|openjpa-kernel/src/main/java/org/apache/openjpa/kernel/BrokerImpl.java|openjpa-kernel/src/main/java/org/apache/openjpa/kernel/DetachedStateManager.java|openjpa-kernel/src/main/java/org/apache/openjpa/kernel/ExtentImpl.java|openjpa-kernel/src/main/java/org/apache/openjpa/kernel/FinderCache.java|openjpa-kernel/src/main/java/org/apache/openjpa/kernel/FinderQuery.java|openjpa-kernel/src/main/java/org/apache/openjpa/kernel/ManagedCache.java|openjpa-kernel/src/main/java/org/apache/openjpa/kernel/PreparedQuery.java|openjpa-kernel/src/main/java/org/apache/openjpa/kernel/PreparedQueryCache.java|openjpa-kernel/src/main/java/org/apache/openjpa/kernel/QueryImpl.java|openjpa-kernel/src/main/java/org/apache/openjpa/kernel/QueryStatistics.java|openjpa-kernel/src/main/java/org/apache/openjpa/kernel/StateManagerImpl.java|openjpa-kernel/src/main/java/org/apache/openjpa/kernel/StoreQuery.java|openjpa-kernel/src/main/java/org/apache/openjpa/meta/FetchGroup.java|openjpa-kernel/src/main/java/org/apache/openjpa/meta/NonPersistentMetaData.java|openjpa-kernel/src/main/java/org/apache/openjpa/util/BigDecimalId.java|openjpa-kernel/src/main/java/org/apache/openjpa/util/BigIntegerId.java|openjpa-kernel/src/main/java/org/apache/openjpa/util/CacheMap.java|openjpa-kernel/src/main/java/org/apache/openjpa/util/GeneratedClasses.java|openjpa-kernel/src/main/java/org/apache/openjpa/util/ImplHelper.java|openjpa-kernel/src/main/java/org/apache/openjpa/util/OpenJPAId.java|openjpa-kernel/src/main/java/org/apache/openjpa/util/ProxyManagerImpl.java|openjpa-kernel/src/main/java/org/apache/openjpa/util/StoreFacadeTypeRegistry.java|openjpa-lib/src/main/java/org/apache/openjpa/lib/conf/BootstrapException.java|openjpa-lib/src/main/java/org/apache/openjpa/lib/conf/Configurations.java|openjpa-lib/src/main/java/org/apache/openjpa/lib/conf/ObjectValue.java|openjpa-lib/src/main/java/org/apache/openjpa/lib/graph/BreadthFirstWalk.java|openjpa-lib/src/main/java/org/apache/openjpa/lib/graph/DepthFirstAnalysis.java|openjpa-lib/src/main/java/org/apache/openjpa/lib/graph/Edge.java|openjpa-lib/src/main/java/org/apache/openjpa/lib/graph/Graph.java|openjpa-lib/src/main/java/org/apache/openjpa/lib/graph/GraphVisitor.java|openjpa-lib/src/main/java/org/apache/openjpa/lib/graph/NodeInfo.java|openjpa-lib/src/main/java/org/apache/openjpa/lib/jdbc/DecoratingDataSource.java|openjpa-lib/src/main/java/org/apache/openjpa/lib/jdbc/DelegatingDatabaseMetaData.java|openjpa-lib/src/main/java/org/apache/openjpa/lib/jdbc/JDBCEventConnectionDecorator.java|openjpa-lib/src/main/java/org/apache/openjpa/lib/log/LogFactoryAdapter.java|openjpa-lib/src/main/java/org/apache/openjpa/lib/log/LogFactoryImpl.java|openjpa-lib/src/main/java/org/apache/openjpa/lib/log/MultiLogFactory.java|openjpa-lib/src/main/java/org/apache/openjpa/lib/util/Bytes.java|openjpa-lib/src/main/java/org/apache/openjpa/lib/util/Localizer.java|openjpa-lib/src/main/java/org/apache/openjpa/lib/util/Reflectable.java|openjpa-lib/src/main/java/org/apache/openjpa/lib/util/TimestampHelper.java|openjpa-lib/src/main/java/org/apache/openjpa/lib/util/concurrent/NullSafeConcurrentHashMap.java|openjpa-lib/src/main/java/org/apache/openjpa/lib/util/concurrent/SizedConcurrentHashMap.java|openjpa-persistence-jdbc/src/main/java/org/apache/openjpa/persistence/jdbc/ElementColumn.java|openjpa-persistence-jdbc/src/main/java/org/apache/openjpa/persistence/jdbc/ElementColumns.java|openjpa-persistence-jdbc/src/main/java/org/apache/openjpa/persistence/jdbc/ElementEmbeddedMapping.java|openjpa-persistence-jdbc/src/main/java/org/apache/openjpa/persistence/jdbc/ElementStrategy.java|openjpa-persistence-jdbc/src/main/java/org/apache/openjpa/persistence/jdbc/KeyClassCriteria.java|openjpa-persistence-jdbc/src/main/java/org/apache/openjpa/persistence/jdbc/KeyColumn.java|openjpa-persistence-jdbc/src/main/java/org/apache/openjpa/persistence/jdbc/KeyColumns.java|openjpa-persistence-jdbc/src/main/java/org/apache/openjpa/persistence/jdbc/KeyEmbeddedMapping.java|openjpa-persistence-jdbc/src/main/java/org/apache/openjpa/persistence/jdbc/KeyForeignKey.java|openjpa-persistence-jdbc/src/main/java/org/apache/openjpa/persistence/jdbc/KeyIndex.java|openjpa-persistence-jdbc/src/main/java/org/apache/openjpa/persistence/jdbc/KeyJoinColumn.java|openjpa-persistence-jdbc/src/main/java/org/apache/openjpa/persistence/jdbc/KeyJoinColumns.java|openjpa-persistence-jdbc/src/main/java/org/apache/openjpa/persistence/jdbc/KeyNonpolymorphic.java|openjpa-persistence-jdbc/src/main/java/org/apache/openjpa/persistence/jdbc/KeyStrategy.java|openjpa-persistence-jdbc/src/main/java/org/apache/openjpa/persistence/jdbc/XEmbeddedMapping.java|openjpa-persistence-jdbc/src/main/java/org/apache/openjpa/persistence/jdbc/XMappingOverride.java|openjpa-persistence-jdbc/src/main/java/org/apache/openjpa/persistence/jdbc/XMappingOverrides.java|openjpa-persistence/src/main/java/org/apache/openjpa/persistence/AutoClearType.java|openjpa-persistence/src/main/java/org/apache/openjpa/persistence/AutoDetachType.java|openjpa-persistence/src/main/java/org/apache/openjpa/persistence/CallbackMode.java|openjpa-persistence/src/main/java/org/apache/openjpa/persistence/ConnectionRetainMode.java|openjpa-persistence/src/main/java/org/apache/openjpa/persistence/DetachStateType.java|openjpa-persistence/src/main/java/org/apache/openjpa/persistence/EntityManagerImpl.java|openjpa-persistence/src/main/java/org/apache/openjpa/persistence/HintHandler.java|openjpa-persistence/src/main/java/org/apache/openjpa/persistence/JPAFacadeHelper.java|openjpa-persistence/src/main/java/org/apache/openjpa/persistence/OpenJPAEntityManagerFactorySPI.java|openjpa-persistence/src/main/java/org/apache/openjpa/persistence/OpenJPAEntityManagerSPI.java|openjpa-persistence/src/main/java/org/apache/openjpa/persistence/OpenJPAEntityTransaction.java|openjpa-persistence/src/main/java/org/apache/openjpa/persistence/OpenJPAQuerySPI.java|openjpa-persistence/src/main/java/org/apache/openjpa/persistence/QueryOperationType.java|openjpa-persistence/src/main/java/org/apache/openjpa/persistence/Replicated.java|openjpa-persistence/src/main/java/org/apache/openjpa/persistence/RestoreStateType.java|openjpa-persistence/src/main/java/org/apache/openjpa/persistence/query/AbsExpression.java|openjpa-persistence/src/main/java/org/apache/openjpa/persistence/query/AbstractDomainObject.java|openjpa-persistence/src/main/java/org/apache/openjpa/persistence/query/AbstractPath.java|openjpa-persistence/src/main/java/org/apache/openjpa/persistence/query/AbstractVisitable.java|openjpa-persistence/src/main/java/org/apache/openjpa/persistence/query/Aggregate.java|openjpa-persistence/src/main/java/org/apache/openjpa/persistence/query/AliasContext.java|openjpa-persistence/src/main/java/org/apache/openjpa/persistence/query/AllExpression.java|openjpa-persistence/src/main/java/org/apache/openjpa/persistence/query/AndPredicate.java|openjpa-persistence/src/main/java/org/apache/openjpa/persistence/query/AnyExpression.java|openjpa-persistence/src/main/java/org/apache/openjpa/persistence/query/ArrayExpression.java|openjpa-persistence/src/main/java/org/apache/openjpa/persistence/query/AverageExpression.java|openjpa-persistence/src/main/java/org/apache/openjpa/persistence/query/BetweenExpression.java|openjpa-persistence/src/main/java/org/apache/openjpa/persistence/query/BinaryConditionalOperator.java|openjpa-persistence/src/main/java/org/apache/openjpa/persistence/query/BinaryExpressionPredicate.java|openjpa-persistence/src/main/java/org/apache/openjpa/persistence/query/BinaryFunctionalOperator.java|openjpa-persistence/src/main/java/org/apache/openjpa/persistence/query/BinaryOperatorExpression.java|openjpa-persistence/src/main/java/org/apache/openjpa/persistence/query/CaseExpression.java|openjpa-persistence/src/main/java/org/apache/openjpa/persistence/query/CaseExpressionImpl.java|openjpa-persistence/src/main/java/org/apache/openjpa/persistence/query/ConcatExpression.java|openjpa-persistence/src/main/java/org/apache/openjpa/persistence/query/ConditionalOperator.java|openjpa-persistence/src/main/java/org/apache/openjpa/persistence/query/ConstantExpression.java|openjpa-persistence/src/main/java/org/apache/openjpa/persistence/query/CountExpression.java|openjpa-persistence/src/main/java/org/apache/openjpa/persistence/query/CurrentTimeExpression.java|openjpa-persistence/src/main/java/org/apache/openjpa/persistence/query/DistinctExpression.java|openjpa-persistence/src/main/java/org/apache/openjpa/persistence/query/DividedByExpression.java|openjpa-persistence/src/main/java/org/apache/openjpa/persistence/query/DomainObject.java|openjpa-persistence/src/main/java/org/apache/openjpa/persistence/query/ElseExpression.java|openjpa-persistence/src/main/java/org/apache/openjpa/persistence/query/EntryExpression.java|openjpa-persistence/src/main/java/org/apache/openjpa/persistence/query/EqualExpression.java|openjpa-persistence/src/main/java/org/apache/openjpa/persistence/query/ExistsExpression.java|openjpa-persistence/src/main/java/org/apache/openjpa/persistence/query/Expression.java|openjpa-persistence/src/main/java/org/apache/openjpa/persistence/query/ExpressionImpl.java|openjpa-persistence/src/main/java/org/apache/openjpa/persistence/query/FetchJoinObject.java|openjpa-persistence/src/main/java/org/apache/openjpa/persistence/query/FetchPath.java|openjpa-persistence/src/main/java/org/apache/openjpa/persistence/query/GreaterEqualExpression.java|openjpa-persistence/src/main/java/org/apache/openjpa/persistence/query/GreaterThanExpression.java|openjpa-persistence/src/main/java/org/apache/openjpa/persistence/query/InExpression.java|openjpa-persistence/src/main/java/org/apache/openjpa/persistence/query/IndexExpression.java|openjpa-persistence/src/main/java/org/apache/openjpa/persistence/query/IsEmptyExpression.java|openjpa-persistence/src/main/java/org/apache/openjpa/persistence/query/IsNullExpression.java|openjpa-persistence/src/main/java/org/apache/openjpa/persistence/query/JPQLHelper.java|openjpa-persistence/src/main/java/org/apache/openjpa/persistence/query/JoinPath.java|openjpa-persistence/src/main/java/org/apache/openjpa/persistence/query/KeyExpression.java|openjpa-persistence/src/main/java/org/apache/openjpa/persistence/query/LengthExpression.java|openjpa-persistence/src/main/java/org/apache/openjpa/persistence/query/LessEqualExpression.java|openjpa-persistence/src/main/java/org/apache/openjpa/persistence/query/LessThanExpression.java|openjpa-persistence/src/main/java/org/apache/openjpa/persistence/query/LikeExpression.java|openjpa-persistence/src/main/java/org/apache/openjpa/persistence/query/LiteralExpression.java|openjpa-persistence/src/main/java/org/apache/openjpa/persistence/query/LocateExpression.java|openjpa-persistence/src/main/java/org/apache/openjpa/persistence/query/LogicalPredicate.java|openjpa-persistence/src/main/java/org/apache/openjpa/persistence/query/LowerExpression.java|openjpa-persistence/src/main/java/org/apache/openjpa/persistence/query/MaxExpression.java|openjpa-persistence/src/main/java/org/apache/openjpa/persistence/query/MemberOfExpression.java|openjpa-persistence/src/main/java/org/apache/openjpa/persistence/query/MinExpression.java|openjpa-persistence/src/main/java/org/apache/openjpa/persistence/query/MinusExpression.java|openjpa-persistence/src/main/java/org/apache/openjpa/persistence/query/ModExpression.java|openjpa-persistence/src/main/java/org/apache/openjpa/persistence/query/NavigationPath.java|openjpa-persistence/src/main/java/org/apache/openjpa/persistence/query/NewInstance.java|openjpa-persistence/src/main/java/org/apache/openjpa/persistence/query/NotEqualExpression.java|openjpa-persistence/src/main/java/org/apache/openjpa/persistence/query/OpenJPAQueryBuilder.java|openjpa-persistence/src/main/java/org/apache/openjpa/persistence/query/OperatorPath.java|openjpa-persistence/src/main/java/org/apache/openjpa/persistence/query/OrPredicate.java|openjpa-persistence/src/main/java/org/apache/openjpa/persistence/query/OrderBy.java|openjpa-persistence/src/main/java/org/apache/openjpa/persistence/query/OrderByItem.java|openjpa-persistence/src/main/java/org/apache/openjpa/persistence/query/OrderableItem.java|openjpa-persistence/src/main/java/org/apache/openjpa/persistence/query/ParameterExpression.java|openjpa-persistence/src/main/java/org/apache/openjpa/persistence/query/PathExpression.java|openjpa-persistence/src/main/java/org/apache/openjpa/persistence/query/PathOperator.java|openjpa-persistence/src/main/java/org/apache/openjpa/persistence/query/PlusExpression.java|openjpa-persistence/src/main/java/org/apache/openjpa/persistence/query/Predicate.java|openjpa-persistence/src/main/java/org/apache/openjpa/persistence/query/PredicateOperand.java|openjpa-persistence/src/main/java/org/apache/openjpa/persistence/query/QueryBuilder.java|openjpa-persistence/src/main/java/org/apache/openjpa/persistence/query/QueryBuilderImpl.java|openjpa-persistence/src/main/java/org/apache/openjpa/persistence/query/QueryDefinition.java|openjpa-persistence/src/main/java/org/apache/openjpa/persistence/query/QueryDefinitionImpl.java|openjpa-persistence/src/main/java/org/apache/openjpa/persistence/query/QueryExpression.java|openjpa-persistence/src/main/java/org/apache/openjpa/persistence/query/RangeExpression.java|openjpa-persistence/src/main/java/org/apache/openjpa/persistence/query/RootPath.java|openjpa-persistence/src/main/java/org/apache/openjpa/persistence/query/SelectItem.java|openjpa-persistence/src/main/java/org/apache/openjpa/persistence/query/SizeExpression.java|openjpa-persistence/src/main/java/org/apache/openjpa/persistence/query/SomeExpression.java|openjpa-persistence/src/main/java/org/apache/openjpa/persistence/query/SquareRootExpression.java|openjpa-persistence/src/main/java/org/apache/openjpa/persistence/query/SubStringExpression.java|openjpa-persistence/src/main/java/org/apache/openjpa/persistence/query/Subquery.java|openjpa-persistence/src/main/java/org/apache/openjpa/persistence/query/SumExpression.java|openjpa-persistence/src/main/java/org/apache/openjpa/persistence/query/TimesExpression.java|openjpa-persistence/src/main/java/org/apache/openjpa/persistence/query/TrimExpression.java|openjpa-persistence/src/main/java/org/apache/openjpa/persistence/query/TrimSpec.java|openjpa-persistence/src/main/java/org/apache/openjpa/persistence/query/TypeExpression.java|openjpa-persistence/src/main/java/org/apache/openjpa/persistence/query/UnaryConditionalOperator.java|openjpa-persistence/src/main/java/org/apache/openjpa/persistence/query/UnaryExpressionPredicate.java|openjpa-persistence/src/main/java/org/apache/openjpa/persistence/query/UnaryFunctionalOperator.java|openjpa-persistence/src/main/java/org/apache/openjpa/persistence/query/UnaryMinusExpression.java|openjpa-persistence/src/main/java/org/apache/openjpa/persistence/query/UnaryOperator.java|openjpa-persistence/src/main/java/org/apache/openjpa/persistence/query/UnaryOperatorExpression.java|openjpa-persistence/src/main/java/org/apache/openjpa/persistence/query/UpperExpression.java|openjpa-persistence/src/main/java/org/apache/openjpa/persistence/query/ValueExpression.java|openjpa-persistence/src/main/java/org/apache/openjpa/persistence/query/VarArgsExpression.java|openjpa-persistence/src/main/java/org/apache/openjpa/persistence/query/Visitable.java|openjpa-persistence/src/main/java/org/apache/openjpa/persistence/query/WhenClause.java|openjpa-slice/src/main/java/org/apache/openjpa/slice/DistributedBroker.java|openjpa-slice/src/main/java/org/apache/openjpa/slice/DistributedBrokerFactory.java|openjpa-slice/src/main/java/org/apache/openjpa/slice/DistributedBrokerImpl.java|openjpa-slice/src/main/java/org/apache/openjpa/slice/DistributedConfiguration.java|openjpa-slice/src/main/java/org/apache/openjpa/slice/DistributedQueryImpl.java|openjpa-slice/src/main/java/org/apache/openjpa/slice/DistributedStoreManager.java|openjpa-slice/src/main/java/org/apache/openjpa/slice/DistributionPolicy.java|openjpa-slice/src/main/java/org/apache/openjpa/slice/ProductDerivation.java|openjpa-slice/src/main/java/org/apache/openjpa/slice/ReentrantSliceLock.java|openjpa-slice/src/main/java/org/apache/openjpa/slice/ReplicationPolicy.java|openjpa-slice/src/main/java/org/apache/openjpa/slice/Slice.java|openjpa-slice/src/main/java/org/apache/openjpa/slice/SliceImplHelper.java|openjpa-slice/src/main/java/org/apache/openjpa/slice/SliceInfo.java|openjpa-slice/src/main/java/org/apache/openjpa/slice/SlicePersistence.java|openjpa-slice/src/main/java/org/apache/openjpa/slice/SliceThread.java|openjpa-slice/src/main/java/org/apache/openjpa/slice/jdbc/DistributedConnection.java|openjpa-slice/src/main/java/org/apache/openjpa/slice/jdbc/DistributedDataSource.java|openjpa-slice/src/main/java/org/apache/openjpa/slice/jdbc/DistributedJDBCBrokerFactory.java|openjpa-slice/src/main/java/org/apache/openjpa/slice/jdbc/DistributedJDBCConfiguration.java|openjpa-slice/src/main/java/org/apache/openjpa/slice/jdbc/DistributedJDBCConfigurationImpl.java|openjpa-slice/src/main/java/org/apache/openjpa/slice/jdbc/DistributedJDBCStoreManager.java|openjpa-slice/src/main/java/org/apache/openjpa/slice/jdbc/DistributedPreparedStatement.java|openjpa-slice/src/main/java/org/apache/openjpa/slice/jdbc/DistributedResultSet.java|openjpa-slice/src/main/java/org/apache/openjpa/slice/jdbc/DistributedStatement.java|openjpa-slice/src/main/java/org/apache/openjpa/slice/jdbc/DistributedStoreQuery.java|openjpa-slice/src/main/java/org/apache/openjpa/slice/jdbc/DistributedTemplate.java|openjpa-slice/src/main/java/org/apache/openjpa/slice/jdbc/SliceStoreManager.java|openjpa-slice/src/main/java/org/apache/openjpa/slice/jdbc/UniqueResultObjectProvider.java
12414027,OPENJPA-898,5b558e5388dd98b3df44cc7e52a20b38684d5c32,2009-02-11T08:12:37Z,OPENJPA-898: Parse query hints for NamedNativeQuery,2009-02-04T19:16:01Z,2009-03-01T21:06:55Z,INSIDE_LIFECYCLE,,1.2.0,1.3.0|2.0.0-M2,1,1,1,openjpa-persistence/src/main/java/org/apache/openjpa/persistence/AnnotationPersistenceMetaDataParser.java
12347611,OPENJPA-9,634bdc5c921382bbc0f5e5c90569b087f61138ba,2007-11-16T00:51:07Z,OPENJPA-9,2006-08-09T15:03:51Z,2007-11-16T01:16:46Z,INSIDE_LIFECYCLE,,,1.1.0,23,21,16,openjpa-jdbc/src/main/java/org/apache/openjpa/jdbc/kernel/ClassTableJDBCSeq.java|openjpa-jdbc/src/main/java/org/apache/openjpa/jdbc/kernel/NativeJDBCSeq.java|openjpa-jdbc/src/main/java/org/apache/openjpa/jdbc/kernel/TableJDBCSeq.java|openjpa-jdbc/src/main/java/org/apache/openjpa/jdbc/kernel/ValueTableJDBCSeq.java|openjpa-jdbc/src/main/java/org/apache/openjpa/jdbc/meta/MappingTool.java|openjpa-jdbc/src/main/java/org/apache/openjpa/jdbc/meta/ReverseMappingTool.java|openjpa-jdbc/src/main/java/org/apache/openjpa/jdbc/schema/SchemaTool.java|openjpa-jdbc/src/main/java/org/apache/openjpa/jdbc/schema/TableSchemaFactory.java|openjpa-kernel/src/main/java/org/apache/openjpa/enhance/ApplicationIdTool.java|openjpa-kernel/src/main/java/org/apache/openjpa/enhance/PCEnhancer.java|openjpa-kernel/src/main/java/org/apache/openjpa/meta/MetaDataTool.java|openjpa-lib/src/main/java/org/apache/openjpa/lib/conf/AbstractProductDerivation.java|openjpa-lib/src/main/java/org/apache/openjpa/lib/conf/Configurations.java|openjpa-lib/src/main/java/org/apache/openjpa/lib/conf/ProductDerivation.java|openjpa-lib/src/main/java/org/apache/openjpa/lib/conf/ProductDerivations.java|openjpa-persistence/src/main/java/org/apache/openjpa/persistence/PersistenceProductDerivation.java
12347611,OPENJPA-9,1946a9b0364cfffd39b4ca625dbdebcd8042b375,2007-11-27T08:35:35Z,"OPENJPA-9 not all configuration files are XML, so have getAnchorsInResource and getAnchorsInFile just return null if it isn't able to parse the specific configuration resources as XML",2006-08-09T15:03:51Z,2007-11-16T01:16:46Z,AFTER_RESOLUTION,271,,1.1.0,1,1,1,openjpa-persistence/src/main/java/org/apache/openjpa/persistence/PersistenceProductDerivation.java
12347611,OPENJPA-9,787b57a486877f695c55c54f7709428df18e64d9,2007-12-14T21:26:02Z,"OPENJPA-9 Use the same criteria for resolving the configuration file for the purposes of listing all the anchors as we do for actually parsing the file itself. Fixes the problem where specifing the property ""persistence.xml"" was not actually resolving /META-INF/persistence.xml in order to obtain the list of anchors.",2006-08-09T15:03:51Z,2007-11-16T01:16:46Z,AFTER_RESOLUTION,692,,1.1.0,1,1,1,openjpa-persistence/src/main/java/org/apache/openjpa/persistence/PersistenceProductDerivation.java
12347611,OPENJPA-9,b4d72d5843aab0d7b08b28e0bf07859a47419c67,2008-03-05T16:38:46Z,"After OPENJPA-9, -help option in scripts is not working anymore. This is caused by Configurations.runAgainstAllAnchors returns true if no error is encountered (including no operation) during function execution. Since the check of the -help option is in the command's run method and if no anchor is found, the help check is skipped.",2006-08-09T15:03:51Z,2007-11-16T01:16:46Z,AFTER_RESOLUTION,2655,,1.1.0,12,12,12,openjpa-jdbc/src/main/java/org/apache/openjpa/jdbc/kernel/ClassTableJDBCSeq.java|openjpa-jdbc/src/main/java/org/apache/openjpa/jdbc/kernel/NativeJDBCSeq.java|openjpa-jdbc/src/main/java/org/apache/openjpa/jdbc/kernel/TableJDBCSeq.java|openjpa-jdbc/src/main/java/org/apache/openjpa/jdbc/kernel/ValueTableJDBCSeq.java|openjpa-jdbc/src/main/java/org/apache/openjpa/jdbc/meta/MappingTool.java|openjpa-jdbc/src/main/java/org/apache/openjpa/jdbc/meta/ReverseMappingTool.java|openjpa-jdbc/src/main/java/org/apache/openjpa/jdbc/schema/SchemaTool.java|openjpa-jdbc/src/main/java/org/apache/openjpa/jdbc/schema/TableSchemaFactory.java|openjpa-kernel/src/main/java/org/apache/openjpa/enhance/ApplicationIdTool.java|openjpa-kernel/src/main/java/org/apache/openjpa/enhance/PCEnhancer.java|openjpa-kernel/src/main/java/org/apache/openjpa/meta/MetaDataTool.java|openjpa-lib/src/main/java/org/apache/openjpa/lib/conf/Configurations.java
12358746,OPENJPA-90,87b5ae1f4fdb4eec9040b0f1dee729c3507ea683,2006-12-15T18:00:30Z,JIRA OPENJPA-90,2006-12-15T11:06:12Z,2006-12-15T18:03:41Z,INSIDE_LIFECYCLE,,,,1,1,1,openjpa-jdbc/src/main/java/org/apache/openjpa/jdbc/sql/DBDictionary.java
12414319,OPENJPA-912,80aea14f18227ceafca32cc4a36f614280a7fcc9,2009-02-08T01:43:45Z,OPENJPA-912 Potential NPE in setInverseRelation,2009-02-08T01:33:18Z,2009-02-23T16:50:46Z,INSIDE_LIFECYCLE,,1.2.0|1.2.1|1.3.0|2.0.0-M1|2.0.0-M2,1.2.1|1.3.0|2.0.0-M2,2,2,1,openjpa-jdbc/src/main/java/org/apache/openjpa/jdbc/kernel/JDBCStoreManager.java
12414352,OPENJPA-913,1d47f145476b3fe5e01629b136fd42dd8298f6c2,2009-02-11T20:14:24Z,OPENJPA-913,2009-02-09T06:51:26Z,2009-03-16T09:37:21Z,INSIDE_LIFECYCLE,,1.2.0,1.2.0|2.0.0-M2,1,1,1,openjpa-kernel/src/main/java/org/apache/openjpa/kernel/BrokerImpl.java
12414419,OPENJPA-916,ba62ff1aa34908c39155aeb00585ce164c942d91,2009-02-09T21:19:32Z,OPENJPA-916: DistributedTemplate not setting MaxRows and QueryTimeOut correctly,2009-02-09T19:46:22Z,2009-03-01T21:07:18Z,INSIDE_LIFECYCLE,,1.1.0|1.2.0|1.3.0|2.0.0-M2,2.0.0-M2,1,1,1,openjpa-slice/src/main/java/org/apache/openjpa/slice/jdbc/DistributedTemplate.java
12414883,OPENJPA-922,5136bbc8d33fab04e782e915bb6669599870f099,2009-07-22T23:09:02Z,OPENJPA-922: Allow DB2 to use setByteArrayInputStream instead of setBytes when needed. Submitted by : B. J. Reed,2009-02-16T16:38:58Z,2015-09-01T22:01:47Z,INSIDE_LIFECYCLE,,1.2.0|2.0.0-M2,2.0.0-M3,3,3,1,openjpa-jdbc/src/main/java/org/apache/openjpa/jdbc/sql/DB2Dictionary.java
12415018,OPENJPA-925,d1c23c2d9df241ec2c3247aa0dd5ef18eafaa261,2009-02-18T08:06:12Z,OPENJPA-925 Bidirectional OneToOne relation incorrectly set in loadEagerJoin,2009-02-18T06:43:03Z,2009-02-19T18:14:13Z,INSIDE_LIFECYCLE,,1.2.0|1.2.1|1.3.0|2.0.0-M1|2.0.0-M2,1.2.1|1.3.0|2.0.0-M2,4,4,1,openjpa-jdbc/src/main/java/org/apache/openjpa/jdbc/meta/strats/RelationFieldStrategy.java
12415069,OPENJPA-927,730ff8813eed5a331787765e2beeb6e3c5155f4b,2009-03-04T19:23:33Z,OPENJPA-927 Committing code contributed by Dianne Richards,2009-02-18T16:18:45Z,2009-03-06T18:20:20Z,INSIDE_LIFECYCLE,,2.0.0-M2,2.0.0-M2,2,2,2,openjpa-lib/src/main/java/org/apache/openjpa/lib/conf/ConfigurationImpl.java|openjpa-lib/src/main/java/org/apache/openjpa/lib/conf/Value.java
12415069,OPENJPA-927,3e8f626668110f4fc27b43c32938677043fe9667,2009-03-04T19:23:53Z,OPENJPA-927 Committing code contributed by Dianne Richards,2009-02-18T16:18:45Z,2009-03-06T18:20:20Z,INSIDE_LIFECYCLE,,2.0.0-M2,2.0.0-M2,1,1,1,openjpa-persistence/src/main/java/org/apache/openjpa/persistence/EntityManagerImpl.java
12415069,OPENJPA-927,deda5b3a40601bd6ce40eefef089111b19ebdc94,2009-03-04T19:24Z,OPENJPA-927 Committing code contributed by Dianne Richards,2009-02-18T16:18:45Z,2009-03-06T18:20:20Z,INSIDE_LIFECYCLE,,2.0.0-M2,2.0.0-M2,1,1,1,openjpa-kernel/src/main/java/org/apache/openjpa/conf/OpenJPAConfigurationImpl.java
12415255,OPENJPA-932,bd50e177bb770396c10cec7ee8f85d0a01044ac4,2009-04-29T19:55:39Z,OPENJPA-932 Committing code and tests contributed by Rick Curtis,2009-02-20T19:50:11Z,2009-06-16T17:46:16Z,INSIDE_LIFECYCLE,,1.2.0|2.0.0-M1|2.0.0-M2,1.3.0|2.0.0-M3,7,3,2,openjpa-persistence/src/main/java/org/apache/openjpa/persistence/PersistenceProductDerivation.java|openjpa-persistence/src/main/java/org/apache/openjpa/persistence/PersistenceProviderImpl.java
12415255,OPENJPA-932,7b06c5cfbf04d203ba55920ff120c3e6469e69e9,2009-06-10T18:15:01Z,OPENJPA-932 - Enable test case to be Java 2 security compliance.,2009-02-20T19:50:11Z,2009-06-16T17:46:16Z,INSIDE_LIFECYCLE,,1.2.0|2.0.0-M1|2.0.0-M2,1.3.0|2.0.0-M3,3,2,1,openjpa-lib/src/main/java/org/apache/openjpa/lib/util/J2DoPrivHelper.java
12415270,OPENJPA-933,4d1b86e86040a38395e3bcb09fcf059ef161f05f,2009-04-18T12:26:26Z,OPENJPA-933: Database version detection in MySQLDictionary is not reliable,2009-02-21T08:24:36Z,2009-04-18T12:59:58Z,INSIDE_LIFECYCLE,,1.2.0|1.3.0|2.0.0-M2,1.3.0|2.0.0-M2,1,1,1,openjpa-jdbc/src/main/java/org/apache/openjpa/jdbc/sql/MySQLDictionary.java
12415279,OPENJPA-935,9d7360cb35872203b416bdf3767f02f1c4158eb9,2009-02-22T05:52:06Z,OPENJPA-935: Detect table for embedded PC to avoid extra select before delete.,2009-02-21T11:59:39Z,2010-03-15T21:29:36Z,INSIDE_LIFECYCLE,,1.2.0,1.2.0|2.0.0-M2,4,4,1,openjpa-jdbc/src/main/java/org/apache/openjpa/jdbc/kernel/JDBCStoreQuery.java
12415537,OPENJPA-940,3750cd1f6da5cf46aa793781223daec2eefda26d,2010-08-17T22:59:18Z,OPENJPA-940: Using table-generator in XML descriptor results in ClassCastException,2009-02-25T07:58:07Z,2011-02-17T04:12:03Z,INSIDE_LIFECYCLE,,1.2.0|2.0.0-M2,2.1.1,1,1,1,openjpa-persistence/src/main/java/org/apache/openjpa/persistence/XMLPersistenceMetaDataSerializer.java
12415697,OPENJPA-944,5016fc69f876b56f961f062b538440af8bdc7497,2009-10-28T03:43:27Z,OPENJPA-944: Indirect recursion in fetch. Solution provided by Yanko Zhikov.,2009-02-26T18:58:03Z,2010-01-18T21:36:05Z,INSIDE_LIFECYCLE,,1.0.0|1.0.1|1.0.2|1.0.3|1.1.0|1.2.0,2.0.0-beta,5,5,2,openjpa-kernel/src/main/java/org/apache/openjpa/kernel/FetchConfiguration.java|openjpa-kernel/src/main/java/org/apache/openjpa/kernel/FetchConfigurationImpl.java
12416213,OPENJPA-955,cae33419ae4aab79500a8d574ff7873f005a955f,2009-03-06T07:50:54Z,OPENJPA-955:  test+documentation on MethodQL. Allow candidate class be optional on MethodQL. Do not cache MethodQLQuery.,2009-03-05T16:38:40Z,2009-03-06T23:55:13Z,INSIDE_LIFECYCLE,,1.2.0,2.0.0-M1|2.0.0-M2,4,3,2,openjpa-jdbc/src/main/java/org/apache/openjpa/jdbc/kernel/PreparedQueryCacheImpl.java|openjpa-kernel/src/main/java/org/apache/openjpa/kernel/MethodStoreQuery.java
12416339,OPENJPA-965,b612d646209bc72c0948a8f7e6d03527a6bdb3cd,2009-03-07T00:40:53Z,OPENJPA-965: Open up FinderCacheImpl for jdbc and non-jdbc like implementation,2009-03-06T23:04:25Z,2009-03-10T04:31:39Z,INSIDE_LIFECYCLE,,2.0.0-M2,2.0.0-M2,2,2,2,openjpa-jdbc/src/main/java/org/apache/openjpa/jdbc/kernel/FinderQueryImpl.java|openjpa-jdbc/src/main/java/org/apache/openjpa/jdbc/sql/SelectImpl.java
12416339,OPENJPA-965,b45109cec3f0541b97b8d436a3026bf5242f75cb,2009-03-07T17:49:31Z,OPENJPA-965 Open up FinderCacheImpl for non-JDBC or JDBC-like  implementation of preparing statement/query execution An approache not exposing FinderCacheImpl to jdbc kernel,2009-03-06T23:04:25Z,2009-03-10T04:31:39Z,INSIDE_LIFECYCLE,,2.0.0-M2,2.0.0-M2,2,2,2,openjpa-jdbc/src/main/java/org/apache/openjpa/jdbc/kernel/FinderQueryImpl.java|openjpa-jdbc/src/main/java/org/apache/openjpa/jdbc/sql/SelectImpl.java
12416339,OPENJPA-965,1ece64d1df09297becfd9ff9387aec7d6ce93667,2009-03-09T17:41:58Z,OPENJPA-965: Open up FinderQueryImpl for jdbc-like and non-jdbc implementation,2009-03-06T23:04:25Z,2009-03-10T04:31:39Z,INSIDE_LIFECYCLE,,2.0.0-M2,2.0.0-M2,2,2,2,openjpa-jdbc/src/main/java/org/apache/openjpa/jdbc/kernel/FinderQueryImpl.java|openjpa-jdbc/src/main/java/org/apache/openjpa/jdbc/sql/SelectImpl.java
12416552,OPENJPA-970,ff8d46578c84df4b581976a24d51970275845497,2009-03-17T21:04:37Z,OPENJPA-970. Committing patch provided by Donald Woods,2009-03-10T16:32:15Z,2009-03-17T21:10:18Z,INSIDE_LIFECYCLE,,1.2.0,1.3.0|2.0.0-M2,1,1,1,openjpa-jdbc/src/main/java/org/apache/openjpa/jdbc/ant/SchemaToolTask.java
12416593,OPENJPA-973,c67cd5d0be03ee6dac397b4ca48304aaaeaed1c8,2009-03-10T23:33:45Z,OPENJPA-973: allow db2jcc driver to work with informix,2009-03-10T23:31:59Z,2009-08-17T18:33:46Z,INSIDE_LIFECYCLE,,,1.3.0|2.0.0-M3,1,1,1,openjpa-jdbc/src/main/java/org/apache/openjpa/jdbc/sql/DBDictionaryFactory.java
12416593,OPENJPA-973,b00ef73b409f3c08dbab9d35fd81911808368d6c,2009-03-19T15:32:33Z,OPENJPA-973: allow db2 jcc driver to access Informix,2009-03-10T23:31:59Z,2009-08-17T18:33:46Z,INSIDE_LIFECYCLE,,,1.3.0|2.0.0-M3,1,1,1,openjpa-jdbc/src/main/java/org/apache/openjpa/jdbc/sql/DBDictionaryFactory.java
12416593,OPENJPA-973,31ae5802525dc7948002eeb6c650a51b357e821b,2009-03-23T19:19:24Z,OPENJPA-973: allow DB2 jcc driver to access Informix,2009-03-10T23:31:59Z,2009-08-17T18:33:46Z,INSIDE_LIFECYCLE,,,1.3.0|2.0.0-M3,1,1,1,openjpa-jdbc/src/main/java/org/apache/openjpa/jdbc/sql/InformixDictionary.java
12416999,OPENJPA-981,6b40e7268302db484c11e3d69324f4e3fd12819e,2009-03-16T22:36:50Z,OPENJPA-981: replicate parent-child relation across slices and not only to root slice,2009-03-16T20:24:46Z,2009-03-18T14:04:17Z,INSIDE_LIFECYCLE,,,2.0.0-M2,5,4,1,openjpa-slice/src/main/java/org/apache/openjpa/slice/DistributedBrokerImpl.java
12417380,OPENJPA-993,d8ef5c17921a5e410cfb1fe7bfd1670d1f3b5229,2009-12-21T16:44:27Z,OPENJPA-993: PersistenceProductDerivation.getAnchorsInxxx(..) should only return PUs that belong to OpenJPA.,2009-03-20T13:23:07Z,2009-12-21T17:14:31Z,INSIDE_LIFECYCLE,,1.2.0|1.2.1,1.3.0|2.0.0-beta,3,2,1,openjpa-persistence/src/main/java/org/apache/openjpa/persistence/PersistenceProductDerivation.java
