Project,Class,ReleaseIndex,LOC,LOC_TOUCHED,NR,NAUTH,LOC_ADDED,MAX_LOC_ADDED,AVG_LOC_ADDED,CHURN,MAX_CHURN,AVG_CHURN,CHANGE_SET_SIZE,MAX_CHANGE_SET,AVG_CHANGE_SET,AGE_WEEKS,WEIGHTED_AGE_WEEKS,IGNORED_ZERO_LOC_REVS,NSmells,NFIX,BUGGY
OPENJPA,openjpa-jdbc-5/src/main/java/org/apache/openjpa/jdbc/kernel/JDBC3SavepointManager.java,1,30,62,1,1,62,62,62.000000,62,62,62.000000,476,476,476.000000,5.428571,5.428571,1,0,0,NO
OPENJPA,openjpa-jdbc/src/main/java/org/apache/openjpa/jdbc/ant/MappingToolTask.java,1,105,218,3,2,215,211,71.666667,212,211,70.666667,584,476,194.666667,5.428571,5.328965,1,0,0,NO
OPENJPA,openjpa-jdbc/src/main/java/org/apache/openjpa/jdbc/ant/ReverseMappingToolTask.java,1,119,261,2,2,259,257,129.500000,257,257,128.500000,495,476,247.500000,5.428571,5.378216,1,0,0,NO
OPENJPA,openjpa-jdbc/src/main/java/org/apache/openjpa/jdbc/conf/FetchModeValue.java,1,21,50,2,1,50,49,25.000000,50,49,25.000000,479,476,239.500000,5.428571,5.405714,1,0,0,NO
OPENJPA,openjpa-jdbc/src/main/java/org/apache/openjpa/jdbc/conf/JDBCConfiguration.java,1,92,633,2,2,618,609,309.000000,603,609,301.500000,553,476,276.500000,5.428571,5.396073,1,0,0,NO
OPENJPA,openjpa-jdbc/src/main/java/org/apache/openjpa/jdbc/kernel/ConnectionInfo.java,1,9,238,8,1,135,35,16.875000,32,35,4.000000,3313,773,414.125000,14.857143,8.078031,1,0,0,NO
OPENJPA,openjpa-jdbc/src/main/java/org/apache/openjpa/jdbc/kernel/DelegatingJDBCFetchConfiguration.java,1,179,245,3,2,244,233,81.333333,243,233,81.000000,691,476,230.333333,5.428571,5.370845,1,0,0,NO
OPENJPA,openjpa-jdbc/src/main/java/org/apache/openjpa/jdbc/kernel/JDBCFetchConfiguration.java,1,32,176,3,2,174,164,58.000000,172,164,57.333333,691,476,230.333333,5.428571,5.355519,1,0,0,NO
OPENJPA,openjpa-jdbc/src/main/java/org/apache/openjpa/jdbc/kernel/JDBCLockManager.java,1,9,46,1,1,46,46,46.000000,46,46,46.000000,476,476,476.000000,5.428571,5.428571,1,0,0,NO
OPENJPA,openjpa-jdbc/src/main/java/org/apache/openjpa/jdbc/kernel/JDBCSeq.java,1,8,254,8,1,146,35,18.250000,38,35,4.750000,3313,773,414.125000,14.857143,7.972441,1,0,0,NO
OPENJPA,openjpa-jdbc/src/main/java/org/apache/openjpa/jdbc/kernel/PreparedStatementManager.java,1,8,270,8,1,157,40,19.625000,44,35,5.500000,3313,773,414.125000,14.857143,7.886243,1,0,0,NO
OPENJPA,openjpa-jdbc/src/main/java/org/apache/openjpa/jdbc/kernel/UpdateManager.java,1,6,298,7,1,169,45,24.142857,40,45,5.714286,3018,773,431.142857,14.857143,8.015340,2,0,0,NO
OPENJPA,openjpa-jdbc/src/main/java/org/apache/openjpa/jdbc/kernel/exps/AbstractVal.java,1,43,97,4,2,86,61,21.500000,75,61,18.750000,731,476,182.750000,5.428571,4.291605,1,0,0,NO
OPENJPA,openjpa-jdbc/src/main/java/org/apache/openjpa/jdbc/kernel/exps/All.java,1,10,192,8,1,113,30,14.125000,34,30,4.250000,3313,773,414.125000,14.857143,8.105655,1,0,0,NO
OPENJPA,openjpa-jdbc/src/main/java/org/apache/openjpa/jdbc/kernel/exps/Any.java,1,10,192,8,1,113,30,14.125000,34,30,4.250000,3313,773,414.125000,14.857143,8.105655,1,0,0,NO
OPENJPA,openjpa-jdbc/src/main/java/org/apache/openjpa/jdbc/kernel/exps/Exp.java,1,18,100,3,2,86,83,28.666667,72,83,24.000000,704,476,234.666667,5.428571,4.864286,1,0,0,NO
OPENJPA,openjpa-jdbc/src/main/java/org/apache/openjpa/jdbc/kernel/exps/FilterValue.java,1,21,103,1,1,103,103,103.000000,103,103,103.000000,476,476,476.000000,5.428571,5.428571,1,0,0,NO
OPENJPA,openjpa-jdbc/src/main/java/org/apache/openjpa/jdbc/kernel/exps/GetColumn.java,1,40,80,1,1,80,80,80.000000,80,80,80.000000,476,476,476.000000,5.428571,5.428571,1,0,0,NO
OPENJPA,openjpa-jdbc/src/main/java/org/apache/openjpa/jdbc/kernel/exps/JDBCAggregateListener.java,1,10,42,1,1,42,42,42.000000,42,42,42.000000,476,476,476.000000,5.428571,5.428571,1,0,0,NO
OPENJPA,openjpa-jdbc/src/main/java/org/apache/openjpa/jdbc/kernel/exps/JDBCFilterListener.java,1,10,44,1,1,44,44,44.000000,44,44,44.000000,476,476,476.000000,5.428571,5.428571,1,0,0,NO
OPENJPA,openjpa-jdbc/src/main/java/org/apache/openjpa/jdbc/kernel/exps/JDBCPath.java,1,6,89,6,1,59,30,9.833333,29,30,4.833333,2528,773,421.333333,14.857143,9.786517,2,0,0,NO
OPENJPA,openjpa-jdbc/src/main/java/org/apache/openjpa/jdbc/kernel/exps/SQLEmbed.java,1,35,72,2,2,70,69,35.000000,68,69,34.000000,566,476,283.000000,5.428571,5.244048,1,0,0,NO
OPENJPA,openjpa-jdbc/src/main/java/org/apache/openjpa/jdbc/kernel/exps/ToLowerCase.java,1,19,211,4,1,130,57,32.500000,49,53,12.250000,2323,773,580.750000,6.571429,6.261341,1,0,0,NO
OPENJPA,openjpa-jdbc/src/main/java/org/apache/openjpa/jdbc/kernel/exps/ToUpperCase.java,1,19,211,4,1,130,57,32.500000,49,53,12.250000,2323,773,580.750000,6.571429,6.261341,1,0,0,NO
OPENJPA,openjpa-jdbc/src/main/java/org/apache/openjpa/jdbc/kernel/exps/Val.java,1,42,192,3,2,174,161,58.000000,156,161,52.000000,704,476,234.666667,5.428571,5.139137,1,0,0,NO
OPENJPA,openjpa-jdbc/src/main/java/org/apache/openjpa/jdbc/meta/ClassStrategy.java,1,27,112,1,1,112,112,112.000000,112,112,112.000000,476,476,476.000000,5.428571,5.428571,1,0,0,NO
OPENJPA,openjpa-jdbc/src/main/java/org/apache/openjpa/jdbc/meta/DiscriminatorStrategy.java,1,18,73,2,2,71,69,35.500000,69,69,34.500000,501,476,250.500000,5.428571,5.209393,1,0,0,NO
OPENJPA,openjpa-jdbc/src/main/java/org/apache/openjpa/jdbc/meta/Embeddable.java,1,19,86,2,2,84,82,42.000000,82,82,41.000000,614,476,307.000000,5.428571,5.368771,1,0,0,NO
OPENJPA,openjpa-jdbc/src/main/java/org/apache/openjpa/jdbc/meta/FieldStrategy.java,1,59,264,2,2,254,245,127.000000,244,245,122.000000,614,476,307.000000,5.428571,5.336039,1,0,0,NO
OPENJPA,openjpa-jdbc/src/main/java/org/apache/openjpa/jdbc/meta/JDBCOrder.java,1,9,177,6,1,110,55,18.333333,43,55,7.166667,2528,773,421.333333,14.857143,9.713479,2,0,0,NO
OPENJPA,openjpa-jdbc/src/main/java/org/apache/openjpa/jdbc/meta/Joinable.java,1,20,86,1,1,86,86,86.000000,86,86,86.000000,476,476,476.000000,5.428571,5.428571,1,0,0,NO
OPENJPA,openjpa-jdbc/src/main/java/org/apache/openjpa/jdbc/meta/RelationId.java,1,6,241,8,1,138,35,17.250000,35,35,4.375000,3313,773,414.125000,14.857143,8.045050,1,0,0,NO
OPENJPA,openjpa-jdbc/src/main/java/org/apache/openjpa/jdbc/meta/ReverseCustomizer.java,1,23,160,1,1,160,160,160.000000,160,160,160.000000,476,476,476.000000,5.428571,5.428571,1,0,0,NO
OPENJPA,openjpa-jdbc/src/main/java/org/apache/openjpa/jdbc/meta/Strategy.java,1,26,131,1,1,131,131,131.000000,131,131,131.000000,476,476,476.000000,5.428571,5.428571,1,0,0,NO
OPENJPA,openjpa-jdbc/src/main/java/org/apache/openjpa/jdbc/meta/ValueHandler.java,1,21,103,2,2,101,99,50.500000,99,99,49.500000,614,476,307.000000,5.428571,5.378641,1,0,0,NO
OPENJPA,openjpa-jdbc/src/main/java/org/apache/openjpa/jdbc/meta/ValueMapping.java,1,57,273,2,2,269,265,134.500000,265,265,132.500000,501,476,250.500000,5.428571,5.311355,1,0,0,NO
OPENJPA,openjpa-jdbc/src/main/java/org/apache/openjpa/jdbc/meta/VersionMappingInfo.java,1,40,94,2,1,90,90,45.000000,86,90,43.000000,498,476,249.000000,5.428571,5.428571,1,0,0,NO
OPENJPA,openjpa-jdbc/src/main/java/org/apache/openjpa/jdbc/meta/VersionStrategy.java,1,19,74,1,1,74,74,74.000000,74,74,74.000000,476,476,476.000000,5.428571,5.428571,1,0,0,NO
OPENJPA,openjpa-jdbc/src/main/java/org/apache/openjpa/jdbc/meta/strats/AbstractClassStrategy.java,1,45,79,1,1,79,79,79.000000,79,79,79.000000,476,476,476.000000,5.428571,5.428571,1,0,0,NO
OPENJPA,openjpa-jdbc/src/main/java/org/apache/openjpa/jdbc/meta/strats/AbstractDiscriminatorStrategy.java,1,46,93,2,2,91,89,45.500000,89,89,44.500000,501,476,250.500000,5.428571,5.256528,1,0,0,NO
OPENJPA,openjpa-jdbc/src/main/java/org/apache/openjpa/jdbc/meta/strats/AbstractStrategy.java,1,43,78,1,1,78,78,78.000000,78,78,78.000000,476,476,476.000000,5.428571,5.428571,1,0,0,NO
OPENJPA,openjpa-jdbc/src/main/java/org/apache/openjpa/jdbc/meta/strats/AbstractValueHandler.java,1,31,62,2,2,60,58,30.000000,58,58,29.000000,614,476,307.000000,5.428571,5.345622,1,0,0,NO
OPENJPA,openjpa-jdbc/src/main/java/org/apache/openjpa/jdbc/meta/strats/AbstractVersionStrategy.java,1,34,67,1,1,67,67,67.000000,67,67,67.000000,476,476,476.000000,5.428571,5.428571,1,0,0,NO
OPENJPA,openjpa-jdbc/src/main/java/org/apache/openjpa/jdbc/meta/strats/BlobValueHandler.java,1,20,48,1,1,48,48,48.000000,48,48,48.000000,476,476,476.000000,5.428571,5.428571,1,0,0,NO
OPENJPA,openjpa-jdbc/src/main/java/org/apache/openjpa/jdbc/meta/strats/ClobValueHandler.java,1,20,48,1,1,48,48,48.000000,48,48,48.000000,476,476,476.000000,5.428571,5.428571,1,0,0,NO
OPENJPA,openjpa-jdbc/src/main/java/org/apache/openjpa/jdbc/meta/strats/IdentityJoinable.java,1,49,83,1,1,83,83,83.000000,83,83,83.000000,476,476,476.000000,5.428571,5.428571,1,0,0,NO
OPENJPA,openjpa-jdbc/src/main/java/org/apache/openjpa/jdbc/meta/strats/LRSCollectionFieldStrategy.java,1,28,102,2,2,99,96,49.500000,96,96,48.000000,614,476,307.000000,5.428571,5.352941,1,0,0,NO
OPENJPA,openjpa-jdbc/src/main/java/org/apache/openjpa/jdbc/meta/strats/LRSMapFieldStrategy.java,1,41,163,2,2,156,149,78.000000,149,149,74.500000,614,476,307.000000,5.428571,5.318142,1,0,0,NO
OPENJPA,openjpa-jdbc/src/main/java/org/apache/openjpa/jdbc/schema/DriverDataSource.java,1,24,64,1,1,64,64,64.000000,64,64,64.000000,476,476,476.000000,5.428571,5.428571,1,0,0,NO
OPENJPA,openjpa-jdbc/src/main/java/org/apache/openjpa/jdbc/schema/SchemaFactory.java,1,5,371,8,1,205,55,25.625000,39,55,4.875000,3313,773,414.125000,14.857143,8.274933,1,0,0,NO
OPENJPA,openjpa-jdbc/src/main/java/org/apache/openjpa/jdbc/schema/SchemaParser.java,1,10,62,1,1,62,62,62.000000,62,62,62.000000,476,476,476.000000,5.428571,5.428571,1,0,0,NO
OPENJPA,openjpa-jdbc/src/main/java/org/apache/openjpa/jdbc/schema/SchemaSerializer.java,1,13,78,1,1,78,78,78.000000,78,78,78.000000,476,476,476.000000,5.428571,5.428571,1,0,0,NO
OPENJPA,openjpa-jdbc/src/main/java/org/apache/openjpa/jdbc/schema/Unique.java,1,15,413,8,1,233,55,29.125000,53,55,6.625000,3313,773,414.125000,14.857143,8.054652,1,0,0,YES
OPENJPA,openjpa-jdbc/src/main/java/org/apache/openjpa/jdbc/sql/CacheDictionary.java,1,16,42,1,1,42,42,42.000000,42,42,42.000000,476,476,476.000000,5.428571,5.428571,1,0,0,NO
OPENJPA,openjpa-jdbc/src/main/java/org/apache/openjpa/jdbc/sql/Calendard.java,1,10,241,8,1,138,35,17.250000,35,35,4.375000,3313,773,414.125000,14.857143,8.045050,1,0,0,NO
OPENJPA,openjpa-jdbc/src/main/java/org/apache/openjpa/jdbc/sql/Raw.java,1,10,191,8,1,113,30,14.125000,35,30,4.375000,3313,773,414.125000,14.857143,8.119671,1,0,0,NO
OPENJPA,openjpa-jdbc/src/main/java/org/apache/openjpa/jdbc/sql/Result.java,1,174,578,2,2,575,572,287.500000,572,572,286.000000,614,476,307.000000,5.428571,5.415225,1,0,0,NO
OPENJPA,openjpa-jdbc/src/main/java/org/apache/openjpa/jdbc/sql/Row.java,1,163,520,1,1,520,520,520.000000,520,520,520.000000,476,476,476.000000,5.428571,5.428571,1,0,0,NO
OPENJPA,openjpa-jdbc/src/main/java/org/apache/openjpa/jdbc/sql/RowManager.java,1,14,71,1,1,71,71,71.000000,71,71,71.000000,476,476,476.000000,5.428571,5.428571,1,0,0,NO
OPENJPA,openjpa-jdbc/src/main/java/org/apache/openjpa/jdbc/sql/SQLFactory.java,1,6,273,8,1,158,40,19.750000,43,35,5.375000,3313,773,414.125000,14.857143,7.871795,1,0,0,NO
OPENJPA,openjpa-jdbc/src/main/java/org/apache/openjpa/jdbc/sql/Select.java,1,132,723,4,2,702,668,175.500000,681,668,170.250000,656,476,164.000000,5.428571,5.146809,1,0,0,NO
OPENJPA,openjpa-jdbc/src/main/java/org/apache/openjpa/jdbc/sql/SelectExecutor.java,1,27,122,1,1,122,122,122.000000,122,122,122.000000,476,476,476.000000,5.428571,5.428571,1,0,0,NO
OPENJPA,openjpa-jdbc/src/main/java/org/apache/openjpa/jdbc/sql/Sized.java,1,9,217,9,1,125,31,13.888889,33,30,3.666667,3314,773,368.222222,14.857143,7.998025,1,0,0,NO
OPENJPA,openjpa-jdbc/src/main/java/org/apache/openjpa/jdbc/sql/Union.java,1,14,76,1,1,76,76,76.000000,76,76,76.000000,476,476,476.000000,5.428571,5.428571,1,0,0,NO
OPENJPA,openjpa-kernel/src/main/java/org/apache/openjpa/ant/PCEnhancerTask.java,1,37,294,6,2,191,99,31.833333,88,86,14.666667,1954,773,325.666667,6.571429,6.395044,1,0,0,NO
OPENJPA,openjpa-kernel/src/main/java/org/apache/openjpa/conf/OpenJPAConfiguration.java,1,251,4178,8,3,2771,1336,346.375000,1364,1324,170.500000,2073,773,259.125000,6.571429,6.421459,1,0,0,NO
OPENJPA,openjpa-kernel/src/main/java/org/apache/openjpa/conf/ProductDerivation.java,1,15,217,4,2,140,68,35.000000,63,65,15.750000,1924,773,481.000000,6.571429,6.339039,1,0,0,NO
OPENJPA,openjpa-kernel/src/main/java/org/apache/openjpa/conf/SeqValue.java,1,18,134,3,1,90,46,30.000000,46,41,15.333333,1847,773,615.666667,6.571429,6.465885,1,0,0,NO
OPENJPA,openjpa-kernel/src/main/java/org/apache/openjpa/datacache/DataCache.java,1,34,830,4,2,544,258,136.000000,258,242,64.500000,1852,773,463.000000,6.571429,6.401377,1,0,0,NO
OPENJPA,openjpa-kernel/src/main/java/org/apache/openjpa/datacache/DataCacheManager.java,1,14,242,3,1,158,74,52.666667,74,71,24.666667,1847,773,615.666667,6.571429,6.383117,1,0,0,NO
OPENJPA,openjpa-kernel/src/main/java/org/apache/openjpa/datacache/DataCachePCData.java,1,6,178,6,1,105,32,17.500000,32,30,5.333333,2542,773,423.666667,14.857143,8.231942,2,0,0,NO
OPENJPA,openjpa-kernel/src/main/java/org/apache/openjpa/datacache/ExpirationListener.java,1,4,176,6,1,103,30,17.166667,30,30,5.000000,2542,773,423.666667,14.857143,8.250000,2,0,0,NO
OPENJPA,openjpa-kernel/src/main/java/org/apache/openjpa/datacache/QueryCache.java,1,18,445,4,1,290,138,72.500000,135,130,33.750000,1897,773,474.250000,6.571429,6.455217,1,0,0,NO
OPENJPA,openjpa-kernel/src/main/java/org/apache/openjpa/datacache/TypesChangedListener.java,1,4,176,6,1,103,30,17.166667,30,30,5.000000,2542,773,423.666667,14.857143,8.250000,2,0,0,NO
OPENJPA,openjpa-kernel/src/main/java/org/apache/openjpa/enhance/DynamicStorage.java,1,25,416,3,1,277,138,92.333333,138,135,46.000000,1847,773,615.666667,6.571429,6.472184,1,0,0,NO
OPENJPA,openjpa-kernel/src/main/java/org/apache/openjpa/enhance/FieldConsumer.java,1,13,216,3,1,144,72,48.000000,72,69,24.000000,1847,773,615.666667,6.571429,6.470238,1,0,0,NO
OPENJPA,openjpa-kernel/src/main/java/org/apache/openjpa/enhance/FieldManager.java,1,4,164,7,1,94,30,13.428571,24,30,3.428571,2837,773,405.285714,14.857143,8.500871,1,0,0,NO
OPENJPA,openjpa-kernel/src/main/java/org/apache/openjpa/enhance/FieldSupplier.java,1,13,216,3,1,144,72,48.000000,72,69,24.000000,1847,773,615.666667,6.571429,6.470238,1,0,0,NO
OPENJPA,openjpa-kernel/src/main/java/org/apache/openjpa/enhance/PersistenceCapable.java,1,40,267,3,1,179,91,59.666667,91,87,30.333333,1847,773,615.666667,6.571429,6.474050,1,0,0,NO
OPENJPA,openjpa-kernel/src/main/java/org/apache/openjpa/enhance/StateManager.java,1,69,845,3,1,563,282,187.666667,281,277,93.666667,1847,773,615.666667,6.571429,6.473880,1,0,0,NO
OPENJPA,openjpa-kernel/src/main/java/org/apache/openjpa/event/AbstractLifecycleListener.java,1,42,241,3,1,161,81,53.666667,81,77,27.000000,1847,773,615.666667,6.571429,6.470658,1,0,0,NO
OPENJPA,openjpa-kernel/src/main/java/org/apache/openjpa/event/AbstractRemoteCommitProvider.java,1,32,197,3,1,132,67,44.000000,67,63,22.333333,1847,773,615.666667,6.571429,6.471356,1,0,0,NO
OPENJPA,openjpa-kernel/src/main/java/org/apache/openjpa/event/AbstractTransactionListener.java,1,33,214,3,1,142,70,47.333333,70,67,23.333333,1847,773,615.666667,6.571429,6.466622,1,0,0,NO
OPENJPA,openjpa-kernel/src/main/java/org/apache/openjpa/event/AttachListener.java,1,5,226,6,1,130,40,21.666667,34,40,5.666667,2542,773,423.666667,14.857143,8.398230,2,0,0,NO
OPENJPA,openjpa-kernel/src/main/java/org/apache/openjpa/event/BeginTransactionListener.java,1,4,201,6,1,117,35,19.500000,33,35,5.500000,2542,773,423.666667,14.857143,8.292822,2,0,0,NO
OPENJPA,openjpa-kernel/src/main/java/org/apache/openjpa/event/ClearListener.java,1,5,229,7,1,132,35,18.857143,35,35,5.000000,2837,773,405.285714,14.857143,8.250156,1,0,0,NO
OPENJPA,openjpa-kernel/src/main/java/org/apache/openjpa/event/DeleteListener.java,1,5,229,7,1,132,35,18.857143,35,35,5.000000,2837,773,405.285714,14.857143,8.250156,1,0,0,NO
OPENJPA,openjpa-kernel/src/main/java/org/apache/openjpa/event/DetachListener.java,1,5,226,6,1,130,40,21.666667,34,40,5.666667,2542,773,423.666667,14.857143,8.398230,2,0,0,NO
OPENJPA,openjpa-kernel/src/main/java/org/apache/openjpa/event/DirtyListener.java,1,7,321,6,1,183,60,30.500000,45,60,7.500000,2542,773,423.666667,14.857143,8.532265,2,0,0,NO
OPENJPA,openjpa-kernel/src/main/java/org/apache/openjpa/event/EndTransactionListener.java,1,9,224,3,1,147,70,49.000000,70,67,23.333333,1847,773,615.666667,6.571429,6.458546,1,0,0,NO
OPENJPA,openjpa-kernel/src/main/java/org/apache/openjpa/event/ExceptionOrphanedKeyAction.java,1,14,279,6,1,159,53,26.500000,39,53,6.500000,2542,773,423.666667,14.857143,8.555556,2,0,0,NO
OPENJPA,openjpa-kernel/src/main/java/org/apache/openjpa/event/FlushTransactionListener.java,1,5,290,6,1,165,55,27.500000,40,55,6.666667,2542,773,423.666667,14.857143,8.562562,2,0,0,NO
OPENJPA,openjpa-kernel/src/main/java/org/apache/openjpa/event/LifecycleListener.java,1,5,174,6,1,101,32,16.833333,28,32,4.666667,2542,773,423.666667,14.857143,8.387521,2,0,0,NO
OPENJPA,openjpa-kernel/src/main/java/org/apache/openjpa/event/LoadListener.java,1,5,229,7,1,132,35,18.857143,35,35,5.000000,2837,773,405.285714,14.857143,8.250156,1,0,0,NO
OPENJPA,openjpa-kernel/src/main/java/org/apache/openjpa/event/NoneOrphanedKeyAction.java,1,10,220,7,1,127,35,18.142857,34,35,4.857143,2837,773,405.285714,14.857143,8.294805,1,0,0,NO
OPENJPA,openjpa-kernel/src/main/java/org/apache/openjpa/event/OrphanedKeyAction.java,1,6,124,3,1,82,40,27.333333,40,37,13.333333,1847,773,615.666667,6.571429,6.459677,1,0,0,NO
OPENJPA,openjpa-kernel/src/main/java/org/apache/openjpa/event/PersistListener.java,1,5,224,6,1,129,40,21.500000,34,40,5.666667,2542,773,423.666667,14.857143,8.417092,2,0,0,NO
OPENJPA,openjpa-kernel/src/main/java/org/apache/openjpa/event/RemoteCommitListener.java,1,7,213,3,1,135,65,45.000000,57,52,19.000000,1847,773,615.666667,6.571429,6.433937,1,0,0,NO
OPENJPA,openjpa-kernel/src/main/java/org/apache/openjpa/event/RemoteCommitProvider.java,1,8,199,4,1,129,63,32.250000,59,55,14.750000,1861,773,465.250000,6.571429,6.446518,1,0,0,NO
OPENJPA,openjpa-kernel/src/main/java/org/apache/openjpa/event/SingleJVMRemoteCommitProvider.java,1,23,227,4,2,144,66,36.000000,61,61,15.250000,1924,773,481.000000,6.571429,6.193203,1,0,0,NO
OPENJPA,openjpa-kernel/src/main/java/org/apache/openjpa/event/StoreListener.java,1,5,205,6,1,120,35,20.000000,35,35,5.833333,2542,773,423.666667,14.857143,8.259233,2,0,0,NO
OPENJPA,openjpa-kernel/src/main/java/org/apache/openjpa/event/TransactionListener.java,1,5,169,7,1,99,30,14.142857,29,30,4.142857,2543,773,363.285714,14.857143,8.337278,2,0,0,NO
OPENJPA,openjpa-kernel/src/main/java/org/apache/openjpa/kernel/AbstractFieldManager.java,1,66,325,3,1,217,109,72.333333,109,105,36.333333,1847,773,615.666667,6.571429,6.472088,1,0,0,NO
OPENJPA,openjpa-kernel/src/main/java/org/apache/openjpa/kernel/AbstractLockManager.java,1,30,236,4,1,158,80,39.500000,80,75,20.000000,1867,773,466.750000,6.571429,6.469128,1,0,0,NO
OPENJPA,openjpa-kernel/src/main/java/org/apache/openjpa/kernel/Broker.java,1,113,2060,3,1,1358,665,452.666667,656,652,218.666667,1847,773,615.666667,6.571429,6.467476,1,0,0,NO
OPENJPA,openjpa-kernel/src/main/java/org/apache/openjpa/kernel/BrokerFactory.java,1,21,305,3,1,203,101,67.666667,101,97,33.666667,1847,773,615.666667,6.571429,6.469321,1,0,0,NO
OPENJPA,openjpa-kernel/src/main/java/org/apache/openjpa/kernel/Extent.java,1,17,272,3,1,180,90,60.000000,88,85,29.333333,1847,773,615.666667,6.571429,6.466912,1,0,0,NO
OPENJPA,openjpa-kernel/src/main/java/org/apache/openjpa/kernel/FindCallbacks.java,1,5,294,7,1,167,55,23.857143,40,55,5.714286,2562,773,366.000000,14.857143,8.529640,2,0,0,NO
OPENJPA,openjpa-kernel/src/main/java/org/apache/openjpa/kernel/LockManager.java,1,16,348,4,1,228,108,57.000000,108,103,27.000000,1867,773,466.750000,6.571429,6.455255,1,0,0,NO
OPENJPA,openjpa-kernel/src/main/java/org/apache/openjpa/kernel/NoneLockManager.java,1,14,270,6,1,154,53,25.666667,38,53,6.333333,2542,773,423.666667,14.857143,8.616931,2,0,0,NO
OPENJPA,openjpa-kernel/src/main/java/org/apache/openjpa/kernel/OpCallbacks.java,1,18,166,4,1,109,52,27.250000,52,48,13.000000,1867,773,466.750000,6.571429,6.450947,1,0,0,NO
OPENJPA,openjpa-kernel/src/main/java/org/apache/openjpa/kernel/OpenJPAStateManager.java,1,82,1576,5,2,1034,495,206.800000,492,488,98.400000,2035,773,407.000000,6.571429,6.453771,1,0,0,NO
OPENJPA,openjpa-kernel/src/main/java/org/apache/openjpa/kernel/PCData.java,1,20,348,4,2,226,108,56.500000,104,102,26.000000,1985,773,496.250000,6.571429,6.394089,1,0,0,NO
OPENJPA,openjpa-kernel/src/main/java/org/apache/openjpa/kernel/Query.java,1,35,590,3,1,390,194,130.000000,190,187,63.333333,1847,773,615.666667,6.571429,6.468523,1,0,0,NO
OPENJPA,openjpa-kernel/src/main/java/org/apache/openjpa/kernel/QueryContext.java,1,55,896,4,1,590,289,147.500000,284,282,71.000000,1897,773,474.250000,6.571429,6.466677,1,0,0,NO
OPENJPA,openjpa-kernel/src/main/java/org/apache/openjpa/kernel/SavepointManager.java,1,5,228,7,1,132,36,18.857143,36,35,5.142857,2837,773,405.285714,14.857143,8.231203,1,0,0,NO
OPENJPA,openjpa-kernel/src/main/java/org/apache/openjpa/kernel/Seq.java,1,15,220,3,1,145,70,48.333333,70,66,23.333333,1847,773,615.666667,6.571429,6.459740,1,0,0,NO
OPENJPA,openjpa-kernel/src/main/java/org/apache/openjpa/kernel/StoreContext.java,1,75,1393,6,3,914,437,152.333333,435,430,72.500000,2029,773,338.166667,6.571429,6.453492,1,0,0,NO
OPENJPA,openjpa-kernel/src/main/java/org/apache/openjpa/kernel/StoreManager.java,1,55,1473,8,3,948,427,118.500000,423,416,52.875000,2147,773,268.375000,6.571429,6.424983,1,0,0,NO
OPENJPA,openjpa-kernel/src/main/java/org/apache/openjpa/kernel/StoreQuery.java,1,64,999,5,2,658,314,131.600000,317,308,63.400000,1894,773,378.800000,6.571429,6.434577,1,0,0,NO
OPENJPA,openjpa-kernel/src/main/java/org/apache/openjpa/kernel/exps/AbstractExpressionVisitor.java,1,12,24,1,1,24,24,24.000000,24,24,24.000000,90,90,90.000000,1.000000,1.000000,0,0,0,NO
OPENJPA,openjpa-kernel/src/main/java/org/apache/openjpa/kernel/exps/Add.java,1,11,214,6,1,126,38,21.000000,38,35,6.333333,2542,773,423.666667,14.857143,8.182243,2,0,0,NO
OPENJPA,openjpa-kernel/src/main/java/org/apache/openjpa/kernel/exps/AggregateListener.java,1,12,221,4,1,145,69,36.250000,69,65,17.250000,1867,773,466.750000,6.571429,6.453782,1,0,0,NO
OPENJPA,openjpa-kernel/src/main/java/org/apache/openjpa/kernel/exps/All.java,1,27,160,3,1,108,56,36.000000,56,49,18.666667,1847,773,615.666667,6.571429,6.466964,1,0,0,NO
OPENJPA,openjpa-kernel/src/main/java/org/apache/openjpa/kernel/exps/Any.java,1,27,157,3,1,106,55,35.333333,55,48,18.333333,1847,773,615.666667,6.571429,6.466788,1,0,0,NO
OPENJPA,openjpa-kernel/src/main/java/org/apache/openjpa/kernel/exps/Arguments.java,1,5,174,6,1,102,30,17.000000,30,30,5.000000,2542,773,423.666667,14.857143,8.270115,2,0,0,NO
OPENJPA,openjpa-kernel/src/main/java/org/apache/openjpa/kernel/exps/Avg.java,1,31,180,3,1,121,62,40.333333,62,56,20.666667,1847,773,615.666667,6.571429,6.468254,1,0,0,NO
OPENJPA,openjpa-kernel/src/main/java/org/apache/openjpa/kernel/exps/Constant.java,1,5,177,6,1,104,31,17.333333,31,30,5.166667,2542,773,423.666667,14.857143,8.239709,2,0,0,NO
OPENJPA,openjpa-kernel/src/main/java/org/apache/openjpa/kernel/exps/Count.java,1,20,369,7,1,209,55,29.857143,49,55,7.000000,2837,773,405.285714,14.857143,8.358498,1,0,0,NO
OPENJPA,openjpa-kernel/src/main/java/org/apache/openjpa/kernel/exps/Divide.java,1,11,217,6,1,128,39,21.333333,39,35,6.500000,2542,773,423.666667,14.857143,8.158657,2,0,0,NO
OPENJPA,openjpa-kernel/src/main/java/org/apache/openjpa/kernel/exps/EndsWithExpression.java,1,12,252,6,1,145,45,24.166667,38,45,6.333333,2542,773,423.666667,14.857143,8.418367,2,0,0,NO
OPENJPA,openjpa-kernel/src/main/java/org/apache/openjpa/kernel/exps/EqualExpression.java,1,11,216,6,1,127,39,21.166667,38,35,6.333333,2542,773,423.666667,14.857143,8.165344,2,0,0,NO
OPENJPA,openjpa-kernel/src/main/java/org/apache/openjpa/kernel/exps/Expression.java,1,4,180,8,2,105,30,13.125000,30,30,3.750000,2927,773,365.875000,14.857143,8.136508,1,0,0,NO
OPENJPA,openjpa-kernel/src/main/java/org/apache/openjpa/kernel/exps/ExpressionParser.java,1,14,181,3,1,121,61,40.333333,61,57,20.333333,1847,773,615.666667,6.571429,6.468824,1,0,0,NO
OPENJPA,openjpa-kernel/src/main/java/org/apache/openjpa/kernel/exps/ExpressionVisitor.java,1,7,31,1,1,31,31,31.000000,31,31,31.000000,90,90,90.000000,1.000000,1.000000,0,0,0,NO
OPENJPA,openjpa-kernel/src/main/java/org/apache/openjpa/kernel/exps/FilterListener.java,1,12,294,4,1,190,89,47.500000,86,82,21.500000,1867,773,466.750000,6.571429,6.446550,1,0,0,NO
OPENJPA,openjpa-kernel/src/main/java/org/apache/openjpa/kernel/exps/GreaterThanEqualExpression.java,1,12,257,6,1,148,45,24.666667,39,45,6.500000,2542,773,423.666667,14.857143,8.379655,2,0,0,NO
OPENJPA,openjpa-kernel/src/main/java/org/apache/openjpa/kernel/exps/GreaterThanExpression.java,1,12,257,6,1,148,45,24.666667,39,45,6.500000,2542,773,423.666667,14.857143,8.379655,2,0,0,NO
OPENJPA,openjpa-kernel/src/main/java/org/apache/openjpa/kernel/exps/LessThanEqualExpression.java,1,12,257,6,1,148,45,24.666667,39,45,6.500000,2542,773,423.666667,14.857143,8.379655,2,0,0,NO
OPENJPA,openjpa-kernel/src/main/java/org/apache/openjpa/kernel/exps/LessThanExpression.java,1,12,257,6,1,148,45,24.666667,39,45,6.500000,2542,773,423.666667,14.857143,8.379655,2,0,0,NO
OPENJPA,openjpa-kernel/src/main/java/org/apache/openjpa/kernel/exps/Literal.java,1,12,328,6,1,188,60,31.333333,48,60,8.000000,2542,773,423.666667,14.857143,8.488240,2,0,0,NO
OPENJPA,openjpa-kernel/src/main/java/org/apache/openjpa/kernel/exps/Max.java,1,22,148,3,1,99,50,33.000000,50,46,16.666667,1847,773,615.666667,6.571429,6.467181,1,0,0,NO
OPENJPA,openjpa-kernel/src/main/java/org/apache/openjpa/kernel/exps/Min.java,1,22,148,3,1,99,50,33.000000,50,46,16.666667,1847,773,615.666667,6.571429,6.467181,1,0,0,NO
OPENJPA,openjpa-kernel/src/main/java/org/apache/openjpa/kernel/exps/Mod.java,1,11,217,6,1,128,39,21.333333,39,35,6.500000,2542,773,423.666667,14.857143,8.158657,2,0,0,NO
OPENJPA,openjpa-kernel/src/main/java/org/apache/openjpa/kernel/exps/Multiply.java,1,11,255,6,1,147,45,24.500000,39,45,6.500000,2542,773,423.666667,14.857143,8.395518,2,0,0,NO
OPENJPA,openjpa-kernel/src/main/java/org/apache/openjpa/kernel/exps/NotEqualExpression.java,1,11,216,6,1,127,39,21.166667,38,35,6.333333,2542,773,423.666667,14.857143,8.165344,2,0,0,NO
OPENJPA,openjpa-kernel/src/main/java/org/apache/openjpa/kernel/exps/Parameter.java,1,6,192,6,1,114,36,19.000000,36,30,6.000000,2542,773,423.666667,14.857143,8.101935,2,0,0,NO
OPENJPA,openjpa-kernel/src/main/java/org/apache/openjpa/kernel/exps/Path.java,1,7,346,8,2,194,55,24.250000,42,55,5.250000,2927,773,365.875000,14.857143,8.467795,1,0,0,NO
OPENJPA,openjpa-kernel/src/main/java/org/apache/openjpa/kernel/exps/Resolver.java,1,8,159,3,1,105,51,35.000000,51,48,17.000000,1847,773,615.666667,6.571429,6.460916,1,0,0,NO
OPENJPA,openjpa-kernel/src/main/java/org/apache/openjpa/kernel/exps/Size.java,1,20,134,3,1,90,46,30.000000,46,42,15.333333,1847,773,615.666667,6.571429,6.469083,1,0,0,NO
OPENJPA,openjpa-kernel/src/main/java/org/apache/openjpa/kernel/exps/StartsWithExpression.java,1,12,252,6,1,145,45,24.166667,38,45,6.333333,2542,773,423.666667,14.857143,8.418367,2,0,0,NO
OPENJPA,openjpa-kernel/src/main/java/org/apache/openjpa/kernel/exps/Subquery.java,1,7,233,7,1,135,37,19.285714,37,35,5.285714,2837,773,405.285714,14.857143,8.219497,1,0,0,NO
OPENJPA,openjpa-kernel/src/main/java/org/apache/openjpa/kernel/exps/Subtract.java,1,11,255,6,1,147,45,24.500000,39,45,6.500000,2542,773,423.666667,14.857143,8.395518,2,0,0,NO
OPENJPA,openjpa-kernel/src/main/java/org/apache/openjpa/kernel/exps/Sum.java,1,32,178,3,1,120,62,40.000000,62,55,20.666667,1847,773,615.666667,6.571429,6.467897,1,0,0,NO
OPENJPA,openjpa-kernel/src/main/java/org/apache/openjpa/kernel/exps/Value.java,1,11,179,5,2,122,55,24.400000,65,52,13.000000,1964,773,392.800000,6.571429,6.150838,1,0,0,NO
OPENJPA,openjpa-kernel/src/main/java/org/apache/openjpa/kernel/jpql/SimpleNode.java,1,7,197,8,1,114,31,14.250000,31,30,3.875000,2838,773,354.750000,14.857143,8.250181,1,0,0,NO
OPENJPA,openjpa-kernel/src/main/java/org/apache/openjpa/meta/AbstractMetaDataFactory.java,1,64,328,3,1,219,110,73.000000,110,106,36.666667,1847,773,615.666667,6.571429,6.472125,1,0,0,NO
OPENJPA,openjpa-kernel/src/main/java/org/apache/openjpa/meta/MetaDataContext.java,1,4,173,6,1,101,30,16.833333,29,30,4.833333,2542,773,423.666667,14.857143,8.280760,2,0,0,NO
OPENJPA,openjpa-kernel/src/main/java/org/apache/openjpa/meta/MetaDataDefaults.java,1,12,198,4,1,131,64,32.750000,64,60,16.000000,1897,773,474.250000,6.571429,6.461760,1,0,0,NO
OPENJPA,openjpa-kernel/src/main/java/org/apache/openjpa/meta/MetaDataFactory.java,1,27,432,3,1,285,138,95.000000,138,134,46.000000,1847,773,615.666667,6.571429,6.464286,1,0,0,NO
OPENJPA,openjpa-kernel/src/main/java/org/apache/openjpa/meta/Order.java,1,8,311,6,1,179,55,29.833333,47,55,7.833333,2542,773,423.666667,14.857143,8.421681,2,0,0,NO
OPENJPA,openjpa-kernel/src/main/java/org/apache/openjpa/meta/ValueMetaData.java,1,46,950,3,1,625,300,208.333333,300,296,100.000000,1847,773,615.666667,6.571429,6.464361,1,0,0,NO
OPENJPA,openjpa-kernel/src/main/java/org/apache/openjpa/util/ChangeTracker.java,1,12,282,3,1,184,86,61.333333,86,83,28.666667,1847,773,615.666667,6.571429,6.455420,1,0,0,NO
OPENJPA,openjpa-kernel/src/main/java/org/apache/openjpa/util/ClassResolver.java,1,6,130,3,1,86,43,28.666667,42,39,14.000000,1847,773,615.666667,6.571429,6.461538,1,0,0,NO
OPENJPA,openjpa-kernel/src/main/java/org/apache/openjpa/util/ClassResolverImpl.java,1,26,169,3,1,114,59,38.000000,59,53,19.666667,1847,773,615.666667,6.571429,6.469992,1,0,0,NO
OPENJPA,openjpa-kernel/src/main/java/org/apache/openjpa/util/CollectionChangeTracker.java,1,6,280,6,1,159,55,26.500000,38,55,6.333333,2542,773,423.666667,14.857143,8.638265,2,0,0,NO
OPENJPA,openjpa-kernel/src/main/java/org/apache/openjpa/util/ExceptionInfo.java,1,16,246,3,1,163,80,54.333333,80,77,26.666667,1847,773,615.666667,6.571429,6.466318,1,0,0,NO
OPENJPA,openjpa-kernel/src/main/java/org/apache/openjpa/util/GeneralException.java,1,22,298,7,1,174,53,24.857143,50,53,7.142857,2631,773,375.857143,14.857143,8.309684,2,0,0,NO
OPENJPA,openjpa-kernel/src/main/java/org/apache/openjpa/util/InternalException.java,1,31,317,7,1,189,53,27.000000,61,53,8.714286,2631,773,375.857143,14.857143,8.150518,2,0,0,NO
OPENJPA,openjpa-kernel/src/main/java/org/apache/openjpa/util/LRSProxy.java,1,4,173,7,1,100,30,14.285714,27,30,3.857143,2837,773,405.285714,14.857143,8.395541,1,0,0,NO
OPENJPA,openjpa-kernel/src/main/java/org/apache/openjpa/util/MapChangeTracker.java,1,9,191,4,1,125,59,31.250000,59,55,14.750000,1897,773,474.250000,6.571429,6.453254,1,0,0,NO
OPENJPA,openjpa-kernel/src/main/java/org/apache/openjpa/util/Proxy.java,1,9,186,3,1,122,59,40.666667,58,55,19.333333,1847,773,615.666667,6.571429,6.457757,1,0,0,NO
OPENJPA,openjpa-kernel/src/main/java/org/apache/openjpa/util/ProxyCalendar.java,1,6,202,6,1,118,35,19.666667,34,35,5.666667,2542,773,423.666667,14.857143,8.283593,2,0,0,NO
OPENJPA,openjpa-kernel/src/main/java/org/apache/openjpa/util/ProxyCollection.java,1,9,122,3,1,81,41,27.000000,40,36,13.333333,1847,773,615.666667,6.571429,6.460187,1,0,0,NO
OPENJPA,openjpa-kernel/src/main/java/org/apache/openjpa/util/ProxyDate.java,1,5,179,6,1,105,31,17.500000,31,30,5.166667,2542,773,423.666667,14.857143,8.217877,2,0,0,NO
OPENJPA,openjpa-kernel/src/main/java/org/apache/openjpa/util/ProxyManager.java,1,22,373,3,1,246,119,82.000000,119,116,39.666667,1847,773,615.666667,6.571429,6.464573,1,0,0,NO
OPENJPA,openjpa-kernel/src/main/java/org/apache/openjpa/util/ProxyMap.java,1,9,120,3,1,80,40,26.666667,40,36,13.333333,1847,773,615.666667,6.571429,6.461905,1,0,0,NO
OPENJPA,openjpa-kernel/src/main/java/org/apache/openjpa/util/RuntimeExceptionTranslator.java,1,6,197,6,1,115,35,19.166667,33,35,5.500000,2542,773,423.666667,14.857143,8.331400,2,0,0,NO
OPENJPA,openjpa-kernel/src/main/java/org/apache/openjpa/util/StoreException.java,1,22,322,7,1,186,53,26.571429,50,53,7.142857,2631,773,375.857143,14.857143,8.113576,2,0,0,NO
OPENJPA,openjpa-kernel/src/main/java/org/apache/openjpa/util/UnsupportedException.java,1,23,311,7,1,181,53,25.857143,51,53,7.285714,2631,773,375.857143,14.857143,8.234267,2,0,0,NO
OPENJPA,openjpa-kernel/src/main/java/org/apache/openjpa/util/UserException.java,1,29,316,7,1,188,53,26.857143,60,53,8.571429,2631,773,375.857143,14.857143,8.181736,2,0,0,NO
OPENJPA,openjpa-lib/src/main/java/org/apache/openjpa/lib/conf/Configurable.java,1,6,82,4,1,62,42,15.500000,42,42,10.500000,1918,773,479.500000,8.428571,8.027875,2,0,0,NO
OPENJPA,openjpa-lib/src/main/java/org/apache/openjpa/lib/conf/GenericConfigurable.java,1,5,100,5,1,69,39,13.800000,38,39,7.600000,1923,773,384.600000,8.428571,7.728571,2,0,0,NO
OPENJPA,openjpa-lib/src/main/java/org/apache/openjpa/lib/conf/ValueListener.java,1,4,79,5,1,54,31,10.800000,29,31,5.800000,2052,773,410.400000,14.857143,10.567812,2,0,0,NO
OPENJPA,openjpa-lib/src/main/java/org/apache/openjpa/lib/jdbc/ConnectionDecorator.java,1,6,89,5,1,61,35,12.200000,33,35,6.600000,2052,773,410.400000,14.857143,10.550562,2,0,0,NO
OPENJPA,openjpa-lib/src/main/java/org/apache/openjpa/lib/jdbc/JDBCEvent.java,1,50,255,4,1,207,157,51.750000,159,157,39.750000,1918,773,479.500000,8.428571,8.179272,2,0,0,NO
OPENJPA,openjpa-lib/src/main/java/org/apache/openjpa/lib/jdbc/JDBCListener.java,1,15,145,4,1,116,86,29.000000,87,86,21.750000,1918,773,479.500000,8.428571,8.142857,2,0,0,NO
OPENJPA,openjpa-lib/src/main/java/org/apache/openjpa/lib/log/AbstractLog.java,1,74,269,6,1,203,159,33.833333,137,159,22.833333,2497,773,416.166667,8.428571,7.861391,2,0,0,NO
OPENJPA,openjpa-lib/src/main/java/org/apache/openjpa/lib/log/LogFactory.java,1,4,75,5,1,52,30,10.400000,29,30,5.800000,2052,773,410.400000,14.857143,10.600000,2,0,0,NO
OPENJPA,openjpa-lib/src/main/java/org/apache/openjpa/lib/meta/MetaDataFilter.java,1,9,157,5,1,103,55,20.600000,49,55,9.800000,2052,773,410.400000,14.857143,10.430391,2,0,0,NO
OPENJPA,openjpa-lib/src/main/java/org/apache/openjpa/lib/meta/MetaDataIterator.java,1,12,115,4,1,86,57,21.500000,57,57,14.250000,1918,773,479.500000,8.428571,8.002484,2,0,0,NO
OPENJPA,openjpa-lib/src/main/java/org/apache/openjpa/lib/meta/MetaDataParser.java,1,17,172,5,1,128,84,25.600000,84,84,16.800000,2408,773,481.600000,8.428571,7.990033,2,0,0,NO
OPENJPA,openjpa-lib/src/main/java/org/apache/openjpa/lib/meta/MetaDataSerializer.java,1,15,223,6,1,147,76,24.500000,71,76,11.833333,2458,773,409.666667,8.428571,7.661115,2,0,0,NO
OPENJPA,openjpa-lib/src/main/java/org/apache/openjpa/lib/meta/SourceTracker.java,1,11,99,4,1,76,54,19.000000,53,54,13.250000,1918,773,479.500000,8.428571,8.050505,2,0,0,NO
OPENJPA,openjpa-lib/src/main/java/org/apache/openjpa/lib/rop/AbstractSequentialResultList.java,1,72,211,4,1,162,130,40.500000,113,130,28.250000,1918,773,479.500000,8.428571,8.150305,2,0,0,NO
OPENJPA,openjpa-lib/src/main/java/org/apache/openjpa/lib/rop/ResultList.java,1,9,148,4,1,101,62,25.250000,54,62,13.500000,1918,773,479.500000,8.428571,7.904440,2,0,0,NO
OPENJPA,openjpa-lib/src/main/java/org/apache/openjpa/lib/util/BytecodeWriter.java,1,6,84,5,1,57,32,11.400000,30,32,6.000000,2052,773,410.400000,14.857143,10.406463,2,0,0,NO
OPENJPA,openjpa-lib/src/main/java/org/apache/openjpa/lib/util/EventManager.java,1,10,98,4,1,77,56,19.250000,56,56,14.000000,1918,773,479.500000,8.428571,8.055394,2,0,0,NO
OPENJPA,openjpa-lib/src/main/java/org/apache/openjpa/lib/util/ParseException.java,1,21,147,6,1,99,53,16.500000,51,53,8.500000,2141,773,356.833333,14.857143,10.167153,2,0,0,NO
OPENJPA,openjpa-lib/src/main/java/org/apache/openjpa/lib/util/ReferenceMap.java,1,10,100,4,1,75,50,18.750000,50,50,12.500000,1918,773,479.500000,8.428571,7.977143,2,0,0,NO
OPENJPA,openjpa-lib/src/main/java/org/apache/openjpa/lib/util/ResourceBundleProvider.java,1,7,98,5,1,67,37,13.400000,36,37,7.200000,2052,773,410.400000,14.857143,10.478134,2,0,0,NO
OPENJPA,openjpa-lib/src/main/java/org/apache/openjpa/lib/util/SizedMap.java,1,8,157,5,1,102,60,20.400000,47,60,9.400000,2052,773,410.400000,14.857143,10.654231,2,0,0,NO
OPENJPA,openjpa-lib/src/main/java/org/apache/openjpa/lib/util/concurrent/ConcurrentMap.java,1,7,149,5,1,95,55,19.000000,41,55,8.200000,2052,773,410.400000,14.857143,10.518696,2,0,0,NO
OPENJPA,openjpa-lib/src/main/java/org/apache/openjpa/lib/util/concurrent/Lock.java,1,9,669,5,1,474,328,94.800000,279,328,55.800000,2408,773,481.600000,8.428571,8.005766,2,0,0,NO
OPENJPA,openjpa-lib/src/main/java/org/apache/openjpa/lib/util/concurrent/NanoTimer.java,1,4,77,4,1,61,46,15.250000,45,46,11.250000,1918,773,479.500000,8.428571,7.994434,2,0,0,NO
OPENJPA,openjpa-lib/src/main/java/org/apache/openjpa/lib/util/concurrent/Queue.java,1,12,470,5,1,334,207,66.800000,198,207,39.600000,2408,773,481.600000,8.428571,7.851672,2,0,0,NO
OPENJPA,openjpa-lib/src/main/java/org/apache/openjpa/lib/xml/Commentable.java,1,6,107,5,1,72,40,14.400000,37,40,7.400000,2052,773,410.400000,14.857143,10.503338,2,0,0,NO
OPENJPA,openjpa-lib/src/main/java/org/apache/openjpa/lib/xml/ValidatingErrorHandler.java,1,15,141,5,1,92,53,18.400000,43,53,8.600000,2052,773,410.400000,14.857143,10.567376,2,0,0,NO
OPENJPA,openjpa-persistence-jdbc/src/main/java/org/apache/openjpa/persistence/jdbc/ClassCriteria.java,1,11,272,7,1,154,53,22.000000,36,53,5.142857,3018,773,431.142857,14.857143,8.573004,2,0,0,NO
OPENJPA,openjpa-persistence-jdbc/src/main/java/org/apache/openjpa/persistence/jdbc/Columns.java,1,12,274,7,1,155,53,22.142857,36,53,5.142857,3018,773,431.142857,14.857143,8.550052,2,0,0,NO
OPENJPA,openjpa-persistence-jdbc/src/main/java/org/apache/openjpa/persistence/jdbc/ContainerTable.java,1,17,155,4,1,101,45,25.250000,47,42,11.750000,2323,773,580.750000,6.571429,6.321659,1,0,0,NO
OPENJPA,openjpa-persistence-jdbc/src/main/java/org/apache/openjpa/persistence/jdbc/DataStoreIdColumn.java,1,14,290,7,1,166,53,23.714286,42,53,6.000000,3018,773,431.142857,14.857143,8.410345,2,0,0,NO
OPENJPA,openjpa-persistence-jdbc/src/main/java/org/apache/openjpa/persistence/jdbc/DiscriminatorStrategy.java,1,10,230,8,1,132,35,16.500000,34,35,4.250000,3313,773,414.125000,14.857143,8.179503,1,0,0,NO
OPENJPA,openjpa-persistence-jdbc/src/main/java/org/apache/openjpa/persistence/jdbc/EagerFetchMode.java,1,11,273,7,1,154,53,22.000000,35,53,5.000000,3018,773,431.142857,14.857143,8.561486,2,0,0,NO
OPENJPA,openjpa-persistence-jdbc/src/main/java/org/apache/openjpa/persistence/jdbc/ElementClassCriteria.java,1,11,272,7,1,154,53,22.000000,36,53,5.142857,3018,773,431.142857,14.857143,8.573004,2,0,0,NO
OPENJPA,openjpa-persistence-jdbc/src/main/java/org/apache/openjpa/persistence/jdbc/ElementForeignKey.java,1,15,151,4,1,97,45,24.250000,43,42,10.750000,2323,773,580.750000,6.571429,6.345317,1,0,0,NO
OPENJPA,openjpa-persistence-jdbc/src/main/java/org/apache/openjpa/persistence/jdbc/ElementIndex.java,1,13,283,7,1,161,53,23.000000,39,53,5.571429,3018,773,431.142857,14.857143,8.467945,2,0,0,NO
OPENJPA,openjpa-persistence-jdbc/src/main/java/org/apache/openjpa/persistence/jdbc/ElementJoinColumn.java,1,18,157,4,1,103,45,25.750000,49,42,12.250000,2323,773,580.750000,6.571429,6.310282,1,0,0,NO
OPENJPA,openjpa-persistence-jdbc/src/main/java/org/apache/openjpa/persistence/jdbc/ElementJoinColumns.java,1,11,274,7,1,155,53,22.142857,36,53,5.142857,3018,773,431.142857,14.857143,8.550052,2,0,0,NO
OPENJPA,openjpa-persistence-jdbc/src/main/java/org/apache/openjpa/persistence/jdbc/ElementNonpolymorphic.java,1,11,274,7,1,155,53,22.142857,36,53,5.142857,3018,773,431.142857,14.857143,8.550052,2,0,0,NO
OPENJPA,openjpa-persistence-jdbc/src/main/java/org/apache/openjpa/persistence/jdbc/EmbeddedMapping.java,1,15,286,7,1,164,53,23.428571,42,53,6.000000,3018,773,431.142857,14.857143,8.436064,2,0,0,NO
OPENJPA,openjpa-persistence-jdbc/src/main/java/org/apache/openjpa/persistence/jdbc/ForeignKey.java,1,16,296,7,1,171,53,24.428571,46,53,6.571429,3018,773,431.142857,14.857143,8.349903,2,0,0,NO
OPENJPA,openjpa-persistence-jdbc/src/main/java/org/apache/openjpa/persistence/jdbc/Index.java,1,15,287,7,1,165,53,23.571429,43,53,6.142857,3018,773,431.142857,14.857143,8.425585,2,0,0,NO
OPENJPA,openjpa-persistence-jdbc/src/main/java/org/apache/openjpa/persistence/jdbc/MappingOverride.java,1,15,291,7,1,167,53,23.857143,43,53,6.142857,3018,773,431.142857,14.857143,8.400098,2,0,0,NO
OPENJPA,openjpa-persistence-jdbc/src/main/java/org/apache/openjpa/persistence/jdbc/MappingOverrides.java,1,10,184,5,1,109,36,21.800000,34,34,6.800000,2606,773,521.200000,8.142857,6.739907,1,0,0,NO
OPENJPA,openjpa-persistence-jdbc/src/main/java/org/apache/openjpa/persistence/jdbc/MappingTag.java,1,58,86,1,1,86,86,86.000000,86,86,86.000000,476,476,476.000000,5.428571,5.428571,1,0,0,NO
OPENJPA,openjpa-persistence-jdbc/src/main/java/org/apache/openjpa/persistence/jdbc/Nonpolymorphic.java,1,11,273,7,1,154,53,22.000000,35,53,5.000000,3018,773,431.142857,14.857143,8.561486,2,0,0,NO
OPENJPA,openjpa-persistence-jdbc/src/main/java/org/apache/openjpa/persistence/jdbc/OrderColumn.java,1,16,289,7,1,167,53,23.857143,45,53,6.428571,3018,773,431.142857,14.857143,8.404844,2,0,0,NO
OPENJPA,openjpa-persistence-jdbc/src/main/java/org/apache/openjpa/persistence/jdbc/PersistenceMappingDefaults.java,1,110,165,1,1,165,165,165.000000,165,165,165.000000,476,476,476.000000,5.428571,5.428571,1,0,0,NO
OPENJPA,openjpa-persistence-jdbc/src/main/java/org/apache/openjpa/persistence/jdbc/PersistenceMappingFactory.java,1,29,58,1,1,58,58,58.000000,58,58,58.000000,476,476,476.000000,5.428571,5.428571,1,0,0,NO
OPENJPA,openjpa-persistence-jdbc/src/main/java/org/apache/openjpa/persistence/jdbc/Strategy.java,1,10,234,8,1,134,35,16.750000,34,35,4.250000,3313,773,414.125000,14.857143,8.132479,1,0,0,NO
OPENJPA,openjpa-persistence-jdbc/src/main/java/org/apache/openjpa/persistence/jdbc/SubclassFetchMode.java,1,10,184,5,1,109,36,21.800000,34,34,6.800000,2606,773,521.200000,8.142857,6.739907,1,0,0,NO
OPENJPA,openjpa-persistence-jdbc/src/main/java/org/apache/openjpa/persistence/jdbc/Unique.java,1,14,285,7,1,163,53,23.285714,41,53,5.857143,3018,773,431.142857,14.857143,8.446617,2,0,0,NO
OPENJPA,openjpa-persistence-jdbc/src/main/java/org/apache/openjpa/persistence/jdbc/VersionColumn.java,1,17,296,7,1,172,53,24.571429,48,53,6.857143,3018,773,431.142857,14.857143,8.349903,2,0,0,NO
OPENJPA,openjpa-persistence-jdbc/src/main/java/org/apache/openjpa/persistence/jdbc/VersionColumns.java,1,10,184,5,1,109,36,21.800000,34,34,6.800000,2606,773,521.200000,8.142857,6.739907,1,0,0,NO
OPENJPA,openjpa-persistence-jdbc/src/main/java/org/apache/openjpa/persistence/jdbc/VersionStrategy.java,1,10,230,8,1,132,35,16.500000,34,35,4.250000,3313,773,414.125000,14.857143,8.179503,1,0,0,NO
OPENJPA,openjpa-persistence-jdbc/src/main/java/org/apache/openjpa/persistence/jdbc/XJoinColumn.java,1,19,159,4,1,105,45,26.250000,51,42,12.750000,2323,773,580.750000,6.571429,6.299191,1,0,0,NO
OPENJPA,openjpa-persistence-jdbc/src/main/java/org/apache/openjpa/persistence/jdbc/XJoinColumns.java,1,11,279,7,1,157,53,22.428571,35,53,5.000000,3018,773,431.142857,14.857143,8.511521,2,0,0,NO
OPENJPA,openjpa-persistence-jdbc/src/main/java/org/apache/openjpa/persistence/jdbc/XSecondaryTable.java,1,17,295,7,1,171,53,24.428571,47,53,6.714286,3018,773,431.142857,14.857143,8.359806,2,0,0,NO
OPENJPA,openjpa-persistence-jdbc/src/main/java/org/apache/openjpa/persistence/jdbc/XSecondaryTables.java,1,10,184,5,1,109,36,21.800000,34,34,6.800000,2606,773,521.200000,8.142857,6.739907,1,0,0,NO
OPENJPA,openjpa-persistence-jdbc/src/main/java/org/apache/openjpa/persistence/jdbc/XTable.java,1,15,292,7,1,168,53,24.000000,44,53,6.285714,3018,773,431.142857,14.857143,8.389922,2,0,0,NO
OPENJPA,openjpa-persistence/src/main/java/org/apache/openjpa/persistence/DataCache.java,1,12,274,6,1,156,53,26.000000,38,53,6.333333,2542,773,423.666667,14.857143,8.584463,2,0,0,NO
OPENJPA,openjpa-persistence/src/main/java/org/apache/openjpa/persistence/DataStoreId.java,1,12,271,6,1,154,53,25.666667,37,53,6.166667,2542,773,423.666667,14.857143,8.607802,2,0,0,NO
OPENJPA,openjpa-persistence/src/main/java/org/apache/openjpa/persistence/Dependent.java,1,11,265,6,1,150,53,25.000000,35,53,5.833333,2542,773,423.666667,14.857143,8.656065,2,0,0,NO
OPENJPA,openjpa-persistence/src/main/java/org/apache/openjpa/persistence/DetachedState.java,1,12,271,6,1,154,53,25.666667,37,53,6.166667,2542,773,423.666667,14.857143,8.607802,2,0,0,NO
OPENJPA,openjpa-persistence/src/main/java/org/apache/openjpa/persistence/ElementDependent.java,1,11,265,6,1,150,53,25.000000,35,53,5.833333,2542,773,423.666667,14.857143,8.656065,2,0,0,NO
OPENJPA,openjpa-persistence/src/main/java/org/apache/openjpa/persistence/ElementType.java,1,11,270,6,1,153,53,25.500000,36,53,6.000000,2542,773,423.666667,14.857143,8.614286,2,0,0,NO
OPENJPA,openjpa-persistence/src/main/java/org/apache/openjpa/persistence/ExternalValues.java,1,11,273,6,1,155,53,25.833333,37,53,6.166667,2542,773,423.666667,14.857143,8.590790,2,0,0,NO
OPENJPA,openjpa-persistence/src/main/java/org/apache/openjpa/persistence/Externalizer.java,1,11,270,6,1,153,53,25.500000,36,53,6.000000,2542,773,423.666667,14.857143,8.614286,2,0,0,NO
OPENJPA,openjpa-persistence/src/main/java/org/apache/openjpa/persistence/Factory.java,1,11,270,6,1,153,53,25.500000,36,53,6.000000,2542,773,423.666667,14.857143,8.614286,2,0,0,NO
OPENJPA,openjpa-persistence/src/main/java/org/apache/openjpa/persistence/FetchAttribute.java,1,10,237,8,2,139,35,17.375000,41,35,5.125000,2975,773,371.875000,14.857143,8.108499,1,0,0,NO
OPENJPA,openjpa-persistence/src/main/java/org/apache/openjpa/persistence/FetchGroup.java,1,13,190,6,2,121,36,20.166667,52,34,8.666667,2270,773,378.333333,8.142857,6.492481,1,0,0,NO
OPENJPA,openjpa-persistence/src/main/java/org/apache/openjpa/persistence/FetchGroups.java,1,10,222,7,1,128,35,18.285714,34,35,4.857143,2837,773,405.285714,14.857143,8.278636,1,0,0,NO
OPENJPA,openjpa-persistence/src/main/java/org/apache/openjpa/persistence/InverseLogical.java,1,11,265,6,1,150,53,25.000000,35,53,5.833333,2542,773,423.666667,14.857143,8.656065,2,0,0,NO
OPENJPA,openjpa-persistence/src/main/java/org/apache/openjpa/persistence/KeyDependent.java,1,11,265,6,1,150,53,25.000000,35,53,5.833333,2542,773,423.666667,14.857143,8.656065,2,0,0,NO
OPENJPA,openjpa-persistence/src/main/java/org/apache/openjpa/persistence/KeyType.java,1,11,270,6,1,153,53,25.500000,36,53,6.000000,2542,773,423.666667,14.857143,8.614286,2,0,0,NO
OPENJPA,openjpa-persistence/src/main/java/org/apache/openjpa/persistence/LRS.java,1,11,265,6,1,150,53,25.000000,35,53,5.833333,2542,773,423.666667,14.857143,8.656065,2,0,0,NO
OPENJPA,openjpa-persistence/src/main/java/org/apache/openjpa/persistence/LoadFetchGroup.java,1,11,274,8,3,154,53,19.250000,34,53,4.250000,2554,773,319.250000,14.857143,8.474974,2,0,0,NO
OPENJPA,openjpa-persistence/src/main/java/org/apache/openjpa/persistence/MetaDataTag.java,1,49,227,5,3,152,76,30.400000,77,72,15.400000,1859,773,371.800000,6.571429,6.427942,1,0,0,NO
OPENJPA,openjpa-persistence/src/main/java/org/apache/openjpa/persistence/OpenJPAEntityManager.java,1,153,2788,4,1,1845,909,461.250000,902,891,225.500000,1897,773,474.250000,6.571429,6.469256,1,0,0,NO
OPENJPA,openjpa-persistence/src/main/java/org/apache/openjpa/persistence/OpenJPAEntityManagerFactory.java,1,23,327,3,1,216,105,72.000000,105,102,35.000000,1847,773,615.666667,6.571429,6.465269,1,0,0,NO
OPENJPA,openjpa-persistence/src/main/java/org/apache/openjpa/persistence/OpenJPAQuery.java,1,57,638,3,1,425,213,141.666667,212,208,70.666667,1847,773,615.666667,6.571429,6.473130,1,0,0,NO
OPENJPA,openjpa-persistence/src/main/java/org/apache/openjpa/persistence/PersistenceStrategy.java,1,13,219,6,1,130,41,21.666667,41,35,6.833333,2542,773,423.666667,14.857143,8.144814,2,0,0,NO
OPENJPA,openjpa-persistence/src/main/java/org/apache/openjpa/persistence/Persistent.java,1,17,133,3,1,89,45,29.666667,45,42,15.000000,1847,773,615.666667,6.571429,6.469388,1,0,0,NO
OPENJPA,openjpa-persistence/src/main/java/org/apache/openjpa/persistence/PersistentCollection.java,1,17,133,3,1,89,45,29.666667,45,42,15.000000,1847,773,615.666667,6.571429,6.469388,1,0,0,YES
OPENJPA,openjpa-persistence/src/main/java/org/apache/openjpa/persistence/PersistentMap.java,1,19,145,3,1,97,49,32.333333,49,46,16.333333,1847,773,615.666667,6.571429,6.469951,1,0,0,NO
OPENJPA,openjpa-persistence/src/main/java/org/apache/openjpa/persistence/ReadOnly.java,1,11,265,6,1,150,53,25.000000,35,53,5.833333,2542,773,423.666667,14.857143,8.656065,2,0,0,NO
OPENJPA,openjpa-persistence/src/main/java/org/apache/openjpa/persistence/Type.java,1,11,270,6,1,153,53,25.500000,36,53,6.000000,2542,773,423.666667,14.857143,8.614286,2,0,0,NO
OPENJPA,openjpa-jdbc-5/src/main/java/org/apache/openjpa/jdbc/kernel/JDBC3SavepointManager.java,2,30,64,2,1,63,62,31.500000,62,62,31.000000,698,476,349.000000,19.000000,18.812500,1,0,0,NO
OPENJPA,openjpa-jdbc/src/main/java/org/apache/openjpa/jdbc/ant/MappingToolTask.java,2,105,218,3,2,215,211,71.666667,212,211,70.666667,584,476,194.666667,19.000000,18.900393,1,0,0,NO
OPENJPA,openjpa-jdbc/src/main/java/org/apache/openjpa/jdbc/ant/ReverseMappingToolTask.java,2,120,268,3,2,263,257,87.666667,258,257,86.000000,539,476,179.666667,19.000000,18.641258,1,0,0,NO
OPENJPA,openjpa-jdbc/src/main/java/org/apache/openjpa/jdbc/conf/FetchModeValue.java,2,21,50,2,1,50,49,25.000000,50,49,25.000000,479,476,239.500000,19.000000,18.977143,1,0,0,NO
OPENJPA,openjpa-jdbc/src/main/java/org/apache/openjpa/jdbc/conf/JDBCConfiguration.java,2,92,656,4,2,629,609,157.250000,602,609,150.500000,800,476,200.000000,19.000000,18.752395,1,0,0,NO
OPENJPA,openjpa-jdbc/src/main/java/org/apache/openjpa/jdbc/kernel/ConnectionInfo.java,2,9,238,8,1,135,35,16.875000,32,35,4.000000,3313,773,414.125000,28.428571,21.649460,1,0,0,NO
OPENJPA,openjpa-jdbc/src/main/java/org/apache/openjpa/jdbc/kernel/DelegatingJDBCFetchConfiguration.java,2,179,247,4,2,245,233,61.250000,243,233,60.750000,913,476,228.250000,19.000000,18.894158,1,0,0,YES
OPENJPA,openjpa-jdbc/src/main/java/org/apache/openjpa/jdbc/kernel/JDBCFetchConfiguration.java,2,32,192,4,2,182,164,45.500000,172,164,43.000000,913,476,228.250000,19.000000,18.433036,1,0,0,YES
OPENJPA,openjpa-jdbc/src/main/java/org/apache/openjpa/jdbc/kernel/JDBCLockManager.java,2,9,46,1,1,46,46,46.000000,46,46,46.000000,476,476,476.000000,19.000000,19.000000,1,0,0,NO
OPENJPA,openjpa-jdbc/src/main/java/org/apache/openjpa/jdbc/kernel/JDBCSeq.java,2,8,254,8,1,146,35,18.250000,38,35,4.750000,3313,773,414.125000,28.428571,21.543870,1,0,0,NO
OPENJPA,openjpa-jdbc/src/main/java/org/apache/openjpa/jdbc/kernel/JDBCStore.java,2,22,122,5,2,108,106,21.600000,94,106,18.800000,905,476,181.000000,19.000000,18.311475,1,0,0,NO
OPENJPA,openjpa-jdbc/src/main/java/org/apache/openjpa/jdbc/kernel/PreparedStatementManager.java,2,8,270,8,1,157,40,19.625000,44,35,5.500000,3313,773,414.125000,28.428571,21.457672,1,0,0,NO
OPENJPA,openjpa-jdbc/src/main/java/org/apache/openjpa/jdbc/kernel/UpdateManager.java,2,6,298,7,1,169,45,24.142857,40,45,5.714286,3018,773,431.142857,28.428571,21.586769,2,0,0,NO
OPENJPA,openjpa-jdbc/src/main/java/org/apache/openjpa/jdbc/kernel/exps/AbstractVal.java,2,45,128,5,2,103,61,20.600000,78,61,15.600000,810,476,162.000000,19.000000,16.408482,1,0,0,NO
OPENJPA,openjpa-jdbc/src/main/java/org/apache/openjpa/jdbc/kernel/exps/All.java,2,10,192,8,1,113,30,14.125000,34,30,4.250000,3313,773,414.125000,28.428571,21.677083,1,0,0,NO
OPENJPA,openjpa-jdbc/src/main/java/org/apache/openjpa/jdbc/kernel/exps/Any.java,2,10,192,8,1,113,30,14.125000,34,30,4.250000,3313,773,414.125000,28.428571,21.677083,1,0,0,NO
OPENJPA,openjpa-jdbc/src/main/java/org/apache/openjpa/jdbc/kernel/exps/BinaryOpExpState.java,2,14,46,2,2,46,31,23.000000,46,31,23.000000,144,141,72.000000,11.857143,8.782609,0,0,0,NO
OPENJPA,openjpa-jdbc/src/main/java/org/apache/openjpa/jdbc/kernel/exps/Exp.java,2,13,130,4,2,93,83,23.250000,56,83,14.000000,783,476,195.750000,19.000000,16.917582,1,0,0,NO
OPENJPA,openjpa-jdbc/src/main/java/org/apache/openjpa/jdbc/kernel/exps/ExpContext.java,2,16,53,2,2,53,38,26.500000,53,38,26.500000,144,141,72.000000,11.857143,9.188679,0,0,0,NO
OPENJPA,openjpa-jdbc/src/main/java/org/apache/openjpa/jdbc/kernel/exps/ExpState.java,2,11,41,2,2,41,26,20.500000,41,26,20.500000,144,141,72.000000,11.857143,8.407666,0,0,0,NO
OPENJPA,openjpa-jdbc/src/main/java/org/apache/openjpa/jdbc/kernel/exps/FilterValue.java,2,21,103,1,1,103,103,103.000000,103,103,103.000000,476,476,476.000000,19.000000,19.000000,1,0,0,NO
OPENJPA,openjpa-jdbc/src/main/java/org/apache/openjpa/jdbc/kernel/exps/GetColumn.java,2,40,80,1,1,80,80,80.000000,80,80,80.000000,476,476,476.000000,19.000000,19.000000,1,0,0,NO
OPENJPA,openjpa-jdbc/src/main/java/org/apache/openjpa/jdbc/kernel/exps/JDBCAggregateListener.java,2,10,42,1,1,42,42,42.000000,42,42,42.000000,476,476,476.000000,19.000000,19.000000,1,0,0,NO
OPENJPA,openjpa-jdbc/src/main/java/org/apache/openjpa/jdbc/kernel/exps/JDBCFilterListener.java,2,10,44,1,1,44,44,44.000000,44,44,44.000000,476,476,476.000000,19.000000,19.000000,1,0,0,NO
OPENJPA,openjpa-jdbc/src/main/java/org/apache/openjpa/jdbc/kernel/exps/JDBCPath.java,2,6,89,6,1,59,30,9.833333,29,30,4.833333,2528,773,421.333333,28.428571,23.357945,2,0,0,NO
OPENJPA,openjpa-jdbc/src/main/java/org/apache/openjpa/jdbc/kernel/exps/QueryExpressionsState.java,2,9,259,9,2,146,35,16.222222,33,35,3.666667,3124,773,347.111111,28.428571,20.487038,2,0,0,NO
OPENJPA,openjpa-jdbc/src/main/java/org/apache/openjpa/jdbc/kernel/exps/SQLEmbed.java,2,35,74,4,2,71,69,17.750000,68,69,17.000000,689,476,172.250000,19.000000,18.525097,1,0,0,NO
OPENJPA,openjpa-jdbc/src/main/java/org/apache/openjpa/jdbc/kernel/exps/ToLowerCase.java,2,20,225,5,2,137,57,27.400000,49,53,9.800000,2402,773,480.400000,20.142857,19.336508,1,0,0,NO
OPENJPA,openjpa-jdbc/src/main/java/org/apache/openjpa/jdbc/kernel/exps/ToUpperCase.java,2,20,224,5,2,137,57,27.400000,50,53,10.000000,2402,773,480.400000,20.142857,19.369898,1,0,0,NO
OPENJPA,openjpa-jdbc/src/main/java/org/apache/openjpa/jdbc/kernel/exps/Val.java,2,39,290,6,2,217,161,36.166667,144,161,24.000000,831,476,138.500000,19.000000,16.242365,1,0,0,NO
OPENJPA,openjpa-jdbc/src/main/java/org/apache/openjpa/jdbc/meta/ClassStrategy.java,2,27,114,2,1,113,112,56.500000,112,112,56.000000,698,476,349.000000,19.000000,18.894737,1,0,0,NO
OPENJPA,openjpa-jdbc/src/main/java/org/apache/openjpa/jdbc/meta/DiscriminatorStrategy.java,2,18,73,2,2,71,69,35.500000,69,69,34.500000,501,476,250.500000,19.000000,18.780822,1,0,0,NO
OPENJPA,openjpa-jdbc/src/main/java/org/apache/openjpa/jdbc/meta/Embeddable.java,2,19,88,3,2,85,82,28.333333,82,82,27.333333,836,476,278.666667,19.000000,18.805195,1,0,0,NO
OPENJPA,openjpa-jdbc/src/main/java/org/apache/openjpa/jdbc/meta/FieldStrategy.java,2,59,266,3,2,255,245,85.000000,244,245,81.333333,836,476,278.666667,19.000000,18.863050,1,0,0,NO
OPENJPA,openjpa-jdbc/src/main/java/org/apache/openjpa/jdbc/meta/JDBCOrder.java,2,9,177,6,1,110,55,18.333333,43,55,7.166667,2528,773,421.333333,28.428571,23.284907,2,0,0,NO
OPENJPA,openjpa-jdbc/src/main/java/org/apache/openjpa/jdbc/meta/Joinable.java,2,22,92,3,2,90,86,30.000000,88,86,29.333333,555,476,185.000000,19.000000,17.934783,1,0,0,NO
OPENJPA,openjpa-jdbc/src/main/java/org/apache/openjpa/jdbc/meta/RelationId.java,2,6,243,9,1,139,35,15.444444,35,35,3.888889,3535,773,392.777778,28.428571,21.545561,1,0,0,NO
OPENJPA,openjpa-jdbc/src/main/java/org/apache/openjpa/jdbc/meta/ReverseCustomizer.java,2,23,160,1,1,160,160,160.000000,160,160,160.000000,476,476,476.000000,19.000000,19.000000,1,0,0,NO
OPENJPA,openjpa-jdbc/src/main/java/org/apache/openjpa/jdbc/meta/Strategy.java,2,28,137,3,1,135,131,45.000000,133,131,44.333333,737,476,245.666667,19.000000,18.420229,1,0,0,NO
OPENJPA,openjpa-jdbc/src/main/java/org/apache/openjpa/jdbc/meta/ValueHandler.java,2,23,109,4,2,105,99,26.250000,101,99,25.250000,875,476,218.750000,19.000000,18.224115,1,0,0,NO
OPENJPA,openjpa-jdbc/src/main/java/org/apache/openjpa/jdbc/meta/ValueMapping.java,2,58,278,4,2,272,265,68.000000,266,265,66.500000,762,476,190.500000,19.000000,18.659815,1,0,0,NO
OPENJPA,openjpa-jdbc/src/main/java/org/apache/openjpa/jdbc/meta/VersionMappingInfo.java,2,40,94,2,1,90,90,45.000000,86,90,43.000000,498,476,249.000000,19.000000,19.000000,1,0,0,NO
OPENJPA,openjpa-jdbc/src/main/java/org/apache/openjpa/jdbc/meta/VersionStrategy.java,2,19,74,1,1,74,74,74.000000,74,74,74.000000,476,476,476.000000,19.000000,19.000000,1,0,0,NO
OPENJPA,openjpa-jdbc/src/main/java/org/apache/openjpa/jdbc/meta/strats/AbstractClassStrategy.java,2,45,79,1,1,79,79,79.000000,79,79,79.000000,476,476,476.000000,19.000000,19.000000,1,0,0,NO
OPENJPA,openjpa-jdbc/src/main/java/org/apache/openjpa/jdbc/meta/strats/AbstractDiscriminatorStrategy.java,2,46,93,2,2,91,89,45.500000,89,89,44.500000,501,476,250.500000,19.000000,18.827957,1,0,0,NO
OPENJPA,openjpa-jdbc/src/main/java/org/apache/openjpa/jdbc/meta/strats/AbstractStrategy.java,2,43,78,1,1,78,78,78.000000,78,78,78.000000,476,476,476.000000,19.000000,19.000000,1,0,0,NO
OPENJPA,openjpa-jdbc/src/main/java/org/apache/openjpa/jdbc/meta/strats/AbstractValueHandler.java,2,31,62,2,2,60,58,30.000000,58,58,29.000000,614,476,307.000000,19.000000,18.917051,1,0,0,NO
OPENJPA,openjpa-jdbc/src/main/java/org/apache/openjpa/jdbc/meta/strats/AbstractVersionStrategy.java,2,34,67,1,1,67,67,67.000000,67,67,67.000000,476,476,476.000000,19.000000,19.000000,1,0,0,NO
OPENJPA,openjpa-jdbc/src/main/java/org/apache/openjpa/jdbc/meta/strats/BlobValueHandler.java,2,20,48,1,1,48,48,48.000000,48,48,48.000000,476,476,476.000000,19.000000,19.000000,1,0,0,NO
OPENJPA,openjpa-jdbc/src/main/java/org/apache/openjpa/jdbc/meta/strats/ClobValueHandler.java,2,20,48,1,1,48,48,48.000000,48,48,48.000000,476,476,476.000000,19.000000,19.000000,1,0,0,NO
OPENJPA,openjpa-jdbc/src/main/java/org/apache/openjpa/jdbc/meta/strats/IdentityJoinable.java,2,50,88,3,2,86,83,28.666667,84,83,28.000000,526,476,175.333333,19.000000,18.389610,1,0,0,NO
OPENJPA,openjpa-jdbc/src/main/java/org/apache/openjpa/jdbc/meta/strats/LRSCollectionFieldStrategy.java,2,28,102,2,2,99,96,49.500000,96,96,48.000000,614,476,307.000000,19.000000,18.924370,1,0,0,NO
OPENJPA,openjpa-jdbc/src/main/java/org/apache/openjpa/jdbc/meta/strats/LRSMapFieldStrategy.java,2,41,163,2,2,156,149,78.000000,149,149,74.500000,614,476,307.000000,19.000000,18.889571,1,0,0,NO
OPENJPA,openjpa-jdbc/src/main/java/org/apache/openjpa/jdbc/schema/DriverDataSource.java,2,23,112,3,2,110,64,36.666667,108,64,36.000000,532,476,177.333333,19.000000,14.350765,1,0,0,NO
OPENJPA,openjpa-jdbc/src/main/java/org/apache/openjpa/jdbc/schema/SchemaFactory.java,2,5,371,8,1,205,55,25.625000,39,55,4.875000,3313,773,414.125000,28.428571,21.846361,1,0,0,NO
OPENJPA,openjpa-jdbc/src/main/java/org/apache/openjpa/jdbc/schema/SchemaParser.java,2,10,62,1,1,62,62,62.000000,62,62,62.000000,476,476,476.000000,19.000000,19.000000,1,0,0,NO
OPENJPA,openjpa-jdbc/src/main/java/org/apache/openjpa/jdbc/schema/SchemaSerializer.java,2,13,78,1,1,78,78,78.000000,78,78,78.000000,476,476,476.000000,19.000000,19.000000,1,0,0,NO
OPENJPA,openjpa-jdbc/src/main/java/org/apache/openjpa/jdbc/schema/Unique.java,2,15,413,8,1,233,55,29.125000,53,55,6.625000,3313,773,414.125000,28.428571,21.626081,1,0,0,YES
OPENJPA,openjpa-jdbc/src/main/java/org/apache/openjpa/jdbc/sql/CacheDictionary.java,2,16,42,1,1,42,42,42.000000,42,42,42.000000,476,476,476.000000,19.000000,19.000000,1,0,0,NO
OPENJPA,openjpa-jdbc/src/main/java/org/apache/openjpa/jdbc/sql/Calendard.java,2,10,241,8,1,138,35,17.250000,35,35,4.375000,3313,773,414.125000,28.428571,21.616479,1,0,0,NO
OPENJPA,openjpa-jdbc/src/main/java/org/apache/openjpa/jdbc/sql/Raw.java,2,10,191,8,1,113,30,14.125000,35,30,4.375000,3313,773,414.125000,28.428571,21.691099,1,0,0,NO
OPENJPA,openjpa-jdbc/src/main/java/org/apache/openjpa/jdbc/sql/Result.java,2,174,578,2,2,575,572,287.500000,572,572,286.000000,614,476,307.000000,19.000000,18.986653,1,0,0,NO
OPENJPA,openjpa-jdbc/src/main/java/org/apache/openjpa/jdbc/sql/Row.java,2,163,520,1,1,520,520,520.000000,520,520,520.000000,476,476,476.000000,19.000000,19.000000,1,0,0,NO
OPENJPA,openjpa-jdbc/src/main/java/org/apache/openjpa/jdbc/sql/RowManager.java,2,14,71,1,1,71,71,71.000000,71,71,71.000000,476,476,476.000000,19.000000,19.000000,1,0,0,NO
OPENJPA,openjpa-jdbc/src/main/java/org/apache/openjpa/jdbc/sql/SQLFactory.java,2,6,273,8,1,158,40,19.750000,43,35,5.375000,3313,773,414.125000,28.428571,21.443223,1,0,0,NO
OPENJPA,openjpa-jdbc/src/main/java/org/apache/openjpa/jdbc/sql/Select.java,2,133,728,5,2,707,668,141.400000,686,668,137.200000,663,476,132.600000,19.000000,18.664246,1,0,0,NO
OPENJPA,openjpa-jdbc/src/main/java/org/apache/openjpa/jdbc/sql/SelectExecutor.java,2,27,122,1,1,122,122,122.000000,122,122,122.000000,476,476,476.000000,19.000000,19.000000,1,0,0,NO
OPENJPA,openjpa-jdbc/src/main/java/org/apache/openjpa/jdbc/sql/Sized.java,2,9,217,9,1,125,31,13.888889,33,30,3.666667,3314,773,368.222222,28.428571,21.569454,1,0,0,NO
OPENJPA,openjpa-jdbc/src/main/java/org/apache/openjpa/jdbc/sql/Union.java,2,14,76,1,1,76,76,76.000000,76,76,76.000000,476,476,476.000000,19.000000,19.000000,1,0,0,NO
OPENJPA,openjpa-kernel/src/main/java/org/apache/openjpa/ant/ApplicationIdToolTask.java,2,45,109,2,2,109,94,54.500000,109,94,54.500000,167,141,83.500000,13.000000,11.545216,0,0,0,NO
OPENJPA,openjpa-kernel/src/main/java/org/apache/openjpa/ant/PCEnhancerTask.java,2,37,294,6,2,191,99,31.833333,88,86,14.666667,1954,773,325.666667,20.142857,19.966472,1,0,0,NO
OPENJPA,openjpa-kernel/src/main/java/org/apache/openjpa/conf/BrokerFactoryValue.java,2,51,367,14,2,228,47,16.285714,89,43,6.357143,2080,773,148.571429,20.142857,16.740366,1,0,0,NO
OPENJPA,openjpa-kernel/src/main/java/org/apache/openjpa/conf/OpenJPAConfiguration.java,2,255,4348,13,4,2867,1336,220.538462,1386,1324,106.615385,2348,773,180.615385,20.142857,19.577211,1,0,0,NO
OPENJPA,openjpa-kernel/src/main/java/org/apache/openjpa/conf/OpenJPAProductDerivation.java,2,10,360,12,3,200,53,16.666667,40,53,3.333333,2635,773,219.583333,28.428571,19.080556,2,0,0,NO
OPENJPA,openjpa-kernel/src/main/java/org/apache/openjpa/conf/SeqValue.java,2,18,134,3,1,90,46,30.000000,46,41,15.333333,1847,773,615.666667,20.142857,20.037313,1,0,0,NO
OPENJPA,openjpa-kernel/src/main/java/org/apache/openjpa/datacache/DataCache.java,2,34,838,5,2,548,258,109.600000,258,242,51.600000,2074,773,414.800000,20.142857,19.906239,1,0,0,NO
OPENJPA,openjpa-kernel/src/main/java/org/apache/openjpa/datacache/DataCacheManager.java,2,14,242,3,1,158,74,52.666667,74,71,24.666667,1847,773,615.666667,20.142857,19.954545,1,0,0,NO
OPENJPA,openjpa-kernel/src/main/java/org/apache/openjpa/datacache/DataCachePCData.java,2,6,178,6,1,105,32,17.500000,32,30,5.333333,2542,773,423.666667,28.428571,21.803371,2,0,0,NO
OPENJPA,openjpa-kernel/src/main/java/org/apache/openjpa/datacache/ExpirationListener.java,2,4,178,7,1,104,30,14.857143,30,30,4.285714,2764,773,394.857143,28.428571,21.722311,2,0,0,NO
OPENJPA,openjpa-kernel/src/main/java/org/apache/openjpa/datacache/QueryCache.java,2,18,453,5,1,294,138,58.800000,135,130,27.000000,2119,773,423.800000,20.142857,19.902554,1,0,0,NO
OPENJPA,openjpa-kernel/src/main/java/org/apache/openjpa/datacache/TypesChangedListener.java,2,4,178,7,1,104,30,14.857143,30,30,4.285714,2764,773,394.857143,28.428571,21.722311,2,0,0,NO
OPENJPA,openjpa-kernel/src/main/java/org/apache/openjpa/enhance/DynamicStorage.java,2,25,418,4,1,278,138,69.500000,138,135,34.500000,2069,773,517.250000,20.142857,20.009911,1,0,0,NO
OPENJPA,openjpa-kernel/src/main/java/org/apache/openjpa/enhance/FieldConsumer.java,2,13,216,3,1,144,72,48.000000,72,69,24.000000,1847,773,615.666667,20.142857,20.041667,1,0,0,NO
OPENJPA,openjpa-kernel/src/main/java/org/apache/openjpa/enhance/FieldManager.java,2,4,164,7,1,94,30,13.428571,24,30,3.428571,2837,773,405.285714,28.428571,22.072300,1,0,0,NO
OPENJPA,openjpa-kernel/src/main/java/org/apache/openjpa/enhance/FieldSupplier.java,2,13,216,3,1,144,72,48.000000,72,69,24.000000,1847,773,615.666667,20.142857,20.041667,1,0,0,NO
OPENJPA,openjpa-kernel/src/main/java/org/apache/openjpa/enhance/PersistenceCapable.java,2,40,267,3,1,179,91,59.666667,91,87,30.333333,1847,773,615.666667,20.142857,20.045479,1,0,0,NO
OPENJPA,openjpa-kernel/src/main/java/org/apache/openjpa/enhance/StateManager.java,2,70,852,4,2,570,282,142.500000,288,277,72.000000,1887,773,471.750000,20.142857,19.911133,1,0,0,NO
OPENJPA,openjpa-kernel/src/main/java/org/apache/openjpa/event/AbstractLifecycleListener.java,2,42,241,3,1,161,81,53.666667,81,77,27.000000,1847,773,615.666667,20.142857,20.042087,1,0,0,NO
OPENJPA,openjpa-kernel/src/main/java/org/apache/openjpa/event/AbstractRemoteCommitProvider.java,2,32,199,4,1,133,67,33.250000,67,63,16.750000,2069,773,517.250000,20.142857,19.972003,1,0,0,NO
OPENJPA,openjpa-kernel/src/main/java/org/apache/openjpa/event/AbstractTransactionListener.java,2,33,216,4,1,143,70,35.750000,70,67,17.500000,2069,773,517.250000,20.142857,19.972884,1,0,0,NO
OPENJPA,openjpa-kernel/src/main/java/org/apache/openjpa/event/AttachListener.java,2,5,226,6,1,130,40,21.666667,34,40,5.666667,2542,773,423.666667,28.428571,21.969659,2,0,0,NO
OPENJPA,openjpa-kernel/src/main/java/org/apache/openjpa/event/BeginTransactionListener.java,2,4,203,7,1,118,35,16.857143,33,35,4.714286,2764,773,394.857143,28.428571,21.776918,2,0,0,NO
OPENJPA,openjpa-kernel/src/main/java/org/apache/openjpa/event/ClearListener.java,2,5,229,7,1,132,35,18.857143,35,35,5.000000,2837,773,405.285714,28.428571,21.821585,1,0,0,NO
OPENJPA,openjpa-kernel/src/main/java/org/apache/openjpa/event/DeleteListener.java,2,5,229,7,1,132,35,18.857143,35,35,5.000000,2837,773,405.285714,28.428571,21.821585,1,0,0,NO
OPENJPA,openjpa-kernel/src/main/java/org/apache/openjpa/event/DetachListener.java,2,5,226,6,1,130,40,21.666667,34,40,5.666667,2542,773,423.666667,28.428571,21.969659,2,0,0,NO
OPENJPA,openjpa-kernel/src/main/java/org/apache/openjpa/event/DirtyListener.java,2,7,321,6,1,183,60,30.500000,45,60,7.500000,2542,773,423.666667,28.428571,22.103694,2,0,0,NO
OPENJPA,openjpa-kernel/src/main/java/org/apache/openjpa/event/EndTransactionListener.java,2,9,226,4,1,148,70,37.000000,70,67,17.500000,2069,773,517.250000,20.142857,19.967762,1,0,0,NO
OPENJPA,openjpa-kernel/src/main/java/org/apache/openjpa/event/ExceptionOrphanedKeyAction.java,2,14,281,7,1,160,53,22.857143,39,53,5.571429,2764,773,394.857143,28.428571,22.062023,2,0,0,NO
OPENJPA,openjpa-kernel/src/main/java/org/apache/openjpa/event/FlushTransactionListener.java,2,5,292,7,1,166,55,23.714286,40,55,5.714286,2764,773,394.857143,28.428571,22.071429,2,0,0,NO
OPENJPA,openjpa-kernel/src/main/java/org/apache/openjpa/event/LifecycleListener.java,2,5,174,6,1,101,32,16.833333,28,32,4.666667,2542,773,423.666667,28.428571,21.958949,2,0,0,NO
OPENJPA,openjpa-kernel/src/main/java/org/apache/openjpa/event/LoadListener.java,2,5,229,7,1,132,35,18.857143,35,35,5.000000,2837,773,405.285714,28.428571,21.821585,1,0,0,NO
OPENJPA,openjpa-kernel/src/main/java/org/apache/openjpa/event/NoneOrphanedKeyAction.java,2,10,222,8,1,128,35,16.000000,34,35,4.250000,3059,773,382.375000,28.428571,21.786358,1,0,0,NO
OPENJPA,openjpa-kernel/src/main/java/org/apache/openjpa/event/OrphanedKeyAction.java,2,6,126,4,1,83,40,20.750000,40,37,10.000000,2069,773,517.250000,20.142857,19.919501,1,0,0,NO
OPENJPA,openjpa-kernel/src/main/java/org/apache/openjpa/event/PersistListener.java,2,5,224,6,1,129,40,21.500000,34,40,5.666667,2542,773,423.666667,28.428571,21.988520,2,0,0,NO
OPENJPA,openjpa-kernel/src/main/java/org/apache/openjpa/event/RemoteCommitListener.java,2,7,215,4,1,136,65,34.000000,57,52,14.250000,2069,773,517.250000,20.142857,19.940199,1,0,0,NO
OPENJPA,openjpa-kernel/src/main/java/org/apache/openjpa/event/RemoteCommitProvider.java,2,8,201,5,1,130,63,26.000000,59,55,11.800000,2083,773,416.600000,20.142857,19.948117,1,0,0,NO
OPENJPA,openjpa-kernel/src/main/java/org/apache/openjpa/event/SingleJVMRemoteCommitProvider.java,2,23,229,5,2,145,66,29.000000,61,61,12.200000,2146,773,429.200000,20.142857,19.705552,1,0,0,NO
OPENJPA,openjpa-kernel/src/main/java/org/apache/openjpa/event/StoreListener.java,2,5,205,6,1,120,35,20.000000,35,35,5.833333,2542,773,423.666667,28.428571,21.830662,2,0,0,NO
OPENJPA,openjpa-kernel/src/main/java/org/apache/openjpa/event/TransactionListener.java,2,5,171,8,1,100,30,12.500000,29,30,3.625000,2765,773,345.625000,28.428571,21.804511,2,0,0,NO
OPENJPA,openjpa-kernel/src/main/java/org/apache/openjpa/kernel/AbstractFieldManager.java,2,66,325,3,1,217,109,72.333333,109,105,36.333333,1847,773,615.666667,20.142857,20.043516,1,0,0,NO
OPENJPA,openjpa-kernel/src/main/java/org/apache/openjpa/kernel/AbstractLockManager.java,2,30,236,4,1,158,80,39.500000,80,75,20.000000,1867,773,466.750000,20.142857,20.040557,1,0,0,NO
OPENJPA,openjpa-kernel/src/main/java/org/apache/openjpa/kernel/Broker.java,2,118,2121,5,2,1400,665,280.000000,679,652,135.800000,2077,773,415.400000,20.142857,19.777531,1,0,0,YES
OPENJPA,openjpa-kernel/src/main/java/org/apache/openjpa/kernel/BrokerFactory.java,2,21,315,5,2,208,101,41.600000,101,97,20.200000,2148,773,429.600000,20.142857,19.802721,1,0,0,NO
OPENJPA,openjpa-kernel/src/main/java/org/apache/openjpa/kernel/Extent.java,2,17,272,3,1,180,90,60.000000,88,85,29.333333,1847,773,615.666667,20.142857,20.038340,1,0,0,NO
OPENJPA,openjpa-kernel/src/main/java/org/apache/openjpa/kernel/FindCallbacks.java,2,5,294,7,1,167,55,23.857143,40,55,5.714286,2562,773,366.000000,28.428571,22.101069,2,0,0,NO
OPENJPA,openjpa-kernel/src/main/java/org/apache/openjpa/kernel/LockManager.java,2,16,348,4,1,228,108,57.000000,108,103,27.000000,1867,773,466.750000,20.142857,20.026683,1,0,0,NO
OPENJPA,openjpa-kernel/src/main/java/org/apache/openjpa/kernel/NoneLockManager.java,2,14,270,6,1,154,53,25.666667,38,53,6.333333,2542,773,423.666667,28.428571,22.188360,2,0,0,NO
OPENJPA,openjpa-kernel/src/main/java/org/apache/openjpa/kernel/OpCallbacks.java,2,18,166,4,1,109,52,27.250000,52,48,13.000000,1867,773,466.750000,20.142857,20.022375,1,0,0,NO
OPENJPA,openjpa-kernel/src/main/java/org/apache/openjpa/kernel/OpenJPAStateManager.java,2,83,1607,9,3,1052,495,116.888889,497,488,55.222222,2299,773,255.444444,20.142857,19.851898,1,0,0,NO
OPENJPA,openjpa-kernel/src/main/java/org/apache/openjpa/kernel/PCData.java,2,20,350,5,2,227,108,45.400000,104,102,20.800000,1988,773,397.600000,20.142857,19.897143,1,0,0,NO
OPENJPA,openjpa-kernel/src/main/java/org/apache/openjpa/kernel/Query.java,2,35,594,4,1,392,194,98.000000,190,187,47.500000,2069,773,517.250000,20.142857,19.992544,1,0,0,NO
OPENJPA,openjpa-kernel/src/main/java/org/apache/openjpa/kernel/QueryContext.java,2,54,911,6,2,595,289,99.166667,279,282,46.500000,2145,773,357.500000,20.142857,19.922220,1,0,0,YES
OPENJPA,openjpa-kernel/src/main/java/org/apache/openjpa/kernel/SavepointManager.java,2,5,230,8,1,133,36,16.625000,36,35,4.500000,3059,773,382.375000,28.428571,21.726087,1,0,0,NO
OPENJPA,openjpa-kernel/src/main/java/org/apache/openjpa/kernel/Seq.java,2,15,220,3,1,145,70,48.333333,70,66,23.333333,1847,773,615.666667,20.142857,20.031169,1,0,0,NO
OPENJPA,openjpa-kernel/src/main/java/org/apache/openjpa/kernel/StoreContext.java,2,75,1409,7,3,922,437,131.714286,435,430,62.142857,2251,773,321.571429,20.142857,19.945149,1,0,0,NO
OPENJPA,openjpa-kernel/src/main/java/org/apache/openjpa/kernel/StoreManager.java,2,55,1497,9,3,960,427,106.666667,423,416,47.000000,2369,773,263.222222,20.142857,19.884245,1,0,0,NO
OPENJPA,openjpa-kernel/src/main/java/org/apache/openjpa/kernel/StoreQuery.java,2,72,1051,7,2,685,314,97.857143,319,308,45.571429,2142,773,306.000000,20.142857,19.659372,1,0,0,NO
OPENJPA,openjpa-kernel/src/main/java/org/apache/openjpa/kernel/exps/AbstractExpressionVisitor.java,2,12,39,2,2,39,24,19.500000,39,24,19.500000,231,141,115.500000,14.571429,9.901099,0,0,0,NO
OPENJPA,openjpa-kernel/src/main/java/org/apache/openjpa/kernel/exps/Add.java,2,11,214,6,1,126,38,21.000000,38,35,6.333333,2542,773,423.666667,28.428571,21.753672,2,0,0,NO
OPENJPA,openjpa-kernel/src/main/java/org/apache/openjpa/kernel/exps/AggregateListener.java,2,12,221,4,1,145,69,36.250000,69,65,17.250000,1867,773,466.750000,20.142857,20.025210,1,0,0,NO
OPENJPA,openjpa-kernel/src/main/java/org/apache/openjpa/kernel/exps/All.java,2,27,160,3,1,108,56,36.000000,56,49,18.666667,1847,773,615.666667,20.142857,20.038393,1,0,0,NO
OPENJPA,openjpa-kernel/src/main/java/org/apache/openjpa/kernel/exps/Any.java,2,27,157,3,1,106,55,35.333333,55,48,18.333333,1847,773,615.666667,20.142857,20.038217,1,0,0,NO
OPENJPA,openjpa-kernel/src/main/java/org/apache/openjpa/kernel/exps/Arguments.java,2,5,174,6,1,102,30,17.000000,30,30,5.000000,2542,773,423.666667,28.428571,21.841544,2,0,0,NO
OPENJPA,openjpa-kernel/src/main/java/org/apache/openjpa/kernel/exps/Avg.java,2,31,180,3,1,121,62,40.333333,62,56,20.666667,1847,773,615.666667,20.142857,20.039683,1,0,0,NO
OPENJPA,openjpa-kernel/src/main/java/org/apache/openjpa/kernel/exps/Constant.java,2,4,182,7,2,106,31,15.142857,30,30,4.285714,2568,773,366.857143,28.428571,21.569074,2,0,0,NO
OPENJPA,openjpa-kernel/src/main/java/org/apache/openjpa/kernel/exps/Count.java,2,20,369,7,1,209,55,29.857143,49,55,7.000000,2837,773,405.285714,28.428571,21.929926,1,0,0,NO
OPENJPA,openjpa-kernel/src/main/java/org/apache/openjpa/kernel/exps/Divide.java,2,11,217,6,1,128,39,21.333333,39,35,6.500000,2542,773,423.666667,28.428571,21.730086,2,0,0,NO
OPENJPA,openjpa-kernel/src/main/java/org/apache/openjpa/kernel/exps/EndsWithExpression.java,2,12,252,6,1,145,45,24.166667,38,45,6.333333,2542,773,423.666667,28.428571,21.989796,2,0,0,NO
OPENJPA,openjpa-kernel/src/main/java/org/apache/openjpa/kernel/exps/EqualExpression.java,2,11,216,6,1,127,39,21.166667,38,35,6.333333,2542,773,423.666667,28.428571,21.736772,2,0,0,NO
OPENJPA,openjpa-kernel/src/main/java/org/apache/openjpa/kernel/exps/Expression.java,2,4,180,8,2,105,30,13.125000,30,30,3.750000,2927,773,365.875000,28.428571,21.707937,1,0,0,NO
OPENJPA,openjpa-kernel/src/main/java/org/apache/openjpa/kernel/exps/ExpressionParser.java,2,14,181,3,1,121,61,40.333333,61,57,20.333333,1847,773,615.666667,20.142857,20.040253,1,0,0,NO
OPENJPA,openjpa-kernel/src/main/java/org/apache/openjpa/kernel/exps/ExpressionVisitor.java,2,7,46,2,2,46,31,23.000000,46,31,23.000000,231,141,115.500000,14.571429,10.611801,0,0,0,NO
OPENJPA,openjpa-kernel/src/main/java/org/apache/openjpa/kernel/exps/FilterListener.java,2,12,294,4,1,190,89,47.500000,86,82,21.500000,1867,773,466.750000,20.142857,20.017979,1,0,0,NO
OPENJPA,openjpa-kernel/src/main/java/org/apache/openjpa/kernel/exps/GreaterThanEqualExpression.java,2,12,257,6,1,148,45,24.666667,39,45,6.500000,2542,773,423.666667,28.428571,21.951084,2,0,0,NO
OPENJPA,openjpa-kernel/src/main/java/org/apache/openjpa/kernel/exps/GreaterThanExpression.java,2,12,257,6,1,148,45,24.666667,39,45,6.500000,2542,773,423.666667,28.428571,21.951084,2,0,0,NO
OPENJPA,openjpa-kernel/src/main/java/org/apache/openjpa/kernel/exps/LessThanEqualExpression.java,2,12,257,6,1,148,45,24.666667,39,45,6.500000,2542,773,423.666667,28.428571,21.951084,2,0,0,NO
OPENJPA,openjpa-kernel/src/main/java/org/apache/openjpa/kernel/exps/LessThanExpression.java,2,12,257,6,1,148,45,24.666667,39,45,6.500000,2542,773,423.666667,28.428571,21.951084,2,0,0,NO
OPENJPA,openjpa-kernel/src/main/java/org/apache/openjpa/kernel/exps/Literal.java,2,12,330,7,2,189,60,27.000000,48,60,6.857143,2568,773,366.857143,28.428571,22.004762,2,0,0,NO
OPENJPA,openjpa-kernel/src/main/java/org/apache/openjpa/kernel/exps/Max.java,2,22,148,3,1,99,50,33.000000,50,46,16.666667,1847,773,615.666667,20.142857,20.038610,1,0,0,NO
OPENJPA,openjpa-kernel/src/main/java/org/apache/openjpa/kernel/exps/Min.java,2,22,148,3,1,99,50,33.000000,50,46,16.666667,1847,773,615.666667,20.142857,20.038610,1,0,0,NO
OPENJPA,openjpa-kernel/src/main/java/org/apache/openjpa/kernel/exps/Mod.java,2,11,217,6,1,128,39,21.333333,39,35,6.500000,2542,773,423.666667,28.428571,21.730086,2,0,0,NO
OPENJPA,openjpa-kernel/src/main/java/org/apache/openjpa/kernel/exps/Multiply.java,2,11,255,6,1,147,45,24.500000,39,45,6.500000,2542,773,423.666667,28.428571,21.966947,2,0,0,NO
OPENJPA,openjpa-kernel/src/main/java/org/apache/openjpa/kernel/exps/NotEqualExpression.java,2,11,216,6,1,127,39,21.166667,38,35,6.333333,2542,773,423.666667,28.428571,21.736772,2,0,0,NO
OPENJPA,openjpa-kernel/src/main/java/org/apache/openjpa/kernel/exps/Parameter.java,2,6,194,7,2,115,36,16.428571,36,30,5.142857,2568,773,366.857143,28.428571,21.583947,2,0,0,NO
OPENJPA,openjpa-kernel/src/main/java/org/apache/openjpa/kernel/exps/Path.java,2,7,346,8,2,194,55,24.250000,42,55,5.250000,2927,773,365.875000,28.428571,22.039224,1,0,0,NO
OPENJPA,openjpa-kernel/src/main/java/org/apache/openjpa/kernel/exps/Resolver.java,2,8,159,3,1,105,51,35.000000,51,48,17.000000,1847,773,615.666667,20.142857,20.032345,1,0,0,NO
OPENJPA,openjpa-kernel/src/main/java/org/apache/openjpa/kernel/exps/Size.java,2,20,134,3,1,90,46,30.000000,46,42,15.333333,1847,773,615.666667,20.142857,20.040512,1,0,0,NO
OPENJPA,openjpa-kernel/src/main/java/org/apache/openjpa/kernel/exps/StartsWithExpression.java,2,12,252,6,1,145,45,24.166667,38,45,6.333333,2542,773,423.666667,28.428571,21.989796,2,0,0,NO
OPENJPA,openjpa-kernel/src/main/java/org/apache/openjpa/kernel/exps/Subquery.java,2,6,238,9,2,137,37,15.222222,36,35,4.000000,3085,773,342.777778,28.428571,21.606242,1,0,0,NO
OPENJPA,openjpa-kernel/src/main/java/org/apache/openjpa/kernel/exps/Subtract.java,2,11,255,6,1,147,45,24.500000,39,45,6.500000,2542,773,423.666667,28.428571,21.966947,2,0,0,NO
OPENJPA,openjpa-kernel/src/main/java/org/apache/openjpa/kernel/exps/Sum.java,2,32,178,3,1,120,62,40.000000,62,55,20.666667,1847,773,615.666667,20.142857,20.039326,1,0,0,NO
OPENJPA,openjpa-kernel/src/main/java/org/apache/openjpa/kernel/exps/Value.java,2,11,179,5,2,122,55,24.400000,65,52,13.000000,1964,773,392.800000,20.142857,19.722267,1,0,0,NO
OPENJPA,openjpa-kernel/src/main/java/org/apache/openjpa/kernel/jpql/SimpleNode.java,2,7,197,8,1,114,31,14.250000,31,30,3.875000,2838,773,354.750000,28.428571,21.821610,1,0,0,NO
OPENJPA,openjpa-kernel/src/main/java/org/apache/openjpa/meta/MetaDataContext.java,2,4,173,6,1,101,30,16.833333,29,30,4.833333,2542,773,423.666667,28.428571,21.852188,2,0,0,NO
OPENJPA,openjpa-kernel/src/main/java/org/apache/openjpa/meta/MetaDataDefaults.java,2,16,267,10,4,178,64,17.800000,89,60,8.900000,1972,773,197.200000,20.142857,16.986624,1,0,0,NO
OPENJPA,openjpa-kernel/src/main/java/org/apache/openjpa/meta/MetaDataFactory.java,2,27,432,3,1,285,138,95.000000,138,134,46.000000,1847,773,615.666667,20.142857,20.035714,1,0,0,NO
OPENJPA,openjpa-kernel/src/main/java/org/apache/openjpa/meta/Order.java,2,10,315,7,1,182,55,26.000000,49,55,7.000000,2581,773,368.714286,28.428571,21.741043,2,0,0,NO
OPENJPA,openjpa-kernel/src/main/java/org/apache/openjpa/meta/ValueMetaData.java,2,47,956,5,1,629,300,125.800000,302,296,60.400000,2108,773,421.600000,20.142857,19.946204,1,0,0,NO
OPENJPA,openjpa-kernel/src/main/java/org/apache/openjpa/util/ChangeTracker.java,2,12,282,3,1,184,86,61.333333,86,83,28.666667,1847,773,615.666667,20.142857,20.026849,1,0,0,NO
OPENJPA,openjpa-kernel/src/main/java/org/apache/openjpa/util/ClassResolver.java,2,6,132,4,1,87,43,21.750000,42,39,10.500000,2069,773,517.250000,20.142857,19.926407,1,0,0,NO
OPENJPA,openjpa-kernel/src/main/java/org/apache/openjpa/util/ClassResolverImpl.java,2,26,171,4,1,115,59,28.750000,59,53,14.750000,2069,773,517.250000,20.142857,19.959064,1,0,0,NO
OPENJPA,openjpa-kernel/src/main/java/org/apache/openjpa/util/CollectionChangeTracker.java,2,6,280,6,1,159,55,26.500000,38,55,6.333333,2542,773,423.666667,28.428571,22.209694,2,0,0,NO
OPENJPA,openjpa-kernel/src/main/java/org/apache/openjpa/util/ExceptionInfo.java,2,16,248,4,1,164,80,41.000000,80,77,20.000000,2069,773,517.250000,20.142857,19.980991,1,0,0,NO
OPENJPA,openjpa-kernel/src/main/java/org/apache/openjpa/util/GeneralException.java,2,22,298,7,1,174,53,24.857143,50,53,7.142857,2631,773,375.857143,28.428571,21.881112,2,0,0,NO
OPENJPA,openjpa-kernel/src/main/java/org/apache/openjpa/util/InternalException.java,2,31,319,8,1,190,53,23.750000,61,53,7.625000,2853,773,356.625000,28.428571,21.667264,2,0,0,NO
OPENJPA,openjpa-kernel/src/main/java/org/apache/openjpa/util/LRSProxy.java,2,4,175,8,1,101,30,12.625000,27,30,3.375000,3059,773,382.375000,28.428571,21.864490,1,0,0,NO
OPENJPA,openjpa-kernel/src/main/java/org/apache/openjpa/util/MapChangeTracker.java,2,9,191,4,1,125,59,31.250000,59,55,14.750000,1897,773,474.250000,20.142857,20.024682,1,0,0,NO
OPENJPA,openjpa-kernel/src/main/java/org/apache/openjpa/util/Proxy.java,2,9,186,3,1,122,59,40.666667,58,55,19.333333,1847,773,615.666667,20.142857,20.029186,1,0,0,NO
OPENJPA,openjpa-kernel/src/main/java/org/apache/openjpa/util/ProxyCalendar.java,2,6,202,6,1,118,35,19.666667,34,35,5.666667,2542,773,423.666667,28.428571,21.855021,2,0,0,NO
OPENJPA,openjpa-kernel/src/main/java/org/apache/openjpa/util/ProxyCollection.java,2,9,122,3,1,81,41,27.000000,40,36,13.333333,1847,773,615.666667,20.142857,20.031616,1,0,0,NO
OPENJPA,openjpa-kernel/src/main/java/org/apache/openjpa/util/ProxyDate.java,2,5,179,6,1,105,31,17.500000,31,30,5.166667,2542,773,423.666667,28.428571,21.789306,2,0,0,NO
OPENJPA,openjpa-kernel/src/main/java/org/apache/openjpa/util/ProxyManager.java,2,22,377,4,1,248,119,62.000000,119,116,29.750000,2069,773,517.250000,20.142857,19.961349,1,0,0,NO
OPENJPA,openjpa-kernel/src/main/java/org/apache/openjpa/util/ProxyMap.java,2,9,120,3,1,80,40,26.666667,40,36,13.333333,1847,773,615.666667,20.142857,20.033333,1,0,0,NO
OPENJPA,openjpa-kernel/src/main/java/org/apache/openjpa/util/RuntimeExceptionTranslator.java,2,6,197,6,1,115,35,19.166667,33,35,5.500000,2542,773,423.666667,28.428571,21.902828,2,0,0,NO
OPENJPA,openjpa-kernel/src/main/java/org/apache/openjpa/util/StoreException.java,2,22,324,8,1,187,53,23.375000,50,53,6.250000,2853,773,356.625000,28.428571,21.631393,2,0,0,NO
OPENJPA,openjpa-kernel/src/main/java/org/apache/openjpa/util/UnsupportedException.java,2,23,313,8,1,182,53,22.750000,51,53,6.375000,2853,773,356.625000,28.428571,21.749429,2,0,0,NO
OPENJPA,openjpa-kernel/src/main/java/org/apache/openjpa/util/UserException.java,2,29,318,8,1,189,53,23.625000,60,53,7.500000,2853,773,356.625000,28.428571,21.698113,2,0,0,NO
OPENJPA,openjpa-lib/src/main/java/org/apache/openjpa/lib/conf/AbstractProductDerivation.java,2,39,280,6,3,176,90,29.333333,72,90,12.000000,182,44,30.333333,10.142857,6.009694,0,0,0,NO
OPENJPA,openjpa-lib/src/main/java/org/apache/openjpa/lib/conf/Configurable.java,2,6,82,4,1,62,42,15.500000,42,42,10.500000,1918,773,479.500000,22.000000,21.599303,2,0,0,NO
OPENJPA,openjpa-lib/src/main/java/org/apache/openjpa/lib/conf/ConfigurationProvider.java,2,8,274,8,3,163,71,20.375000,52,71,6.500000,2225,773,278.125000,22.000000,16.319082,2,0,0,NO
OPENJPA,openjpa-lib/src/main/java/org/apache/openjpa/lib/conf/GenericConfigurable.java,2,5,100,5,1,69,39,13.800000,38,39,7.600000,1923,773,384.600000,22.000000,21.300000,2,0,0,NO
OPENJPA,openjpa-lib/src/main/java/org/apache/openjpa/lib/conf/ValueListener.java,2,4,79,5,1,54,31,10.800000,29,31,5.800000,2052,773,410.400000,28.428571,24.139241,2,0,0,NO
OPENJPA,openjpa-lib/src/main/java/org/apache/openjpa/lib/jdbc/ConnectionDecorator.java,2,6,89,5,1,61,35,12.200000,33,35,6.600000,2052,773,410.400000,28.428571,24.121990,2,0,0,NO
OPENJPA,openjpa-lib/src/main/java/org/apache/openjpa/lib/jdbc/JDBCEvent.java,2,50,255,4,1,207,157,51.750000,159,157,39.750000,1918,773,479.500000,22.000000,21.750700,2,0,0,NO
OPENJPA,openjpa-lib/src/main/java/org/apache/openjpa/lib/jdbc/JDBCListener.java,2,15,145,4,1,116,86,29.000000,87,86,21.750000,1918,773,479.500000,22.000000,21.714286,2,0,0,NO
OPENJPA,openjpa-lib/src/main/java/org/apache/openjpa/lib/log/AbstractLog.java,2,74,269,6,1,203,159,33.833333,137,159,22.833333,2497,773,416.166667,22.000000,21.432820,2,0,0,NO
OPENJPA,openjpa-lib/src/main/java/org/apache/openjpa/lib/log/LogFactory.java,2,4,75,5,1,52,30,10.400000,29,30,5.800000,2052,773,410.400000,28.428571,24.171429,2,0,0,NO
OPENJPA,openjpa-lib/src/main/java/org/apache/openjpa/lib/meta/MetaDataFilter.java,2,9,157,5,1,103,55,20.600000,49,55,9.800000,2052,773,410.400000,28.428571,24.001820,2,0,0,NO
OPENJPA,openjpa-lib/src/main/java/org/apache/openjpa/lib/meta/MetaDataIterator.java,2,12,115,4,1,86,57,21.500000,57,57,14.250000,1918,773,479.500000,22.000000,21.573913,2,0,0,NO
OPENJPA,openjpa-lib/src/main/java/org/apache/openjpa/lib/meta/MetaDataParser.java,2,17,172,5,1,128,84,25.600000,84,84,16.800000,2408,773,481.600000,22.000000,21.561462,2,0,0,NO
OPENJPA,openjpa-lib/src/main/java/org/apache/openjpa/lib/meta/MetaDataSerializer.java,2,15,223,6,1,147,76,24.500000,71,76,11.833333,2458,773,409.666667,22.000000,21.232543,2,0,0,NO
OPENJPA,openjpa-lib/src/main/java/org/apache/openjpa/lib/meta/SourceTracker.java,2,11,99,4,1,76,54,19.000000,53,54,13.250000,1918,773,479.500000,22.000000,21.621934,2,0,0,NO
OPENJPA,openjpa-lib/src/main/java/org/apache/openjpa/lib/rop/AbstractSequentialResultList.java,2,72,211,4,1,162,130,40.500000,113,130,28.250000,1918,773,479.500000,22.000000,21.721733,2,0,0,NO
OPENJPA,openjpa-lib/src/main/java/org/apache/openjpa/lib/rop/ResultList.java,2,9,148,4,1,101,62,25.250000,54,62,13.500000,1918,773,479.500000,22.000000,21.475869,2,0,0,NO
OPENJPA,openjpa-lib/src/main/java/org/apache/openjpa/lib/util/BytecodeWriter.java,2,6,84,5,1,57,32,11.400000,30,32,6.000000,2052,773,410.400000,28.428571,23.977891,2,0,0,NO
OPENJPA,openjpa-lib/src/main/java/org/apache/openjpa/lib/util/Bytes.java,2,79,170,2,2,167,164,83.500000,164,164,82.000000,4,3,2.000000,3.000000,3.000000,0,0,0,NO
OPENJPA,openjpa-lib/src/main/java/org/apache/openjpa/lib/util/EventManager.java,2,10,98,4,1,77,56,19.250000,56,56,14.000000,1918,773,479.500000,22.000000,21.626822,2,0,0,NO
OPENJPA,openjpa-lib/src/main/java/org/apache/openjpa/lib/util/ParseException.java,2,21,149,7,1,100,53,14.285714,51,53,7.285714,2363,773,337.571429,28.428571,23.594439,2,0,0,NO
OPENJPA,openjpa-lib/src/main/java/org/apache/openjpa/lib/util/ReferenceMap.java,2,10,100,4,1,75,50,18.750000,50,50,12.500000,1918,773,479.500000,22.000000,21.548571,2,0,0,NO
OPENJPA,openjpa-lib/src/main/java/org/apache/openjpa/lib/util/ResourceBundleProvider.java,2,7,98,5,1,67,37,13.400000,36,37,7.200000,2052,773,410.400000,28.428571,24.049563,2,0,0,NO
OPENJPA,openjpa-lib/src/main/java/org/apache/openjpa/lib/util/SizedMap.java,2,8,157,5,1,102,60,20.400000,47,60,9.400000,2052,773,410.400000,28.428571,24.225660,2,0,0,NO
OPENJPA,openjpa-lib/src/main/java/org/apache/openjpa/lib/util/concurrent/ConcurrentMap.java,2,7,149,5,1,95,55,19.000000,41,55,8.200000,2052,773,410.400000,28.428571,24.090125,2,0,0,NO
OPENJPA,openjpa-lib/src/main/java/org/apache/openjpa/lib/util/concurrent/Lock.java,2,9,669,5,1,474,328,94.800000,279,328,55.800000,2408,773,481.600000,22.000000,21.577194,2,0,0,NO
OPENJPA,openjpa-lib/src/main/java/org/apache/openjpa/lib/util/concurrent/NanoTimer.java,2,4,77,4,1,61,46,15.250000,45,46,11.250000,1918,773,479.500000,22.000000,21.565863,2,0,0,NO
OPENJPA,openjpa-lib/src/main/java/org/apache/openjpa/lib/util/concurrent/Queue.java,2,12,470,5,1,334,207,66.800000,198,207,39.600000,2408,773,481.600000,22.000000,21.423100,2,0,0,NO
OPENJPA,openjpa-lib/src/main/java/org/apache/openjpa/lib/xml/Commentable.java,2,6,109,6,1,73,40,12.166667,37,40,6.166667,2274,773,379.000000,28.428571,23.871560,2,0,0,NO
OPENJPA,openjpa-lib/src/main/java/org/apache/openjpa/lib/xml/ValidatingErrorHandler.java,2,15,141,5,1,92,53,18.400000,43,53,8.600000,2052,773,410.400000,28.428571,24.138804,2,0,0,NO
OPENJPA,openjpa-persistence-jdbc/src/main/java/org/apache/openjpa/persistence/jdbc/ClassCriteria.java,2,11,274,8,1,155,53,19.375000,36,53,4.500000,3240,773,405.000000,28.428571,22.077685,2,0,0,NO
OPENJPA,openjpa-persistence-jdbc/src/main/java/org/apache/openjpa/persistence/jdbc/Columns.java,2,12,276,8,1,156,53,19.500000,36,53,4.500000,3240,773,405.000000,28.428571,22.055383,2,0,0,NO
OPENJPA,openjpa-persistence-jdbc/src/main/java/org/apache/openjpa/persistence/jdbc/ContainerTable.java,2,17,157,5,1,102,45,20.400000,47,42,9.400000,2545,773,509.000000,20.142857,19.805278,1,0,0,NO
OPENJPA,openjpa-persistence-jdbc/src/main/java/org/apache/openjpa/persistence/jdbc/DataStoreIdColumn.java,2,14,292,8,1,167,53,20.875000,42,53,5.250000,3240,773,405.000000,28.428571,21.920254,2,0,0,NO
OPENJPA,openjpa-persistence-jdbc/src/main/java/org/apache/openjpa/persistence/jdbc/DiscriminatorStrategy.java,2,10,232,9,1,133,35,14.777778,34,35,3.777778,3535,773,392.777778,28.428571,21.675493,1,0,0,NO
OPENJPA,openjpa-persistence-jdbc/src/main/java/org/apache/openjpa/persistence/jdbc/EagerFetchMode.java,2,11,275,8,1,155,53,19.375000,35,53,4.375000,3240,773,405.000000,28.428571,22.066494,2,0,0,NO
OPENJPA,openjpa-persistence-jdbc/src/main/java/org/apache/openjpa/persistence/jdbc/ElementClassCriteria.java,2,11,274,8,1,155,53,19.375000,36,53,4.500000,3240,773,405.000000,28.428571,22.077685,2,0,0,NO
OPENJPA,openjpa-persistence-jdbc/src/main/java/org/apache/openjpa/persistence/jdbc/ElementForeignKey.java,2,15,153,5,1,98,45,19.600000,43,42,8.600000,2545,773,509.000000,20.142857,19.826331,1,0,0,NO
OPENJPA,openjpa-persistence-jdbc/src/main/java/org/apache/openjpa/persistence/jdbc/ElementIndex.java,2,13,285,8,1,162,53,20.250000,39,53,4.875000,3240,773,405.000000,28.428571,21.975940,2,0,0,NO
OPENJPA,openjpa-persistence-jdbc/src/main/java/org/apache/openjpa/persistence/jdbc/ElementJoinColumn.java,2,18,159,5,1,104,45,20.800000,49,42,9.800000,2545,773,509.000000,20.142857,19.795148,1,0,0,NO
OPENJPA,openjpa-persistence-jdbc/src/main/java/org/apache/openjpa/persistence/jdbc/ElementJoinColumns.java,2,11,276,8,1,156,53,19.500000,36,53,4.500000,3240,773,405.000000,28.428571,22.055383,2,0,0,NO
OPENJPA,openjpa-persistence-jdbc/src/main/java/org/apache/openjpa/persistence/jdbc/ElementNonpolymorphic.java,2,11,276,8,1,156,53,19.500000,36,53,4.500000,3240,773,405.000000,28.428571,22.055383,2,0,0,NO
OPENJPA,openjpa-persistence-jdbc/src/main/java/org/apache/openjpa/persistence/jdbc/EmbeddedMapping.java,2,15,288,8,1,165,53,20.625000,42,53,5.250000,3240,773,405.000000,28.428571,21.944940,2,0,0,NO
OPENJPA,openjpa-persistence-jdbc/src/main/java/org/apache/openjpa/persistence/jdbc/ForeignKey.java,2,16,298,8,1,172,53,21.500000,46,53,5.750000,3240,773,405.000000,28.428571,21.861457,2,0,0,NO
OPENJPA,openjpa-persistence-jdbc/src/main/java/org/apache/openjpa/persistence/jdbc/Index.java,2,15,289,8,1,166,53,20.750000,43,53,5.375000,3240,773,405.000000,28.428571,21.934750,2,0,0,NO
OPENJPA,openjpa-persistence-jdbc/src/main/java/org/apache/openjpa/persistence/jdbc/JDBCFetchPlan.java,2,20,255,4,3,186,109,46.500000,117,109,29.250000,796,476,199.000000,19.000000,14.963585,1,0,0,NO
OPENJPA,openjpa-persistence-jdbc/src/main/java/org/apache/openjpa/persistence/jdbc/MappingOverride.java,2,15,293,8,1,168,53,21.000000,43,53,5.375000,3240,773,405.000000,28.428571,21.910288,2,0,0,NO
OPENJPA,openjpa-persistence-jdbc/src/main/java/org/apache/openjpa/persistence/jdbc/MappingOverrides.java,2,10,186,6,1,110,36,18.333333,34,34,5.666667,2828,773,471.333333,21.714286,20.232719,1,0,0,NO
OPENJPA,openjpa-persistence-jdbc/src/main/java/org/apache/openjpa/persistence/jdbc/MappingTag.java,2,58,86,1,1,86,86,86.000000,86,86,86.000000,476,476,476.000000,19.000000,19.000000,1,0,0,NO
OPENJPA,openjpa-persistence-jdbc/src/main/java/org/apache/openjpa/persistence/jdbc/Nonpolymorphic.java,2,11,275,8,1,155,53,19.375000,35,53,4.375000,3240,773,405.000000,28.428571,22.066494,2,0,0,NO
OPENJPA,openjpa-persistence-jdbc/src/main/java/org/apache/openjpa/persistence/jdbc/OrderColumn.java,2,16,291,8,1,168,53,21.000000,45,53,5.625000,3240,773,405.000000,28.428571,21.914580,2,0,0,NO
OPENJPA,openjpa-persistence-jdbc/src/main/java/org/apache/openjpa/persistence/jdbc/PersistenceMappingDefaults.java,2,110,165,1,1,165,165,165.000000,165,165,165.000000,476,476,476.000000,19.000000,19.000000,1,0,0,YES
OPENJPA,openjpa-persistence-jdbc/src/main/java/org/apache/openjpa/persistence/jdbc/Strategy.java,2,10,236,9,1,135,35,15.000000,34,35,3.777778,3535,773,392.777778,28.428571,21.630145,1,0,0,NO
OPENJPA,openjpa-persistence-jdbc/src/main/java/org/apache/openjpa/persistence/jdbc/SubclassFetchMode.java,2,10,186,6,1,110,36,18.333333,34,34,5.666667,2828,773,471.333333,21.714286,20.232719,1,0,0,NO
OPENJPA,openjpa-persistence-jdbc/src/main/java/org/apache/openjpa/persistence/jdbc/Unique.java,2,14,287,8,1,164,53,20.500000,41,53,5.125000,3240,773,405.000000,28.428571,21.955202,2,0,0,NO
OPENJPA,openjpa-persistence-jdbc/src/main/java/org/apache/openjpa/persistence/jdbc/VersionColumn.java,2,17,298,8,1,173,53,21.625000,48,53,6.000000,3240,773,405.000000,28.428571,21.861457,2,0,0,NO
OPENJPA,openjpa-persistence-jdbc/src/main/java/org/apache/openjpa/persistence/jdbc/VersionColumns.java,2,10,186,6,1,110,36,18.333333,34,34,5.666667,2828,773,471.333333,21.714286,20.232719,1,0,0,NO
OPENJPA,openjpa-persistence-jdbc/src/main/java/org/apache/openjpa/persistence/jdbc/VersionStrategy.java,2,10,232,9,1,133,35,14.777778,34,35,3.777778,3535,773,392.777778,28.428571,21.675493,1,0,0,NO
OPENJPA,openjpa-persistence-jdbc/src/main/java/org/apache/openjpa/persistence/jdbc/XJoinColumn.java,2,19,161,5,1,106,45,21.200000,51,42,10.200000,2545,773,509.000000,20.142857,19.785271,1,0,0,NO
OPENJPA,openjpa-persistence-jdbc/src/main/java/org/apache/openjpa/persistence/jdbc/XJoinColumns.java,2,11,281,8,1,158,53,19.750000,35,53,4.375000,3240,773,405.000000,28.428571,22.018302,2,0,0,NO
OPENJPA,openjpa-persistence-jdbc/src/main/java/org/apache/openjpa/persistence/jdbc/XSecondaryTable.java,2,17,297,8,1,172,53,21.500000,47,53,5.875000,3240,773,405.000000,28.428571,21.871092,2,0,0,NO
OPENJPA,openjpa-persistence-jdbc/src/main/java/org/apache/openjpa/persistence/jdbc/XSecondaryTables.java,2,10,186,6,1,110,36,18.333333,34,34,5.666667,2828,773,471.333333,21.714286,20.232719,1,0,0,NO
OPENJPA,openjpa-persistence-jdbc/src/main/java/org/apache/openjpa/persistence/jdbc/XTable.java,2,15,294,8,1,169,53,21.125000,44,53,5.500000,3240,773,405.000000,28.428571,21.900389,2,0,0,NO
OPENJPA,openjpa-persistence/src/main/java/org/apache/openjpa/persistence/DataCache.java,2,12,276,7,1,157,53,22.428571,38,53,5.428571,2764,773,394.857143,28.428571,22.089545,2,0,0,NO
OPENJPA,openjpa-persistence/src/main/java/org/apache/openjpa/persistence/DataStoreId.java,2,12,273,7,1,155,53,22.142857,37,53,5.285714,2764,773,394.857143,28.428571,22.111983,2,0,0,NO
OPENJPA,openjpa-persistence/src/main/java/org/apache/openjpa/persistence/Dependent.java,2,11,267,7,1,151,53,21.571429,35,53,5.000000,2764,773,394.857143,28.428571,22.158373,2,0,0,NO
OPENJPA,openjpa-persistence/src/main/java/org/apache/openjpa/persistence/DetachedState.java,2,12,273,7,1,155,53,22.142857,37,53,5.285714,2764,773,394.857143,28.428571,22.111983,2,0,0,NO
OPENJPA,openjpa-persistence/src/main/java/org/apache/openjpa/persistence/ElementDependent.java,2,11,267,7,1,151,53,21.571429,35,53,5.000000,2764,773,394.857143,28.428571,22.158373,2,0,0,NO
OPENJPA,openjpa-persistence/src/main/java/org/apache/openjpa/persistence/ElementType.java,2,11,272,7,1,154,53,22.000000,36,53,5.142857,2764,773,394.857143,28.428571,22.118172,2,0,0,NO
OPENJPA,openjpa-persistence/src/main/java/org/apache/openjpa/persistence/Extent.java,2,14,502,7,3,288,137,41.142857,74,133,10.571429,2430,773,347.142857,20.142857,18.603017,1,0,0,NO
OPENJPA,openjpa-persistence/src/main/java/org/apache/openjpa/persistence/ExternalValues.java,2,11,275,7,1,156,53,22.285714,37,53,5.285714,2764,773,394.857143,28.428571,22.095584,2,0,0,NO
OPENJPA,openjpa-persistence/src/main/java/org/apache/openjpa/persistence/Externalizer.java,2,11,272,7,1,154,53,22.000000,36,53,5.142857,2764,773,394.857143,28.428571,22.118172,2,0,0,NO
OPENJPA,openjpa-persistence/src/main/java/org/apache/openjpa/persistence/Factory.java,2,11,272,7,1,154,53,22.000000,36,53,5.142857,2764,773,394.857143,28.428571,22.118172,2,0,0,NO
OPENJPA,openjpa-persistence/src/main/java/org/apache/openjpa/persistence/FetchAttribute.java,2,10,239,9,2,140,35,15.555556,41,35,4.555556,3197,773,355.222222,28.428571,21.607292,1,0,0,NO
OPENJPA,openjpa-persistence/src/main/java/org/apache/openjpa/persistence/FetchGroup.java,2,13,192,7,2,122,36,17.428571,52,34,7.428571,2492,773,356.000000,21.714286,19.990327,1,0,0,NO
OPENJPA,openjpa-persistence/src/main/java/org/apache/openjpa/persistence/FetchGroups.java,2,10,224,8,1,129,35,16.125000,34,35,4.250000,3059,773,382.375000,28.428571,21.771046,1,0,0,NO
OPENJPA,openjpa-persistence/src/main/java/org/apache/openjpa/persistence/FetchPlan.java,2,49,1733,9,3,1006,463,111.777778,279,459,31.000000,2318,773,257.555556,20.142857,18.838843,1,0,0,NO
OPENJPA,openjpa-persistence/src/main/java/org/apache/openjpa/persistence/Generator.java,2,11,352,6,3,205,99,34.166667,58,95,9.666667,2167,773,361.166667,20.142857,18.700081,1,0,0,NO
OPENJPA,openjpa-persistence/src/main/java/org/apache/openjpa/persistence/InverseLogical.java,2,11,267,7,1,151,53,21.571429,35,53,5.000000,2764,773,394.857143,28.428571,22.158373,2,0,0,NO
OPENJPA,openjpa-persistence/src/main/java/org/apache/openjpa/persistence/KeyDependent.java,2,11,267,7,1,151,53,21.571429,35,53,5.000000,2764,773,394.857143,28.428571,22.158373,2,0,0,NO
OPENJPA,openjpa-persistence/src/main/java/org/apache/openjpa/persistence/KeyType.java,2,11,272,7,1,154,53,22.000000,36,53,5.142857,2764,773,394.857143,28.428571,22.118172,2,0,0,NO
OPENJPA,openjpa-persistence/src/main/java/org/apache/openjpa/persistence/LRS.java,2,11,267,7,1,151,53,21.571429,35,53,5.000000,2764,773,394.857143,28.428571,22.158373,2,0,0,NO
OPENJPA,openjpa-persistence/src/main/java/org/apache/openjpa/persistence/LoadFetchGroup.java,2,11,274,8,3,154,53,19.250000,34,53,4.250000,2554,773,319.250000,28.428571,22.046403,2,0,0,NO
OPENJPA,openjpa-persistence/src/main/java/org/apache/openjpa/persistence/MetaDataTag.java,2,50,228,6,4,153,76,25.500000,78,72,13.000000,1864,773,310.666667,20.142857,19.927945,1,0,1,NO
OPENJPA,openjpa-persistence/src/main/java/org/apache/openjpa/persistence/OpenJPAEntityManager.java,2,158,2827,6,2,1877,909,312.833333,927,891,154.500000,2127,773,354.500000,20.142857,19.895801,1,0,0,NO
OPENJPA,openjpa-persistence/src/main/java/org/apache/openjpa/persistence/OpenJPAEntityManagerFactory.java,2,23,344,5,2,225,105,45.000000,106,102,21.200000,2116,773,423.200000,20.142857,19.538206,1,0,0,NO
OPENJPA,openjpa-persistence/src/main/java/org/apache/openjpa/persistence/OpenJPAQuery.java,2,57,640,4,1,426,213,106.500000,212,208,53.000000,2069,773,517.250000,20.142857,20.022545,1,0,0,NO
OPENJPA,openjpa-persistence/src/main/java/org/apache/openjpa/persistence/PersistenceStrategy.java,2,13,219,6,1,130,41,21.666667,41,35,6.833333,2542,773,423.666667,28.428571,21.716243,2,0,0,NO
OPENJPA,openjpa-persistence/src/main/java/org/apache/openjpa/persistence/Persistent.java,2,17,135,4,1,90,45,22.500000,45,42,11.250000,2069,773,517.250000,20.142857,19.936508,1,0,0,NO
OPENJPA,openjpa-persistence/src/main/java/org/apache/openjpa/persistence/PersistentCollection.java,2,17,135,4,1,90,45,22.500000,45,42,11.250000,2069,773,517.250000,20.142857,19.936508,1,0,0,YES
OPENJPA,openjpa-persistence/src/main/java/org/apache/openjpa/persistence/PersistentMap.java,2,19,147,4,1,98,49,24.500000,49,46,12.250000,2069,773,517.250000,20.142857,19.945578,1,0,0,NO
OPENJPA,openjpa-persistence/src/main/java/org/apache/openjpa/persistence/QueryResultCache.java,2,11,412,6,3,236,114,39.333333,60,111,10.000000,2167,773,361.166667,20.142857,18.642510,1,0,0,NO
OPENJPA,openjpa-persistence/src/main/java/org/apache/openjpa/persistence/ReadOnly.java,2,11,267,7,1,151,53,21.571429,35,53,5.000000,2764,773,394.857143,28.428571,22.158373,2,0,0,NO
OPENJPA,openjpa-persistence/src/main/java/org/apache/openjpa/persistence/StoreCache.java,2,20,719,8,3,410,197,51.250000,101,191,12.625000,2720,773,340.000000,20.142857,18.571826,1,0,0,NO
OPENJPA,openjpa-persistence/src/main/java/org/apache/openjpa/persistence/Type.java,2,11,272,7,1,154,53,22.000000,36,53,5.142857,2764,773,394.857143,28.428571,22.118172,2,0,0,NO
OPENJPA,openjpa-jdbc-5/src/main/java/org/apache/openjpa/jdbc/kernel/JDBC3SavepointManager.java,3,30,87,3,2,76,62,25.333333,65,62,21.666667,1961,1263,653.666667,40.285714,29.988506,1,0,0,NO
OPENJPA,openjpa-jdbc/src/main/java/org/apache/openjpa/jdbc/ant/MappingToolTask.java,3,105,241,4,3,228,211,57.000000,215,211,53.750000,1847,1263,461.750000,40.285714,36.528156,1,0,0,YES
OPENJPA,openjpa-jdbc/src/main/java/org/apache/openjpa/jdbc/ant/ReverseMappingToolTask.java,3,120,291,4,3,276,257,69.000000,261,257,65.250000,1802,1263,450.500000,40.285714,36.918017,1,0,0,YES
OPENJPA,openjpa-jdbc/src/main/java/org/apache/openjpa/jdbc/conf/FetchModeValue.java,3,21,73,3,2,63,49,21.000000,53,49,17.666667,1742,1263,580.666667,40.285714,28.162427,1,0,0,NO
OPENJPA,openjpa-jdbc/src/main/java/org/apache/openjpa/jdbc/conf/JDBCConfiguration.java,3,92,679,5,3,642,609,128.400000,605,609,121.000000,2063,1263,412.600000,40.285714,38.744793,1,0,0,NO
OPENJPA,openjpa-jdbc/src/main/java/org/apache/openjpa/jdbc/kernel/ConnectionInfo.java,3,9,261,9,2,148,35,16.444444,35,35,3.888889,4576,1263,508.444444,49.714286,39.315271,1,0,0,NO
OPENJPA,openjpa-jdbc/src/main/java/org/apache/openjpa/jdbc/kernel/DelegatingJDBCFetchConfiguration.java,3,194,309,8,3,286,233,35.750000,263,233,32.875000,2215,1263,276.875000,40.285714,32.610264,1,0,1,NO
OPENJPA,openjpa-jdbc/src/main/java/org/apache/openjpa/jdbc/kernel/JDBCFetchConfiguration.java,3,35,264,8,3,237,164,29.625000,210,164,26.250000,2215,1263,276.875000,40.285714,29.596861,1,0,1,NO
OPENJPA,openjpa-jdbc/src/main/java/org/apache/openjpa/jdbc/kernel/JDBCLockManager.java,3,9,69,2,2,59,46,29.500000,49,46,24.500000,1739,1263,869.500000,40.285714,27.476190,1,0,0,NO
OPENJPA,openjpa-jdbc/src/main/java/org/apache/openjpa/jdbc/kernel/JDBCSeq.java,3,8,277,9,2,159,35,17.666667,41,35,4.555556,4576,1263,508.444444,49.714286,39.427540,1,0,0,NO
OPENJPA,openjpa-jdbc/src/main/java/org/apache/openjpa/jdbc/kernel/JDBCStore.java,3,22,145,6,3,121,106,20.166667,97,106,16.166667,2168,1263,361.333333,40.285714,33.610837,1,0,0,NO
OPENJPA,openjpa-jdbc/src/main/java/org/apache/openjpa/jdbc/kernel/PreparedStatementManager.java,3,8,293,9,2,170,40,18.888889,47,35,5.222222,4576,1263,508.444444,49.714286,39.533886,1,0,0,NO
OPENJPA,openjpa-jdbc/src/main/java/org/apache/openjpa/jdbc/kernel/UpdateManager.java,3,6,321,8,2,182,45,22.750000,43,45,5.375000,4281,1263,535.125000,49.714286,39.933689,2,0,0,NO
OPENJPA,openjpa-jdbc/src/main/java/org/apache/openjpa/jdbc/kernel/exps/AbstractVal.java,3,45,151,6,3,116,61,19.333333,81,61,13.500000,2073,1263,345.500000,40.285714,32.235572,1,0,0,NO
OPENJPA,openjpa-jdbc/src/main/java/org/apache/openjpa/jdbc/kernel/exps/All.java,3,10,215,9,2,126,30,14.000000,37,30,4.111111,4576,1263,508.444444,49.714286,38.565449,1,0,0,NO
OPENJPA,openjpa-jdbc/src/main/java/org/apache/openjpa/jdbc/kernel/exps/Any.java,3,10,215,9,2,126,30,14.000000,37,30,4.111111,4576,1263,508.444444,49.714286,38.565449,1,0,0,NO
OPENJPA,openjpa-jdbc/src/main/java/org/apache/openjpa/jdbc/kernel/exps/BinaryOpExpState.java,3,14,69,3,2,59,31,19.666667,49,31,16.333333,1407,1263,469.000000,33.142857,20.664596,0,0,0,NO
OPENJPA,openjpa-jdbc/src/main/java/org/apache/openjpa/jdbc/kernel/exps/Exp.java,3,13,153,5,3,106,83,21.200000,59,83,11.800000,2046,1263,409.200000,40.285714,32.739496,1,0,0,NO
OPENJPA,openjpa-jdbc/src/main/java/org/apache/openjpa/jdbc/kernel/exps/ExpContext.java,3,16,76,3,2,66,38,22.000000,56,38,18.666667,1407,1263,469.000000,33.142857,21.813910,0,0,0,NO
OPENJPA,openjpa-jdbc/src/main/java/org/apache/openjpa/jdbc/kernel/exps/ExpState.java,3,11,64,3,2,54,26,18.000000,44,26,14.666667,1407,1263,469.000000,33.142857,19.689732,0,0,0,NO
OPENJPA,openjpa-jdbc/src/main/java/org/apache/openjpa/jdbc/kernel/exps/FilterValue.java,3,21,126,2,2,116,103,58.000000,106,103,53.000000,1739,1263,869.500000,40.285714,33.270975,1,0,0,NO
OPENJPA,openjpa-jdbc/src/main/java/org/apache/openjpa/jdbc/kernel/exps/GetColumn.java,3,40,103,2,2,93,80,46.500000,83,80,41.500000,1739,1263,869.500000,40.285714,31.704577,1,0,0,NO
OPENJPA,openjpa-jdbc/src/main/java/org/apache/openjpa/jdbc/kernel/exps/JDBCAggregateListener.java,3,10,65,2,2,55,42,27.500000,45,42,22.500000,1739,1263,869.500000,40.285714,26.687912,1,0,0,NO
OPENJPA,openjpa-jdbc/src/main/java/org/apache/openjpa/jdbc/kernel/exps/JDBCFilterListener.java,3,10,67,2,2,57,44,28.500000,47,44,23.500000,1739,1263,869.500000,40.285714,27.093817,1,0,0,NO
OPENJPA,openjpa-jdbc/src/main/java/org/apache/openjpa/jdbc/kernel/exps/JDBCPath.java,3,6,112,7,2,72,30,10.285714,32,30,4.571429,3791,1263,541.571429,49.714286,35.857143,2,0,0,NO
OPENJPA,openjpa-jdbc/src/main/java/org/apache/openjpa/jdbc/kernel/exps/QueryExpressionsState.java,3,9,282,10,3,159,35,15.900000,36,35,3.600000,4387,1263,438.700000,49.714286,38.517224,2,0,0,NO
OPENJPA,openjpa-jdbc/src/main/java/org/apache/openjpa/jdbc/kernel/exps/SQLEmbed.java,3,35,97,5,3,84,69,16.800000,71,69,14.200000,1952,1263,390.400000,40.285714,30.811487,1,0,0,NO
OPENJPA,openjpa-jdbc/src/main/java/org/apache/openjpa/jdbc/kernel/exps/ToLowerCase.java,3,20,248,6,3,150,57,25.000000,52,53,8.666667,3665,1263,610.833333,41.428571,37.027074,1,0,0,NO
OPENJPA,openjpa-jdbc/src/main/java/org/apache/openjpa/jdbc/kernel/exps/ToUpperCase.java,3,20,247,6,3,150,57,25.000000,53,53,8.833333,3665,1263,610.833333,41.428571,37.042799,1,0,0,NO
OPENJPA,openjpa-jdbc/src/main/java/org/apache/openjpa/jdbc/kernel/exps/Val.java,3,39,313,7,3,230,161,32.857143,147,161,21.000000,2094,1263,299.142857,40.285714,34.906892,1,0,0,NO
OPENJPA,openjpa-jdbc/src/main/java/org/apache/openjpa/jdbc/meta/ClassStrategy.java,3,27,137,3,2,126,112,42.000000,115,112,38.333333,1961,1263,653.666667,40.285714,33.746611,1,0,0,NO
OPENJPA,openjpa-jdbc/src/main/java/org/apache/openjpa/jdbc/meta/DiscriminatorStrategy.java,3,19,108,4,3,93,69,23.250000,78,69,19.500000,1772,1263,443.000000,40.285714,28.715608,1,0,0,NO
OPENJPA,openjpa-jdbc/src/main/java/org/apache/openjpa/jdbc/meta/Embeddable.java,3,19,111,4,3,98,82,24.500000,85,82,21.250000,2099,1263,524.750000,40.285714,32.168597,1,0,0,NO
OPENJPA,openjpa-jdbc/src/main/java/org/apache/openjpa/jdbc/meta/FieldStrategy.java,3,59,289,4,3,268,245,67.000000,247,245,61.750000,2099,1263,524.750000,40.285714,37.101335,1,0,0,NO
OPENJPA,openjpa-jdbc/src/main/java/org/apache/openjpa/jdbc/meta/JDBCOrder.java,3,9,200,7,2,123,55,17.571429,46,55,6.571429,3791,1263,541.571429,49.714286,39.658571,2,0,0,NO
OPENJPA,openjpa-jdbc/src/main/java/org/apache/openjpa/jdbc/meta/Joinable.java,3,22,115,4,3,103,86,25.750000,91,86,22.750000,1818,1263,454.500000,40.285714,31.747826,1,0,0,NO
OPENJPA,openjpa-jdbc/src/main/java/org/apache/openjpa/jdbc/meta/RelationId.java,3,6,266,10,2,152,35,15.200000,38,35,3.800000,4798,1263,479.800000,49.714286,39.288400,1,0,0,NO
OPENJPA,openjpa-jdbc/src/main/java/org/apache/openjpa/jdbc/meta/ReverseCustomizer.java,3,23,183,2,2,173,160,86.500000,163,160,81.500000,1739,1263,869.500000,40.285714,35.455894,1,0,0,NO
OPENJPA,openjpa-jdbc/src/main/java/org/apache/openjpa/jdbc/meta/Strategy.java,3,28,160,4,2,148,131,37.000000,136,131,34.000000,2000,1263,500.000000,40.285714,34.265179,1,0,0,NO
OPENJPA,openjpa-jdbc/src/main/java/org/apache/openjpa/jdbc/meta/ValueHandler.java,3,23,132,5,3,118,99,23.600000,104,99,20.800000,2138,1263,427.600000,40.285714,32.949134,1,0,0,NO
OPENJPA,openjpa-jdbc/src/main/java/org/apache/openjpa/jdbc/meta/ValueMapping.java,3,58,301,5,3,285,265,57.000000,269,265,53.800000,2025,1263,405.000000,40.285714,37.035121,1,0,0,NO
OPENJPA,openjpa-jdbc/src/main/java/org/apache/openjpa/jdbc/meta/VersionMappingInfo.java,3,40,117,3,2,103,90,34.333333,89,90,29.666667,1761,1263,587.000000,40.285714,32.731380,1,0,0,YES
OPENJPA,openjpa-jdbc/src/main/java/org/apache/openjpa/jdbc/meta/VersionStrategy.java,3,19,97,2,2,87,74,43.500000,77,74,38.500000,1739,1263,869.500000,40.285714,31.173785,1,0,0,NO
OPENJPA,openjpa-jdbc/src/main/java/org/apache/openjpa/jdbc/meta/strats/AbstractClassStrategy.java,3,45,102,2,2,92,79,46.000000,82,79,41.000000,1739,1263,869.500000,40.285714,31.620448,1,0,0,NO
OPENJPA,openjpa-jdbc/src/main/java/org/apache/openjpa/jdbc/meta/strats/AbstractDiscriminatorStrategy.java,3,49,120,4,3,108,89,27.000000,96,89,24.000000,1772,1263,443.000000,40.285714,31.815476,1,0,0,NO
OPENJPA,openjpa-jdbc/src/main/java/org/apache/openjpa/jdbc/meta/strats/AbstractStrategy.java,3,43,101,2,2,91,78,45.500000,81,78,40.500000,1739,1263,869.500000,40.285714,31.534653,1,0,0,NO
OPENJPA,openjpa-jdbc/src/main/java/org/apache/openjpa/jdbc/meta/strats/AbstractValueHandler.java,3,31,85,3,3,73,58,24.333333,61,58,20.333333,1877,1263,625.666667,40.285714,29.826891,1,0,0,NO
OPENJPA,openjpa-jdbc/src/main/java/org/apache/openjpa/jdbc/meta/strats/AbstractVersionStrategy.java,3,34,90,2,2,80,67,40.000000,70,67,35.000000,1739,1263,869.500000,40.285714,30.465079,1,0,0,NO
OPENJPA,openjpa-jdbc/src/main/java/org/apache/openjpa/jdbc/meta/strats/BlobValueHandler.java,3,20,71,2,2,61,48,30.500000,51,48,25.500000,1739,1263,869.500000,40.285714,27.837022,1,0,0,NO
OPENJPA,openjpa-jdbc/src/main/java/org/apache/openjpa/jdbc/meta/strats/ClobValueHandler.java,3,20,71,2,2,61,48,30.500000,51,48,25.500000,1739,1263,869.500000,40.285714,27.837022,1,0,0,NO
OPENJPA,openjpa-jdbc/src/main/java/org/apache/openjpa/jdbc/meta/strats/IdentityJoinable.java,3,50,111,4,3,99,83,24.750000,87,83,21.750000,1789,1263,447.250000,40.285714,31.839125,1,0,0,NO
OPENJPA,openjpa-jdbc/src/main/java/org/apache/openjpa/jdbc/meta/strats/LRSCollectionFieldStrategy.java,3,28,125,3,3,112,96,37.333333,99,96,33.000000,1877,1263,625.666667,40.285714,33.153143,1,0,0,NO
OPENJPA,openjpa-jdbc/src/main/java/org/apache/openjpa/jdbc/meta/strats/LRSMapFieldStrategy.java,3,41,186,3,3,169,149,56.333333,152,149,50.666667,1877,1263,625.666667,40.285714,35.437020,1,0,0,NO
OPENJPA,openjpa-jdbc/src/main/java/org/apache/openjpa/jdbc/schema/DriverDataSource.java,3,23,135,4,3,123,64,30.750000,111,64,27.750000,1795,1263,448.750000,40.285714,29.881481,1,0,0,NO
OPENJPA,openjpa-jdbc/src/main/java/org/apache/openjpa/jdbc/schema/SchemaFactory.java,3,5,394,9,2,218,55,24.222222,42,55,4.666667,4576,1263,508.444444,49.714286,40.722625,1,0,0,NO
OPENJPA,openjpa-jdbc/src/main/java/org/apache/openjpa/jdbc/schema/SchemaParser.java,3,10,85,2,2,75,62,37.500000,65,62,32.500000,1739,1263,869.500000,40.285714,29.887395,1,0,0,NO
OPENJPA,openjpa-jdbc/src/main/java/org/apache/openjpa/jdbc/schema/SchemaSerializer.java,3,13,101,2,2,91,78,45.500000,81,78,40.500000,1739,1263,869.500000,40.285714,31.534653,1,0,0,NO
OPENJPA,openjpa-jdbc/src/main/java/org/apache/openjpa/jdbc/schema/Unique.java,3,15,436,9,2,246,55,27.333333,56,55,6.222222,4576,1263,508.444444,49.714286,40.746068,1,0,0,YES
OPENJPA,openjpa-jdbc/src/main/java/org/apache/openjpa/jdbc/sql/CacheDictionary.java,3,16,65,2,2,55,42,27.500000,45,42,22.500000,1739,1263,869.500000,40.285714,26.687912,1,0,0,NO
OPENJPA,openjpa-jdbc/src/main/java/org/apache/openjpa/jdbc/sql/Calendard.java,3,10,264,9,2,151,35,16.777778,38,35,4.222222,4576,1263,508.444444,49.714286,39.326299,1,0,0,NO
OPENJPA,openjpa-jdbc/src/main/java/org/apache/openjpa/jdbc/sql/Raw.java,3,10,214,9,2,126,30,14.000000,38,30,4.222222,4576,1263,508.444444,49.714286,38.557410,1,0,0,NO
OPENJPA,openjpa-jdbc/src/main/java/org/apache/openjpa/jdbc/sql/Result.java,3,174,601,3,3,588,572,196.000000,575,572,191.666667,1877,1263,625.666667,40.285714,38.802234,1,0,0,NO
OPENJPA,openjpa-jdbc/src/main/java/org/apache/openjpa/jdbc/sql/Row.java,3,163,543,2,2,533,520,266.500000,523,520,261.500000,1739,1263,869.500000,40.285714,38.657985,1,0,0,NO
OPENJPA,openjpa-jdbc/src/main/java/org/apache/openjpa/jdbc/sql/RowManager.java,3,14,94,2,2,84,71,42.000000,74,71,37.000000,1739,1263,869.500000,40.285714,30.882979,1,0,0,NO
OPENJPA,openjpa-jdbc/src/main/java/org/apache/openjpa/jdbc/sql/SQLFactory.java,3,6,296,9,2,171,40,19.000000,46,35,5.111111,4576,1263,508.444444,49.714286,39.553089,1,0,0,NO
OPENJPA,openjpa-jdbc/src/main/java/org/apache/openjpa/jdbc/sql/Select.java,3,133,751,6,3,720,668,120.000000,689,668,114.833333,1926,1263,321.000000,40.285714,38.783337,1,0,0,NO
OPENJPA,openjpa-jdbc/src/main/java/org/apache/openjpa/jdbc/sql/SelectExecutor.java,3,29,200,5,4,169,122,33.800000,138,122,27.600000,1776,1263,355.200000,40.285714,25.997857,1,0,0,NO
OPENJPA,openjpa-jdbc/src/main/java/org/apache/openjpa/jdbc/sql/Sized.java,3,9,240,10,2,138,31,13.800000,36,30,3.600000,4577,1263,457.700000,49.714286,38.926190,1,0,0,NO
OPENJPA,openjpa-jdbc/src/main/java/org/apache/openjpa/jdbc/sql/Union.java,3,12,113,3,3,89,76,29.666667,65,76,21.666667,1752,1263,584.000000,40.285714,28.039191,1,0,0,NO
OPENJPA,openjpa-kernel/src/main/java/org/apache/openjpa/ant/ApplicationIdToolTask.java,3,45,132,3,2,122,94,40.666667,112,94,37.333333,1430,1263,476.666667,34.285714,27.433983,0,0,0,NO
OPENJPA,openjpa-kernel/src/main/java/org/apache/openjpa/ant/PCEnhancerTask.java,3,37,317,7,3,204,99,29.142857,91,86,13.000000,3217,1263,459.571429,41.428571,38.393871,1,0,0,NO
OPENJPA,openjpa-kernel/src/main/java/org/apache/openjpa/conf/BrokerFactoryValue.java,3,46,403,16,3,245,47,15.312500,87,43,5.437500,3354,1263,209.625000,41.428571,35.343495,1,0,0,NO
OPENJPA,openjpa-kernel/src/main/java/org/apache/openjpa/conf/OpenJPAConfiguration.java,3,255,4371,14,4,2880,1336,205.714286,1389,1324,99.214286,3611,1263,257.928571,41.428571,40.657679,1,0,0,NO
OPENJPA,openjpa-kernel/src/main/java/org/apache/openjpa/conf/OpenJPAProductDerivation.java,3,10,385,14,4,214,53,15.285714,43,53,3.071429,3909,1263,279.214286,49.714286,37.953989,2,0,0,NO
OPENJPA,openjpa-kernel/src/main/java/org/apache/openjpa/conf/SeqValue.java,3,18,157,4,2,103,46,25.750000,49,41,12.250000,3110,1263,777.500000,41.428571,35.541401,1,0,0,NO
OPENJPA,openjpa-kernel/src/main/java/org/apache/openjpa/datacache/DataCache.java,3,34,861,6,3,561,258,93.500000,261,242,43.500000,3337,1263,556.166667,41.428571,40.141198,1,0,0,NO
OPENJPA,openjpa-kernel/src/main/java/org/apache/openjpa/datacache/DataCacheManager.java,3,14,265,4,2,171,74,42.750000,77,71,19.250000,3110,1263,777.500000,41.428571,37.822102,1,0,0,NO
OPENJPA,openjpa-kernel/src/main/java/org/apache/openjpa/datacache/DataCachePCData.java,3,6,201,7,2,118,32,16.857143,35,30,5.000000,3805,1263,543.571429,49.714286,38.371002,2,0,0,NO
OPENJPA,openjpa-kernel/src/main/java/org/apache/openjpa/datacache/ExpirationListener.java,3,4,201,8,2,117,30,14.625000,33,30,4.125000,4027,1263,503.375000,49.714286,38.299218,2,0,0,NO
OPENJPA,openjpa-kernel/src/main/java/org/apache/openjpa/datacache/QueryCache.java,3,18,476,6,2,307,138,51.166667,138,130,23.000000,3382,1263,563.666667,41.428571,39.287815,1,0,0,NO
OPENJPA,openjpa-kernel/src/main/java/org/apache/openjpa/datacache/TypesChangedListener.java,3,4,201,8,2,117,30,14.625000,33,30,4.125000,4027,1263,503.375000,49.714286,38.299218,2,0,0,NO
OPENJPA,openjpa-kernel/src/main/java/org/apache/openjpa/enhance/DynamicStorage.java,3,25,441,5,2,291,138,58.200000,141,135,28.200000,3332,1263,666.400000,41.428571,39.238743,1,0,0,NO
OPENJPA,openjpa-kernel/src/main/java/org/apache/openjpa/enhance/FieldConsumer.java,3,13,239,4,2,157,72,39.250000,75,69,18.750000,3110,1263,777.500000,41.428571,37.528990,1,0,0,NO
OPENJPA,openjpa-kernel/src/main/java/org/apache/openjpa/enhance/FieldManager.java,3,4,187,8,2,107,30,13.375000,27,30,3.375000,4100,1263,512.500000,49.714286,38.253629,1,0,0,NO
OPENJPA,openjpa-kernel/src/main/java/org/apache/openjpa/enhance/FieldSupplier.java,3,13,239,4,2,157,72,39.250000,75,69,18.750000,3110,1263,777.500000,41.428571,37.528990,1,0,0,NO
OPENJPA,openjpa-kernel/src/main/java/org/apache/openjpa/enhance/PersistenceCapable.java,3,40,294,5,3,194,91,38.800000,94,87,18.800000,3119,1263,623.800000,41.428571,37.797376,1,0,0,NO
OPENJPA,openjpa-kernel/src/main/java/org/apache/openjpa/enhance/StateManager.java,3,69,880,6,4,583,282,97.166667,286,277,47.666667,3159,1263,526.500000,41.428571,39.983279,1,0,0,NO
OPENJPA,openjpa-kernel/src/main/java/org/apache/openjpa/event/AbstractLifecycleListener.java,3,42,264,4,2,174,81,43.500000,84,77,21.000000,3110,1263,777.500000,41.428571,37.889069,1,0,0,NO
OPENJPA,openjpa-kernel/src/main/java/org/apache/openjpa/event/AbstractRemoteCommitProvider.java,3,32,222,5,2,146,67,29.200000,70,63,14.000000,3332,1263,666.400000,41.428571,37.175676,1,0,0,NO
OPENJPA,openjpa-kernel/src/main/java/org/apache/openjpa/event/AbstractTransactionListener.java,3,33,239,5,2,156,70,31.200000,73,67,14.600000,3332,1263,666.400000,41.428571,37.466826,1,0,0,NO
OPENJPA,openjpa-kernel/src/main/java/org/apache/openjpa/event/AttachListener.java,3,5,249,7,2,143,40,20.428571,37,40,5.285714,3805,1263,543.571429,49.714286,39.431440,2,0,0,NO
OPENJPA,openjpa-kernel/src/main/java/org/apache/openjpa/event/BeginTransactionListener.java,3,4,226,8,2,131,35,16.375000,36,35,4.500000,4027,1263,503.375000,49.714286,38.869153,2,0,0,NO
OPENJPA,openjpa-kernel/src/main/java/org/apache/openjpa/event/ClearListener.java,3,5,252,8,2,145,35,18.125000,38,35,4.750000,4100,1263,512.500000,49.714286,39.342404,1,0,0,NO
OPENJPA,openjpa-kernel/src/main/java/org/apache/openjpa/event/DeleteListener.java,3,5,252,8,2,145,35,18.125000,38,35,4.750000,4100,1263,512.500000,49.714286,39.342404,1,0,0,NO
OPENJPA,openjpa-kernel/src/main/java/org/apache/openjpa/event/DetachListener.java,3,5,249,7,2,143,40,20.428571,37,40,5.285714,3805,1263,543.571429,49.714286,39.431440,2,0,0,NO
OPENJPA,openjpa-kernel/src/main/java/org/apache/openjpa/event/DirtyListener.java,3,7,344,7,2,196,60,28.000000,48,60,6.857143,3805,1263,543.571429,49.714286,40.612542,2,0,0,NO
OPENJPA,openjpa-kernel/src/main/java/org/apache/openjpa/event/EndTransactionListener.java,3,9,249,5,2,161,70,32.200000,73,67,14.600000,3332,1263,666.400000,41.428571,37.614458,1,0,0,NO
OPENJPA,openjpa-kernel/src/main/java/org/apache/openjpa/event/ExceptionOrphanedKeyAction.java,3,14,304,8,2,173,53,21.625000,42,53,5.250000,4027,1263,503.375000,49.714286,40.208647,2,0,0,NO
OPENJPA,openjpa-kernel/src/main/java/org/apache/openjpa/event/FlushTransactionListener.java,3,5,315,8,2,179,55,22.375000,43,55,5.375000,4027,1263,503.375000,49.714286,40.326984,2,0,0,NO
OPENJPA,openjpa-kernel/src/main/java/org/apache/openjpa/event/LifecycleListener.java,3,5,197,7,2,114,32,16.285714,31,32,4.428571,3805,1263,543.571429,49.714286,38.412618,2,0,0,NO
OPENJPA,openjpa-kernel/src/main/java/org/apache/openjpa/event/LoadListener.java,3,5,252,8,2,145,35,18.125000,38,35,4.750000,4100,1263,512.500000,49.714286,39.342404,1,0,0,NO
OPENJPA,openjpa-kernel/src/main/java/org/apache/openjpa/event/NoneOrphanedKeyAction.java,3,10,245,9,2,141,35,15.666667,37,35,4.111111,4322,1263,480.222222,49.714286,39.202915,1,0,0,NO
OPENJPA,openjpa-kernel/src/main/java/org/apache/openjpa/event/OrphanedKeyAction.java,3,6,149,5,2,96,40,19.200000,43,37,8.600000,3332,1263,666.400000,41.428571,35.131352,1,0,0,NO
OPENJPA,openjpa-kernel/src/main/java/org/apache/openjpa/event/PersistListener.java,3,5,247,7,2,142,40,20.285714,37,40,5.285714,3805,1263,543.571429,49.714286,39.417582,2,0,0,NO
OPENJPA,openjpa-kernel/src/main/java/org/apache/openjpa/event/RemoteCommitListener.java,3,7,238,5,2,149,65,29.800000,60,52,12.000000,3332,1263,666.400000,41.428571,37.421369,1,0,0,NO
OPENJPA,openjpa-kernel/src/main/java/org/apache/openjpa/event/RemoteCommitProvider.java,3,8,224,6,2,143,63,23.833333,62,55,10.333333,3346,1263,557.666667,41.428571,37.190689,1,0,0,NO
OPENJPA,openjpa-kernel/src/main/java/org/apache/openjpa/event/SingleJVMRemoteCommitProvider.java,3,23,252,6,3,158,66,26.333333,64,61,10.666667,3409,1263,568.166667,41.428571,37.419501,1,0,0,NO
OPENJPA,openjpa-kernel/src/main/java/org/apache/openjpa/event/StoreListener.java,3,5,228,7,2,133,35,19.000000,38,35,5.428571,3805,1263,543.571429,49.714286,38.954261,2,0,0,NO
OPENJPA,openjpa-kernel/src/main/java/org/apache/openjpa/event/TransactionListener.java,3,5,194,9,2,113,30,12.555556,32,30,3.555556,4028,1263,447.555556,49.714286,38.201767,2,0,0,NO
OPENJPA,openjpa-kernel/src/main/java/org/apache/openjpa/kernel/AbstractFieldManager.java,3,66,348,4,2,230,109,57.500000,112,105,28.000000,3110,1263,777.500000,41.428571,38.720443,1,0,0,NO
OPENJPA,openjpa-kernel/src/main/java/org/apache/openjpa/kernel/AbstractLockManager.java,3,30,259,5,2,171,80,34.200000,83,75,16.600000,3130,1263,626.000000,41.428571,37.821291,1,0,0,NO
OPENJPA,openjpa-kernel/src/main/java/org/apache/openjpa/kernel/Broker.java,3,122,2181,9,4,1449,665,161.000000,717,652,79.666667,3370,1263,374.444444,41.428571,40.135128,1,0,1,NO
OPENJPA,openjpa-kernel/src/main/java/org/apache/openjpa/kernel/BrokerFactory.java,3,21,338,6,3,221,101,36.833333,104,97,17.333333,3411,1263,568.500000,41.428571,38.418850,1,0,0,NO
OPENJPA,openjpa-kernel/src/main/java/org/apache/openjpa/kernel/Extent.java,3,17,295,4,2,193,90,48.250000,91,85,22.750000,3110,1263,777.500000,41.428571,38.246973,1,0,0,NO
OPENJPA,openjpa-kernel/src/main/java/org/apache/openjpa/kernel/FindCallbacks.java,3,5,317,8,2,180,55,22.500000,43,55,5.375000,3825,1263,478.125000,49.714286,40.373592,2,0,0,NO
OPENJPA,openjpa-kernel/src/main/java/org/apache/openjpa/kernel/LockManager.java,3,16,371,5,2,241,108,48.200000,111,103,22.200000,3130,1263,626.000000,41.428571,38.866384,1,0,0,NO
OPENJPA,openjpa-kernel/src/main/java/org/apache/openjpa/kernel/NoneLockManager.java,3,14,293,7,2,167,53,23.857143,41,53,5.857143,3805,1263,543.571429,49.714286,40.207216,2,0,0,NO
OPENJPA,openjpa-kernel/src/main/java/org/apache/openjpa/kernel/OpCallbacks.java,3,18,189,5,2,122,52,24.400000,55,48,11.000000,3130,1263,626.000000,41.428571,36.507181,1,0,0,NO
OPENJPA,openjpa-kernel/src/main/java/org/apache/openjpa/kernel/OpenJPAStateManager.java,3,83,1630,10,4,1065,495,106.500000,500,488,50.000000,3562,1263,356.200000,41.428571,40.583348,1,0,0,NO
OPENJPA,openjpa-kernel/src/main/java/org/apache/openjpa/kernel/PCData.java,3,20,373,6,3,240,108,40.000000,107,102,17.833333,3251,1263,541.833333,41.428571,38.757947,1,0,0,NO
OPENJPA,openjpa-kernel/src/main/java/org/apache/openjpa/kernel/Query.java,3,35,617,5,2,405,194,81.000000,193,187,38.600000,3332,1263,666.400000,41.428571,39.808752,1,0,0,NO
OPENJPA,openjpa-kernel/src/main/java/org/apache/openjpa/kernel/QueryContext.java,3,56,940,8,3,612,289,76.500000,284,282,35.500000,3416,1263,427.000000,41.428571,40.010334,1,0,1,NO
OPENJPA,openjpa-kernel/src/main/java/org/apache/openjpa/kernel/SavepointManager.java,3,5,253,9,2,146,36,16.222222,39,35,4.333333,4322,1263,480.222222,49.714286,39.270469,1,0,0,NO
OPENJPA,openjpa-kernel/src/main/java/org/apache/openjpa/kernel/Seq.java,3,15,243,4,2,158,70,39.500000,73,66,18.250000,3110,1263,777.500000,41.428571,37.582011,1,0,0,NO
OPENJPA,openjpa-kernel/src/main/java/org/apache/openjpa/kernel/StoreContext.java,3,75,1432,8,4,935,437,116.875000,438,430,54.750000,3514,1263,439.250000,41.428571,40.598464,1,0,0,NO
OPENJPA,openjpa-kernel/src/main/java/org/apache/openjpa/kernel/StoreManager.java,3,55,1522,11,4,974,427,88.545455,426,416,38.727273,3643,1263,331.181818,41.428571,40.546555,1,0,0,NO
OPENJPA,openjpa-kernel/src/main/java/org/apache/openjpa/kernel/StoreQuery.java,3,72,1074,8,3,698,314,87.250000,322,308,40.250000,3405,1263,425.625000,41.428571,40.108007,1,0,0,NO
OPENJPA,openjpa-kernel/src/main/java/org/apache/openjpa/kernel/exps/AbstractExpressionVisitor.java,3,12,62,3,2,52,24,17.333333,42,24,14.000000,1494,1263,498.000000,35.857143,20.306452,0,0,0,NO
OPENJPA,openjpa-kernel/src/main/java/org/apache/openjpa/kernel/exps/Add.java,3,11,237,7,2,139,38,19.857143,41,35,5.857143,3805,1263,543.571429,49.714286,39.042797,2,0,0,NO
OPENJPA,openjpa-kernel/src/main/java/org/apache/openjpa/kernel/exps/AggregateListener.java,3,12,244,5,2,158,69,31.600000,72,65,14.400000,3130,1263,626.000000,41.428571,37.591920,1,0,0,NO
OPENJPA,openjpa-kernel/src/main/java/org/apache/openjpa/kernel/exps/All.java,3,27,183,4,2,121,56,30.250000,59,49,14.750000,3110,1263,777.500000,41.428571,36.363778,1,0,0,NO
OPENJPA,openjpa-kernel/src/main/java/org/apache/openjpa/kernel/exps/Any.java,3,27,180,4,2,119,55,29.750000,58,48,14.500000,3110,1263,777.500000,41.428571,36.280952,1,0,0,NO
OPENJPA,openjpa-kernel/src/main/java/org/apache/openjpa/kernel/exps/Arguments.java,3,5,197,7,2,115,30,16.428571,33,30,4.714286,3805,1263,543.571429,49.714286,38.308920,2,0,0,NO
OPENJPA,openjpa-kernel/src/main/java/org/apache/openjpa/kernel/exps/Avg.java,3,31,203,4,2,134,62,33.500000,65,56,16.250000,3110,1263,777.500000,41.428571,36.853624,1,0,0,NO
OPENJPA,openjpa-kernel/src/main/java/org/apache/openjpa/kernel/exps/Constant.java,3,4,205,8,3,119,31,14.875000,33,30,4.125000,3831,1263,478.875000,49.714286,38.255052,2,0,0,NO
OPENJPA,openjpa-kernel/src/main/java/org/apache/openjpa/kernel/exps/Count.java,3,20,392,8,2,222,55,27.750000,52,55,6.500000,4100,1263,512.500000,49.714286,40.788994,1,0,0,NO
OPENJPA,openjpa-kernel/src/main/java/org/apache/openjpa/kernel/exps/Divide.java,3,11,240,7,2,141,39,20.142857,42,35,6.000000,3805,1263,543.571429,49.714286,39.071429,2,0,0,NO
OPENJPA,openjpa-kernel/src/main/java/org/apache/openjpa/kernel/exps/EndsWithExpression.java,3,12,275,7,2,158,45,22.571429,41,45,5.857143,3805,1263,543.571429,49.714286,39.811429,2,0,0,NO
OPENJPA,openjpa-kernel/src/main/java/org/apache/openjpa/kernel/exps/EqualExpression.java,3,11,239,7,2,140,39,20.000000,41,35,5.857143,3805,1263,543.571429,49.714286,39.060968,2,0,0,NO
OPENJPA,openjpa-kernel/src/main/java/org/apache/openjpa/kernel/exps/Expression.java,3,4,203,9,3,118,30,13.111111,33,30,3.666667,4190,1263,465.555556,49.714286,38.332864,1,0,0,NO
OPENJPA,openjpa-kernel/src/main/java/org/apache/openjpa/kernel/exps/ExpressionParser.java,3,14,204,4,2,134,61,33.500000,64,57,16.000000,3110,1263,777.500000,41.428571,36.876050,1,0,0,NO
OPENJPA,openjpa-kernel/src/main/java/org/apache/openjpa/kernel/exps/ExpressionVisitor.java,3,7,69,3,2,59,31,19.666667,49,31,16.333333,1494,1263,498.000000,35.857143,21.884058,0,0,0,NO
OPENJPA,openjpa-kernel/src/main/java/org/apache/openjpa/kernel/exps/FilterListener.java,3,12,317,5,2,203,89,40.600000,89,82,17.800000,3130,1263,626.000000,41.428571,38.441640,1,0,0,NO
OPENJPA,openjpa-kernel/src/main/java/org/apache/openjpa/kernel/exps/GreaterThanEqualExpression.java,3,12,280,7,2,161,45,23.000000,42,45,6.000000,3805,1263,543.571429,49.714286,39.837755,2,0,0,NO
OPENJPA,openjpa-kernel/src/main/java/org/apache/openjpa/kernel/exps/GreaterThanExpression.java,3,12,280,7,2,161,45,23.000000,42,45,6.000000,3805,1263,543.571429,49.714286,39.837755,2,0,0,NO
OPENJPA,openjpa-kernel/src/main/java/org/apache/openjpa/kernel/exps/LessThanEqualExpression.java,3,12,280,7,2,161,45,23.000000,42,45,6.000000,3805,1263,543.571429,49.714286,39.837755,2,0,0,NO
OPENJPA,openjpa-kernel/src/main/java/org/apache/openjpa/kernel/exps/LessThanExpression.java,3,12,280,7,2,161,45,23.000000,42,45,6.000000,3805,1263,543.571429,49.714286,39.837755,2,0,0,NO
OPENJPA,openjpa-kernel/src/main/java/org/apache/openjpa/kernel/exps/Literal.java,3,12,353,8,3,202,60,25.250000,51,60,6.375000,3831,1263,478.875000,49.714286,40.590854,2,0,0,NO
OPENJPA,openjpa-kernel/src/main/java/org/apache/openjpa/kernel/exps/Max.java,3,22,171,4,2,112,50,28.000000,53,46,13.250000,3110,1263,777.500000,41.428571,36.015873,1,0,0,NO
OPENJPA,openjpa-kernel/src/main/java/org/apache/openjpa/kernel/exps/Min.java,3,22,171,4,2,112,50,28.000000,53,46,13.250000,3110,1263,777.500000,41.428571,36.015873,1,0,0,NO
OPENJPA,openjpa-kernel/src/main/java/org/apache/openjpa/kernel/exps/Mod.java,3,11,240,7,2,141,39,20.142857,42,35,6.000000,3805,1263,543.571429,49.714286,39.071429,2,0,0,NO
OPENJPA,openjpa-kernel/src/main/java/org/apache/openjpa/kernel/exps/Multiply.java,3,11,278,7,2,160,45,22.857143,42,45,6.000000,3805,1263,543.571429,49.714286,39.827852,2,0,0,NO
OPENJPA,openjpa-kernel/src/main/java/org/apache/openjpa/kernel/exps/NotEqualExpression.java,3,11,239,7,2,140,39,20.000000,41,35,5.857143,3805,1263,543.571429,49.714286,39.060968,2,0,0,NO
OPENJPA,openjpa-kernel/src/main/java/org/apache/openjpa/kernel/exps/Parameter.java,3,6,217,8,3,128,36,16.000000,39,30,4.875000,3831,1263,478.875000,49.714286,38.522712,2,0,0,NO
OPENJPA,openjpa-kernel/src/main/java/org/apache/openjpa/kernel/exps/Path.java,3,7,369,9,3,207,55,23.000000,45,55,5.000000,4190,1263,465.555556,49.714286,40.740225,1,0,0,NO
OPENJPA,openjpa-kernel/src/main/java/org/apache/openjpa/kernel/exps/Resolver.java,3,8,182,4,2,118,51,29.500000,54,48,13.500000,3110,1263,777.500000,41.428571,36.331240,1,0,0,NO
OPENJPA,openjpa-kernel/src/main/java/org/apache/openjpa/kernel/exps/Size.java,3,20,157,4,2,103,46,25.750000,49,42,12.250000,3110,1263,777.500000,41.428571,35.544131,1,0,0,NO
OPENJPA,openjpa-kernel/src/main/java/org/apache/openjpa/kernel/exps/StartsWithExpression.java,3,12,275,7,2,158,45,22.571429,41,45,5.857143,3805,1263,543.571429,49.714286,39.811429,2,0,0,NO
OPENJPA,openjpa-kernel/src/main/java/org/apache/openjpa/kernel/exps/Subquery.java,3,6,261,10,3,150,37,15.000000,39,35,3.900000,4348,1263,434.800000,49.714286,39.275862,1,0,0,NO
OPENJPA,openjpa-kernel/src/main/java/org/apache/openjpa/kernel/exps/Subtract.java,3,11,278,7,2,160,45,22.857143,42,45,6.000000,3805,1263,543.571429,49.714286,39.827852,2,0,0,NO
OPENJPA,openjpa-kernel/src/main/java/org/apache/openjpa/kernel/exps/Sum.java,3,32,201,4,2,133,62,33.250000,65,55,16.250000,3110,1263,777.500000,41.428571,36.808813,1,0,0,NO
OPENJPA,openjpa-kernel/src/main/java/org/apache/openjpa/kernel/exps/Value.java,3,11,202,6,3,135,55,22.500000,68,52,11.333333,3227,1263,537.833333,41.428571,36.550212,1,0,0,NO
OPENJPA,openjpa-kernel/src/main/java/org/apache/openjpa/kernel/jpql/SimpleNode.java,3,7,220,9,2,127,31,14.111111,34,30,3.777778,4101,1263,455.666667,49.714286,38.794805,1,0,0,NO
OPENJPA,openjpa-kernel/src/main/java/org/apache/openjpa/meta/MetaDataContext.java,3,4,196,7,2,114,30,16.285714,32,30,4.571429,3805,1263,543.571429,49.714286,38.293732,2,0,0,NO
OPENJPA,openjpa-kernel/src/main/java/org/apache/openjpa/meta/MetaDataDefaults.java,3,16,290,11,5,191,64,17.363636,92,60,8.363636,3235,1263,294.090909,41.428571,35.384236,1,0,0,NO
OPENJPA,openjpa-kernel/src/main/java/org/apache/openjpa/meta/MetaDataFactory.java,3,29,461,5,3,304,138,60.800000,147,134,29.400000,3121,1263,624.200000,41.428571,38.991323,1,0,0,NO
OPENJPA,openjpa-kernel/src/main/java/org/apache/openjpa/meta/Order.java,3,10,338,8,2,195,55,24.375000,52,55,6.500000,3844,1263,480.500000,49.714286,40.225275,2,0,0,NO
OPENJPA,openjpa-kernel/src/main/java/org/apache/openjpa/meta/ValueMetaData.java,3,47,983,7,2,644,300,92.000000,305,296,43.571429,3382,1263,483.142857,41.428571,40.219590,1,0,0,NO
OPENJPA,openjpa-kernel/src/main/java/org/apache/openjpa/util/ChangeTracker.java,3,12,305,4,2,197,86,49.250000,89,83,22.250000,3110,1263,777.500000,41.428571,38.337237,1,0,0,NO
OPENJPA,openjpa-kernel/src/main/java/org/apache/openjpa/util/ClassResolver.java,3,6,155,5,2,100,43,20.000000,45,39,9.000000,3332,1263,666.400000,41.428571,35.372350,1,0,0,NO
OPENJPA,openjpa-kernel/src/main/java/org/apache/openjpa/util/ClassResolverImpl.java,3,26,194,5,2,128,59,25.600000,62,53,12.400000,3332,1263,666.400000,41.428571,36.575110,1,0,0,YES
OPENJPA,openjpa-kernel/src/main/java/org/apache/openjpa/util/CollectionChangeTracker.java,3,6,303,7,2,172,55,24.571429,41,55,5.857143,3805,1263,543.571429,49.714286,40.334748,2,0,0,NO
OPENJPA,openjpa-kernel/src/main/java/org/apache/openjpa/util/ExceptionInfo.java,3,16,273,6,2,178,80,29.666667,83,77,13.833333,3333,1263,555.500000,41.428571,37.683935,1,0,0,NO
OPENJPA,openjpa-kernel/src/main/java/org/apache/openjpa/util/GeneralException.java,3,22,321,8,2,187,53,23.375000,53,53,6.625000,3894,1263,486.750000,49.714286,40.206943,2,0,0,NO
OPENJPA,openjpa-kernel/src/main/java/org/apache/openjpa/util/InternalException.java,3,31,342,9,2,203,53,22.555556,64,53,7.111111,4116,1263,457.333333,49.714286,40.189223,2,0,0,NO
OPENJPA,openjpa-kernel/src/main/java/org/apache/openjpa/util/LRSProxy.java,3,4,198,9,2,114,30,12.666667,30,30,3.333333,4322,1263,480.222222,49.714286,38.353535,1,0,0,NO
OPENJPA,openjpa-kernel/src/main/java/org/apache/openjpa/util/MapChangeTracker.java,3,9,214,5,2,138,59,27.600000,62,55,12.400000,3160,1263,632.000000,41.428571,37.070093,1,0,0,NO
OPENJPA,openjpa-kernel/src/main/java/org/apache/openjpa/util/Proxy.java,3,9,211,5,3,136,59,27.200000,61,55,12.200000,3151,1263,630.200000,41.428571,36.811781,1,0,0,NO
OPENJPA,openjpa-kernel/src/main/java/org/apache/openjpa/util/ProxyBean.java,3,5,213,8,3,124,31,15.500000,35,30,4.375000,3846,1263,480.750000,49.714286,37.432596,2,0,0,NO
OPENJPA,openjpa-kernel/src/main/java/org/apache/openjpa/util/ProxyCollection.java,3,9,168,5,3,105,41,21.000000,42,36,8.400000,3151,1263,630.200000,41.428571,32.996599,1,0,0,NO
OPENJPA,openjpa-kernel/src/main/java/org/apache/openjpa/util/ProxyDate.java,3,5,204,8,3,119,31,14.875000,34,30,4.250000,3846,1263,480.750000,49.714286,38.201681,2,0,0,NO
OPENJPA,openjpa-kernel/src/main/java/org/apache/openjpa/util/ProxyManager.java,3,22,460,6,3,288,119,48.000000,116,116,19.333333,3373,1263,562.166667,41.428571,36.506211,1,0,0,NO
OPENJPA,openjpa-kernel/src/main/java/org/apache/openjpa/util/ProxyMap.java,3,10,167,5,3,107,40,21.400000,47,36,9.400000,3151,1263,630.200000,41.428571,32.820359,1,0,0,NO
OPENJPA,openjpa-kernel/src/main/java/org/apache/openjpa/util/RuntimeExceptionTranslator.java,3,6,220,7,2,128,35,18.285714,36,35,5.142857,3805,1263,543.571429,49.714286,38.867532,2,0,0,NO
OPENJPA,openjpa-kernel/src/main/java/org/apache/openjpa/util/StoreException.java,3,22,347,9,2,200,53,22.222222,53,53,5.888889,4116,1263,457.333333,49.714286,40.195554,2,0,0,NO
OPENJPA,openjpa-kernel/src/main/java/org/apache/openjpa/util/UnsupportedException.java,3,23,336,9,2,195,53,21.666667,54,53,6.000000,4116,1263,457.333333,49.714286,40.216412,2,0,0,NO
OPENJPA,openjpa-kernel/src/main/java/org/apache/openjpa/util/UserException.java,3,31,343,10,2,204,53,20.400000,65,53,6.500000,4122,1263,412.200000,49.714286,39.990421,2,0,1,NO
OPENJPA,openjpa-lib/src/main/java/org/apache/openjpa/lib/conf/AbstractProductDerivation.java,3,39,303,7,4,189,90,27.000000,75,90,10.714286,1445,1263,206.428571,31.428571,25.364451,0,0,0,NO
OPENJPA,openjpa-lib/src/main/java/org/apache/openjpa/lib/conf/Configurable.java,3,6,105,5,2,75,42,15.000000,45,42,9.000000,3181,1263,636.200000,43.285714,33.897959,2,0,0,NO
OPENJPA,openjpa-lib/src/main/java/org/apache/openjpa/lib/conf/ConfigurationProvider.java,3,8,297,9,4,176,71,19.555556,55,71,6.111111,3488,1263,387.555556,43.285714,34.836460,2,0,0,NO
OPENJPA,openjpa-lib/src/main/java/org/apache/openjpa/lib/conf/GenericConfigurable.java,3,5,123,6,2,82,39,13.666667,41,39,6.833333,3186,1263,531.000000,43.285714,34.969803,2,0,0,NO
OPENJPA,openjpa-lib/src/main/java/org/apache/openjpa/lib/conf/ValueListener.java,3,4,102,6,2,67,31,11.166667,32,31,5.333333,3315,1263,552.500000,49.714286,35.600840,2,0,0,NO
OPENJPA,openjpa-lib/src/main/java/org/apache/openjpa/lib/jdbc/ConnectionDecorator.java,3,6,112,6,2,74,35,12.333333,36,35,6.000000,3315,1263,552.500000,49.714286,36.464286,2,0,0,NO
OPENJPA,openjpa-lib/src/main/java/org/apache/openjpa/lib/jdbc/JDBCEvent.java,3,50,278,5,2,220,157,44.000000,162,157,32.400000,3181,1263,636.200000,43.285714,39.629496,2,0,0,NO
OPENJPA,openjpa-lib/src/main/java/org/apache/openjpa/lib/jdbc/JDBCListener.java,3,15,168,5,2,129,86,25.800000,90,86,18.000000,3181,1263,636.200000,43.285714,37.367347,2,0,0,NO
OPENJPA,openjpa-lib/src/main/java/org/apache/openjpa/lib/log/AbstractLog.java,3,74,292,7,2,216,159,30.857143,140,159,20.000000,3760,1263,537.142857,43.285714,39.500000,2,0,0,NO
OPENJPA,openjpa-lib/src/main/java/org/apache/openjpa/lib/log/LogFactory.java,3,4,98,6,2,65,30,10.833333,32,30,5.333333,3315,1263,552.500000,49.714286,35.224490,2,0,0,NO
OPENJPA,openjpa-lib/src/main/java/org/apache/openjpa/lib/meta/MetaDataFilter.java,3,9,180,6,2,116,55,19.333333,52,55,8.666667,3315,1263,552.500000,49.714286,39.738095,2,0,0,NO
OPENJPA,openjpa-lib/src/main/java/org/apache/openjpa/lib/meta/MetaDataIterator.java,3,12,138,5,2,99,57,19.800000,60,57,12.000000,3181,1263,636.200000,43.285714,36.025880,2,0,0,NO
OPENJPA,openjpa-lib/src/main/java/org/apache/openjpa/lib/meta/MetaDataParser.java,3,17,195,6,2,141,84,23.500000,87,84,14.500000,3671,1263,611.833333,43.285714,38.012454,2,0,0,NO
OPENJPA,openjpa-lib/src/main/java/org/apache/openjpa/lib/meta/MetaDataSerializer.java,3,15,246,7,2,160,76,22.857143,74,76,10.571429,3721,1263,531.571429,43.285714,38.716609,2,0,0,NO
OPENJPA,openjpa-lib/src/main/java/org/apache/openjpa/lib/meta/SourceTracker.java,3,11,122,5,2,89,54,17.800000,56,54,11.200000,3181,1263,636.200000,43.285714,35.168618,2,0,0,NO
OPENJPA,openjpa-lib/src/main/java/org/apache/openjpa/lib/rop/AbstractSequentialResultList.java,3,72,234,5,2,175,130,35.000000,116,130,23.200000,3181,1263,636.200000,43.285714,38.962759,2,0,0,NO
OPENJPA,openjpa-lib/src/main/java/org/apache/openjpa/lib/rop/ResultList.java,3,9,171,5,2,114,62,22.800000,57,62,11.400000,3181,1263,636.200000,43.285714,37.259816,2,0,0,NO
OPENJPA,openjpa-lib/src/main/java/org/apache/openjpa/lib/util/BytecodeWriter.java,3,6,107,6,2,70,32,11.666667,33,32,5.500000,3315,1263,552.500000,49.714286,35.933244,2,0,0,NO
OPENJPA,openjpa-lib/src/main/java/org/apache/openjpa/lib/util/Bytes.java,3,79,195,3,3,181,164,60.333333,167,164,55.666667,1267,1263,422.333333,24.285714,21.410256,0,0,0,NO
OPENJPA,openjpa-lib/src/main/java/org/apache/openjpa/lib/util/EventManager.java,3,10,121,5,2,90,56,18.000000,59,56,11.800000,3181,1263,636.200000,43.285714,35.108619,2,0,0,NO
OPENJPA,openjpa-lib/src/main/java/org/apache/openjpa/lib/util/ParseException.java,3,21,172,8,2,113,53,14.125000,54,53,6.750000,3626,1263,453.250000,49.714286,39.127076,2,0,0,NO
OPENJPA,openjpa-lib/src/main/java/org/apache/openjpa/lib/util/ReferenceMap.java,3,10,123,5,2,88,50,17.600000,53,50,10.600000,3181,1263,636.200000,43.285714,35.171893,2,0,0,NO
OPENJPA,openjpa-lib/src/main/java/org/apache/openjpa/lib/util/ResourceBundleProvider.java,3,7,121,6,2,80,37,13.333333,39,37,6.500000,3315,1263,552.500000,49.714286,37.070838,2,0,0,NO
OPENJPA,openjpa-lib/src/main/java/org/apache/openjpa/lib/util/SizedMap.java,3,8,180,6,2,115,60,19.166667,50,60,8.333333,3315,1263,552.500000,49.714286,39.933333,2,0,0,NO
OPENJPA,openjpa-lib/src/main/java/org/apache/openjpa/lib/util/concurrent/ConcurrentMap.java,3,7,172,6,2,108,55,18.000000,44,55,7.333333,3315,1263,552.500000,49.714286,39.556478,2,0,0,NO
OPENJPA,openjpa-lib/src/main/java/org/apache/openjpa/lib/util/concurrent/Lock.java,3,9,692,6,2,487,328,81.166667,282,328,47.000000,3671,1263,611.833333,43.285714,41.500000,2,0,0,NO
OPENJPA,openjpa-lib/src/main/java/org/apache/openjpa/lib/util/concurrent/NanoTimer.java,3,4,100,5,2,74,46,14.800000,48,46,9.600000,3181,1263,636.200000,43.285714,33.422857,2,0,0,NO
OPENJPA,openjpa-lib/src/main/java/org/apache/openjpa/lib/util/concurrent/Queue.java,3,12,493,6,2,347,207,57.833333,201,207,33.500000,3671,1263,611.833333,43.285714,40.802956,2,0,0,NO
OPENJPA,openjpa-lib/src/main/java/org/apache/openjpa/lib/xml/Commentable.java,3,6,132,7,2,86,40,12.285714,40,40,5.714286,3537,1263,505.285714,49.714286,37.612554,2,0,0,NO
OPENJPA,openjpa-lib/src/main/java/org/apache/openjpa/lib/xml/ValidatingErrorHandler.java,3,15,164,6,2,105,53,17.500000,46,53,7.666667,3315,1263,552.500000,49.714286,39.314460,2,0,0,NO
OPENJPA,openjpa-persistence-jdbc/src/main/java/org/apache/openjpa/persistence/jdbc/ClassCriteria.java,3,11,297,9,2,168,53,18.666667,39,53,4.333333,4503,1263,500.333333,49.714286,40.149110,2,0,0,NO
OPENJPA,openjpa-persistence-jdbc/src/main/java/org/apache/openjpa/persistence/jdbc/Columns.java,3,12,299,9,2,169,53,18.777778,39,53,4.333333,4503,1263,500.333333,49.714286,40.150024,2,0,0,NO
OPENJPA,openjpa-persistence-jdbc/src/main/java/org/apache/openjpa/persistence/jdbc/ContainerTable.java,3,17,180,6,2,115,45,19.166667,50,42,8.333333,3808,1263,634.666667,41.428571,36.077778,1,0,0,NO
OPENJPA,openjpa-persistence-jdbc/src/main/java/org/apache/openjpa/persistence/jdbc/DataStoreIdColumn.java,3,14,315,9,2,180,53,20.000000,45,53,5.000000,4503,1263,500.333333,49.714286,40.186848,2,0,0,NO
OPENJPA,openjpa-persistence-jdbc/src/main/java/org/apache/openjpa/persistence/jdbc/DiscriminatorStrategy.java,3,10,255,10,2,146,35,14.600000,37,35,3.700000,4798,1263,479.800000,49.714286,39.253782,1,0,0,NO
OPENJPA,openjpa-persistence-jdbc/src/main/java/org/apache/openjpa/persistence/jdbc/EagerFetchMode.java,3,11,298,9,2,168,53,18.666667,38,53,4.222222,4503,1263,500.333333,49.714286,40.149569,2,0,0,NO
OPENJPA,openjpa-persistence-jdbc/src/main/java/org/apache/openjpa/persistence/jdbc/ElementClassCriteria.java,3,11,297,9,2,168,53,18.666667,39,53,4.333333,4503,1263,500.333333,49.714286,40.149110,2,0,0,NO
OPENJPA,openjpa-persistence-jdbc/src/main/java/org/apache/openjpa/persistence/jdbc/ElementForeignKey.java,3,15,176,6,2,111,45,18.500000,46,42,7.666667,3808,1263,634.666667,41.428571,35.982143,1,0,0,NO
OPENJPA,openjpa-persistence-jdbc/src/main/java/org/apache/openjpa/persistence/jdbc/ElementIndex.java,3,13,308,9,2,175,53,19.444444,42,53,4.666667,4503,1263,500.333333,49.714286,40.169759,2,0,0,NO
OPENJPA,openjpa-persistence-jdbc/src/main/java/org/apache/openjpa/persistence/jdbc/ElementJoinColumn.java,3,18,182,6,2,117,45,19.500000,52,42,8.666667,3808,1263,634.666667,41.428571,36.124019,1,0,0,NO
OPENJPA,openjpa-persistence-jdbc/src/main/java/org/apache/openjpa/persistence/jdbc/ElementJoinColumns.java,3,11,299,9,2,169,53,18.777778,39,53,4.333333,4503,1263,500.333333,49.714286,40.150024,2,0,0,NO
OPENJPA,openjpa-persistence-jdbc/src/main/java/org/apache/openjpa/persistence/jdbc/ElementNonpolymorphic.java,3,11,299,9,2,169,53,18.777778,39,53,4.333333,4503,1263,500.333333,49.714286,40.150024,2,0,0,NO
OPENJPA,openjpa-persistence-jdbc/src/main/java/org/apache/openjpa/persistence/jdbc/EmbeddedMapping.java,3,15,311,9,2,178,53,19.777778,45,53,5.000000,4503,1263,500.333333,49.714286,40.170877,2,0,0,NO
OPENJPA,openjpa-persistence-jdbc/src/main/java/org/apache/openjpa/persistence/jdbc/ForeignKey.java,3,16,321,9,2,185,53,20.555556,49,53,5.444444,4503,1263,500.333333,49.714286,40.188696,2,0,0,NO
OPENJPA,openjpa-persistence-jdbc/src/main/java/org/apache/openjpa/persistence/jdbc/Index.java,3,15,312,9,2,179,53,19.888889,46,53,5.111111,4503,1263,500.333333,49.714286,40.171245,2,0,0,NO
OPENJPA,openjpa-persistence-jdbc/src/main/java/org/apache/openjpa/persistence/jdbc/JDBCFetchPlan.java,3,22,348,8,4,243,109,30.375000,138,109,17.250000,2087,1263,260.875000,40.285714,27.302956,1,0,0,NO
OPENJPA,openjpa-persistence-jdbc/src/main/java/org/apache/openjpa/persistence/jdbc/MappingOverride.java,3,15,316,9,2,181,53,20.111111,46,53,5.111111,4503,1263,500.333333,49.714286,40.187161,2,0,0,NO
OPENJPA,openjpa-persistence-jdbc/src/main/java/org/apache/openjpa/persistence/jdbc/MappingOverrides.java,3,10,209,7,2,123,36,17.571429,37,34,5.285714,4091,1263,584.428571,43.000000,37.153794,1,0,0,NO
OPENJPA,openjpa-persistence-jdbc/src/main/java/org/apache/openjpa/persistence/jdbc/MappingTag.java,3,59,110,3,3,100,86,33.333333,90,86,30.000000,1743,1263,581.000000,40.285714,32.016883,1,0,0,NO
OPENJPA,openjpa-persistence-jdbc/src/main/java/org/apache/openjpa/persistence/jdbc/Nonpolymorphic.java,3,11,298,9,2,168,53,18.666667,38,53,4.222222,4503,1263,500.333333,49.714286,40.149569,2,0,0,NO
OPENJPA,openjpa-persistence-jdbc/src/main/java/org/apache/openjpa/persistence/jdbc/OrderColumn.java,3,16,314,9,2,181,53,20.111111,48,53,5.333333,4503,1263,500.333333,49.714286,40.171975,2,0,0,NO
OPENJPA,openjpa-persistence-jdbc/src/main/java/org/apache/openjpa/persistence/jdbc/Strategy.java,3,10,259,10,2,148,35,14.800000,37,35,3.700000,4798,1263,479.800000,49.714286,39.269719,1,0,0,NO
OPENJPA,openjpa-persistence-jdbc/src/main/java/org/apache/openjpa/persistence/jdbc/SubclassFetchMode.java,3,10,209,7,2,123,36,17.571429,37,34,5.285714,4091,1263,584.428571,43.000000,37.153794,1,0,0,NO
OPENJPA,openjpa-persistence-jdbc/src/main/java/org/apache/openjpa/persistence/jdbc/Unique.java,3,14,310,9,2,177,53,19.666667,44,53,4.888889,4503,1263,500.333333,49.714286,40.170507,2,0,0,NO
OPENJPA,openjpa-persistence-jdbc/src/main/java/org/apache/openjpa/persistence/jdbc/VersionColumn.java,3,17,321,9,2,186,53,20.666667,51,53,5.666667,4503,1263,500.333333,49.714286,40.188696,2,0,0,NO
OPENJPA,openjpa-persistence-jdbc/src/main/java/org/apache/openjpa/persistence/jdbc/VersionColumns.java,3,10,209,7,2,123,36,17.571429,37,34,5.285714,4091,1263,584.428571,43.000000,37.153794,1,0,0,NO
OPENJPA,openjpa-persistence-jdbc/src/main/java/org/apache/openjpa/persistence/jdbc/VersionStrategy.java,3,10,255,10,2,146,35,14.600000,37,35,3.700000,4798,1263,479.800000,49.714286,39.253782,1,0,0,NO
OPENJPA,openjpa-persistence-jdbc/src/main/java/org/apache/openjpa/persistence/jdbc/XJoinColumn.java,3,19,184,6,2,119,45,19.833333,54,42,9.000000,3808,1263,634.666667,41.428571,36.169255,1,0,0,NO
OPENJPA,openjpa-persistence-jdbc/src/main/java/org/apache/openjpa/persistence/jdbc/XJoinColumns.java,3,11,304,9,2,171,53,19.000000,38,53,4.222222,4503,1263,500.333333,49.714286,40.168233,2,0,0,NO
OPENJPA,openjpa-persistence-jdbc/src/main/java/org/apache/openjpa/persistence/jdbc/XSecondaryTable.java,3,17,320,9,2,185,53,20.555556,50,53,5.555556,4503,1263,500.333333,49.714286,40.188393,2,0,0,NO
OPENJPA,openjpa-persistence-jdbc/src/main/java/org/apache/openjpa/persistence/jdbc/XSecondaryTables.java,3,10,209,7,2,123,36,17.571429,37,34,5.285714,4091,1263,584.428571,43.000000,37.153794,1,0,0,NO
OPENJPA,openjpa-persistence-jdbc/src/main/java/org/apache/openjpa/persistence/jdbc/XTable.java,3,15,317,9,2,182,53,20.222222,47,53,5.222222,4503,1263,500.333333,49.714286,40.187472,2,0,0,NO
OPENJPA,openjpa-persistence/src/main/java/org/apache/openjpa/persistence/DataCache.java,3,12,299,8,2,170,53,21.250000,41,53,5.125000,4027,1263,503.375000,49.714286,40.181558,2,0,0,NO
OPENJPA,openjpa-persistence/src/main/java/org/apache/openjpa/persistence/DataStoreId.java,3,12,296,8,2,168,53,21.000000,40,53,5.000000,4027,1263,503.375000,49.714286,40.169884,2,0,0,NO
OPENJPA,openjpa-persistence/src/main/java/org/apache/openjpa/persistence/Dependent.java,3,11,290,8,2,164,53,20.500000,38,53,4.750000,4027,1263,503.375000,49.714286,40.145813,2,0,0,NO
OPENJPA,openjpa-persistence/src/main/java/org/apache/openjpa/persistence/DetachedState.java,3,12,296,8,2,168,53,21.000000,40,53,5.000000,4027,1263,503.375000,49.714286,40.169884,2,0,0,NO
OPENJPA,openjpa-persistence/src/main/java/org/apache/openjpa/persistence/ElementDependent.java,3,11,290,8,2,164,53,20.500000,38,53,4.750000,4027,1263,503.375000,49.714286,40.145813,2,0,0,NO
OPENJPA,openjpa-persistence/src/main/java/org/apache/openjpa/persistence/ElementType.java,3,11,295,8,2,167,53,20.875000,39,53,4.875000,4027,1263,503.375000,49.714286,40.164649,2,0,0,NO
OPENJPA,openjpa-persistence/src/main/java/org/apache/openjpa/persistence/Extent.java,3,14,525,8,4,301,137,37.625000,77,133,9.625000,3693,1263,461.625000,41.428571,38.222585,1,0,0,NO
OPENJPA,openjpa-persistence/src/main/java/org/apache/openjpa/persistence/ExternalValues.java,3,11,298,8,2,169,53,21.125000,40,53,5.000000,4027,1263,503.375000,49.714286,40.176414,2,0,0,NO
OPENJPA,openjpa-persistence/src/main/java/org/apache/openjpa/persistence/Externalizer.java,3,11,295,8,2,167,53,20.875000,39,53,4.875000,4027,1263,503.375000,49.714286,40.164649,2,0,0,NO
OPENJPA,openjpa-persistence/src/main/java/org/apache/openjpa/persistence/Factory.java,3,11,295,8,2,167,53,20.875000,39,53,4.875000,4027,1263,503.375000,49.714286,40.164649,2,0,0,NO
OPENJPA,openjpa-persistence/src/main/java/org/apache/openjpa/persistence/FetchAttribute.java,3,10,262,10,3,153,35,15.300000,44,35,4.400000,4460,1263,446.000000,49.714286,39.290622,1,0,0,NO
OPENJPA,openjpa-persistence/src/main/java/org/apache/openjpa/persistence/FetchGroup.java,3,13,215,8,3,135,36,16.875000,55,34,6.875000,3755,1263,469.375000,43.000000,37.059136,1,0,0,NO
OPENJPA,openjpa-persistence/src/main/java/org/apache/openjpa/persistence/FetchGroups.java,3,10,247,9,2,142,35,15.777778,37,35,4.111111,4322,1263,480.222222,49.714286,39.220359,1,0,0,NO
OPENJPA,openjpa-persistence/src/main/java/org/apache/openjpa/persistence/FetchPlan.java,3,49,1758,11,4,1020,463,92.727273,282,459,25.636364,3583,1263,325.727273,41.428571,39.589631,1,0,0,NO
OPENJPA,openjpa-persistence/src/main/java/org/apache/openjpa/persistence/Generator.java,3,11,375,7,4,218,99,31.142857,61,95,8.714286,3430,1263,490.000000,41.428571,37.647238,1,0,0,NO
OPENJPA,openjpa-persistence/src/main/java/org/apache/openjpa/persistence/InverseLogical.java,3,11,290,8,2,164,53,20.500000,38,53,4.750000,4027,1263,503.375000,49.714286,40.145813,2,0,0,NO
OPENJPA,openjpa-persistence/src/main/java/org/apache/openjpa/persistence/KeyDependent.java,3,11,290,8,2,164,53,20.500000,38,53,4.750000,4027,1263,503.375000,49.714286,40.145813,2,0,0,NO
OPENJPA,openjpa-persistence/src/main/java/org/apache/openjpa/persistence/KeyType.java,3,11,295,8,2,167,53,20.875000,39,53,4.875000,4027,1263,503.375000,49.714286,40.164649,2,0,0,NO
OPENJPA,openjpa-persistence/src/main/java/org/apache/openjpa/persistence/LRS.java,3,11,290,8,2,164,53,20.500000,38,53,4.750000,4027,1263,503.375000,49.714286,40.145813,2,0,0,NO
OPENJPA,openjpa-persistence/src/main/java/org/apache/openjpa/persistence/LoadFetchGroup.java,3,11,297,9,4,167,53,18.555556,37,53,4.111111,3817,1263,424.111111,49.714286,40.120250,2,0,0,NO
OPENJPA,openjpa-persistence/src/main/java/org/apache/openjpa/persistence/MetaDataTag.java,3,50,251,7,4,166,76,23.714286,81,72,11.571429,3127,1263,446.714286,41.428571,37.607285,1,0,1,NO
OPENJPA,openjpa-persistence/src/main/java/org/apache/openjpa/persistence/OpenJPAEntityManager.java,3,160,2868,8,3,1908,909,238.500000,948,891,118.500000,3405,1263,425.625000,41.428571,40.651624,1,0,0,NO
OPENJPA,openjpa-persistence/src/main/java/org/apache/openjpa/persistence/OpenJPAEntityManagerFactory.java,3,23,367,6,3,238,105,39.666667,109,102,18.166667,3379,1263,563.166667,41.428571,38.381861,1,0,0,NO
OPENJPA,openjpa-persistence/src/main/java/org/apache/openjpa/persistence/OpenJPAQuery.java,3,58,666,6,3,441,213,73.500000,216,208,36.000000,3343,1263,557.166667,41.428571,39.779708,1,0,0,NO
OPENJPA,openjpa-persistence/src/main/java/org/apache/openjpa/persistence/PersistenceStrategy.java,3,13,242,7,2,143,41,20.428571,44,35,6.285714,3805,1263,543.571429,49.714286,39.091499,2,0,0,NO
OPENJPA,openjpa-persistence/src/main/java/org/apache/openjpa/persistence/Persistent.java,3,17,158,5,2,103,45,20.600000,48,42,9.600000,3332,1263,666.400000,41.428571,35.491863,1,0,0,NO
OPENJPA,openjpa-persistence/src/main/java/org/apache/openjpa/persistence/PersistentCollection.java,3,17,162,6,2,106,45,17.666667,50,42,8.333333,3337,1263,556.166667,41.428571,34.791887,1,0,1,NO
OPENJPA,openjpa-persistence/src/main/java/org/apache/openjpa/persistence/PersistentMap.java,3,19,170,5,2,111,49,22.200000,52,46,10.400000,3332,1263,666.400000,41.428571,35.904202,1,0,0,NO
OPENJPA,openjpa-persistence/src/main/java/org/apache/openjpa/persistence/QueryResultCache.java,3,11,435,7,4,249,114,35.571429,63,111,9.000000,3430,1263,490.000000,41.428571,37.915271,1,0,0,NO
OPENJPA,openjpa-persistence/src/main/java/org/apache/openjpa/persistence/ReadOnly.java,3,11,290,8,2,164,53,20.500000,38,53,4.750000,4027,1263,503.375000,49.714286,40.145813,2,0,0,NO
OPENJPA,openjpa-persistence/src/main/java/org/apache/openjpa/persistence/StoreCache.java,3,20,742,9,4,423,197,47.000000,104,191,11.555556,3983,1263,442.555556,41.428571,38.679630,1,0,0,NO
OPENJPA,openjpa-persistence/src/main/java/org/apache/openjpa/persistence/Type.java,3,11,295,8,2,167,53,20.875000,39,53,4.875000,4027,1263,503.375000,49.714286,40.164649,2,0,0,NO
OPENJPA,openjpa-jdbc-5/src/main/java/org/apache/openjpa/jdbc/kernel/JDBC3SavepointManager.java,4,30,87,3,2,76,62,25.333333,65,62,21.666667,1961,1263,653.666667,57.857143,47.559934,1,0,0,NO
OPENJPA,openjpa-jdbc/src/main/java/org/apache/openjpa/jdbc/ant/MappingToolTask.java,4,108,249,6,4,234,211,39.000000,219,211,36.500000,2035,1263,339.166667,57.857143,52.618474,1,0,1,YES
OPENJPA,openjpa-jdbc/src/main/java/org/apache/openjpa/jdbc/ant/ReverseMappingToolTask.java,4,154,358,7,4,335,257,47.857143,312,257,44.571429,2003,1263,286.142857,57.857143,45.817638,1,0,1,NO
OPENJPA,openjpa-jdbc/src/main/java/org/apache/openjpa/jdbc/conf/FetchModeValue.java,4,21,73,3,2,63,49,21.000000,53,49,17.666667,1742,1263,580.666667,57.857143,45.733855,1,0,0,NO
OPENJPA,openjpa-jdbc/src/main/java/org/apache/openjpa/jdbc/conf/JDBCConfiguration.java,4,92,679,5,3,642,609,128.400000,605,609,121.000000,2063,1263,412.600000,57.857143,56.316221,1,0,0,NO
OPENJPA,openjpa-jdbc/src/main/java/org/apache/openjpa/jdbc/kernel/ConnectionInfo.java,4,9,261,9,2,148,35,16.444444,35,35,3.888889,4576,1263,508.444444,67.285714,56.886700,1,0,0,NO
OPENJPA,openjpa-jdbc/src/main/java/org/apache/openjpa/jdbc/kernel/DelegatingJDBCFetchConfiguration.java,4,194,309,8,3,286,233,35.750000,263,233,32.875000,2215,1263,276.875000,57.857143,50.181692,1,0,1,NO
OPENJPA,openjpa-jdbc/src/main/java/org/apache/openjpa/jdbc/kernel/JDBCFetchConfiguration.java,4,35,264,8,3,237,164,29.625000,210,164,26.250000,2215,1263,276.875000,57.857143,47.168290,1,0,1,NO
OPENJPA,openjpa-jdbc/src/main/java/org/apache/openjpa/jdbc/kernel/JDBCLockManager.java,4,9,69,2,2,59,46,29.500000,49,46,24.500000,1739,1263,869.500000,57.857143,45.047619,1,0,0,NO
OPENJPA,openjpa-jdbc/src/main/java/org/apache/openjpa/jdbc/kernel/JDBCSeq.java,4,8,277,9,2,159,35,17.666667,41,35,4.555556,4576,1263,508.444444,67.285714,56.998969,1,0,0,NO
OPENJPA,openjpa-jdbc/src/main/java/org/apache/openjpa/jdbc/kernel/JDBCStore.java,4,22,145,6,3,121,106,20.166667,97,106,16.166667,2168,1263,361.333333,57.857143,51.182266,1,0,0,NO
OPENJPA,openjpa-jdbc/src/main/java/org/apache/openjpa/jdbc/kernel/PreparedStatementManager.java,4,8,293,9,2,170,40,18.888889,47,35,5.222222,4576,1263,508.444444,67.285714,57.105314,1,0,0,NO
OPENJPA,openjpa-jdbc/src/main/java/org/apache/openjpa/jdbc/kernel/UpdateManager.java,4,6,321,8,2,182,45,22.750000,43,45,5.375000,4281,1263,535.125000,67.285714,57.505118,2,0,0,NO
OPENJPA,openjpa-jdbc/src/main/java/org/apache/openjpa/jdbc/kernel/exps/AbstractVal.java,4,48,155,7,4,120,61,17.142857,85,61,12.142857,2095,1263,299.285714,57.857143,48.669124,1,0,0,NO
OPENJPA,openjpa-jdbc/src/main/java/org/apache/openjpa/jdbc/kernel/exps/All.java,4,10,215,9,2,126,30,14.000000,37,30,4.111111,4576,1263,508.444444,67.285714,56.136877,1,0,0,NO
OPENJPA,openjpa-jdbc/src/main/java/org/apache/openjpa/jdbc/kernel/exps/Any.java,4,10,215,9,2,126,30,14.000000,37,30,4.111111,4576,1263,508.444444,67.285714,56.136877,1,0,0,NO
OPENJPA,openjpa-jdbc/src/main/java/org/apache/openjpa/jdbc/kernel/exps/BinaryOpExpState.java,4,14,69,3,2,59,31,19.666667,49,31,16.333333,1407,1263,469.000000,50.714286,38.236025,0,0,0,NO
OPENJPA,openjpa-jdbc/src/main/java/org/apache/openjpa/jdbc/kernel/exps/Exp.java,4,13,153,5,3,106,83,21.200000,59,83,11.800000,2046,1263,409.200000,57.857143,50.310924,1,0,0,NO
OPENJPA,openjpa-jdbc/src/main/java/org/apache/openjpa/jdbc/kernel/exps/ExpContext.java,4,16,76,3,2,66,38,22.000000,56,38,18.666667,1407,1263,469.000000,50.714286,39.385338,0,0,0,NO
OPENJPA,openjpa-jdbc/src/main/java/org/apache/openjpa/jdbc/kernel/exps/ExpState.java,4,11,64,3,2,54,26,18.000000,44,26,14.666667,1407,1263,469.000000,50.714286,37.261161,0,0,0,NO
OPENJPA,openjpa-jdbc/src/main/java/org/apache/openjpa/jdbc/kernel/exps/FilterValue.java,4,24,143,4,3,131,103,32.750000,119,103,29.750000,1775,1263,443.750000,57.857143,45.457542,1,0,0,NO
OPENJPA,openjpa-jdbc/src/main/java/org/apache/openjpa/jdbc/kernel/exps/GetColumn.java,4,40,103,2,2,93,80,46.500000,83,80,41.500000,1739,1263,869.500000,57.857143,49.276006,1,0,0,NO
OPENJPA,openjpa-jdbc/src/main/java/org/apache/openjpa/jdbc/kernel/exps/JDBCAggregateListener.java,4,10,65,2,2,55,42,27.500000,45,42,22.500000,1739,1263,869.500000,57.857143,44.259341,1,0,0,NO
OPENJPA,openjpa-jdbc/src/main/java/org/apache/openjpa/jdbc/kernel/exps/JDBCFilterListener.java,4,10,67,2,2,57,44,28.500000,47,44,23.500000,1739,1263,869.500000,57.857143,44.665245,1,0,0,NO
OPENJPA,openjpa-jdbc/src/main/java/org/apache/openjpa/jdbc/kernel/exps/JDBCPath.java,4,6,112,7,2,72,30,10.285714,32,30,4.571429,3791,1263,541.571429,67.285714,53.428571,2,0,0,NO
OPENJPA,openjpa-jdbc/src/main/java/org/apache/openjpa/jdbc/kernel/exps/QueryExpressionsState.java,4,9,282,10,3,159,35,15.900000,36,35,3.600000,4387,1263,438.700000,67.285714,56.088652,2,0,0,NO
OPENJPA,openjpa-jdbc/src/main/java/org/apache/openjpa/jdbc/kernel/exps/SQLEmbed.java,4,35,97,5,3,84,69,16.800000,71,69,14.200000,1952,1263,390.400000,57.857143,48.382916,1,0,0,NO
OPENJPA,openjpa-jdbc/src/main/java/org/apache/openjpa/jdbc/kernel/exps/ToLowerCase.java,4,21,249,7,4,151,57,21.571429,53,53,7.571429,3676,1263,525.142857,59.000000,54.383247,1,0,1,NO
OPENJPA,openjpa-jdbc/src/main/java/org/apache/openjpa/jdbc/kernel/exps/ToUpperCase.java,4,21,248,7,4,151,57,21.571429,54,53,7.714286,3676,1263,525.142857,59.000000,54.398041,1,0,1,NO
OPENJPA,openjpa-jdbc/src/main/java/org/apache/openjpa/jdbc/kernel/exps/Val.java,4,39,313,7,3,230,161,32.857143,147,161,21.000000,2094,1263,299.142857,57.857143,52.478320,1,0,0,NO
OPENJPA,openjpa-jdbc/src/main/java/org/apache/openjpa/jdbc/meta/ClassStrategy.java,4,27,137,3,2,126,112,42.000000,115,112,38.333333,1961,1263,653.666667,57.857143,51.318040,1,0,0,NO
OPENJPA,openjpa-jdbc/src/main/java/org/apache/openjpa/jdbc/meta/DiscriminatorStrategy.java,4,19,108,4,3,93,69,23.250000,78,69,19.500000,1772,1263,443.000000,57.857143,46.287037,1,0,0,NO
OPENJPA,openjpa-jdbc/src/main/java/org/apache/openjpa/jdbc/meta/Embeddable.java,4,19,111,4,3,98,82,24.500000,85,82,21.250000,2099,1263,524.750000,57.857143,49.740026,1,0,0,NO
OPENJPA,openjpa-jdbc/src/main/java/org/apache/openjpa/jdbc/meta/FieldStrategy.java,4,59,289,4,3,268,245,67.000000,247,245,61.750000,2099,1263,524.750000,57.857143,54.672763,1,0,0,NO
OPENJPA,openjpa-jdbc/src/main/java/org/apache/openjpa/jdbc/meta/JDBCOrder.java,4,9,200,7,2,123,55,17.571429,46,55,6.571429,3791,1263,541.571429,67.285714,57.230000,2,0,0,NO
OPENJPA,openjpa-jdbc/src/main/java/org/apache/openjpa/jdbc/meta/Joinable.java,4,22,115,4,3,103,86,25.750000,91,86,22.750000,1818,1263,454.500000,57.857143,49.319255,1,0,0,NO
OPENJPA,openjpa-jdbc/src/main/java/org/apache/openjpa/jdbc/meta/RelationId.java,4,6,266,10,2,152,35,15.200000,38,35,3.800000,4798,1263,479.800000,67.285714,56.859828,1,0,0,NO
OPENJPA,openjpa-jdbc/src/main/java/org/apache/openjpa/jdbc/meta/ReverseCustomizer.java,4,23,183,2,2,173,160,86.500000,163,160,81.500000,1739,1263,869.500000,57.857143,53.027322,1,0,0,NO
OPENJPA,openjpa-jdbc/src/main/java/org/apache/openjpa/jdbc/meta/Strategy.java,4,28,160,4,2,148,131,37.000000,136,131,34.000000,2000,1263,500.000000,57.857143,51.836607,1,0,0,NO
OPENJPA,openjpa-jdbc/src/main/java/org/apache/openjpa/jdbc/meta/ValueHandler.java,4,23,132,5,3,118,99,23.600000,104,99,20.800000,2138,1263,427.600000,57.857143,50.520563,1,0,0,NO
OPENJPA,openjpa-jdbc/src/main/java/org/apache/openjpa/jdbc/meta/ValueMapping.java,4,58,301,5,3,285,265,57.000000,269,265,53.800000,2025,1263,405.000000,57.857143,54.606550,1,0,0,NO
OPENJPA,openjpa-jdbc/src/main/java/org/apache/openjpa/jdbc/meta/VersionMappingInfo.java,4,40,119,4,2,104,90,26.000000,89,90,22.250000,1860,1263,465.000000,57.857143,49.591837,1,0,1,NO
OPENJPA,openjpa-jdbc/src/main/java/org/apache/openjpa/jdbc/meta/strats/AbstractClassStrategy.java,4,45,102,2,2,92,79,46.000000,82,79,41.000000,1739,1263,869.500000,57.857143,49.191877,1,0,0,NO
OPENJPA,openjpa-jdbc/src/main/java/org/apache/openjpa/jdbc/meta/strats/AbstractDiscriminatorStrategy.java,4,49,120,4,3,108,89,27.000000,96,89,24.000000,1772,1263,443.000000,57.857143,49.386905,1,0,0,NO
OPENJPA,openjpa-jdbc/src/main/java/org/apache/openjpa/jdbc/meta/strats/AbstractStrategy.java,4,43,101,2,2,91,78,45.500000,81,78,40.500000,1739,1263,869.500000,57.857143,49.106082,1,0,0,NO
OPENJPA,openjpa-jdbc/src/main/java/org/apache/openjpa/jdbc/meta/strats/AbstractValueHandler.java,4,31,85,3,3,73,58,24.333333,61,58,20.333333,1877,1263,625.666667,57.857143,47.398319,1,0,0,NO
OPENJPA,openjpa-jdbc/src/main/java/org/apache/openjpa/jdbc/meta/strats/BlobValueHandler.java,4,20,71,2,2,61,48,30.500000,51,48,25.500000,1739,1263,869.500000,57.857143,45.408451,1,0,0,NO
OPENJPA,openjpa-jdbc/src/main/java/org/apache/openjpa/jdbc/meta/strats/ClobValueHandler.java,4,20,71,2,2,61,48,30.500000,51,48,25.500000,1739,1263,869.500000,57.857143,45.408451,1,0,0,NO
OPENJPA,openjpa-jdbc/src/main/java/org/apache/openjpa/jdbc/meta/strats/IdentityJoinable.java,4,50,111,4,3,99,83,24.750000,87,83,21.750000,1789,1263,447.250000,57.857143,49.410553,1,0,0,NO
OPENJPA,openjpa-jdbc/src/main/java/org/apache/openjpa/jdbc/meta/strats/LRSCollectionFieldStrategy.java,4,28,125,3,3,112,96,37.333333,99,96,33.000000,1877,1263,625.666667,57.857143,50.724571,1,0,0,NO
OPENJPA,openjpa-jdbc/src/main/java/org/apache/openjpa/jdbc/meta/strats/LRSMapFieldStrategy.java,4,41,186,3,3,169,149,56.333333,152,149,50.666667,1877,1263,625.666667,57.857143,53.008449,1,0,0,NO
OPENJPA,openjpa-jdbc/src/main/java/org/apache/openjpa/jdbc/schema/DriverDataSource.java,4,23,135,4,3,123,64,30.750000,111,64,27.750000,1795,1263,448.750000,57.857143,47.452910,1,0,0,NO
OPENJPA,openjpa-jdbc/src/main/java/org/apache/openjpa/jdbc/schema/SchemaFactory.java,4,5,394,9,2,218,55,24.222222,42,55,4.666667,4576,1263,508.444444,67.285714,58.294054,1,0,0,NO
OPENJPA,openjpa-jdbc/src/main/java/org/apache/openjpa/jdbc/schema/SchemaParser.java,4,10,85,2,2,75,62,37.500000,65,62,32.500000,1739,1263,869.500000,57.857143,47.458824,1,0,0,NO
OPENJPA,openjpa-jdbc/src/main/java/org/apache/openjpa/jdbc/schema/SchemaSerializer.java,4,13,101,2,2,91,78,45.500000,81,78,40.500000,1739,1263,869.500000,57.857143,49.106082,1,0,0,NO
OPENJPA,openjpa-jdbc/src/main/java/org/apache/openjpa/jdbc/schema/Unique.java,4,15,436,9,2,246,55,27.333333,56,55,6.222222,4576,1263,508.444444,67.285714,58.317497,1,0,0,YES
OPENJPA,openjpa-jdbc/src/main/java/org/apache/openjpa/jdbc/sql/CacheDictionary.java,4,16,65,2,2,55,42,27.500000,45,42,22.500000,1739,1263,869.500000,57.857143,44.259341,1,0,0,NO
OPENJPA,openjpa-jdbc/src/main/java/org/apache/openjpa/jdbc/sql/Calendard.java,4,10,264,9,2,151,35,16.777778,38,35,4.222222,4576,1263,508.444444,67.285714,56.897727,1,0,0,NO
OPENJPA,openjpa-jdbc/src/main/java/org/apache/openjpa/jdbc/sql/Raw.java,4,10,214,9,2,126,30,14.000000,38,30,4.222222,4576,1263,508.444444,67.285714,56.128838,1,0,0,NO
OPENJPA,openjpa-jdbc/src/main/java/org/apache/openjpa/jdbc/sql/Result.java,4,174,601,3,3,588,572,196.000000,575,572,191.666667,1877,1263,625.666667,57.857143,56.373663,1,0,0,NO
OPENJPA,openjpa-jdbc/src/main/java/org/apache/openjpa/jdbc/sql/Row.java,4,163,543,2,2,533,520,266.500000,523,520,261.500000,1739,1263,869.500000,57.857143,56.229413,1,0,0,NO
OPENJPA,openjpa-jdbc/src/main/java/org/apache/openjpa/jdbc/sql/RowManager.java,4,14,94,2,2,84,71,42.000000,74,71,37.000000,1739,1263,869.500000,57.857143,48.454407,1,0,0,NO
OPENJPA,openjpa-jdbc/src/main/java/org/apache/openjpa/jdbc/sql/SQLFactory.java,4,6,296,9,2,171,40,19.000000,46,35,5.111111,4576,1263,508.444444,67.285714,57.124517,1,0,0,NO
OPENJPA,openjpa-jdbc/src/main/java/org/apache/openjpa/jdbc/sql/Select.java,4,133,751,6,3,720,668,120.000000,689,668,114.833333,1926,1263,321.000000,57.857143,56.354765,1,0,0,NO
OPENJPA,openjpa-jdbc/src/main/java/org/apache/openjpa/jdbc/sql/SelectExecutor.java,4,29,200,5,4,169,122,33.800000,138,122,27.600000,1776,1263,355.200000,57.857143,43.569286,1,0,0,NO
OPENJPA,openjpa-jdbc/src/main/java/org/apache/openjpa/jdbc/sql/Sized.java,4,9,240,10,2,138,31,13.800000,36,30,3.600000,4577,1263,457.700000,67.285714,56.497619,1,0,0,NO
OPENJPA,openjpa-jdbc/src/main/java/org/apache/openjpa/jdbc/sql/Union.java,4,12,113,3,3,89,76,29.666667,65,76,21.666667,1752,1263,584.000000,57.857143,45.610619,1,0,0,NO
OPENJPA,openjpa-kernel/src/main/java/org/apache/openjpa/ant/ApplicationIdToolTask.java,4,45,132,3,2,122,94,40.666667,112,94,37.333333,1430,1263,476.666667,51.857143,45.005411,0,0,0,NO
OPENJPA,openjpa-kernel/src/main/java/org/apache/openjpa/ant/PCEnhancerTask.java,4,37,317,7,3,204,99,29.142857,91,86,13.000000,3217,1263,459.571429,59.000000,55.965300,1,0,0,NO
OPENJPA,openjpa-kernel/src/main/java/org/apache/openjpa/conf/BrokerFactoryValue.java,4,46,403,16,3,245,47,15.312500,87,43,5.437500,3354,1263,209.625000,59.000000,52.914924,1,0,0,NO
OPENJPA,openjpa-kernel/src/main/java/org/apache/openjpa/conf/OpenJPAConfiguration.java,4,260,4419,17,4,2919,1336,171.705882,1419,1324,83.470588,3643,1263,214.294118,59.000000,57.624349,1,0,0,NO
OPENJPA,openjpa-kernel/src/main/java/org/apache/openjpa/conf/OpenJPAProductDerivation.java,4,10,385,14,4,214,53,15.285714,43,53,3.071429,3909,1263,279.214286,67.285714,55.525417,2,0,0,NO
OPENJPA,openjpa-kernel/src/main/java/org/apache/openjpa/conf/SeqValue.java,4,18,157,4,2,103,46,25.750000,49,41,12.250000,3110,1263,777.500000,59.000000,53.112830,1,0,0,NO
OPENJPA,openjpa-kernel/src/main/java/org/apache/openjpa/datacache/DataCache.java,4,36,867,7,4,567,258,81.000000,267,242,38.142857,3344,1263,477.714286,59.000000,57.351788,1,0,0,NO
OPENJPA,openjpa-kernel/src/main/java/org/apache/openjpa/datacache/DataCacheManager.java,4,14,267,5,2,172,74,34.400000,77,71,15.400000,3111,1263,622.200000,59.000000,55.085607,1,0,0,NO
OPENJPA,openjpa-kernel/src/main/java/org/apache/openjpa/datacache/DataCachePCData.java,4,6,201,7,2,118,32,16.857143,35,30,5.000000,3805,1263,543.571429,67.285714,55.942431,2,0,0,NO
OPENJPA,openjpa-kernel/src/main/java/org/apache/openjpa/datacache/ExpirationListener.java,4,4,201,8,2,117,30,14.625000,33,30,4.125000,4027,1263,503.375000,67.285714,55.870647,2,0,0,NO
OPENJPA,openjpa-kernel/src/main/java/org/apache/openjpa/datacache/QueryCache.java,4,18,476,6,2,307,138,51.166667,138,130,23.000000,3382,1263,563.666667,59.000000,56.859244,1,0,0,NO
OPENJPA,openjpa-kernel/src/main/java/org/apache/openjpa/datacache/TypesChangedListener.java,4,4,201,8,2,117,30,14.625000,33,30,4.125000,4027,1263,503.375000,67.285714,55.870647,2,0,0,NO
OPENJPA,openjpa-kernel/src/main/java/org/apache/openjpa/ee/AbstractManagedRuntime.java,4,7,41,1,1,41,41,41.000000,41,41,41.000000,11,11,11.000000,3.571429,3.571429,0,0,1,NO
OPENJPA,openjpa-kernel/src/main/java/org/apache/openjpa/enhance/AttributeTranslator.java,4,4,341,11,3,186,36,16.909091,31,30,2.818182,4383,1263,398.454545,67.285714,43.280687,2,0,0,NO
OPENJPA,openjpa-kernel/src/main/java/org/apache/openjpa/enhance/DynamicPersistenceCapable.java,4,3,242,9,2,135,30,15.000000,28,30,3.111111,4164,1263,462.666667,67.285714,44.208973,1,0,0,NO
OPENJPA,openjpa-kernel/src/main/java/org/apache/openjpa/enhance/DynamicStorage.java,4,25,441,5,2,291,138,58.200000,141,135,28.200000,3332,1263,666.400000,59.000000,56.810172,1,0,0,NO
OPENJPA,openjpa-kernel/src/main/java/org/apache/openjpa/enhance/FieldConsumer.java,4,13,239,4,2,157,72,39.250000,75,69,18.750000,3110,1263,777.500000,59.000000,55.100418,1,0,0,NO
OPENJPA,openjpa-kernel/src/main/java/org/apache/openjpa/enhance/FieldManager.java,4,4,187,8,2,107,30,13.375000,27,30,3.375000,4100,1263,512.500000,67.285714,55.825057,1,0,0,NO
OPENJPA,openjpa-kernel/src/main/java/org/apache/openjpa/enhance/FieldSupplier.java,4,13,239,4,2,157,72,39.250000,75,69,18.750000,3110,1263,777.500000,59.000000,55.100418,1,0,0,NO
OPENJPA,openjpa-kernel/src/main/java/org/apache/openjpa/enhance/ManagedInstanceProvider.java,4,4,242,9,2,135,30,15.000000,28,30,3.111111,4164,1263,462.666667,67.285714,44.208973,1,0,0,NO
OPENJPA,openjpa-kernel/src/main/java/org/apache/openjpa/enhance/PersistenceCapable.java,4,40,294,5,3,194,91,38.800000,94,87,18.800000,3119,1263,623.800000,59.000000,55.368805,1,0,0,NO
OPENJPA,openjpa-kernel/src/main/java/org/apache/openjpa/enhance/StateManager.java,4,69,880,6,4,583,282,97.166667,286,277,47.666667,3159,1263,526.500000,59.000000,57.554708,1,0,0,NO
OPENJPA,openjpa-kernel/src/main/java/org/apache/openjpa/event/AbstractLifecycleListener.java,4,60,288,5,2,198,81,39.600000,108,77,21.600000,3116,1263,623.200000,59.000000,51.553075,1,0,0,NO
OPENJPA,openjpa-kernel/src/main/java/org/apache/openjpa/event/AbstractRemoteCommitProvider.java,4,32,222,5,2,146,67,29.200000,70,63,14.000000,3332,1263,666.400000,59.000000,54.747104,1,0,0,NO
OPENJPA,openjpa-kernel/src/main/java/org/apache/openjpa/event/AbstractTransactionListener.java,4,33,239,5,2,156,70,31.200000,73,67,14.600000,3332,1263,666.400000,59.000000,55.038255,1,0,0,NO
OPENJPA,openjpa-kernel/src/main/java/org/apache/openjpa/event/AttachListener.java,4,5,249,7,2,143,40,20.428571,37,40,5.285714,3805,1263,543.571429,67.285714,57.002869,2,0,0,NO
OPENJPA,openjpa-kernel/src/main/java/org/apache/openjpa/event/BeginTransactionListener.java,4,4,226,8,2,131,35,16.375000,36,35,4.500000,4027,1263,503.375000,67.285714,56.440582,2,0,0,NO
OPENJPA,openjpa-kernel/src/main/java/org/apache/openjpa/event/BrokerFactoryEvent.java,4,18,506,10,2,281,55,28.100000,56,55,5.600000,4240,1263,424.000000,67.285714,47.598250,1,0,0,NO
OPENJPA,openjpa-kernel/src/main/java/org/apache/openjpa/event/BrokerFactoryListener.java,4,4,325,10,2,180,40,18.000000,35,40,3.500000,3949,1263,394.900000,67.285714,45.789890,2,0,0,NO
OPENJPA,openjpa-kernel/src/main/java/org/apache/openjpa/event/ClearListener.java,4,5,252,8,2,145,35,18.125000,38,35,4.750000,4100,1263,512.500000,67.285714,56.913832,1,0,0,NO
OPENJPA,openjpa-kernel/src/main/java/org/apache/openjpa/event/DeleteListener.java,4,5,252,8,2,145,35,18.125000,38,35,4.750000,4100,1263,512.500000,67.285714,56.913832,1,0,0,NO
OPENJPA,openjpa-kernel/src/main/java/org/apache/openjpa/event/DetachListener.java,4,5,249,7,2,143,40,20.428571,37,40,5.285714,3805,1263,543.571429,67.285714,57.002869,2,0,0,NO
OPENJPA,openjpa-kernel/src/main/java/org/apache/openjpa/event/DirtyListener.java,4,7,344,7,2,196,60,28.000000,48,60,6.857143,3805,1263,543.571429,67.285714,58.183970,2,0,0,NO
OPENJPA,openjpa-kernel/src/main/java/org/apache/openjpa/event/EndTransactionListener.java,4,9,249,5,2,161,70,32.200000,73,67,14.600000,3332,1263,666.400000,59.000000,55.185886,1,0,0,NO
OPENJPA,openjpa-kernel/src/main/java/org/apache/openjpa/event/ExceptionOrphanedKeyAction.java,4,14,304,8,2,173,53,21.625000,42,53,5.250000,4027,1263,503.375000,67.285714,57.780075,2,0,0,NO
OPENJPA,openjpa-kernel/src/main/java/org/apache/openjpa/event/FlushTransactionListener.java,4,5,315,8,2,179,55,22.375000,43,55,5.375000,4027,1263,503.375000,67.285714,57.898413,2,0,0,NO
OPENJPA,openjpa-kernel/src/main/java/org/apache/openjpa/event/LifecycleListener.java,4,5,197,7,2,114,32,16.285714,31,32,4.428571,3805,1263,543.571429,67.285714,55.984046,2,0,0,NO
OPENJPA,openjpa-kernel/src/main/java/org/apache/openjpa/event/LoadListener.java,4,5,252,8,2,145,35,18.125000,38,35,4.750000,4100,1263,512.500000,67.285714,56.913832,1,0,0,NO
OPENJPA,openjpa-kernel/src/main/java/org/apache/openjpa/event/NoneOrphanedKeyAction.java,4,10,245,9,2,141,35,15.666667,37,35,4.111111,4322,1263,480.222222,67.285714,56.774344,1,0,0,NO
OPENJPA,openjpa-kernel/src/main/java/org/apache/openjpa/event/OrphanedKeyAction.java,4,6,149,5,2,96,40,19.200000,43,37,8.600000,3332,1263,666.400000,59.000000,52.702780,1,0,0,NO
OPENJPA,openjpa-kernel/src/main/java/org/apache/openjpa/event/PersistListener.java,4,5,247,7,2,142,40,20.285714,37,40,5.285714,3805,1263,543.571429,67.285714,56.989011,2,0,0,NO
OPENJPA,openjpa-kernel/src/main/java/org/apache/openjpa/event/RemoteCommitListener.java,4,7,238,5,2,149,65,29.800000,60,52,12.000000,3332,1263,666.400000,59.000000,54.992797,1,0,0,NO
OPENJPA,openjpa-kernel/src/main/java/org/apache/openjpa/event/RemoteCommitProvider.java,4,8,224,6,2,143,63,23.833333,62,55,10.333333,3346,1263,557.666667,59.000000,54.762117,1,0,0,NO
OPENJPA,openjpa-kernel/src/main/java/org/apache/openjpa/event/SingleJVMRemoteCommitProvider.java,4,23,252,6,3,158,66,26.333333,64,61,10.666667,3409,1263,568.166667,59.000000,54.990930,1,0,0,NO
OPENJPA,openjpa-kernel/src/main/java/org/apache/openjpa/event/StoreListener.java,4,5,228,7,2,133,35,19.000000,38,35,5.428571,3805,1263,543.571429,67.285714,56.525689,2,0,0,NO
OPENJPA,openjpa-kernel/src/main/java/org/apache/openjpa/event/TransactionListener.java,4,5,194,9,2,113,30,12.555556,32,30,3.555556,4028,1263,447.555556,67.285714,55.773196,2,0,0,NO
OPENJPA,openjpa-kernel/src/main/java/org/apache/openjpa/kernel/AbstractFieldManager.java,4,66,348,4,2,230,109,57.500000,112,105,28.000000,3110,1263,777.500000,59.000000,56.291872,1,0,0,NO
OPENJPA,openjpa-kernel/src/main/java/org/apache/openjpa/kernel/AbstractLockManager.java,4,30,259,5,2,171,80,34.200000,83,75,16.600000,3130,1263,626.000000,59.000000,55.392719,1,0,0,NO
OPENJPA,openjpa-kernel/src/main/java/org/apache/openjpa/kernel/Broker.java,4,119,2186,10,4,1450,665,145.000000,714,652,71.400000,3500,1263,350.000000,59.000000,57.577179,1,0,1,NO
OPENJPA,openjpa-kernel/src/main/java/org/apache/openjpa/kernel/BrokerFactory.java,4,23,355,7,3,238,101,34.000000,121,97,17.285714,3415,1263,487.857143,59.000000,53.719517,1,0,0,NO
OPENJPA,openjpa-kernel/src/main/java/org/apache/openjpa/kernel/Extent.java,4,17,295,4,2,193,90,48.250000,91,85,22.750000,3110,1263,777.500000,59.000000,55.818402,1,0,0,NO
OPENJPA,openjpa-kernel/src/main/java/org/apache/openjpa/kernel/FindCallbacks.java,4,5,317,8,2,180,55,22.500000,43,55,5.375000,3825,1263,478.125000,67.285714,57.945020,2,0,0,NO
OPENJPA,openjpa-kernel/src/main/java/org/apache/openjpa/kernel/LockManager.java,4,16,371,5,2,241,108,48.200000,111,103,22.200000,3130,1263,626.000000,59.000000,56.437813,1,0,0,NO
OPENJPA,openjpa-kernel/src/main/java/org/apache/openjpa/kernel/NoneLockManager.java,4,14,293,7,2,167,53,23.857143,41,53,5.857143,3805,1263,543.571429,67.285714,57.778645,2,0,0,NO
OPENJPA,openjpa-kernel/src/main/java/org/apache/openjpa/kernel/OpCallbacks.java,4,18,189,5,2,122,52,24.400000,55,48,11.000000,3130,1263,626.000000,59.000000,54.078609,1,0,0,NO
OPENJPA,openjpa-kernel/src/main/java/org/apache/openjpa/kernel/OpenJPAStateManager.java,4,83,1630,10,4,1065,495,106.500000,500,488,50.000000,3562,1263,356.200000,59.000000,58.154777,1,0,0,NO
OPENJPA,openjpa-kernel/src/main/java/org/apache/openjpa/kernel/PCData.java,4,20,373,6,3,240,108,40.000000,107,102,17.833333,3251,1263,541.833333,59.000000,56.329376,1,0,0,NO
OPENJPA,openjpa-kernel/src/main/java/org/apache/openjpa/kernel/Query.java,4,35,617,5,2,405,194,81.000000,193,187,38.600000,3332,1263,666.400000,59.000000,57.380181,1,0,0,NO
OPENJPA,openjpa-kernel/src/main/java/org/apache/openjpa/kernel/QueryContext.java,4,56,940,8,3,612,289,76.500000,284,282,35.500000,3416,1263,427.000000,59.000000,57.581763,1,0,1,NO
OPENJPA,openjpa-kernel/src/main/java/org/apache/openjpa/kernel/SavepointManager.java,4,5,253,9,2,146,36,16.222222,39,35,4.333333,4322,1263,480.222222,67.285714,56.841897,1,0,0,NO
OPENJPA,openjpa-kernel/src/main/java/org/apache/openjpa/kernel/Seq.java,4,15,243,4,2,158,70,39.500000,73,66,18.250000,3110,1263,777.500000,59.000000,55.153439,1,0,0,NO
OPENJPA,openjpa-kernel/src/main/java/org/apache/openjpa/kernel/StoreContext.java,4,75,1459,10,4,950,437,95.000000,441,430,44.100000,3645,1263,364.500000,59.000000,57.123372,1,0,0,NO
OPENJPA,openjpa-kernel/src/main/java/org/apache/openjpa/kernel/StoreManager.java,4,55,1524,12,4,975,427,81.250000,426,416,35.500000,3707,1263,308.916667,59.000000,58.047900,1,0,0,NO
OPENJPA,openjpa-kernel/src/main/java/org/apache/openjpa/kernel/StoreQuery.java,4,72,1074,8,3,698,314,87.250000,322,308,40.250000,3405,1263,425.625000,59.000000,57.679436,1,0,0,NO
OPENJPA,openjpa-kernel/src/main/java/org/apache/openjpa/kernel/exps/AbstractExpressionVisitor.java,4,12,62,3,2,52,24,17.333333,42,24,14.000000,1494,1263,498.000000,53.428571,37.877880,0,0,0,NO
OPENJPA,openjpa-kernel/src/main/java/org/apache/openjpa/kernel/exps/Add.java,4,11,237,7,2,139,38,19.857143,41,35,5.857143,3805,1263,543.571429,67.285714,56.614225,2,0,0,NO
OPENJPA,openjpa-kernel/src/main/java/org/apache/openjpa/kernel/exps/AggregateListener.java,4,12,244,5,2,158,69,31.600000,72,65,14.400000,3130,1263,626.000000,59.000000,55.163349,1,0,0,NO
OPENJPA,openjpa-kernel/src/main/java/org/apache/openjpa/kernel/exps/All.java,4,27,183,4,2,121,56,30.250000,59,49,14.750000,3110,1263,777.500000,59.000000,53.935207,1,0,0,NO
OPENJPA,openjpa-kernel/src/main/java/org/apache/openjpa/kernel/exps/Any.java,4,27,180,4,2,119,55,29.750000,58,48,14.500000,3110,1263,777.500000,59.000000,53.852381,1,0,0,NO
OPENJPA,openjpa-kernel/src/main/java/org/apache/openjpa/kernel/exps/Arguments.java,4,5,197,7,2,115,30,16.428571,33,30,4.714286,3805,1263,543.571429,67.285714,55.880348,2,0,0,NO
OPENJPA,openjpa-kernel/src/main/java/org/apache/openjpa/kernel/exps/Avg.java,4,31,203,4,2,134,62,33.500000,65,56,16.250000,3110,1263,777.500000,59.000000,54.425053,1,0,0,NO
OPENJPA,openjpa-kernel/src/main/java/org/apache/openjpa/kernel/exps/Constant.java,4,4,205,8,3,119,31,14.875000,33,30,4.125000,3831,1263,478.875000,67.285714,55.826481,2,0,0,NO
OPENJPA,openjpa-kernel/src/main/java/org/apache/openjpa/kernel/exps/Count.java,4,20,392,8,2,222,55,27.750000,52,55,6.500000,4100,1263,512.500000,67.285714,58.360423,1,0,0,NO
OPENJPA,openjpa-kernel/src/main/java/org/apache/openjpa/kernel/exps/Divide.java,4,11,240,7,2,141,39,20.142857,42,35,6.000000,3805,1263,543.571429,67.285714,56.642857,2,0,0,NO
OPENJPA,openjpa-kernel/src/main/java/org/apache/openjpa/kernel/exps/EndsWithExpression.java,4,12,275,7,2,158,45,22.571429,41,45,5.857143,3805,1263,543.571429,67.285714,57.382857,2,0,0,NO
OPENJPA,openjpa-kernel/src/main/java/org/apache/openjpa/kernel/exps/EqualExpression.java,4,11,239,7,2,140,39,20.000000,41,35,5.857143,3805,1263,543.571429,67.285714,56.632397,2,0,0,NO
OPENJPA,openjpa-kernel/src/main/java/org/apache/openjpa/kernel/exps/Expression.java,4,4,203,9,3,118,30,13.111111,33,30,3.666667,4190,1263,465.555556,67.285714,55.904293,1,0,0,NO
OPENJPA,openjpa-kernel/src/main/java/org/apache/openjpa/kernel/exps/ExpressionParser.java,4,14,204,4,2,134,61,33.500000,64,57,16.000000,3110,1263,777.500000,59.000000,54.447479,1,0,0,NO
OPENJPA,openjpa-kernel/src/main/java/org/apache/openjpa/kernel/exps/ExpressionVisitor.java,4,7,69,3,2,59,31,19.666667,49,31,16.333333,1494,1263,498.000000,53.428571,39.455487,0,0,0,NO
OPENJPA,openjpa-kernel/src/main/java/org/apache/openjpa/kernel/exps/FilterListener.java,4,12,317,5,2,203,89,40.600000,89,82,17.800000,3130,1263,626.000000,59.000000,56.013069,1,0,0,NO
OPENJPA,openjpa-kernel/src/main/java/org/apache/openjpa/kernel/exps/GreaterThanEqualExpression.java,4,12,280,7,2,161,45,23.000000,42,45,6.000000,3805,1263,543.571429,67.285714,57.409184,2,0,0,NO
OPENJPA,openjpa-kernel/src/main/java/org/apache/openjpa/kernel/exps/GreaterThanExpression.java,4,12,280,7,2,161,45,23.000000,42,45,6.000000,3805,1263,543.571429,67.285714,57.409184,2,0,0,NO
OPENJPA,openjpa-kernel/src/main/java/org/apache/openjpa/kernel/exps/LessThanEqualExpression.java,4,12,280,7,2,161,45,23.000000,42,45,6.000000,3805,1263,543.571429,67.285714,57.409184,2,0,0,NO
OPENJPA,openjpa-kernel/src/main/java/org/apache/openjpa/kernel/exps/LessThanExpression.java,4,12,280,7,2,161,45,23.000000,42,45,6.000000,3805,1263,543.571429,67.285714,57.409184,2,0,0,NO
OPENJPA,openjpa-kernel/src/main/java/org/apache/openjpa/kernel/exps/Literal.java,4,12,353,8,3,202,60,25.250000,51,60,6.375000,3831,1263,478.875000,67.285714,58.162282,2,0,0,NO
OPENJPA,openjpa-kernel/src/main/java/org/apache/openjpa/kernel/exps/Max.java,4,22,171,4,2,112,50,28.000000,53,46,13.250000,3110,1263,777.500000,59.000000,53.587302,1,0,0,NO
OPENJPA,openjpa-kernel/src/main/java/org/apache/openjpa/kernel/exps/Min.java,4,22,171,4,2,112,50,28.000000,53,46,13.250000,3110,1263,777.500000,59.000000,53.587302,1,0,0,NO
OPENJPA,openjpa-kernel/src/main/java/org/apache/openjpa/kernel/exps/Mod.java,4,11,240,7,2,141,39,20.142857,42,35,6.000000,3805,1263,543.571429,67.285714,56.642857,2,0,0,NO
OPENJPA,openjpa-kernel/src/main/java/org/apache/openjpa/kernel/exps/Multiply.java,4,11,278,7,2,160,45,22.857143,42,45,6.000000,3805,1263,543.571429,67.285714,57.399281,2,0,0,NO
OPENJPA,openjpa-kernel/src/main/java/org/apache/openjpa/kernel/exps/NotEqualExpression.java,4,11,239,7,2,140,39,20.000000,41,35,5.857143,3805,1263,543.571429,67.285714,56.632397,2,0,0,NO
OPENJPA,openjpa-kernel/src/main/java/org/apache/openjpa/kernel/exps/Parameter.java,4,6,217,8,3,128,36,16.000000,39,30,4.875000,3831,1263,478.875000,67.285714,56.094141,2,0,0,NO
OPENJPA,openjpa-kernel/src/main/java/org/apache/openjpa/kernel/exps/Path.java,4,11,402,11,4,236,55,21.454545,70,55,6.363636,4226,1263,384.181818,67.285714,53.979744,1,0,0,NO
OPENJPA,openjpa-kernel/src/main/java/org/apache/openjpa/kernel/exps/Resolver.java,4,8,182,4,2,118,51,29.500000,54,48,13.500000,3110,1263,777.500000,59.000000,53.902669,1,0,0,NO
OPENJPA,openjpa-kernel/src/main/java/org/apache/openjpa/kernel/exps/Size.java,4,20,157,4,2,103,46,25.750000,49,42,12.250000,3110,1263,777.500000,59.000000,53.115560,1,0,0,NO
OPENJPA,openjpa-kernel/src/main/java/org/apache/openjpa/kernel/exps/StartsWithExpression.java,4,12,275,7,2,158,45,22.571429,41,45,5.857143,3805,1263,543.571429,67.285714,57.382857,2,0,0,NO
OPENJPA,openjpa-kernel/src/main/java/org/apache/openjpa/kernel/exps/Subquery.java,4,6,261,10,3,150,37,15.000000,39,35,3.900000,4348,1263,434.800000,67.285714,56.847291,1,0,0,NO
OPENJPA,openjpa-kernel/src/main/java/org/apache/openjpa/kernel/exps/Subtract.java,4,11,278,7,2,160,45,22.857143,42,45,6.000000,3805,1263,543.571429,67.285714,57.399281,2,0,0,NO
OPENJPA,openjpa-kernel/src/main/java/org/apache/openjpa/kernel/exps/Sum.java,4,32,201,4,2,133,62,33.250000,65,55,16.250000,3110,1263,777.500000,59.000000,54.380242,1,0,0,NO
OPENJPA,openjpa-kernel/src/main/java/org/apache/openjpa/kernel/exps/Value.java,4,12,207,7,4,140,55,20.000000,73,52,10.428571,3249,1263,464.142857,59.000000,52.952381,1,0,0,NO
OPENJPA,openjpa-kernel/src/main/java/org/apache/openjpa/kernel/jpql/SimpleNode.java,4,7,220,9,2,127,31,14.111111,34,30,3.777778,4101,1263,455.666667,67.285714,56.366234,1,0,0,NO
OPENJPA,openjpa-kernel/src/main/java/org/apache/openjpa/meta/MetaDataContext.java,4,4,196,7,2,114,30,16.285714,32,30,4.571429,3805,1263,543.571429,67.285714,55.865160,2,0,0,NO
OPENJPA,openjpa-kernel/src/main/java/org/apache/openjpa/meta/MetaDataDefaults.java,4,16,290,11,5,191,64,17.363636,92,60,8.363636,3235,1263,294.090909,59.000000,52.955665,1,0,0,NO
OPENJPA,openjpa-kernel/src/main/java/org/apache/openjpa/meta/MetaDataFactory.java,4,30,467,6,4,310,138,51.666667,153,134,25.500000,3134,1263,522.333333,59.000000,55.887427,1,0,0,NO
OPENJPA,openjpa-kernel/src/main/java/org/apache/openjpa/meta/Order.java,4,10,338,8,2,195,55,24.375000,52,55,6.500000,3844,1263,480.500000,67.285714,57.796703,2,0,0,NO
OPENJPA,openjpa-kernel/src/main/java/org/apache/openjpa/meta/ValueMetaData.java,4,47,983,7,2,644,300,92.000000,305,296,43.571429,3382,1263,483.142857,59.000000,57.791019,1,0,0,NO
OPENJPA,openjpa-kernel/src/main/java/org/apache/openjpa/util/ChangeTracker.java,4,12,305,4,2,197,86,49.250000,89,83,22.250000,3110,1263,777.500000,59.000000,55.908665,1,0,0,NO
OPENJPA,openjpa-kernel/src/main/java/org/apache/openjpa/util/ClassResolver.java,4,6,155,5,2,100,43,20.000000,45,39,9.000000,3332,1263,666.400000,59.000000,52.943779,1,0,0,NO
OPENJPA,openjpa-kernel/src/main/java/org/apache/openjpa/util/ClassResolverImpl.java,4,31,216,8,4,142,59,17.750000,68,53,8.500000,3551,1263,443.875000,59.000000,49.373016,1,0,1,NO
OPENJPA,openjpa-kernel/src/main/java/org/apache/openjpa/util/CollectionChangeTracker.java,4,6,303,7,2,172,55,24.571429,41,55,5.857143,3805,1263,543.571429,67.285714,57.906176,2,0,0,NO
OPENJPA,openjpa-kernel/src/main/java/org/apache/openjpa/util/ExceptionInfo.java,4,16,273,6,2,178,80,29.666667,83,77,13.833333,3333,1263,555.500000,59.000000,55.255364,1,0,0,NO
OPENJPA,openjpa-kernel/src/main/java/org/apache/openjpa/util/GeneralException.java,4,22,321,8,2,187,53,23.375000,53,53,6.625000,3894,1263,486.750000,67.285714,57.778371,2,0,0,NO
OPENJPA,openjpa-kernel/src/main/java/org/apache/openjpa/util/InternalException.java,4,31,342,9,2,203,53,22.555556,64,53,7.111111,4116,1263,457.333333,67.285714,57.760652,2,0,0,NO
OPENJPA,openjpa-kernel/src/main/java/org/apache/openjpa/util/LRSProxy.java,4,4,198,9,2,114,30,12.666667,30,30,3.333333,4322,1263,480.222222,67.285714,55.924964,1,0,0,NO
OPENJPA,openjpa-kernel/src/main/java/org/apache/openjpa/util/MapChangeTracker.java,4,9,214,5,2,138,59,27.600000,62,55,12.400000,3160,1263,632.000000,59.000000,54.641522,1,0,0,NO
OPENJPA,openjpa-kernel/src/main/java/org/apache/openjpa/util/Proxy.java,4,9,211,5,3,136,59,27.200000,61,55,12.200000,3151,1263,630.200000,59.000000,54.383209,1,0,0,NO
OPENJPA,openjpa-kernel/src/main/java/org/apache/openjpa/util/ProxyBean.java,4,5,213,8,3,124,31,15.500000,35,30,4.375000,3846,1263,480.750000,67.285714,55.004024,2,0,0,NO
OPENJPA,openjpa-kernel/src/main/java/org/apache/openjpa/util/ProxyCollection.java,4,9,168,5,3,105,41,21.000000,42,36,8.400000,3151,1263,630.200000,59.000000,50.568027,1,0,0,NO
OPENJPA,openjpa-kernel/src/main/java/org/apache/openjpa/util/ProxyDate.java,4,5,204,8,3,119,31,14.875000,34,30,4.250000,3846,1263,480.750000,67.285714,55.773109,2,0,0,NO
OPENJPA,openjpa-kernel/src/main/java/org/apache/openjpa/util/ProxyManager.java,4,22,460,6,3,288,119,48.000000,116,116,19.333333,3373,1263,562.166667,59.000000,54.077640,1,0,0,NO
OPENJPA,openjpa-kernel/src/main/java/org/apache/openjpa/util/ProxyMap.java,4,10,167,5,3,107,40,21.400000,47,36,9.400000,3151,1263,630.200000,59.000000,50.391788,1,0,0,NO
OPENJPA,openjpa-kernel/src/main/java/org/apache/openjpa/util/RuntimeExceptionTranslator.java,4,6,220,7,2,128,35,18.285714,36,35,5.142857,3805,1263,543.571429,67.285714,56.438961,2,0,0,NO
OPENJPA,openjpa-kernel/src/main/java/org/apache/openjpa/util/StoreException.java,4,22,347,9,2,200,53,22.222222,53,53,5.888889,4116,1263,457.333333,67.285714,57.766982,2,0,0,NO
OPENJPA,openjpa-kernel/src/main/java/org/apache/openjpa/util/UnsupportedException.java,4,23,336,9,2,195,53,21.666667,54,53,6.000000,4116,1263,457.333333,67.285714,57.787840,2,0,0,NO
OPENJPA,openjpa-kernel/src/main/java/org/apache/openjpa/util/UserException.java,4,31,343,10,2,204,53,20.400000,65,53,6.500000,4122,1263,412.200000,67.285714,57.561849,2,0,1,NO
OPENJPA,openjpa-lib/src/main/java/org/apache/openjpa/lib/conf/AbstractProductDerivation.java,4,39,303,7,4,189,90,27.000000,75,90,10.714286,1445,1263,206.428571,49.000000,42.935879,0,0,0,NO
OPENJPA,openjpa-lib/src/main/java/org/apache/openjpa/lib/conf/Configurable.java,4,6,105,5,2,75,42,15.000000,45,42,9.000000,3181,1263,636.200000,60.857143,51.469388,2,0,0,NO
OPENJPA,openjpa-lib/src/main/java/org/apache/openjpa/lib/conf/ConfigurationProvider.java,4,8,297,9,4,176,71,19.555556,55,71,6.111111,3488,1263,387.555556,60.857143,52.407888,2,0,0,NO
OPENJPA,openjpa-lib/src/main/java/org/apache/openjpa/lib/conf/GenericConfigurable.java,4,5,123,6,2,82,39,13.666667,41,39,6.833333,3186,1263,531.000000,60.857143,52.541231,2,0,0,NO
OPENJPA,openjpa-lib/src/main/java/org/apache/openjpa/lib/conf/ValueListener.java,4,4,102,6,2,67,31,11.166667,32,31,5.333333,3315,1263,552.500000,67.285714,53.172269,2,0,0,NO
OPENJPA,openjpa-lib/src/main/java/org/apache/openjpa/lib/graph/GraphVisitor.java,4,6,439,8,2,243,60,30.375000,47,60,5.875000,3816,1263,477.000000,67.285714,48.158802,2,0,0,NO
OPENJPA,openjpa-lib/src/main/java/org/apache/openjpa/lib/graph/NodeInfo.java,4,8,323,10,3,179,36,17.900000,35,30,3.500000,4319,1263,431.900000,67.285714,45.429898,2,0,0,NO
OPENJPA,openjpa-lib/src/main/java/org/apache/openjpa/lib/jdbc/ConnectionDecorator.java,4,6,112,6,2,74,35,12.333333,36,35,6.000000,3315,1263,552.500000,67.285714,54.035714,2,0,0,NO
OPENJPA,openjpa-lib/src/main/java/org/apache/openjpa/lib/jdbc/JDBCEvent.java,4,50,278,5,2,220,157,44.000000,162,157,32.400000,3181,1263,636.200000,60.857143,57.200925,2,0,0,NO
OPENJPA,openjpa-lib/src/main/java/org/apache/openjpa/lib/jdbc/JDBCListener.java,4,15,168,5,2,129,86,25.800000,90,86,18.000000,3181,1263,636.200000,60.857143,54.938776,2,0,0,NO
OPENJPA,openjpa-lib/src/main/java/org/apache/openjpa/lib/log/AbstractLog.java,4,74,292,7,2,216,159,30.857143,140,159,20.000000,3760,1263,537.142857,60.857143,57.071429,2,0,0,NO
OPENJPA,openjpa-lib/src/main/java/org/apache/openjpa/lib/log/LogFactory.java,4,4,98,6,2,65,30,10.833333,32,30,5.333333,3315,1263,552.500000,67.285714,52.795918,2,0,0,NO
OPENJPA,openjpa-lib/src/main/java/org/apache/openjpa/lib/meta/MetaDataFilter.java,4,9,180,6,2,116,55,19.333333,52,55,8.666667,3315,1263,552.500000,67.285714,57.309524,2,0,0,NO
OPENJPA,openjpa-lib/src/main/java/org/apache/openjpa/lib/meta/MetaDataIterator.java,4,12,138,5,2,99,57,19.800000,60,57,12.000000,3181,1263,636.200000,60.857143,53.597308,2,0,0,NO
OPENJPA,openjpa-lib/src/main/java/org/apache/openjpa/lib/meta/MetaDataParser.java,4,17,195,6,2,141,84,23.500000,87,84,14.500000,3671,1263,611.833333,60.857143,55.583883,2,0,0,NO
OPENJPA,openjpa-lib/src/main/java/org/apache/openjpa/lib/meta/MetaDataSerializer.java,4,15,246,7,2,160,76,22.857143,74,76,10.571429,3721,1263,531.571429,60.857143,56.288037,2,0,0,NO
OPENJPA,openjpa-lib/src/main/java/org/apache/openjpa/lib/meta/SourceTracker.java,4,11,122,5,2,89,54,17.800000,56,54,11.200000,3181,1263,636.200000,60.857143,52.740047,2,0,0,NO
OPENJPA,openjpa-lib/src/main/java/org/apache/openjpa/lib/rop/AbstractSequentialResultList.java,4,72,234,5,2,175,130,35.000000,116,130,23.200000,3181,1263,636.200000,60.857143,56.534188,2,0,0,NO
OPENJPA,openjpa-lib/src/main/java/org/apache/openjpa/lib/rop/ResultList.java,4,9,171,5,2,114,62,22.800000,57,62,11.400000,3181,1263,636.200000,60.857143,54.831245,2,0,0,NO
OPENJPA,openjpa-lib/src/main/java/org/apache/openjpa/lib/util/BytecodeWriter.java,4,6,107,6,2,70,32,11.666667,33,32,5.500000,3315,1263,552.500000,67.285714,53.504673,2,0,0,NO
OPENJPA,openjpa-lib/src/main/java/org/apache/openjpa/lib/util/Bytes.java,4,79,195,3,3,181,164,60.333333,167,164,55.666667,1267,1263,422.333333,41.857143,38.981685,0,0,0,NO
OPENJPA,openjpa-lib/src/main/java/org/apache/openjpa/lib/util/EventManager.java,4,10,121,5,2,90,56,18.000000,59,56,11.800000,3181,1263,636.200000,60.857143,52.680047,2,0,0,NO
OPENJPA,openjpa-lib/src/main/java/org/apache/openjpa/lib/util/ParseException.java,4,21,172,8,2,113,53,14.125000,54,53,6.750000,3626,1263,453.250000,67.285714,56.698505,2,0,0,NO
OPENJPA,openjpa-lib/src/main/java/org/apache/openjpa/lib/util/ReferenceMap.java,4,10,123,5,2,88,50,17.600000,53,50,10.600000,3181,1263,636.200000,60.857143,52.743322,2,0,0,NO
OPENJPA,openjpa-lib/src/main/java/org/apache/openjpa/lib/util/ResourceBundleProvider.java,4,7,121,6,2,80,37,13.333333,39,37,6.500000,3315,1263,552.500000,67.285714,54.642267,2,0,0,NO
OPENJPA,openjpa-lib/src/main/java/org/apache/openjpa/lib/util/SizedMap.java,4,8,180,6,2,115,60,19.166667,50,60,8.333333,3315,1263,552.500000,67.285714,57.504762,2,0,0,NO
OPENJPA,openjpa-lib/src/main/java/org/apache/openjpa/lib/util/concurrent/ConcurrentMap.java,4,7,172,6,2,108,55,18.000000,44,55,7.333333,3315,1263,552.500000,67.285714,57.127907,2,0,0,NO
OPENJPA,openjpa-lib/src/main/java/org/apache/openjpa/lib/util/concurrent/Lock.java,4,9,692,6,2,487,328,81.166667,282,328,47.000000,3671,1263,611.833333,60.857143,59.071429,2,0,0,NO
OPENJPA,openjpa-lib/src/main/java/org/apache/openjpa/lib/util/concurrent/NanoTimer.java,4,4,100,5,2,74,46,14.800000,48,46,9.600000,3181,1263,636.200000,60.857143,50.994286,2,0,0,NO
OPENJPA,openjpa-lib/src/main/java/org/apache/openjpa/lib/util/concurrent/Queue.java,4,12,493,6,2,347,207,57.833333,201,207,33.500000,3671,1263,611.833333,60.857143,58.374384,2,0,0,NO
OPENJPA,openjpa-lib/src/main/java/org/apache/openjpa/lib/xml/Commentable.java,4,6,132,7,2,86,40,12.285714,40,40,5.714286,3537,1263,505.285714,67.285714,55.183983,2,0,0,NO
OPENJPA,openjpa-lib/src/main/java/org/apache/openjpa/lib/xml/ValidatingErrorHandler.java,4,15,164,6,2,105,53,17.500000,46,53,7.666667,3315,1263,552.500000,67.285714,56.885889,2,0,0,NO
OPENJPA,openjpa-persistence-jdbc/src/main/java/org/apache/openjpa/persistence/jdbc/ClassCriteria.java,4,11,298,10,2,169,53,16.900000,40,53,4.000000,4633,1263,463.300000,67.285714,57.530681,2,0,0,NO
OPENJPA,openjpa-persistence-jdbc/src/main/java/org/apache/openjpa/persistence/jdbc/Columns.java,4,12,300,10,2,170,53,17.000000,40,53,4.000000,4633,1263,463.300000,67.285714,57.532857,2,0,0,NO
OPENJPA,openjpa-persistence-jdbc/src/main/java/org/apache/openjpa/persistence/jdbc/ContainerTable.java,4,17,181,7,2,116,45,16.571429,51,42,7.285714,3938,1263,562.571429,59.000000,53.359116,1,0,0,NO
OPENJPA,openjpa-persistence-jdbc/src/main/java/org/apache/openjpa/persistence/jdbc/DataStoreIdColumn.java,4,14,316,10,2,181,53,18.100000,46,53,4.600000,4633,1263,463.300000,67.285714,57.579114,2,0,0,NO
OPENJPA,openjpa-persistence-jdbc/src/main/java/org/apache/openjpa/persistence/jdbc/DiscriminatorStrategy.java,4,10,256,11,2,147,35,13.363636,38,35,3.454545,4928,1263,448.000000,67.285714,56.607701,1,0,0,NO
OPENJPA,openjpa-persistence-jdbc/src/main/java/org/apache/openjpa/persistence/jdbc/EagerFetchMode.java,4,11,301,11,2,170,53,15.454545,39,53,3.545455,4649,1263,422.636364,67.285714,57.156146,2,0,0,NO
OPENJPA,openjpa-persistence-jdbc/src/main/java/org/apache/openjpa/persistence/jdbc/ElementClassCriteria.java,4,11,298,10,2,169,53,16.900000,40,53,4.000000,4633,1263,463.300000,67.285714,57.530681,2,0,0,NO
OPENJPA,openjpa-persistence-jdbc/src/main/java/org/apache/openjpa/persistence/jdbc/ElementForeignKey.java,4,15,177,7,2,112,45,16.000000,47,42,6.714286,3938,1263,562.571429,59.000000,53.257466,1,0,0,NO
OPENJPA,openjpa-persistence-jdbc/src/main/java/org/apache/openjpa/persistence/jdbc/ElementIndex.java,4,13,309,10,2,176,53,17.600000,43,53,4.300000,4633,1263,463.300000,67.285714,57.558021,2,0,0,NO
OPENJPA,openjpa-persistence-jdbc/src/main/java/org/apache/openjpa/persistence/jdbc/ElementJoinColumn.java,4,18,183,7,2,118,45,16.857143,53,42,7.571429,3938,1263,562.571429,59.000000,53.408275,1,0,0,NO
OPENJPA,openjpa-persistence-jdbc/src/main/java/org/apache/openjpa/persistence/jdbc/ElementJoinColumns.java,4,11,300,10,2,170,53,17.000000,40,53,4.000000,4633,1263,463.300000,67.285714,57.532857,2,0,0,NO
OPENJPA,openjpa-persistence-jdbc/src/main/java/org/apache/openjpa/persistence/jdbc/ElementNonpolymorphic.java,4,11,300,10,2,170,53,17.000000,40,53,4.000000,4633,1263,463.300000,67.285714,57.532857,2,0,0,NO
OPENJPA,openjpa-persistence-jdbc/src/main/java/org/apache/openjpa/persistence/jdbc/EmbeddedMapping.java,4,15,312,10,2,179,53,17.900000,46,53,4.600000,4633,1263,463.300000,67.285714,57.560897,2,0,0,NO
OPENJPA,openjpa-persistence-jdbc/src/main/java/org/apache/openjpa/persistence/jdbc/FetchDirection.java,4,26,401,11,2,230,53,20.909091,59,53,5.363636,4638,1263,421.636364,67.285714,46.452797,2,0,0,NO
OPENJPA,openjpa-persistence-jdbc/src/main/java/org/apache/openjpa/persistence/jdbc/FetchMode.java,4,26,252,12,2,156,32,13.000000,60,30,5.000000,4944,1263,412.000000,67.285714,47.116780,1,0,0,NO
OPENJPA,openjpa-persistence-jdbc/src/main/java/org/apache/openjpa/persistence/jdbc/ForeignKey.java,4,16,322,10,2,186,53,18.600000,50,53,5.000000,4633,1263,463.300000,67.285714,57.584295,2,0,0,NO
OPENJPA,openjpa-persistence-jdbc/src/main/java/org/apache/openjpa/persistence/jdbc/ForeignKeyAction.java,4,7,219,12,2,126,30,10.500000,33,30,2.750000,4944,1263,412.000000,67.285714,54.305936,1,0,0,NO
OPENJPA,openjpa-persistence-jdbc/src/main/java/org/apache/openjpa/persistence/jdbc/Index.java,4,15,313,10,2,180,53,18.000000,47,53,4.700000,4633,1263,463.300000,67.285714,57.561844,2,0,0,NO
OPENJPA,openjpa-persistence-jdbc/src/main/java/org/apache/openjpa/persistence/jdbc/JDBCFetchPlan.java,4,48,459,14,4,302,109,21.571429,145,109,10.357143,2261,1263,161.500000,57.857143,34.287582,1,0,0,NO
OPENJPA,openjpa-persistence-jdbc/src/main/java/org/apache/openjpa/persistence/jdbc/JoinSyntax.java,4,26,65,2,1,62,59,31.000000,59,59,29.500000,146,130,73.000000,1.142857,1.129670,0,0,0,NO
OPENJPA,openjpa-persistence-jdbc/src/main/java/org/apache/openjpa/persistence/jdbc/LRSSizeAlgorithm.java,4,26,379,12,2,219,53,18.250000,59,53,4.916667,4669,1263,389.083333,67.285714,49.091217,2,0,0,NO
OPENJPA,openjpa-persistence-jdbc/src/main/java/org/apache/openjpa/persistence/jdbc/MappingOverride.java,4,15,317,10,2,182,53,18.200000,47,53,4.700000,4633,1263,463.300000,67.285714,57.579991,2,0,0,NO
OPENJPA,openjpa-persistence-jdbc/src/main/java/org/apache/openjpa/persistence/jdbc/MappingOverrides.java,4,10,210,8,2,124,36,15.500000,38,34,4.750000,4221,1263,527.625000,60.571429,54.470068,1,0,0,NO
OPENJPA,openjpa-persistence-jdbc/src/main/java/org/apache/openjpa/persistence/jdbc/MappingTag.java,4,59,111,4,3,101,86,25.250000,91,86,22.750000,1763,1263,440.750000,57.857143,49.150579,1,0,0,NO
OPENJPA,openjpa-persistence-jdbc/src/main/java/org/apache/openjpa/persistence/jdbc/Nonpolymorphic.java,4,11,299,10,2,169,53,16.900000,39,53,3.900000,4633,1263,463.300000,67.285714,57.531773,2,0,0,NO
OPENJPA,openjpa-persistence-jdbc/src/main/java/org/apache/openjpa/persistence/jdbc/NonpolymorphicType.java,4,6,218,12,2,125,30,10.416667,32,30,2.666667,4948,1263,412.333333,67.285714,54.289646,1,0,0,NO
OPENJPA,openjpa-persistence-jdbc/src/main/java/org/apache/openjpa/persistence/jdbc/OrderColumn.java,4,16,315,10,2,182,53,18.200000,49,53,4.900000,4633,1263,463.300000,67.285714,57.563719,2,0,0,NO
OPENJPA,openjpa-persistence-jdbc/src/main/java/org/apache/openjpa/persistence/jdbc/ResultSetType.java,4,26,93,2,1,76,59,38.000000,59,59,29.500000,135,130,67.500000,1.142857,1.090630,0,0,0,NO
OPENJPA,openjpa-persistence-jdbc/src/main/java/org/apache/openjpa/persistence/jdbc/Strategy.java,4,10,260,11,2,149,35,13.545455,38,35,3.454545,4928,1263,448.000000,67.285714,56.626923,1,0,0,NO
OPENJPA,openjpa-persistence-jdbc/src/main/java/org/apache/openjpa/persistence/jdbc/SubclassFetchMode.java,4,10,212,9,2,125,36,13.888889,38,34,4.222222,4237,1263,470.777778,60.571429,53.965633,1,0,0,NO
OPENJPA,openjpa-persistence-jdbc/src/main/java/org/apache/openjpa/persistence/jdbc/Unique.java,4,14,311,10,2,178,53,17.800000,45,53,4.500000,4633,1263,463.300000,67.285714,57.559945,2,0,0,NO
OPENJPA,openjpa-persistence-jdbc/src/main/java/org/apache/openjpa/persistence/jdbc/VersionColumn.java,4,17,322,10,2,187,53,18.700000,52,53,5.200000,4633,1263,463.300000,67.285714,57.584295,2,0,0,NO
OPENJPA,openjpa-persistence-jdbc/src/main/java/org/apache/openjpa/persistence/jdbc/VersionColumns.java,4,10,210,8,2,124,36,15.500000,38,34,4.750000,4221,1263,527.625000,60.571429,54.470068,1,0,0,NO
OPENJPA,openjpa-persistence-jdbc/src/main/java/org/apache/openjpa/persistence/jdbc/VersionStrategy.java,4,10,256,11,2,147,35,13.363636,38,35,3.454545,4928,1263,448.000000,67.285714,56.607701,1,0,0,NO
OPENJPA,openjpa-persistence-jdbc/src/main/java/org/apache/openjpa/persistence/jdbc/XJoinColumn.java,4,19,185,7,2,120,45,17.142857,55,42,7.857143,3938,1263,562.571429,59.000000,53.456371,1,0,0,NO
OPENJPA,openjpa-persistence-jdbc/src/main/java/org/apache/openjpa/persistence/jdbc/XJoinColumns.java,4,11,305,10,2,172,53,17.200000,39,53,3.900000,4633,1263,463.300000,67.285714,57.554098,2,0,0,NO
OPENJPA,openjpa-persistence-jdbc/src/main/java/org/apache/openjpa/persistence/jdbc/XSecondaryTable.java,4,17,321,10,2,186,53,18.600000,51,53,5.100000,4633,1263,463.300000,67.285714,57.583445,2,0,0,NO
OPENJPA,openjpa-persistence-jdbc/src/main/java/org/apache/openjpa/persistence/jdbc/XSecondaryTables.java,4,10,210,8,2,124,36,15.500000,38,34,4.750000,4221,1263,527.625000,60.571429,54.470068,1,0,0,NO
OPENJPA,openjpa-persistence-jdbc/src/main/java/org/apache/openjpa/persistence/jdbc/XTable.java,4,15,318,10,2,183,53,18.300000,48,53,4.800000,4633,1263,463.300000,67.285714,57.580863,2,0,0,NO
OPENJPA,openjpa-persistence/src/main/java/org/apache/openjpa/persistence/AutoClearType.java,4,23,56,1,1,56,56,56.000000,56,56,56.000000,130,130,130.000000,1.142857,1.142857,0,0,0,NO
OPENJPA,openjpa-persistence/src/main/java/org/apache/openjpa/persistence/ConnectionRetainMode.java,4,26,66,2,1,63,60,31.500000,60,60,30.000000,146,130,73.000000,1.142857,1.129870,0,0,0,NO
OPENJPA,openjpa-persistence/src/main/java/org/apache/openjpa/persistence/DataCache.java,4,12,300,9,2,171,53,19.000000,42,53,4.666667,4157,1263,461.888889,67.285714,57.564286,2,0,0,NO
OPENJPA,openjpa-persistence/src/main/java/org/apache/openjpa/persistence/DataStoreId.java,4,12,297,9,2,169,53,18.777778,41,53,4.555556,4157,1263,461.888889,67.285714,57.550746,2,0,0,NO
OPENJPA,openjpa-persistence/src/main/java/org/apache/openjpa/persistence/Dependent.java,4,11,291,9,2,165,53,18.333333,39,53,4.333333,4157,1263,461.888889,67.285714,57.522828,2,0,0,NO
OPENJPA,openjpa-persistence/src/main/java/org/apache/openjpa/persistence/DetachStateType.java,4,26,60,1,1,60,60,60.000000,60,60,60.000000,130,130,130.000000,1.142857,1.142857,0,0,0,NO
OPENJPA,openjpa-persistence/src/main/java/org/apache/openjpa/persistence/DetachedState.java,4,12,297,9,2,169,53,18.777778,41,53,4.555556,4157,1263,461.888889,67.285714,57.550746,2,0,0,NO
OPENJPA,openjpa-persistence/src/main/java/org/apache/openjpa/persistence/ElementDependent.java,4,11,291,9,2,165,53,18.333333,39,53,4.333333,4157,1263,461.888889,67.285714,57.522828,2,0,0,NO
OPENJPA,openjpa-persistence/src/main/java/org/apache/openjpa/persistence/ElementType.java,4,11,296,9,2,168,53,18.666667,40,53,4.444444,4157,1263,461.888889,67.285714,57.544884,2,0,0,NO
OPENJPA,openjpa-persistence/src/main/java/org/apache/openjpa/persistence/Extent.java,4,13,530,9,4,301,137,33.444444,72,133,8.000000,3823,1263,424.777778,59.000000,55.278437,1,0,0,NO
OPENJPA,openjpa-persistence/src/main/java/org/apache/openjpa/persistence/ExternalValues.java,4,11,299,9,2,170,53,18.888889,41,53,4.555556,4157,1263,461.888889,67.285714,57.558528,2,0,0,NO
OPENJPA,openjpa-persistence/src/main/java/org/apache/openjpa/persistence/Externalizer.java,4,11,296,9,2,168,53,18.666667,40,53,4.444444,4157,1263,461.888889,67.285714,57.544884,2,0,0,NO
OPENJPA,openjpa-persistence/src/main/java/org/apache/openjpa/persistence/Factory.java,4,11,296,9,2,168,53,18.666667,40,53,4.444444,4157,1263,461.888889,67.285714,57.544884,2,0,0,NO
OPENJPA,openjpa-persistence/src/main/java/org/apache/openjpa/persistence/FetchAttribute.java,4,10,263,11,3,154,35,14.000000,45,35,4.090909,4590,1263,417.272727,67.285714,56.650190,1,0,0,NO
OPENJPA,openjpa-persistence/src/main/java/org/apache/openjpa/persistence/FetchGroup.java,4,13,216,9,3,136,36,15.111111,56,34,6.222222,3885,1263,431.666667,60.571429,54.382937,1,0,0,NO
OPENJPA,openjpa-persistence/src/main/java/org/apache/openjpa/persistence/FetchGroups.java,4,10,248,10,2,143,35,14.300000,38,35,3.800000,4452,1263,445.200000,67.285714,56.567396,1,0,0,NO
OPENJPA,openjpa-persistence/src/main/java/org/apache/openjpa/persistence/FetchPlan.java,4,48,1771,12,4,1026,463,85.500000,281,459,23.416667,3713,1263,309.416667,59.000000,56.749859,1,0,0,NO
OPENJPA,openjpa-persistence/src/main/java/org/apache/openjpa/persistence/Generator.java,4,9,382,9,4,218,99,24.222222,54,95,6.000000,3580,1263,397.777778,59.000000,54.227001,1,0,0,NO
OPENJPA,openjpa-persistence/src/main/java/org/apache/openjpa/persistence/InverseLogical.java,4,11,291,9,2,165,53,18.333333,39,53,4.333333,4157,1263,461.888889,67.285714,57.522828,2,0,0,NO
OPENJPA,openjpa-persistence/src/main/java/org/apache/openjpa/persistence/KeyDependent.java,4,11,291,9,2,165,53,18.333333,39,53,4.333333,4157,1263,461.888889,67.285714,57.522828,2,0,0,NO
OPENJPA,openjpa-persistence/src/main/java/org/apache/openjpa/persistence/KeyType.java,4,11,296,9,2,168,53,18.666667,40,53,4.444444,4157,1263,461.888889,67.285714,57.544884,2,0,0,NO
OPENJPA,openjpa-persistence/src/main/java/org/apache/openjpa/persistence/LRS.java,4,11,291,9,2,165,53,18.333333,39,53,4.333333,4157,1263,461.888889,67.285714,57.522828,2,0,0,NO
OPENJPA,openjpa-persistence/src/main/java/org/apache/openjpa/persistence/LoadFetchGroup.java,4,11,299,10,4,169,53,16.900000,39,53,3.900000,3947,1263,394.700000,67.285714,57.313426,2,0,0,NO
OPENJPA,openjpa-persistence/src/main/java/org/apache/openjpa/persistence/MetaDataTag.java,4,50,252,8,4,167,76,20.875000,82,72,10.250000,3147,1263,393.375000,59.000000,54.963719,1,0,1,NO
OPENJPA,openjpa-persistence/src/main/java/org/apache/openjpa/persistence/OpenJPAEntityManager.java,4,134,3077,13,3,1950,909,150.000000,823,891,63.307692,3636,1263,279.692308,59.000000,54.357259,1,0,0,NO
OPENJPA,openjpa-persistence/src/main/java/org/apache/openjpa/persistence/OpenJPAEntityManagerFactory.java,4,16,433,8,3,257,105,32.125000,81,102,10.125000,3515,1263,439.375000,59.000000,47.924777,1,0,0,NO
OPENJPA,openjpa-persistence/src/main/java/org/apache/openjpa/persistence/OpenJPAEntityManagerFactorySPI.java,4,13,583,8,3,327,105,40.875000,71,102,8.875000,3515,1263,439.375000,59.000000,35.888263,1,0,0,NO
OPENJPA,openjpa-persistence/src/main/java/org/apache/openjpa/persistence/OpenJPAEntityManagerSPI.java,4,19,144,3,1,124,104,41.333333,104,104,34.666667,147,130,49.000000,1.142857,1.119048,0,0,0,NO
OPENJPA,openjpa-persistence/src/main/java/org/apache/openjpa/persistence/OpenJPAEntityTransaction.java,4,9,71,1,1,71,71,71.000000,71,71,71.000000,130,130,130.000000,1.142857,1.142857,0,0,0,NO
OPENJPA,openjpa-persistence/src/main/java/org/apache/openjpa/persistence/OpenJPAQuery.java,4,51,703,8,3,450,213,56.250000,197,208,24.625000,3493,1263,436.625000,59.000000,54.391384,1,0,0,NO
OPENJPA,openjpa-persistence/src/main/java/org/apache/openjpa/persistence/OpenJPAQuerySPI.java,4,10,316,9,3,181,46,20.111111,46,34,5.111111,3885,1263,431.666667,60.571429,37.534810,1,0,0,NO
OPENJPA,openjpa-persistence/src/main/java/org/apache/openjpa/persistence/PersistenceStrategy.java,4,13,243,8,2,144,41,18.000000,45,35,5.625000,3825,1263,478.125000,67.285714,56.433862,2,0,0,NO
OPENJPA,openjpa-persistence/src/main/java/org/apache/openjpa/persistence/Persistent.java,4,17,159,6,2,104,45,17.333333,49,42,8.166667,3462,1263,577.000000,59.000000,52.736748,1,0,0,NO
OPENJPA,openjpa-persistence/src/main/java/org/apache/openjpa/persistence/PersistentCollection.java,4,17,163,7,2,107,45,15.285714,51,42,7.285714,3467,1263,495.285714,59.000000,52.049080,1,0,1,NO
OPENJPA,openjpa-persistence/src/main/java/org/apache/openjpa/persistence/PersistentMap.java,4,19,171,6,2,112,49,18.666667,53,46,8.833333,3462,1263,577.000000,59.000000,53.169591,1,0,0,NO
OPENJPA,openjpa-persistence/src/main/java/org/apache/openjpa/persistence/QueryOperationType.java,4,26,59,1,1,59,59,59.000000,59,59,59.000000,130,130,130.000000,1.142857,1.142857,0,0,0,NO
OPENJPA,openjpa-persistence/src/main/java/org/apache/openjpa/persistence/QueryResultCache.java,4,10,440,8,4,249,114,31.125000,58,111,7.250000,3560,1263,445.000000,59.000000,54.869156,1,0,0,NO
OPENJPA,openjpa-persistence/src/main/java/org/apache/openjpa/persistence/ReadOnly.java,4,11,291,9,2,165,53,18.333333,39,53,4.333333,4157,1263,461.888889,67.285714,57.522828,2,0,0,NO
OPENJPA,openjpa-persistence/src/main/java/org/apache/openjpa/persistence/RestoreStateType.java,4,26,60,1,1,60,60,60.000000,60,60,60.000000,130,130,130.000000,1.142857,1.142857,0,0,0,NO
OPENJPA,openjpa-persistence/src/main/java/org/apache/openjpa/persistence/StoreCache.java,4,19,747,10,4,423,197,42.300000,99,191,9.900000,4113,1263,411.300000,59.000000,55.882195,1,0,0,NO
OPENJPA,openjpa-persistence/src/main/java/org/apache/openjpa/persistence/Type.java,4,11,296,9,2,168,53,18.666667,40,53,4.444444,4157,1263,461.888889,67.285714,57.544884,2,0,0,NO
OPENJPA,openjpa-persistence/src/main/java/org/apache/openjpa/persistence/UpdateAction.java,4,5,205,10,2,118,30,11.800000,31,30,3.100000,4452,1263,445.200000,67.285714,54.618118,1,0,0,NO
OPENJPA,openjpa-jdbc-5/src/main/java/org/apache/openjpa/jdbc/kernel/JDBC3SavepointManager.java,5,30,87,3,2,76,62,25.333333,65,62,21.666667,1961,1263,653.666667,68.285714,57.988506,1,0,0,NO
OPENJPA,openjpa-jdbc/src/main/java/org/apache/openjpa/jdbc/ant/MappingToolTask.java,5,110,258,8,4,240,211,30.000000,222,211,27.750000,2037,1263,254.625000,68.285714,61.041528,1,0,3,NO
OPENJPA,openjpa-jdbc/src/main/java/org/apache/openjpa/jdbc/ant/ReverseMappingToolTask.java,5,154,358,7,4,335,257,47.857143,312,257,44.571429,2003,1263,286.142857,68.285714,56.246209,1,0,1,NO
OPENJPA,openjpa-jdbc/src/main/java/org/apache/openjpa/jdbc/conf/FetchModeValue.java,5,21,73,3,2,63,49,21.000000,53,49,17.666667,1742,1263,580.666667,68.285714,56.162427,1,0,0,NO
OPENJPA,openjpa-jdbc/src/main/java/org/apache/openjpa/jdbc/conf/JDBCConfiguration.java,5,92,679,5,3,642,609,128.400000,605,609,121.000000,2063,1263,412.600000,68.285714,66.744793,1,0,0,NO
OPENJPA,openjpa-jdbc/src/main/java/org/apache/openjpa/jdbc/kernel/ConnectionInfo.java,5,9,261,9,2,148,35,16.444444,35,35,3.888889,4576,1263,508.444444,77.714286,67.315271,1,0,0,NO
OPENJPA,openjpa-jdbc/src/main/java/org/apache/openjpa/jdbc/kernel/DelegatingJDBCFetchConfiguration.java,5,194,309,8,3,286,233,35.750000,263,233,32.875000,2215,1263,276.875000,68.285714,60.610264,1,0,1,NO
OPENJPA,openjpa-jdbc/src/main/java/org/apache/openjpa/jdbc/kernel/JDBCFetchConfiguration.java,5,35,264,8,3,237,164,29.625000,210,164,26.250000,2215,1263,276.875000,68.285714,57.596861,1,0,1,NO
OPENJPA,openjpa-jdbc/src/main/java/org/apache/openjpa/jdbc/kernel/JDBCLockManager.java,5,9,69,2,2,59,46,29.500000,49,46,24.500000,1739,1263,869.500000,68.285714,55.476190,1,0,0,NO
OPENJPA,openjpa-jdbc/src/main/java/org/apache/openjpa/jdbc/kernel/JDBCSeq.java,5,8,277,9,2,159,35,17.666667,41,35,4.555556,4576,1263,508.444444,77.714286,67.427540,1,0,0,NO
OPENJPA,openjpa-jdbc/src/main/java/org/apache/openjpa/jdbc/kernel/JDBCStore.java,5,22,145,6,3,121,106,20.166667,97,106,16.166667,2168,1263,361.333333,68.285714,61.610837,1,0,0,NO
OPENJPA,openjpa-jdbc/src/main/java/org/apache/openjpa/jdbc/kernel/PreparedStatementManager.java,5,8,293,9,2,170,40,18.888889,47,35,5.222222,4576,1263,508.444444,77.714286,67.533886,1,0,0,NO
OPENJPA,openjpa-jdbc/src/main/java/org/apache/openjpa/jdbc/kernel/UpdateManager.java,5,6,321,8,2,182,45,22.750000,43,45,5.375000,4281,1263,535.125000,77.714286,67.933689,2,0,0,NO
OPENJPA,openjpa-jdbc/src/main/java/org/apache/openjpa/jdbc/kernel/exps/AbstractVal.java,5,48,155,7,4,120,61,17.142857,85,61,12.142857,2095,1263,299.285714,68.285714,59.097696,1,0,0,NO
OPENJPA,openjpa-jdbc/src/main/java/org/apache/openjpa/jdbc/kernel/exps/All.java,5,10,215,9,2,126,30,14.000000,37,30,4.111111,4576,1263,508.444444,77.714286,66.565449,1,0,0,NO
OPENJPA,openjpa-jdbc/src/main/java/org/apache/openjpa/jdbc/kernel/exps/Any.java,5,10,215,9,2,126,30,14.000000,37,30,4.111111,4576,1263,508.444444,77.714286,66.565449,1,0,0,NO
OPENJPA,openjpa-jdbc/src/main/java/org/apache/openjpa/jdbc/kernel/exps/BinaryOpExpState.java,5,14,69,3,2,59,31,19.666667,49,31,16.333333,1407,1263,469.000000,61.142857,48.664596,0,0,0,NO
OPENJPA,openjpa-jdbc/src/main/java/org/apache/openjpa/jdbc/kernel/exps/Exp.java,5,13,153,5,3,106,83,21.200000,59,83,11.800000,2046,1263,409.200000,68.285714,60.739496,1,0,0,NO
OPENJPA,openjpa-jdbc/src/main/java/org/apache/openjpa/jdbc/kernel/exps/ExpContext.java,5,16,76,3,2,66,38,22.000000,56,38,18.666667,1407,1263,469.000000,61.142857,49.813910,0,0,0,NO
OPENJPA,openjpa-jdbc/src/main/java/org/apache/openjpa/jdbc/kernel/exps/ExpState.java,5,11,64,3,2,54,26,18.000000,44,26,14.666667,1407,1263,469.000000,61.142857,47.689732,0,0,0,NO
OPENJPA,openjpa-jdbc/src/main/java/org/apache/openjpa/jdbc/kernel/exps/FilterValue.java,5,24,143,4,3,131,103,32.750000,119,103,29.750000,1775,1263,443.750000,68.285714,55.886114,1,0,0,NO
OPENJPA,openjpa-jdbc/src/main/java/org/apache/openjpa/jdbc/kernel/exps/GetColumn.java,5,40,103,2,2,93,80,46.500000,83,80,41.500000,1739,1263,869.500000,68.285714,59.704577,1,0,0,NO
OPENJPA,openjpa-jdbc/src/main/java/org/apache/openjpa/jdbc/kernel/exps/JDBCAggregateListener.java,5,10,65,2,2,55,42,27.500000,45,42,22.500000,1739,1263,869.500000,68.285714,54.687912,1,0,0,NO
OPENJPA,openjpa-jdbc/src/main/java/org/apache/openjpa/jdbc/kernel/exps/JDBCFilterListener.java,5,10,67,2,2,57,44,28.500000,47,44,23.500000,1739,1263,869.500000,68.285714,55.093817,1,0,0,NO
OPENJPA,openjpa-jdbc/src/main/java/org/apache/openjpa/jdbc/kernel/exps/JDBCPath.java,5,6,112,7,2,72,30,10.285714,32,30,4.571429,3791,1263,541.571429,77.714286,63.857143,2,0,0,NO
OPENJPA,openjpa-jdbc/src/main/java/org/apache/openjpa/jdbc/kernel/exps/QueryExpressionsState.java,5,9,282,10,3,159,35,15.900000,36,35,3.600000,4387,1263,438.700000,77.714286,66.517224,2,0,0,NO
OPENJPA,openjpa-jdbc/src/main/java/org/apache/openjpa/jdbc/kernel/exps/SQLEmbed.java,5,35,97,5,3,84,69,16.800000,71,69,14.200000,1952,1263,390.400000,68.285714,58.811487,1,0,0,NO
OPENJPA,openjpa-jdbc/src/main/java/org/apache/openjpa/jdbc/kernel/exps/ToLowerCase.java,5,21,249,7,4,151,57,21.571429,53,53,7.571429,3676,1263,525.142857,69.428571,64.811819,1,0,1,NO
OPENJPA,openjpa-jdbc/src/main/java/org/apache/openjpa/jdbc/kernel/exps/ToUpperCase.java,5,21,248,7,4,151,57,21.571429,54,53,7.714286,3676,1263,525.142857,69.428571,64.826613,1,0,1,NO
OPENJPA,openjpa-jdbc/src/main/java/org/apache/openjpa/jdbc/kernel/exps/Val.java,5,39,313,7,3,230,161,32.857143,147,161,21.000000,2094,1263,299.142857,68.285714,62.906892,1,0,0,NO
OPENJPA,openjpa-jdbc/src/main/java/org/apache/openjpa/jdbc/meta/ClassStrategy.java,5,27,137,3,2,126,112,42.000000,115,112,38.333333,1961,1263,653.666667,68.285714,61.746611,1,0,0,NO
OPENJPA,openjpa-jdbc/src/main/java/org/apache/openjpa/jdbc/meta/DiscriminatorStrategy.java,5,19,108,4,3,93,69,23.250000,78,69,19.500000,1772,1263,443.000000,68.285714,56.715608,1,0,0,NO
OPENJPA,openjpa-jdbc/src/main/java/org/apache/openjpa/jdbc/meta/Embeddable.java,5,19,111,4,3,98,82,24.500000,85,82,21.250000,2099,1263,524.750000,68.285714,60.168597,1,0,0,NO
OPENJPA,openjpa-jdbc/src/main/java/org/apache/openjpa/jdbc/meta/FieldStrategy.java,5,59,289,4,3,268,245,67.000000,247,245,61.750000,2099,1263,524.750000,68.285714,65.101335,1,0,0,NO
OPENJPA,openjpa-jdbc/src/main/java/org/apache/openjpa/jdbc/meta/JDBCOrder.java,5,9,200,7,2,123,55,17.571429,46,55,6.571429,3791,1263,541.571429,77.714286,67.658571,2,0,0,NO
OPENJPA,openjpa-jdbc/src/main/java/org/apache/openjpa/jdbc/meta/Joinable.java,5,22,115,4,3,103,86,25.750000,91,86,22.750000,1818,1263,454.500000,68.285714,59.747826,1,0,0,NO
OPENJPA,openjpa-jdbc/src/main/java/org/apache/openjpa/jdbc/meta/RelationId.java,5,6,266,10,2,152,35,15.200000,38,35,3.800000,4798,1263,479.800000,77.714286,67.288400,1,0,0,NO
OPENJPA,openjpa-jdbc/src/main/java/org/apache/openjpa/jdbc/meta/ReverseCustomizer.java,5,23,183,2,2,173,160,86.500000,163,160,81.500000,1739,1263,869.500000,68.285714,63.455894,1,0,0,NO
OPENJPA,openjpa-jdbc/src/main/java/org/apache/openjpa/jdbc/meta/Strategy.java,5,28,160,4,2,148,131,37.000000,136,131,34.000000,2000,1263,500.000000,68.285714,62.265179,1,0,0,NO
OPENJPA,openjpa-jdbc/src/main/java/org/apache/openjpa/jdbc/meta/ValueHandler.java,5,23,132,5,3,118,99,23.600000,104,99,20.800000,2138,1263,427.600000,68.285714,60.949134,1,0,0,NO
OPENJPA,openjpa-jdbc/src/main/java/org/apache/openjpa/jdbc/meta/ValueMapping.java,5,58,301,5,3,285,265,57.000000,269,265,53.800000,2025,1263,405.000000,68.285714,65.035121,1,0,0,NO
OPENJPA,openjpa-jdbc/src/main/java/org/apache/openjpa/jdbc/meta/VersionMappingInfo.java,5,40,119,4,2,104,90,26.000000,89,90,22.250000,1860,1263,465.000000,68.285714,60.020408,1,0,1,NO
OPENJPA,openjpa-jdbc/src/main/java/org/apache/openjpa/jdbc/meta/strats/AbstractClassStrategy.java,5,45,102,2,2,92,79,46.000000,82,79,41.000000,1739,1263,869.500000,68.285714,59.620448,1,0,0,NO
OPENJPA,openjpa-jdbc/src/main/java/org/apache/openjpa/jdbc/meta/strats/AbstractDiscriminatorStrategy.java,5,49,120,4,3,108,89,27.000000,96,89,24.000000,1772,1263,443.000000,68.285714,59.815476,1,0,0,NO
OPENJPA,openjpa-jdbc/src/main/java/org/apache/openjpa/jdbc/meta/strats/AbstractStrategy.java,5,43,101,2,2,91,78,45.500000,81,78,40.500000,1739,1263,869.500000,68.285714,59.534653,1,0,0,NO
OPENJPA,openjpa-jdbc/src/main/java/org/apache/openjpa/jdbc/meta/strats/AbstractValueHandler.java,5,31,85,3,3,73,58,24.333333,61,58,20.333333,1877,1263,625.666667,68.285714,57.826891,1,0,0,NO
OPENJPA,openjpa-jdbc/src/main/java/org/apache/openjpa/jdbc/meta/strats/BlobValueHandler.java,5,20,71,2,2,61,48,30.500000,51,48,25.500000,1739,1263,869.500000,68.285714,55.837022,1,0,0,NO
OPENJPA,openjpa-jdbc/src/main/java/org/apache/openjpa/jdbc/meta/strats/ClobValueHandler.java,5,20,71,2,2,61,48,30.500000,51,48,25.500000,1739,1263,869.500000,68.285714,55.837022,1,0,0,NO
OPENJPA,openjpa-jdbc/src/main/java/org/apache/openjpa/jdbc/meta/strats/IdentityJoinable.java,5,50,111,4,3,99,83,24.750000,87,83,21.750000,1789,1263,447.250000,68.285714,59.839125,1,0,0,NO
OPENJPA,openjpa-jdbc/src/main/java/org/apache/openjpa/jdbc/meta/strats/LRSCollectionFieldStrategy.java,5,28,125,3,3,112,96,37.333333,99,96,33.000000,1877,1263,625.666667,68.285714,61.153143,1,0,0,NO
OPENJPA,openjpa-jdbc/src/main/java/org/apache/openjpa/jdbc/meta/strats/LRSMapFieldStrategy.java,5,41,186,3,3,169,149,56.333333,152,149,50.666667,1877,1263,625.666667,68.285714,63.437020,1,0,0,NO
OPENJPA,openjpa-jdbc/src/main/java/org/apache/openjpa/jdbc/schema/DriverDataSource.java,5,23,135,4,3,123,64,30.750000,111,64,27.750000,1795,1263,448.750000,68.285714,57.881481,1,0,0,NO
OPENJPA,openjpa-jdbc/src/main/java/org/apache/openjpa/jdbc/schema/SchemaFactory.java,5,5,394,9,2,218,55,24.222222,42,55,4.666667,4576,1263,508.444444,77.714286,68.722625,1,0,0,NO
OPENJPA,openjpa-jdbc/src/main/java/org/apache/openjpa/jdbc/schema/SchemaParser.java,5,10,85,2,2,75,62,37.500000,65,62,32.500000,1739,1263,869.500000,68.285714,57.887395,1,0,0,NO
OPENJPA,openjpa-jdbc/src/main/java/org/apache/openjpa/jdbc/schema/SchemaSerializer.java,5,13,101,2,2,91,78,45.500000,81,78,40.500000,1739,1263,869.500000,68.285714,59.534653,1,0,0,NO
OPENJPA,openjpa-jdbc/src/main/java/org/apache/openjpa/jdbc/schema/Unique.java,5,15,436,9,2,246,55,27.333333,56,55,6.222222,4576,1263,508.444444,77.714286,68.746068,1,0,0,YES
OPENJPA,openjpa-jdbc/src/main/java/org/apache/openjpa/jdbc/sql/CacheDictionary.java,5,16,65,2,2,55,42,27.500000,45,42,22.500000,1739,1263,869.500000,68.285714,54.687912,1,0,0,NO
OPENJPA,openjpa-jdbc/src/main/java/org/apache/openjpa/jdbc/sql/Calendard.java,5,10,264,9,2,151,35,16.777778,38,35,4.222222,4576,1263,508.444444,77.714286,67.326299,1,0,0,NO
OPENJPA,openjpa-jdbc/src/main/java/org/apache/openjpa/jdbc/sql/Raw.java,5,10,214,9,2,126,30,14.000000,38,30,4.222222,4576,1263,508.444444,77.714286,66.557410,1,0,0,NO
OPENJPA,openjpa-jdbc/src/main/java/org/apache/openjpa/jdbc/sql/Result.java,5,174,601,3,3,588,572,196.000000,575,572,191.666667,1877,1263,625.666667,68.285714,66.802234,1,0,0,NO
OPENJPA,openjpa-jdbc/src/main/java/org/apache/openjpa/jdbc/sql/Row.java,5,163,543,2,2,533,520,266.500000,523,520,261.500000,1739,1263,869.500000,68.285714,66.657985,1,0,0,NO
OPENJPA,openjpa-jdbc/src/main/java/org/apache/openjpa/jdbc/sql/RowManager.java,5,14,94,2,2,84,71,42.000000,74,71,37.000000,1739,1263,869.500000,68.285714,58.882979,1,0,0,NO
OPENJPA,openjpa-jdbc/src/main/java/org/apache/openjpa/jdbc/sql/SQLFactory.java,5,6,296,9,2,171,40,19.000000,46,35,5.111111,4576,1263,508.444444,77.714286,67.553089,1,0,0,NO
OPENJPA,openjpa-jdbc/src/main/java/org/apache/openjpa/jdbc/sql/Select.java,5,134,759,7,3,728,668,104.000000,697,668,99.571429,1931,1263,275.857143,68.285714,66.174289,1,0,1,NO
OPENJPA,openjpa-jdbc/src/main/java/org/apache/openjpa/jdbc/sql/SelectExecutor.java,5,29,200,5,4,169,122,33.800000,138,122,27.600000,1776,1263,355.200000,68.285714,53.997857,1,0,0,NO
OPENJPA,openjpa-jdbc/src/main/java/org/apache/openjpa/jdbc/sql/Sized.java,5,9,240,10,2,138,31,13.800000,36,30,3.600000,4577,1263,457.700000,77.714286,66.926190,1,0,0,NO
OPENJPA,openjpa-jdbc/src/main/java/org/apache/openjpa/jdbc/sql/Union.java,5,12,113,3,3,89,76,29.666667,65,76,21.666667,1752,1263,584.000000,68.285714,56.039191,1,0,0,NO
OPENJPA,openjpa-kernel/src/main/java/org/apache/openjpa/ant/ApplicationIdToolTask.java,5,45,132,3,2,122,94,40.666667,112,94,37.333333,1430,1263,476.666667,62.285714,55.433983,0,0,0,NO
OPENJPA,openjpa-kernel/src/main/java/org/apache/openjpa/ant/PCEnhancerTask.java,5,37,317,7,3,204,99,29.142857,91,86,13.000000,3217,1263,459.571429,69.428571,66.393871,1,0,0,NO
OPENJPA,openjpa-kernel/src/main/java/org/apache/openjpa/conf/BrokerFactoryValue.java,5,46,403,16,3,245,47,15.312500,87,43,5.437500,3354,1263,209.625000,69.428571,63.343495,1,0,0,NO
OPENJPA,openjpa-kernel/src/main/java/org/apache/openjpa/conf/CacheMarshaller.java,5,15,92,1,1,92,92,92.000000,92,92,92.000000,27,27,27.000000,10.285714,10.285714,0,0,0,NO
OPENJPA,openjpa-kernel/src/main/java/org/apache/openjpa/conf/OpenJPAConfiguration.java,5,265,4514,21,6,2998,1336,142.761905,1482,1324,70.571429,3718,1263,177.047619,69.428571,66.812615,1,0,1,NO
OPENJPA,openjpa-kernel/src/main/java/org/apache/openjpa/conf/OpenJPAProductDerivation.java,5,10,385,14,4,214,53,15.285714,43,53,3.071429,3909,1263,279.214286,77.714286,65.953989,2,0,0,NO
OPENJPA,openjpa-kernel/src/main/java/org/apache/openjpa/conf/SeqValue.java,5,18,157,4,2,103,46,25.750000,49,41,12.250000,3110,1263,777.500000,69.428571,63.541401,1,0,0,NO
OPENJPA,openjpa-kernel/src/main/java/org/apache/openjpa/datacache/DataCache.java,5,36,867,7,4,567,258,81.000000,267,242,38.142857,3344,1263,477.714286,69.428571,67.780359,1,0,0,NO
OPENJPA,openjpa-kernel/src/main/java/org/apache/openjpa/datacache/DataCacheManager.java,5,14,267,5,2,172,74,34.400000,77,71,15.400000,3111,1263,622.200000,69.428571,65.514179,1,0,0,NO
OPENJPA,openjpa-kernel/src/main/java/org/apache/openjpa/datacache/DataCachePCData.java,5,6,201,7,2,118,32,16.857143,35,30,5.000000,3805,1263,543.571429,77.714286,66.371002,2,0,0,NO
OPENJPA,openjpa-kernel/src/main/java/org/apache/openjpa/datacache/ExpirationListener.java,5,4,201,8,2,117,30,14.625000,33,30,4.125000,4027,1263,503.375000,77.714286,66.299218,2,0,0,NO
OPENJPA,openjpa-kernel/src/main/java/org/apache/openjpa/datacache/QueryCache.java,5,18,476,6,2,307,138,51.166667,138,130,23.000000,3382,1263,563.666667,69.428571,67.287815,1,0,0,NO
OPENJPA,openjpa-kernel/src/main/java/org/apache/openjpa/datacache/TypesChangedListener.java,5,4,201,8,2,117,30,14.625000,33,30,4.125000,4027,1263,503.375000,77.714286,66.299218,2,0,0,NO
OPENJPA,openjpa-kernel/src/main/java/org/apache/openjpa/ee/AbstractManagedRuntime.java,5,7,41,1,1,41,41,41.000000,41,41,41.000000,11,11,11.000000,14.000000,14.000000,0,0,1,NO
OPENJPA,openjpa-kernel/src/main/java/org/apache/openjpa/enhance/AttributeTranslator.java,5,4,341,11,3,186,36,16.909091,31,30,2.818182,4383,1263,398.454545,77.714286,53.709258,2,0,0,NO
OPENJPA,openjpa-kernel/src/main/java/org/apache/openjpa/enhance/DynamicPersistenceCapable.java,5,3,242,9,2,135,30,15.000000,28,30,3.111111,4164,1263,462.666667,77.714286,54.637544,1,0,0,NO
OPENJPA,openjpa-kernel/src/main/java/org/apache/openjpa/enhance/DynamicStorage.java,5,25,441,5,2,291,138,58.200000,141,135,28.200000,3332,1263,666.400000,69.428571,67.238743,1,0,0,NO
OPENJPA,openjpa-kernel/src/main/java/org/apache/openjpa/enhance/FieldConsumer.java,5,13,239,4,2,157,72,39.250000,75,69,18.750000,3110,1263,777.500000,69.428571,65.528990,1,0,0,NO
OPENJPA,openjpa-kernel/src/main/java/org/apache/openjpa/enhance/FieldManager.java,5,4,187,8,2,107,30,13.375000,27,30,3.375000,4100,1263,512.500000,77.714286,66.253629,1,0,0,NO
OPENJPA,openjpa-kernel/src/main/java/org/apache/openjpa/enhance/FieldSupplier.java,5,13,239,4,2,157,72,39.250000,75,69,18.750000,3110,1263,777.500000,69.428571,65.528990,1,0,0,NO
OPENJPA,openjpa-kernel/src/main/java/org/apache/openjpa/enhance/ManagedInstanceProvider.java,5,4,242,9,2,135,30,15.000000,28,30,3.111111,4164,1263,462.666667,77.714286,54.637544,1,0,0,NO
OPENJPA,openjpa-kernel/src/main/java/org/apache/openjpa/enhance/PersistenceCapable.java,5,40,294,5,3,194,91,38.800000,94,87,18.800000,3119,1263,623.800000,69.428571,65.797376,1,0,0,NO
OPENJPA,openjpa-kernel/src/main/java/org/apache/openjpa/enhance/StateManager.java,5,69,880,6,4,583,282,97.166667,286,277,47.666667,3159,1263,526.500000,69.428571,67.983279,1,0,0,NO
OPENJPA,openjpa-kernel/src/main/java/org/apache/openjpa/event/AbstractLifecycleListener.java,5,60,288,5,2,198,81,39.600000,108,77,21.600000,3116,1263,623.200000,69.428571,61.981647,1,0,0,NO
OPENJPA,openjpa-kernel/src/main/java/org/apache/openjpa/event/AbstractRemoteCommitProvider.java,5,32,222,5,2,146,67,29.200000,70,63,14.000000,3332,1263,666.400000,69.428571,65.175676,1,0,0,NO
OPENJPA,openjpa-kernel/src/main/java/org/apache/openjpa/event/AbstractTransactionListener.java,5,33,239,5,2,156,70,31.200000,73,67,14.600000,3332,1263,666.400000,69.428571,65.466826,1,0,0,NO
OPENJPA,openjpa-kernel/src/main/java/org/apache/openjpa/event/AttachListener.java,5,5,249,7,2,143,40,20.428571,37,40,5.285714,3805,1263,543.571429,77.714286,67.431440,2,0,0,NO
OPENJPA,openjpa-kernel/src/main/java/org/apache/openjpa/event/BeginTransactionListener.java,5,4,226,8,2,131,35,16.375000,36,35,4.500000,4027,1263,503.375000,77.714286,66.869153,2,0,0,NO
OPENJPA,openjpa-kernel/src/main/java/org/apache/openjpa/event/BrokerFactoryEvent.java,5,18,506,10,2,281,55,28.100000,56,55,5.600000,4240,1263,424.000000,77.714286,58.026821,1,0,0,NO
OPENJPA,openjpa-kernel/src/main/java/org/apache/openjpa/event/BrokerFactoryListener.java,5,4,325,10,2,180,40,18.000000,35,40,3.500000,3949,1263,394.900000,77.714286,56.218462,2,0,0,NO
OPENJPA,openjpa-kernel/src/main/java/org/apache/openjpa/event/ClearListener.java,5,5,252,8,2,145,35,18.125000,38,35,4.750000,4100,1263,512.500000,77.714286,67.342404,1,0,0,NO
OPENJPA,openjpa-kernel/src/main/java/org/apache/openjpa/event/DeleteListener.java,5,5,252,8,2,145,35,18.125000,38,35,4.750000,4100,1263,512.500000,77.714286,67.342404,1,0,0,NO
OPENJPA,openjpa-kernel/src/main/java/org/apache/openjpa/event/DetachListener.java,5,5,249,7,2,143,40,20.428571,37,40,5.285714,3805,1263,543.571429,77.714286,67.431440,2,0,0,NO
OPENJPA,openjpa-kernel/src/main/java/org/apache/openjpa/event/DirtyListener.java,5,7,344,7,2,196,60,28.000000,48,60,6.857143,3805,1263,543.571429,77.714286,68.612542,2,0,0,NO
OPENJPA,openjpa-kernel/src/main/java/org/apache/openjpa/event/EndTransactionListener.java,5,9,249,5,2,161,70,32.200000,73,67,14.600000,3332,1263,666.400000,69.428571,65.614458,1,0,0,NO
OPENJPA,openjpa-kernel/src/main/java/org/apache/openjpa/event/ExceptionOrphanedKeyAction.java,5,14,304,8,2,173,53,21.625000,42,53,5.250000,4027,1263,503.375000,77.714286,68.208647,2,0,0,NO
OPENJPA,openjpa-kernel/src/main/java/org/apache/openjpa/event/FlushTransactionListener.java,5,5,315,8,2,179,55,22.375000,43,55,5.375000,4027,1263,503.375000,77.714286,68.326984,2,0,0,NO
OPENJPA,openjpa-kernel/src/main/java/org/apache/openjpa/event/LifecycleListener.java,5,5,197,7,2,114,32,16.285714,31,32,4.428571,3805,1263,543.571429,77.714286,66.412618,2,0,0,NO
OPENJPA,openjpa-kernel/src/main/java/org/apache/openjpa/event/LoadListener.java,5,5,252,8,2,145,35,18.125000,38,35,4.750000,4100,1263,512.500000,77.714286,67.342404,1,0,0,NO
OPENJPA,openjpa-kernel/src/main/java/org/apache/openjpa/event/NoneOrphanedKeyAction.java,5,10,245,9,2,141,35,15.666667,37,35,4.111111,4322,1263,480.222222,77.714286,67.202915,1,0,0,NO
OPENJPA,openjpa-kernel/src/main/java/org/apache/openjpa/event/OrphanedKeyAction.java,5,6,149,5,2,96,40,19.200000,43,37,8.600000,3332,1263,666.400000,69.428571,63.131352,1,0,0,NO
OPENJPA,openjpa-kernel/src/main/java/org/apache/openjpa/event/PersistListener.java,5,5,247,7,2,142,40,20.285714,37,40,5.285714,3805,1263,543.571429,77.714286,67.417582,2,0,0,NO
OPENJPA,openjpa-kernel/src/main/java/org/apache/openjpa/event/RemoteCommitListener.java,5,7,238,5,2,149,65,29.800000,60,52,12.000000,3332,1263,666.400000,69.428571,65.421369,1,0,0,NO
OPENJPA,openjpa-kernel/src/main/java/org/apache/openjpa/event/RemoteCommitProvider.java,5,8,224,6,2,143,63,23.833333,62,55,10.333333,3346,1263,557.666667,69.428571,65.190689,1,0,0,NO
OPENJPA,openjpa-kernel/src/main/java/org/apache/openjpa/event/SingleJVMRemoteCommitProvider.java,5,23,252,6,3,158,66,26.333333,64,61,10.666667,3409,1263,568.166667,69.428571,65.419501,1,0,0,NO
OPENJPA,openjpa-kernel/src/main/java/org/apache/openjpa/event/StoreListener.java,5,5,228,7,2,133,35,19.000000,38,35,5.428571,3805,1263,543.571429,77.714286,66.954261,2,0,0,NO
OPENJPA,openjpa-kernel/src/main/java/org/apache/openjpa/event/TransactionListener.java,5,5,194,9,2,113,30,12.555556,32,30,3.555556,4028,1263,447.555556,77.714286,66.201767,2,0,0,NO
OPENJPA,openjpa-kernel/src/main/java/org/apache/openjpa/kernel/AbstractFieldManager.java,5,66,348,4,2,230,109,57.500000,112,105,28.000000,3110,1263,777.500000,69.428571,66.720443,1,0,0,NO
OPENJPA,openjpa-kernel/src/main/java/org/apache/openjpa/kernel/AbstractLockManager.java,5,30,259,5,2,171,80,34.200000,83,75,16.600000,3130,1263,626.000000,69.428571,65.821291,1,0,0,NO
OPENJPA,openjpa-kernel/src/main/java/org/apache/openjpa/kernel/Broker.java,5,119,2186,10,4,1450,665,145.000000,714,652,71.400000,3500,1263,350.000000,69.428571,68.005751,1,0,1,YES
OPENJPA,openjpa-kernel/src/main/java/org/apache/openjpa/kernel/BrokerFactory.java,5,23,355,7,3,238,101,34.000000,121,97,17.285714,3415,1263,487.857143,69.428571,64.148089,1,0,0,NO
OPENJPA,openjpa-kernel/src/main/java/org/apache/openjpa/kernel/Extent.java,5,17,295,4,2,193,90,48.250000,91,85,22.750000,3110,1263,777.500000,69.428571,66.246973,1,0,0,NO
OPENJPA,openjpa-kernel/src/main/java/org/apache/openjpa/kernel/FindCallbacks.java,5,5,317,8,2,180,55,22.500000,43,55,5.375000,3825,1263,478.125000,77.714286,68.373592,2,0,0,NO
OPENJPA,openjpa-kernel/src/main/java/org/apache/openjpa/kernel/LockManager.java,5,16,371,5,2,241,108,48.200000,111,103,22.200000,3130,1263,626.000000,69.428571,66.866384,1,0,0,NO
OPENJPA,openjpa-kernel/src/main/java/org/apache/openjpa/kernel/NoneLockManager.java,5,14,293,7,2,167,53,23.857143,41,53,5.857143,3805,1263,543.571429,77.714286,68.207216,2,0,0,NO
OPENJPA,openjpa-kernel/src/main/java/org/apache/openjpa/kernel/OpCallbacks.java,5,18,189,5,2,122,52,24.400000,55,48,11.000000,3130,1263,626.000000,69.428571,64.507181,1,0,0,NO
OPENJPA,openjpa-kernel/src/main/java/org/apache/openjpa/kernel/OpenJPAStateManager.java,5,83,1630,10,4,1065,495,106.500000,500,488,50.000000,3562,1263,356.200000,69.428571,68.583348,1,0,0,NO
OPENJPA,openjpa-kernel/src/main/java/org/apache/openjpa/kernel/PCData.java,5,20,373,6,3,240,108,40.000000,107,102,17.833333,3251,1263,541.833333,69.428571,66.757947,1,0,0,NO
OPENJPA,openjpa-kernel/src/main/java/org/apache/openjpa/kernel/Query.java,5,35,617,5,2,405,194,81.000000,193,187,38.600000,3332,1263,666.400000,69.428571,67.808752,1,0,0,NO
OPENJPA,openjpa-kernel/src/main/java/org/apache/openjpa/kernel/QueryContext.java,5,56,940,8,3,612,289,76.500000,284,282,35.500000,3416,1263,427.000000,69.428571,68.010334,1,0,1,NO
OPENJPA,openjpa-kernel/src/main/java/org/apache/openjpa/kernel/SavepointManager.java,5,5,253,9,2,146,36,16.222222,39,35,4.333333,4322,1263,480.222222,77.714286,67.270469,1,0,0,NO
OPENJPA,openjpa-kernel/src/main/java/org/apache/openjpa/kernel/Seq.java,5,15,243,4,2,158,70,39.500000,73,66,18.250000,3110,1263,777.500000,69.428571,65.582011,1,0,0,NO
OPENJPA,openjpa-kernel/src/main/java/org/apache/openjpa/kernel/StoreContext.java,5,75,1459,10,4,950,437,95.000000,441,430,44.100000,3645,1263,364.500000,69.428571,67.551944,1,0,0,NO
OPENJPA,openjpa-kernel/src/main/java/org/apache/openjpa/kernel/StoreManager.java,5,55,1524,12,4,975,427,81.250000,426,416,35.500000,3707,1263,308.916667,69.428571,68.476472,1,0,0,NO
OPENJPA,openjpa-kernel/src/main/java/org/apache/openjpa/kernel/StoreQuery.java,5,72,1074,8,3,698,314,87.250000,322,308,40.250000,3405,1263,425.625000,69.428571,68.108007,1,0,0,NO
OPENJPA,openjpa-kernel/src/main/java/org/apache/openjpa/kernel/exps/AbstractExpressionVisitor.java,5,12,62,3,2,52,24,17.333333,42,24,14.000000,1494,1263,498.000000,63.857143,48.306452,0,0,0,NO
OPENJPA,openjpa-kernel/src/main/java/org/apache/openjpa/kernel/exps/Add.java,5,11,237,7,2,139,38,19.857143,41,35,5.857143,3805,1263,543.571429,77.714286,67.042797,2,0,0,NO
OPENJPA,openjpa-kernel/src/main/java/org/apache/openjpa/kernel/exps/AggregateListener.java,5,12,244,5,2,158,69,31.600000,72,65,14.400000,3130,1263,626.000000,69.428571,65.591920,1,0,0,NO
OPENJPA,openjpa-kernel/src/main/java/org/apache/openjpa/kernel/exps/All.java,5,27,183,4,2,121,56,30.250000,59,49,14.750000,3110,1263,777.500000,69.428571,64.363778,1,0,0,NO
OPENJPA,openjpa-kernel/src/main/java/org/apache/openjpa/kernel/exps/Any.java,5,27,180,4,2,119,55,29.750000,58,48,14.500000,3110,1263,777.500000,69.428571,64.280952,1,0,0,NO
OPENJPA,openjpa-kernel/src/main/java/org/apache/openjpa/kernel/exps/Arguments.java,5,5,197,7,2,115,30,16.428571,33,30,4.714286,3805,1263,543.571429,77.714286,66.308920,2,0,0,NO
OPENJPA,openjpa-kernel/src/main/java/org/apache/openjpa/kernel/exps/Avg.java,5,31,203,4,2,134,62,33.500000,65,56,16.250000,3110,1263,777.500000,69.428571,64.853624,1,0,0,NO
OPENJPA,openjpa-kernel/src/main/java/org/apache/openjpa/kernel/exps/Constant.java,5,4,205,8,3,119,31,14.875000,33,30,4.125000,3831,1263,478.875000,77.714286,66.255052,2,0,0,NO
OPENJPA,openjpa-kernel/src/main/java/org/apache/openjpa/kernel/exps/Count.java,5,20,392,8,2,222,55,27.750000,52,55,6.500000,4100,1263,512.500000,77.714286,68.788994,1,0,0,NO
OPENJPA,openjpa-kernel/src/main/java/org/apache/openjpa/kernel/exps/Divide.java,5,11,240,7,2,141,39,20.142857,42,35,6.000000,3805,1263,543.571429,77.714286,67.071429,2,0,0,NO
OPENJPA,openjpa-kernel/src/main/java/org/apache/openjpa/kernel/exps/EndsWithExpression.java,5,12,275,7,2,158,45,22.571429,41,45,5.857143,3805,1263,543.571429,77.714286,67.811429,2,0,0,NO
OPENJPA,openjpa-kernel/src/main/java/org/apache/openjpa/kernel/exps/EqualExpression.java,5,11,239,7,2,140,39,20.000000,41,35,5.857143,3805,1263,543.571429,77.714286,67.060968,2,0,0,NO
OPENJPA,openjpa-kernel/src/main/java/org/apache/openjpa/kernel/exps/Expression.java,5,6,208,10,3,122,30,12.200000,36,30,3.600000,4217,1263,421.700000,77.714286,64.985577,1,0,0,NO
OPENJPA,openjpa-kernel/src/main/java/org/apache/openjpa/kernel/exps/ExpressionParser.java,5,14,204,4,2,134,61,33.500000,64,57,16.000000,3110,1263,777.500000,69.428571,64.876050,1,0,0,NO
OPENJPA,openjpa-kernel/src/main/java/org/apache/openjpa/kernel/exps/ExpressionVisitor.java,5,7,69,3,2,59,31,19.666667,49,31,16.333333,1494,1263,498.000000,63.857143,49.884058,0,0,0,NO
OPENJPA,openjpa-kernel/src/main/java/org/apache/openjpa/kernel/exps/FilterListener.java,5,12,317,5,2,203,89,40.600000,89,82,17.800000,3130,1263,626.000000,69.428571,66.441640,1,0,0,NO
OPENJPA,openjpa-kernel/src/main/java/org/apache/openjpa/kernel/exps/GreaterThanEqualExpression.java,5,12,280,7,2,161,45,23.000000,42,45,6.000000,3805,1263,543.571429,77.714286,67.837755,2,0,0,NO
OPENJPA,openjpa-kernel/src/main/java/org/apache/openjpa/kernel/exps/GreaterThanExpression.java,5,12,280,7,2,161,45,23.000000,42,45,6.000000,3805,1263,543.571429,77.714286,67.837755,2,0,0,NO
OPENJPA,openjpa-kernel/src/main/java/org/apache/openjpa/kernel/exps/LessThanEqualExpression.java,5,12,280,7,2,161,45,23.000000,42,45,6.000000,3805,1263,543.571429,77.714286,67.837755,2,0,0,NO
OPENJPA,openjpa-kernel/src/main/java/org/apache/openjpa/kernel/exps/LessThanExpression.java,5,12,280,7,2,161,45,23.000000,42,45,6.000000,3805,1263,543.571429,77.714286,67.837755,2,0,0,NO
OPENJPA,openjpa-kernel/src/main/java/org/apache/openjpa/kernel/exps/Literal.java,5,12,353,8,3,202,60,25.250000,51,60,6.375000,3831,1263,478.875000,77.714286,68.590854,2,0,0,NO
OPENJPA,openjpa-kernel/src/main/java/org/apache/openjpa/kernel/exps/Max.java,5,22,171,4,2,112,50,28.000000,53,46,13.250000,3110,1263,777.500000,69.428571,64.015873,1,0,0,NO
OPENJPA,openjpa-kernel/src/main/java/org/apache/openjpa/kernel/exps/Min.java,5,22,171,4,2,112,50,28.000000,53,46,13.250000,3110,1263,777.500000,69.428571,64.015873,1,0,0,NO
OPENJPA,openjpa-kernel/src/main/java/org/apache/openjpa/kernel/exps/Mod.java,5,11,240,7,2,141,39,20.142857,42,35,6.000000,3805,1263,543.571429,77.714286,67.071429,2,0,0,NO
OPENJPA,openjpa-kernel/src/main/java/org/apache/openjpa/kernel/exps/Multiply.java,5,11,278,7,2,160,45,22.857143,42,45,6.000000,3805,1263,543.571429,77.714286,67.827852,2,0,0,NO
OPENJPA,openjpa-kernel/src/main/java/org/apache/openjpa/kernel/exps/NotEqualExpression.java,5,11,239,7,2,140,39,20.000000,41,35,5.857143,3805,1263,543.571429,77.714286,67.060968,2,0,0,NO
OPENJPA,openjpa-kernel/src/main/java/org/apache/openjpa/kernel/exps/Parameter.java,5,6,217,8,3,128,36,16.000000,39,30,4.875000,3831,1263,478.875000,77.714286,66.522712,2,0,0,NO
OPENJPA,openjpa-kernel/src/main/java/org/apache/openjpa/kernel/exps/Path.java,5,11,402,11,4,236,55,21.454545,70,55,6.363636,4226,1263,384.181818,77.714286,64.408316,1,0,0,NO
OPENJPA,openjpa-kernel/src/main/java/org/apache/openjpa/kernel/exps/Resolver.java,5,8,182,4,2,118,51,29.500000,54,48,13.500000,3110,1263,777.500000,69.428571,64.331240,1,0,0,NO
OPENJPA,openjpa-kernel/src/main/java/org/apache/openjpa/kernel/exps/Size.java,5,20,157,4,2,103,46,25.750000,49,42,12.250000,3110,1263,777.500000,69.428571,63.544131,1,0,0,NO
OPENJPA,openjpa-kernel/src/main/java/org/apache/openjpa/kernel/exps/StartsWithExpression.java,5,12,275,7,2,158,45,22.571429,41,45,5.857143,3805,1263,543.571429,77.714286,67.811429,2,0,0,NO
OPENJPA,openjpa-kernel/src/main/java/org/apache/openjpa/kernel/exps/Subquery.java,5,6,261,10,3,150,37,15.000000,39,35,3.900000,4348,1263,434.800000,77.714286,67.275862,1,0,0,NO
OPENJPA,openjpa-kernel/src/main/java/org/apache/openjpa/kernel/exps/Subtract.java,5,11,278,7,2,160,45,22.857143,42,45,6.000000,3805,1263,543.571429,77.714286,67.827852,2,0,0,NO
OPENJPA,openjpa-kernel/src/main/java/org/apache/openjpa/kernel/exps/Sum.java,5,32,201,4,2,133,62,33.250000,65,55,16.250000,3110,1263,777.500000,69.428571,64.808813,1,0,0,NO
OPENJPA,openjpa-kernel/src/main/java/org/apache/openjpa/kernel/exps/Value.java,5,14,212,8,4,144,55,18.000000,76,52,9.500000,3276,1263,409.500000,69.428571,62.128706,1,0,0,NO
OPENJPA,openjpa-kernel/src/main/java/org/apache/openjpa/kernel/jpql/SimpleNode.java,5,7,220,9,2,127,31,14.111111,34,30,3.777778,4101,1263,455.666667,77.714286,66.794805,1,0,0,NO
OPENJPA,openjpa-kernel/src/main/java/org/apache/openjpa/meta/MetaDataContext.java,5,4,196,7,2,114,30,16.285714,32,30,4.571429,3805,1263,543.571429,77.714286,66.293732,2,0,0,NO
OPENJPA,openjpa-kernel/src/main/java/org/apache/openjpa/meta/MetaDataDefaults.java,5,16,290,11,5,191,64,17.363636,92,60,8.363636,3235,1263,294.090909,69.428571,63.384236,1,0,0,NO
OPENJPA,openjpa-kernel/src/main/java/org/apache/openjpa/meta/MetaDataFactory.java,5,30,467,6,4,310,138,51.666667,153,134,25.500000,3134,1263,522.333333,69.428571,66.315999,1,0,0,NO
OPENJPA,openjpa-kernel/src/main/java/org/apache/openjpa/meta/Order.java,5,10,338,8,2,195,55,24.375000,52,55,6.500000,3844,1263,480.500000,77.714286,68.225275,2,0,0,NO
OPENJPA,openjpa-kernel/src/main/java/org/apache/openjpa/meta/ValueMetaData.java,5,47,983,7,2,644,300,92.000000,305,296,43.571429,3382,1263,483.142857,69.428571,68.219590,1,0,0,NO
OPENJPA,openjpa-kernel/src/main/java/org/apache/openjpa/util/ChangeTracker.java,5,12,305,4,2,197,86,49.250000,89,83,22.250000,3110,1263,777.500000,69.428571,66.337237,1,0,0,NO
OPENJPA,openjpa-kernel/src/main/java/org/apache/openjpa/util/ClassResolver.java,5,6,155,5,2,100,43,20.000000,45,39,9.000000,3332,1263,666.400000,69.428571,63.372350,1,0,0,NO
OPENJPA,openjpa-kernel/src/main/java/org/apache/openjpa/util/ClassResolverImpl.java,5,31,216,8,4,142,59,17.750000,68,53,8.500000,3551,1263,443.875000,69.428571,59.801587,1,0,1,NO
OPENJPA,openjpa-kernel/src/main/java/org/apache/openjpa/util/CollectionChangeTracker.java,5,6,303,7,2,172,55,24.571429,41,55,5.857143,3805,1263,543.571429,77.714286,68.334748,2,0,0,NO
OPENJPA,openjpa-kernel/src/main/java/org/apache/openjpa/util/ExceptionInfo.java,5,16,273,6,2,178,80,29.666667,83,77,13.833333,3333,1263,555.500000,69.428571,65.683935,1,0,0,NO
OPENJPA,openjpa-kernel/src/main/java/org/apache/openjpa/util/GeneralException.java,5,22,321,8,2,187,53,23.375000,53,53,6.625000,3894,1263,486.750000,77.714286,68.206943,2,0,0,NO
OPENJPA,openjpa-kernel/src/main/java/org/apache/openjpa/util/InternalException.java,5,31,342,9,2,203,53,22.555556,64,53,7.111111,4116,1263,457.333333,77.714286,68.189223,2,0,0,NO
OPENJPA,openjpa-kernel/src/main/java/org/apache/openjpa/util/LRSProxy.java,5,4,198,9,2,114,30,12.666667,30,30,3.333333,4322,1263,480.222222,77.714286,66.353535,1,0,0,NO
OPENJPA,openjpa-kernel/src/main/java/org/apache/openjpa/util/MapChangeTracker.java,5,9,214,5,2,138,59,27.600000,62,55,12.400000,3160,1263,632.000000,69.428571,65.070093,1,0,0,NO
OPENJPA,openjpa-kernel/src/main/java/org/apache/openjpa/util/Proxy.java,5,9,211,5,3,136,59,27.200000,61,55,12.200000,3151,1263,630.200000,69.428571,64.811781,1,0,0,NO
OPENJPA,openjpa-kernel/src/main/java/org/apache/openjpa/util/ProxyBean.java,5,5,213,8,3,124,31,15.500000,35,30,4.375000,3846,1263,480.750000,77.714286,65.432596,2,0,0,NO
OPENJPA,openjpa-kernel/src/main/java/org/apache/openjpa/util/ProxyCalendar.java,5,5,234,9,3,134,35,14.888889,34,35,3.777778,3851,1263,427.888889,77.714286,65.807082,2,0,0,NO
OPENJPA,openjpa-kernel/src/main/java/org/apache/openjpa/util/ProxyCollection.java,5,9,168,5,3,105,41,21.000000,42,36,8.400000,3151,1263,630.200000,69.428571,60.996599,1,0,0,NO
OPENJPA,openjpa-kernel/src/main/java/org/apache/openjpa/util/ProxyDate.java,5,5,204,8,3,119,31,14.875000,34,30,4.250000,3846,1263,480.750000,77.714286,66.201681,2,0,0,NO
OPENJPA,openjpa-kernel/src/main/java/org/apache/openjpa/util/ProxyManager.java,5,22,460,6,3,288,119,48.000000,116,116,19.333333,3373,1263,562.166667,69.428571,64.506211,1,0,0,NO
OPENJPA,openjpa-kernel/src/main/java/org/apache/openjpa/util/ProxyMap.java,5,10,167,5,3,107,40,21.400000,47,36,9.400000,3151,1263,630.200000,69.428571,60.820359,1,0,0,NO
OPENJPA,openjpa-kernel/src/main/java/org/apache/openjpa/util/RuntimeExceptionTranslator.java,5,6,220,7,2,128,35,18.285714,36,35,5.142857,3805,1263,543.571429,77.714286,66.867532,2,0,0,NO
OPENJPA,openjpa-kernel/src/main/java/org/apache/openjpa/util/StoreException.java,5,22,347,9,2,200,53,22.222222,53,53,5.888889,4116,1263,457.333333,77.714286,68.195554,2,0,0,NO
OPENJPA,openjpa-kernel/src/main/java/org/apache/openjpa/util/UnsupportedException.java,5,23,336,9,2,195,53,21.666667,54,53,6.000000,4116,1263,457.333333,77.714286,68.216412,2,0,0,NO
OPENJPA,openjpa-kernel/src/main/java/org/apache/openjpa/util/UserException.java,5,31,343,10,2,204,53,20.400000,65,53,6.500000,4122,1263,412.200000,77.714286,67.990421,2,0,1,NO
OPENJPA,openjpa-lib-5/src/main/java/org/apache/openjpa/lib/util/J2DoPriv5Helper.java,5,30,92,1,1,92,92,92.000000,92,92,92.000000,10,10,10.000000,6.000000,6.000000,0,0,1,NO
OPENJPA,openjpa-lib/src/main/java/org/apache/openjpa/lib/conf/AbstractProductDerivation.java,5,39,303,7,4,189,90,27.000000,75,90,10.714286,1445,1263,206.428571,59.428571,53.364451,0,0,0,NO
OPENJPA,openjpa-lib/src/main/java/org/apache/openjpa/lib/conf/Configurable.java,5,6,105,5,2,75,42,15.000000,45,42,9.000000,3181,1263,636.200000,71.285714,61.897959,2,0,0,NO
OPENJPA,openjpa-lib/src/main/java/org/apache/openjpa/lib/conf/ConfigurationProvider.java,5,8,297,9,4,176,71,19.555556,55,71,6.111111,3488,1263,387.555556,71.285714,62.836460,2,0,0,NO
OPENJPA,openjpa-lib/src/main/java/org/apache/openjpa/lib/conf/GenericConfigurable.java,5,5,123,6,2,82,39,13.666667,41,39,6.833333,3186,1263,531.000000,71.285714,62.969803,2,0,0,NO
OPENJPA,openjpa-lib/src/main/java/org/apache/openjpa/lib/conf/ValueListener.java,5,4,102,6,2,67,31,11.166667,32,31,5.333333,3315,1263,552.500000,77.714286,63.600840,2,0,0,NO
OPENJPA,openjpa-lib/src/main/java/org/apache/openjpa/lib/graph/GraphVisitor.java,5,6,439,8,2,243,60,30.375000,47,60,5.875000,3816,1263,477.000000,77.714286,58.587374,2,0,0,NO
OPENJPA,openjpa-lib/src/main/java/org/apache/openjpa/lib/graph/NodeInfo.java,5,8,323,10,3,179,36,17.900000,35,30,3.500000,4319,1263,431.900000,77.714286,55.858470,2,0,0,NO
OPENJPA,openjpa-lib/src/main/java/org/apache/openjpa/lib/jdbc/ConnectionDecorator.java,5,6,112,6,2,74,35,12.333333,36,35,6.000000,3315,1263,552.500000,77.714286,64.464286,2,0,0,NO
OPENJPA,openjpa-lib/src/main/java/org/apache/openjpa/lib/jdbc/JDBCEvent.java,5,50,278,5,2,220,157,44.000000,162,157,32.400000,3181,1263,636.200000,71.285714,67.629496,2,0,0,NO
OPENJPA,openjpa-lib/src/main/java/org/apache/openjpa/lib/jdbc/JDBCListener.java,5,15,168,5,2,129,86,25.800000,90,86,18.000000,3181,1263,636.200000,71.285714,65.367347,2,0,0,NO
OPENJPA,openjpa-lib/src/main/java/org/apache/openjpa/lib/log/AbstractLog.java,5,74,292,7,2,216,159,30.857143,140,159,20.000000,3760,1263,537.142857,71.285714,67.500000,2,0,0,NO
OPENJPA,openjpa-lib/src/main/java/org/apache/openjpa/lib/log/LogFactory.java,5,4,98,6,2,65,30,10.833333,32,30,5.333333,3315,1263,552.500000,77.714286,63.224490,2,0,0,NO
OPENJPA,openjpa-lib/src/main/java/org/apache/openjpa/lib/meta/MetaDataFilter.java,5,9,180,6,2,116,55,19.333333,52,55,8.666667,3315,1263,552.500000,77.714286,67.738095,2,0,0,NO
OPENJPA,openjpa-lib/src/main/java/org/apache/openjpa/lib/meta/MetaDataIterator.java,5,12,138,5,2,99,57,19.800000,60,57,12.000000,3181,1263,636.200000,71.285714,64.025880,2,0,0,NO
OPENJPA,openjpa-lib/src/main/java/org/apache/openjpa/lib/meta/MetaDataParser.java,5,17,195,6,2,141,84,23.500000,87,84,14.500000,3671,1263,611.833333,71.285714,66.012454,2,0,0,NO
OPENJPA,openjpa-lib/src/main/java/org/apache/openjpa/lib/meta/MetaDataSerializer.java,5,15,246,7,2,160,76,22.857143,74,76,10.571429,3721,1263,531.571429,71.285714,66.716609,2,0,0,NO
OPENJPA,openjpa-lib/src/main/java/org/apache/openjpa/lib/meta/SourceTracker.java,5,11,122,5,2,89,54,17.800000,56,54,11.200000,3181,1263,636.200000,71.285714,63.168618,2,0,0,NO
OPENJPA,openjpa-lib/src/main/java/org/apache/openjpa/lib/rop/AbstractResultList.java,5,50,187,7,3,139,85,19.857143,91,85,13.000000,3271,1263,467.285714,71.285714,63.250573,2,0,1,NO
OPENJPA,openjpa-lib/src/main/java/org/apache/openjpa/lib/rop/AbstractSequentialResultList.java,5,72,234,5,2,175,130,35.000000,116,130,23.200000,3181,1263,636.200000,71.285714,66.962759,2,0,0,NO
OPENJPA,openjpa-lib/src/main/java/org/apache/openjpa/lib/rop/ResultList.java,5,9,171,5,2,114,62,22.800000,57,62,11.400000,3181,1263,636.200000,71.285714,65.259816,2,0,0,NO
OPENJPA,openjpa-lib/src/main/java/org/apache/openjpa/lib/util/BytecodeWriter.java,5,6,107,6,2,70,32,11.666667,33,32,5.500000,3315,1263,552.500000,77.714286,63.933244,2,0,0,NO
OPENJPA,openjpa-lib/src/main/java/org/apache/openjpa/lib/util/Bytes.java,5,79,195,3,3,181,164,60.333333,167,164,55.666667,1267,1263,422.333333,52.285714,49.410256,0,0,0,NO
OPENJPA,openjpa-lib/src/main/java/org/apache/openjpa/lib/util/EventManager.java,5,10,121,5,2,90,56,18.000000,59,56,11.800000,3181,1263,636.200000,71.285714,63.108619,2,0,0,NO
OPENJPA,openjpa-lib/src/main/java/org/apache/openjpa/lib/util/ParseException.java,5,21,172,8,2,113,53,14.125000,54,53,6.750000,3626,1263,453.250000,77.714286,67.127076,2,0,0,NO
OPENJPA,openjpa-lib/src/main/java/org/apache/openjpa/lib/util/ReferenceMap.java,5,10,123,5,2,88,50,17.600000,53,50,10.600000,3181,1263,636.200000,71.285714,63.171893,2,0,0,NO
OPENJPA,openjpa-lib/src/main/java/org/apache/openjpa/lib/util/ResourceBundleProvider.java,5,7,121,6,2,80,37,13.333333,39,37,6.500000,3315,1263,552.500000,77.714286,65.070838,2,0,0,NO
OPENJPA,openjpa-lib/src/main/java/org/apache/openjpa/lib/util/SizedMap.java,5,8,180,6,2,115,60,19.166667,50,60,8.333333,3315,1263,552.500000,77.714286,67.933333,2,0,0,NO
OPENJPA,openjpa-lib/src/main/java/org/apache/openjpa/lib/util/concurrent/ConcurrentMap.java,5,7,172,6,2,108,55,18.000000,44,55,7.333333,3315,1263,552.500000,77.714286,67.556478,2,0,0,NO
OPENJPA,openjpa-lib/src/main/java/org/apache/openjpa/lib/util/concurrent/Lock.java,5,9,692,6,2,487,328,81.166667,282,328,47.000000,3671,1263,611.833333,71.285714,69.500000,2,0,0,NO
OPENJPA,openjpa-lib/src/main/java/org/apache/openjpa/lib/util/concurrent/NanoTimer.java,5,4,100,5,2,74,46,14.800000,48,46,9.600000,3181,1263,636.200000,71.285714,61.422857,2,0,0,NO
OPENJPA,openjpa-lib/src/main/java/org/apache/openjpa/lib/util/concurrent/Queue.java,5,12,493,6,2,347,207,57.833333,201,207,33.500000,3671,1263,611.833333,71.285714,68.802956,2,0,0,NO
OPENJPA,openjpa-lib/src/main/java/org/apache/openjpa/lib/xml/Commentable.java,5,6,132,7,2,86,40,12.285714,40,40,5.714286,3537,1263,505.285714,77.714286,65.612554,2,0,0,NO
OPENJPA,openjpa-lib/src/main/java/org/apache/openjpa/lib/xml/ValidatingErrorHandler.java,5,15,164,6,2,105,53,17.500000,46,53,7.666667,3315,1263,552.500000,77.714286,67.314460,2,0,0,NO
OPENJPA,openjpa-persistence-jdbc/src/main/java/org/apache/openjpa/persistence/jdbc/ClassCriteria.java,5,11,298,10,2,169,53,16.900000,40,53,4.000000,4633,1263,463.300000,77.714286,67.959252,2,0,0,NO
OPENJPA,openjpa-persistence-jdbc/src/main/java/org/apache/openjpa/persistence/jdbc/Columns.java,5,12,300,10,2,170,53,17.000000,40,53,4.000000,4633,1263,463.300000,77.714286,67.961429,2,0,0,NO
OPENJPA,openjpa-persistence-jdbc/src/main/java/org/apache/openjpa/persistence/jdbc/ContainerTable.java,5,17,181,7,2,116,45,16.571429,51,42,7.285714,3938,1263,562.571429,69.428571,63.787687,1,0,0,NO
OPENJPA,openjpa-persistence-jdbc/src/main/java/org/apache/openjpa/persistence/jdbc/DataStoreIdColumn.java,5,14,316,10,2,181,53,18.100000,46,53,4.600000,4633,1263,463.300000,77.714286,68.007685,2,0,0,NO
OPENJPA,openjpa-persistence-jdbc/src/main/java/org/apache/openjpa/persistence/jdbc/DiscriminatorStrategy.java,5,10,256,11,2,147,35,13.363636,38,35,3.454545,4928,1263,448.000000,77.714286,67.036272,1,0,0,NO
OPENJPA,openjpa-persistence-jdbc/src/main/java/org/apache/openjpa/persistence/jdbc/EagerFetchMode.java,5,11,301,11,2,170,53,15.454545,39,53,3.545455,4649,1263,422.636364,77.714286,67.584718,2,0,0,NO
OPENJPA,openjpa-persistence-jdbc/src/main/java/org/apache/openjpa/persistence/jdbc/ElementClassCriteria.java,5,11,298,10,2,169,53,16.900000,40,53,4.000000,4633,1263,463.300000,77.714286,67.959252,2,0,0,NO
OPENJPA,openjpa-persistence-jdbc/src/main/java/org/apache/openjpa/persistence/jdbc/ElementColumn.java,5,19,294,8,2,174,54,21.750000,54,42,6.750000,3981,1263,497.625000,69.428571,40.305637,1,0,0,NO
OPENJPA,openjpa-persistence-jdbc/src/main/java/org/apache/openjpa/persistence/jdbc/ElementColumns.java,5,11,379,12,2,209,53,17.416667,39,53,3.250000,4692,1263,391.000000,77.714286,53.734263,2,0,0,NO
OPENJPA,openjpa-persistence-jdbc/src/main/java/org/apache/openjpa/persistence/jdbc/ElementEmbeddedMapping.java,5,15,404,11,2,225,53,20.454545,46,53,4.181818,4676,1263,425.090909,77.714286,52.571782,2,0,0,NO
OPENJPA,openjpa-persistence-jdbc/src/main/java/org/apache/openjpa/persistence/jdbc/ElementForeignKey.java,5,15,177,7,2,112,45,16.000000,47,42,6.714286,3938,1263,562.571429,69.428571,63.686037,1,0,0,NO
OPENJPA,openjpa-persistence-jdbc/src/main/java/org/apache/openjpa/persistence/jdbc/ElementIndex.java,5,13,309,10,2,176,53,17.600000,43,53,4.300000,4633,1263,463.300000,77.714286,67.986593,2,0,0,NO
OPENJPA,openjpa-persistence-jdbc/src/main/java/org/apache/openjpa/persistence/jdbc/ElementJoinColumn.java,5,18,183,7,2,118,45,16.857143,53,42,7.571429,3938,1263,562.571429,69.428571,63.836846,1,0,0,NO
OPENJPA,openjpa-persistence-jdbc/src/main/java/org/apache/openjpa/persistence/jdbc/ElementJoinColumns.java,5,11,300,10,2,170,53,17.000000,40,53,4.000000,4633,1263,463.300000,77.714286,67.961429,2,0,0,NO
OPENJPA,openjpa-persistence-jdbc/src/main/java/org/apache/openjpa/persistence/jdbc/ElementNonpolymorphic.java,5,11,300,10,2,170,53,17.000000,40,53,4.000000,4633,1263,463.300000,77.714286,67.961429,2,0,0,NO
OPENJPA,openjpa-persistence-jdbc/src/main/java/org/apache/openjpa/persistence/jdbc/ElementStrategy.java,5,11,378,12,2,208,53,17.333333,38,53,3.166667,4692,1263,391.000000,77.714286,53.875661,2,0,0,NO
OPENJPA,openjpa-persistence-jdbc/src/main/java/org/apache/openjpa/persistence/jdbc/EmbeddedMapping.java,5,15,312,10,2,179,53,17.900000,46,53,4.600000,4633,1263,463.300000,77.714286,67.989469,2,0,0,NO
OPENJPA,openjpa-persistence-jdbc/src/main/java/org/apache/openjpa/persistence/jdbc/FetchDirection.java,5,26,401,11,2,230,53,20.909091,59,53,5.363636,4638,1263,421.636364,77.714286,56.881368,2,0,0,NO
OPENJPA,openjpa-persistence-jdbc/src/main/java/org/apache/openjpa/persistence/jdbc/FetchMode.java,5,26,252,12,2,156,32,13.000000,60,30,5.000000,4944,1263,412.000000,77.714286,57.545351,1,0,0,NO
OPENJPA,openjpa-persistence-jdbc/src/main/java/org/apache/openjpa/persistence/jdbc/ForeignKey.java,5,16,322,10,2,186,53,18.600000,50,53,5.000000,4633,1263,463.300000,77.714286,68.012866,2,0,0,NO
OPENJPA,openjpa-persistence-jdbc/src/main/java/org/apache/openjpa/persistence/jdbc/ForeignKeyAction.java,5,7,219,12,2,126,30,10.500000,33,30,2.750000,4944,1263,412.000000,77.714286,64.734508,1,0,0,NO
OPENJPA,openjpa-persistence-jdbc/src/main/java/org/apache/openjpa/persistence/jdbc/Index.java,5,15,313,10,2,180,53,18.000000,47,53,4.700000,4633,1263,463.300000,77.714286,67.990415,2,0,0,NO
OPENJPA,openjpa-persistence-jdbc/src/main/java/org/apache/openjpa/persistence/jdbc/JoinSyntax.java,5,26,65,2,1,62,59,31.000000,59,59,29.500000,146,130,73.000000,11.571429,11.558242,0,0,0,NO
OPENJPA,openjpa-persistence-jdbc/src/main/java/org/apache/openjpa/persistence/jdbc/KeyClassCriteria.java,5,11,377,11,2,208,53,18.909091,39,53,3.545455,4676,1263,425.090909,77.714286,53.778325,2,0,0,NO
OPENJPA,openjpa-persistence-jdbc/src/main/java/org/apache/openjpa/persistence/jdbc/KeyColumn.java,5,19,294,8,2,174,54,21.750000,54,42,6.750000,3981,1263,497.625000,69.428571,40.305637,1,0,0,NO
OPENJPA,openjpa-persistence-jdbc/src/main/java/org/apache/openjpa/persistence/jdbc/KeyColumns.java,5,11,379,12,2,209,53,17.416667,39,53,3.250000,4692,1263,391.000000,77.714286,53.734263,2,0,0,NO
OPENJPA,openjpa-persistence-jdbc/src/main/java/org/apache/openjpa/persistence/jdbc/KeyEmbeddedMapping.java,5,15,403,11,2,224,53,20.363636,45,53,4.090909,4676,1263,425.090909,77.714286,52.701524,2,0,0,NO
OPENJPA,openjpa-persistence-jdbc/src/main/java/org/apache/openjpa/persistence/jdbc/KeyForeignKey.java,5,15,270,8,2,158,46,19.750000,46,42,5.750000,3981,1263,497.625000,69.428571,41.848148,1,0,0,NO
OPENJPA,openjpa-persistence-jdbc/src/main/java/org/apache/openjpa/persistence/jdbc/KeyIndex.java,5,13,394,11,2,218,53,19.818182,42,53,3.818182,4676,1263,425.090909,77.714286,53.381073,2,0,0,NO
OPENJPA,openjpa-persistence-jdbc/src/main/java/org/apache/openjpa/persistence/jdbc/KeyJoinColumn.java,5,18,288,8,2,170,52,21.250000,52,42,6.500000,3981,1263,497.625000,69.428571,40.667163,1,0,0,NO
OPENJPA,openjpa-persistence-jdbc/src/main/java/org/apache/openjpa/persistence/jdbc/KeyJoinColumns.java,5,11,379,12,2,209,53,17.416667,39,53,3.250000,4692,1263,391.000000,77.714286,53.734263,2,0,0,NO
OPENJPA,openjpa-persistence-jdbc/src/main/java/org/apache/openjpa/persistence/jdbc/KeyNonpolymorphic.java,5,11,378,11,2,208,53,18.909091,38,53,3.454545,4676,1263,425.090909,77.714286,53.996599,2,0,0,NO
OPENJPA,openjpa-persistence-jdbc/src/main/java/org/apache/openjpa/persistence/jdbc/KeyStrategy.java,5,11,378,12,2,208,53,17.333333,38,53,3.166667,4692,1263,391.000000,77.714286,53.875661,2,0,0,NO
OPENJPA,openjpa-persistence-jdbc/src/main/java/org/apache/openjpa/persistence/jdbc/LRSSizeAlgorithm.java,5,26,379,12,2,219,53,18.250000,59,53,4.916667,4669,1263,389.083333,77.714286,59.519789,2,0,0,NO
OPENJPA,openjpa-persistence-jdbc/src/main/java/org/apache/openjpa/persistence/jdbc/MappingOverride.java,5,15,317,10,2,182,53,18.200000,47,53,4.700000,4633,1263,463.300000,77.714286,68.008562,2,0,0,NO
OPENJPA,openjpa-persistence-jdbc/src/main/java/org/apache/openjpa/persistence/jdbc/MappingOverrides.java,5,10,210,8,2,124,36,15.500000,38,34,4.750000,4221,1263,527.625000,71.000000,64.898639,1,0,0,NO
OPENJPA,openjpa-persistence-jdbc/src/main/java/org/apache/openjpa/persistence/jdbc/MappingTag.java,5,76,128,5,3,118,86,23.600000,108,86,21.600000,1806,1263,361.200000,68.285714,51.704241,1,0,0,NO
OPENJPA,openjpa-persistence-jdbc/src/main/java/org/apache/openjpa/persistence/jdbc/Nonpolymorphic.java,5,11,299,10,2,169,53,16.900000,39,53,3.900000,4633,1263,463.300000,77.714286,67.960344,2,0,0,NO
OPENJPA,openjpa-persistence-jdbc/src/main/java/org/apache/openjpa/persistence/jdbc/NonpolymorphicType.java,5,6,218,12,2,125,30,10.416667,32,30,2.666667,4948,1263,412.333333,77.714286,64.718218,1,0,0,NO
OPENJPA,openjpa-persistence-jdbc/src/main/java/org/apache/openjpa/persistence/jdbc/OrderColumn.java,5,16,315,10,2,182,53,18.200000,49,53,4.900000,4633,1263,463.300000,77.714286,67.992290,2,0,0,NO
OPENJPA,openjpa-persistence-jdbc/src/main/java/org/apache/openjpa/persistence/jdbc/ResultSetType.java,5,26,93,2,1,76,59,38.000000,59,59,29.500000,135,130,67.500000,11.571429,11.519201,0,0,0,NO
OPENJPA,openjpa-persistence-jdbc/src/main/java/org/apache/openjpa/persistence/jdbc/Strategy.java,5,10,260,11,2,149,35,13.545455,38,35,3.454545,4928,1263,448.000000,77.714286,67.055495,1,0,0,NO
OPENJPA,openjpa-persistence-jdbc/src/main/java/org/apache/openjpa/persistence/jdbc/SubclassFetchMode.java,5,10,212,9,2,125,36,13.888889,38,34,4.222222,4237,1263,470.777778,71.000000,64.394205,1,0,0,NO
OPENJPA,openjpa-persistence-jdbc/src/main/java/org/apache/openjpa/persistence/jdbc/Unique.java,5,14,311,10,2,178,53,17.800000,45,53,4.500000,4633,1263,463.300000,77.714286,67.988516,2,0,0,NO
OPENJPA,openjpa-persistence-jdbc/src/main/java/org/apache/openjpa/persistence/jdbc/VersionColumn.java,5,17,322,10,2,187,53,18.700000,52,53,5.200000,4633,1263,463.300000,77.714286,68.012866,2,0,0,NO
OPENJPA,openjpa-persistence-jdbc/src/main/java/org/apache/openjpa/persistence/jdbc/VersionColumns.java,5,10,210,8,2,124,36,15.500000,38,34,4.750000,4221,1263,527.625000,71.000000,64.898639,1,0,0,NO
OPENJPA,openjpa-persistence-jdbc/src/main/java/org/apache/openjpa/persistence/jdbc/VersionStrategy.java,5,10,256,11,2,147,35,13.363636,38,35,3.454545,4928,1263,448.000000,77.714286,67.036272,1,0,0,NO
OPENJPA,openjpa-persistence-jdbc/src/main/java/org/apache/openjpa/persistence/jdbc/XEmbeddedMapping.java,5,15,403,11,2,224,53,20.363636,45,53,4.090909,4676,1263,425.090909,77.714286,52.701524,2,0,0,NO
OPENJPA,openjpa-persistence-jdbc/src/main/java/org/apache/openjpa/persistence/jdbc/XJoinColumn.java,5,19,185,7,2,120,45,17.142857,55,42,7.857143,3938,1263,562.571429,69.428571,63.884942,1,0,0,NO
OPENJPA,openjpa-persistence-jdbc/src/main/java/org/apache/openjpa/persistence/jdbc/XJoinColumns.java,5,11,305,10,2,172,53,17.200000,39,53,3.900000,4633,1263,463.300000,77.714286,67.982670,2,0,0,NO
OPENJPA,openjpa-persistence-jdbc/src/main/java/org/apache/openjpa/persistence/jdbc/XMappingOverride.java,5,18,416,11,2,234,53,21.272727,52,53,4.727273,4676,1263,425.090909,77.714286,51.891827,2,0,0,NO
OPENJPA,openjpa-persistence-jdbc/src/main/java/org/apache/openjpa/persistence/jdbc/XMappingOverrides.java,5,10,331,12,2,184,37,15.333333,37,35,3.083333,4971,1263,414.250000,77.714286,51.911524,1,0,0,NO
OPENJPA,openjpa-persistence-jdbc/src/main/java/org/apache/openjpa/persistence/jdbc/XSecondaryTable.java,5,17,321,10,2,186,53,18.600000,51,53,5.100000,4633,1263,463.300000,77.714286,68.012016,2,0,0,NO
OPENJPA,openjpa-persistence-jdbc/src/main/java/org/apache/openjpa/persistence/jdbc/XSecondaryTables.java,5,10,210,8,2,124,36,15.500000,38,34,4.750000,4221,1263,527.625000,71.000000,64.898639,1,0,0,NO
OPENJPA,openjpa-persistence-jdbc/src/main/java/org/apache/openjpa/persistence/jdbc/XTable.java,5,15,318,10,2,183,53,18.300000,48,53,4.800000,4633,1263,463.300000,77.714286,68.009434,2,0,0,NO
OPENJPA,openjpa-persistence/src/main/java/org/apache/openjpa/persistence/AutoClearType.java,5,23,56,1,1,56,56,56.000000,56,56,56.000000,130,130,130.000000,11.571429,11.571429,0,0,0,NO
OPENJPA,openjpa-persistence/src/main/java/org/apache/openjpa/persistence/ConnectionRetainMode.java,5,26,66,2,1,63,60,31.500000,60,60,30.000000,146,130,73.000000,11.571429,11.558442,0,0,0,NO
OPENJPA,openjpa-persistence/src/main/java/org/apache/openjpa/persistence/DataCache.java,5,12,300,9,2,171,53,19.000000,42,53,4.666667,4157,1263,461.888889,77.714286,67.992857,2,0,0,NO
OPENJPA,openjpa-persistence/src/main/java/org/apache/openjpa/persistence/DataStoreId.java,5,12,297,9,2,169,53,18.777778,41,53,4.555556,4157,1263,461.888889,77.714286,67.979317,2,0,0,NO
OPENJPA,openjpa-persistence/src/main/java/org/apache/openjpa/persistence/Dependent.java,5,11,291,9,2,165,53,18.333333,39,53,4.333333,4157,1263,461.888889,77.714286,67.951399,2,0,0,NO
OPENJPA,openjpa-persistence/src/main/java/org/apache/openjpa/persistence/DetachStateType.java,5,26,60,1,1,60,60,60.000000,60,60,60.000000,130,130,130.000000,11.571429,11.571429,0,0,0,NO
OPENJPA,openjpa-persistence/src/main/java/org/apache/openjpa/persistence/DetachedState.java,5,12,297,9,2,169,53,18.777778,41,53,4.555556,4157,1263,461.888889,77.714286,67.979317,2,0,0,NO
OPENJPA,openjpa-persistence/src/main/java/org/apache/openjpa/persistence/ElementDependent.java,5,11,291,9,2,165,53,18.333333,39,53,4.333333,4157,1263,461.888889,77.714286,67.951399,2,0,0,NO
OPENJPA,openjpa-persistence/src/main/java/org/apache/openjpa/persistence/ElementType.java,5,11,296,9,2,168,53,18.666667,40,53,4.444444,4157,1263,461.888889,77.714286,67.973456,2,0,0,NO
OPENJPA,openjpa-persistence/src/main/java/org/apache/openjpa/persistence/ExternalValues.java,5,11,299,9,2,170,53,18.888889,41,53,4.555556,4157,1263,461.888889,77.714286,67.987100,2,0,0,NO
OPENJPA,openjpa-persistence/src/main/java/org/apache/openjpa/persistence/Externalizer.java,5,11,296,9,2,168,53,18.666667,40,53,4.444444,4157,1263,461.888889,77.714286,67.973456,2,0,0,NO
OPENJPA,openjpa-persistence/src/main/java/org/apache/openjpa/persistence/Factory.java,5,11,296,9,2,168,53,18.666667,40,53,4.444444,4157,1263,461.888889,77.714286,67.973456,2,0,0,NO
OPENJPA,openjpa-persistence/src/main/java/org/apache/openjpa/persistence/FetchAttribute.java,5,10,263,11,3,154,35,14.000000,45,35,4.090909,4590,1263,417.272727,77.714286,67.078762,1,0,0,NO
OPENJPA,openjpa-persistence/src/main/java/org/apache/openjpa/persistence/FetchGroup.java,5,13,216,9,3,136,36,15.111111,56,34,6.222222,3885,1263,431.666667,71.000000,64.811508,1,0,0,NO
OPENJPA,openjpa-persistence/src/main/java/org/apache/openjpa/persistence/FetchGroups.java,5,10,248,10,2,143,35,14.300000,38,35,3.800000,4452,1263,445.200000,77.714286,66.995968,1,0,0,NO
OPENJPA,openjpa-persistence/src/main/java/org/apache/openjpa/persistence/InverseLogical.java,5,11,291,9,2,165,53,18.333333,39,53,4.333333,4157,1263,461.888889,77.714286,67.951399,2,0,0,NO
OPENJPA,openjpa-persistence/src/main/java/org/apache/openjpa/persistence/KeyDependent.java,5,11,291,9,2,165,53,18.333333,39,53,4.333333,4157,1263,461.888889,77.714286,67.951399,2,0,0,NO
OPENJPA,openjpa-persistence/src/main/java/org/apache/openjpa/persistence/KeyType.java,5,11,296,9,2,168,53,18.666667,40,53,4.444444,4157,1263,461.888889,77.714286,67.973456,2,0,0,NO
OPENJPA,openjpa-persistence/src/main/java/org/apache/openjpa/persistence/LRS.java,5,11,291,9,2,165,53,18.333333,39,53,4.333333,4157,1263,461.888889,77.714286,67.951399,2,0,0,NO
OPENJPA,openjpa-persistence/src/main/java/org/apache/openjpa/persistence/LoadFetchGroup.java,5,11,299,10,4,169,53,16.900000,39,53,3.900000,3947,1263,394.700000,77.714286,67.741997,2,0,0,NO
OPENJPA,openjpa-persistence/src/main/java/org/apache/openjpa/persistence/MetaDataTag.java,5,50,252,8,4,167,76,20.875000,82,72,10.250000,3147,1263,393.375000,69.428571,65.392290,1,0,1,NO
OPENJPA,openjpa-persistence/src/main/java/org/apache/openjpa/persistence/OpenJPAEntityManagerFactorySPI.java,5,13,583,8,3,327,105,40.875000,71,102,8.875000,3515,1263,439.375000,69.428571,46.316834,1,0,0,NO
OPENJPA,openjpa-persistence/src/main/java/org/apache/openjpa/persistence/OpenJPAEntityManagerSPI.java,5,19,152,4,1,130,104,32.500000,108,104,27.000000,161,130,40.250000,11.571429,11.097744,0,0,0,NO
OPENJPA,openjpa-persistence/src/main/java/org/apache/openjpa/persistence/OpenJPAEntityTransaction.java,5,9,71,1,1,71,71,71.000000,71,71,71.000000,130,130,130.000000,11.571429,11.571429,0,0,0,NO
OPENJPA,openjpa-persistence/src/main/java/org/apache/openjpa/persistence/OpenJPAQuerySPI.java,5,10,316,9,3,181,46,20.111111,46,34,5.111111,3885,1263,431.666667,71.000000,47.963382,1,0,0,NO
OPENJPA,openjpa-persistence/src/main/java/org/apache/openjpa/persistence/PersistenceStrategy.java,5,13,243,8,2,144,41,18.000000,45,35,5.625000,3825,1263,478.125000,77.714286,66.862434,2,0,0,NO
OPENJPA,openjpa-persistence/src/main/java/org/apache/openjpa/persistence/Persistent.java,5,17,159,6,2,104,45,17.333333,49,42,8.166667,3462,1263,577.000000,69.428571,63.165319,1,0,0,NO
OPENJPA,openjpa-persistence/src/main/java/org/apache/openjpa/persistence/PersistentCollection.java,5,17,163,7,2,107,45,15.285714,51,42,7.285714,3467,1263,495.285714,69.428571,62.477651,1,0,1,NO
OPENJPA,openjpa-persistence/src/main/java/org/apache/openjpa/persistence/PersistentMap.java,5,19,171,6,2,112,49,18.666667,53,46,8.833333,3462,1263,577.000000,69.428571,63.598162,1,0,0,NO
OPENJPA,openjpa-persistence/src/main/java/org/apache/openjpa/persistence/QueryOperationType.java,5,26,59,1,1,59,59,59.000000,59,59,59.000000,130,130,130.000000,11.571429,11.571429,0,0,0,NO
OPENJPA,openjpa-persistence/src/main/java/org/apache/openjpa/persistence/ReadOnly.java,5,11,291,9,2,165,53,18.333333,39,53,4.333333,4157,1263,461.888889,77.714286,67.951399,2,0,0,NO
OPENJPA,openjpa-persistence/src/main/java/org/apache/openjpa/persistence/RestoreStateType.java,5,26,60,1,1,60,60,60.000000,60,60,60.000000,130,130,130.000000,11.571429,11.571429,0,0,0,NO
OPENJPA,openjpa-persistence/src/main/java/org/apache/openjpa/persistence/Type.java,5,11,296,9,2,168,53,18.666667,40,53,4.444444,4157,1263,461.888889,77.714286,67.973456,2,0,0,NO
OPENJPA,openjpa-persistence/src/main/java/org/apache/openjpa/persistence/UpdateAction.java,5,5,205,10,2,118,30,11.800000,31,30,3.100000,4452,1263,445.200000,77.714286,65.046690,1,0,0,NO
OPENJPA,openjpa-jdbc-5/src/main/java/org/apache/openjpa/jdbc/kernel/JDBC3SavepointManager.java,6,30,87,3,2,76,62,25.333333,65,62,21.666667,1961,1263,653.666667,82.714286,72.417077,1,0,0,NO
OPENJPA,openjpa-jdbc/src/main/java/org/apache/openjpa/jdbc/ant/MappingToolTask.java,6,118,295,10,4,269,211,26.900000,243,211,24.300000,2039,1263,203.900000,82.714286,66.304116,1,0,3,NO
OPENJPA,openjpa-jdbc/src/main/java/org/apache/openjpa/jdbc/ant/ReverseMappingToolTask.java,6,154,358,7,4,335,257,47.857143,312,257,44.571429,2003,1263,286.142857,82.714286,70.674781,1,0,1,NO
OPENJPA,openjpa-jdbc/src/main/java/org/apache/openjpa/jdbc/conf/FetchModeValue.java,6,21,73,3,2,63,49,21.000000,53,49,17.666667,1742,1263,580.666667,82.714286,70.590998,1,0,0,NO
OPENJPA,openjpa-jdbc/src/main/java/org/apache/openjpa/jdbc/conf/JDBCConfiguration.java,6,92,679,5,3,642,609,128.400000,605,609,121.000000,2063,1263,412.600000,82.714286,81.173364,1,0,0,NO
OPENJPA,openjpa-jdbc/src/main/java/org/apache/openjpa/jdbc/kernel/ConnectionInfo.java,6,9,261,9,2,148,35,16.444444,35,35,3.888889,4576,1263,508.444444,92.142857,81.743842,1,0,0,NO
OPENJPA,openjpa-jdbc/src/main/java/org/apache/openjpa/jdbc/kernel/DelegatingJDBCFetchConfiguration.java,6,194,309,8,3,286,233,35.750000,263,233,32.875000,2215,1263,276.875000,82.714286,75.038835,1,0,1,NO
OPENJPA,openjpa-jdbc/src/main/java/org/apache/openjpa/jdbc/kernel/JDBCFetchConfiguration.java,6,35,264,8,3,237,164,29.625000,210,164,26.250000,2215,1263,276.875000,82.714286,72.025433,1,0,1,NO
OPENJPA,openjpa-jdbc/src/main/java/org/apache/openjpa/jdbc/kernel/JDBCLockManager.java,6,9,69,2,2,59,46,29.500000,49,46,24.500000,1739,1263,869.500000,82.714286,69.904762,1,0,0,NO
OPENJPA,openjpa-jdbc/src/main/java/org/apache/openjpa/jdbc/kernel/JDBCSeq.java,6,8,277,9,2,159,35,17.666667,41,35,4.555556,4576,1263,508.444444,92.142857,81.856111,1,0,0,NO
OPENJPA,openjpa-jdbc/src/main/java/org/apache/openjpa/jdbc/kernel/JDBCStore.java,6,22,145,6,3,121,106,20.166667,97,106,16.166667,2168,1263,361.333333,82.714286,76.039409,1,0,0,NO
OPENJPA,openjpa-jdbc/src/main/java/org/apache/openjpa/jdbc/kernel/PreparedStatementManager.java,6,8,293,9,2,170,40,18.888889,47,35,5.222222,4576,1263,508.444444,92.142857,81.962457,1,0,0,NO
OPENJPA,openjpa-jdbc/src/main/java/org/apache/openjpa/jdbc/kernel/UpdateManager.java,6,6,321,8,2,182,45,22.750000,43,45,5.375000,4281,1263,535.125000,92.142857,82.362261,2,0,0,NO
OPENJPA,openjpa-jdbc/src/main/java/org/apache/openjpa/jdbc/kernel/exps/AbstractVal.java,6,48,155,7,4,120,61,17.142857,85,61,12.142857,2095,1263,299.285714,82.714286,73.526267,1,0,0,NO
OPENJPA,openjpa-jdbc/src/main/java/org/apache/openjpa/jdbc/kernel/exps/All.java,6,10,215,9,2,126,30,14.000000,37,30,4.111111,4576,1263,508.444444,92.142857,80.994020,1,0,0,YES
OPENJPA,openjpa-jdbc/src/main/java/org/apache/openjpa/jdbc/kernel/exps/Any.java,6,10,215,9,2,126,30,14.000000,37,30,4.111111,4576,1263,508.444444,92.142857,80.994020,1,0,0,YES
OPENJPA,openjpa-jdbc/src/main/java/org/apache/openjpa/jdbc/kernel/exps/BinaryOpExpState.java,6,14,69,3,2,59,31,19.666667,49,31,16.333333,1407,1263,469.000000,75.571429,63.093168,0,0,0,NO
OPENJPA,openjpa-jdbc/src/main/java/org/apache/openjpa/jdbc/kernel/exps/Exp.java,6,13,153,5,3,106,83,21.200000,59,83,11.800000,2046,1263,409.200000,82.714286,75.168067,1,0,0,NO
OPENJPA,openjpa-jdbc/src/main/java/org/apache/openjpa/jdbc/kernel/exps/ExpContext.java,6,16,76,3,2,66,38,22.000000,56,38,18.666667,1407,1263,469.000000,75.571429,64.242481,0,0,0,NO
OPENJPA,openjpa-jdbc/src/main/java/org/apache/openjpa/jdbc/kernel/exps/ExpState.java,6,11,64,3,2,54,26,18.000000,44,26,14.666667,1407,1263,469.000000,75.571429,62.118304,0,0,0,NO
OPENJPA,openjpa-jdbc/src/main/java/org/apache/openjpa/jdbc/kernel/exps/FilterValue.java,6,24,143,4,3,131,103,32.750000,119,103,29.750000,1775,1263,443.750000,82.714286,70.314685,1,0,0,NO
OPENJPA,openjpa-jdbc/src/main/java/org/apache/openjpa/jdbc/kernel/exps/GetColumn.java,6,40,103,2,2,93,80,46.500000,83,80,41.500000,1739,1263,869.500000,82.714286,74.133148,1,0,0,NO
OPENJPA,openjpa-jdbc/src/main/java/org/apache/openjpa/jdbc/kernel/exps/JDBCAggregateListener.java,6,10,65,2,2,55,42,27.500000,45,42,22.500000,1739,1263,869.500000,82.714286,69.116484,1,0,0,NO
OPENJPA,openjpa-jdbc/src/main/java/org/apache/openjpa/jdbc/kernel/exps/JDBCFilterListener.java,6,10,67,2,2,57,44,28.500000,47,44,23.500000,1739,1263,869.500000,82.714286,69.522388,1,0,0,NO
OPENJPA,openjpa-jdbc/src/main/java/org/apache/openjpa/jdbc/kernel/exps/JDBCPath.java,6,6,112,7,2,72,30,10.285714,32,30,4.571429,3791,1263,541.571429,92.142857,78.285714,2,0,0,NO
OPENJPA,openjpa-jdbc/src/main/java/org/apache/openjpa/jdbc/kernel/exps/QueryExpressionsState.java,6,9,282,10,3,159,35,15.900000,36,35,3.600000,4387,1263,438.700000,92.142857,80.945795,2,0,0,NO
OPENJPA,openjpa-jdbc/src/main/java/org/apache/openjpa/jdbc/kernel/exps/SQLEmbed.java,6,35,97,5,3,84,69,16.800000,71,69,14.200000,1952,1263,390.400000,82.714286,73.240059,1,0,0,NO
OPENJPA,openjpa-jdbc/src/main/java/org/apache/openjpa/jdbc/kernel/exps/ToLowerCase.java,6,21,249,7,4,151,57,21.571429,53,53,7.571429,3676,1263,525.142857,83.857143,79.240390,1,0,1,YES
OPENJPA,openjpa-jdbc/src/main/java/org/apache/openjpa/jdbc/kernel/exps/ToUpperCase.java,6,21,248,7,4,151,57,21.571429,54,53,7.714286,3676,1263,525.142857,83.857143,79.255184,1,0,1,YES
OPENJPA,openjpa-jdbc/src/main/java/org/apache/openjpa/jdbc/kernel/exps/Val.java,6,39,313,7,3,230,161,32.857143,147,161,21.000000,2094,1263,299.142857,82.714286,77.335463,1,0,0,NO
OPENJPA,openjpa-jdbc/src/main/java/org/apache/openjpa/jdbc/meta/ClassStrategy.java,6,27,137,3,2,126,112,42.000000,115,112,38.333333,1961,1263,653.666667,82.714286,76.175182,1,0,0,NO
OPENJPA,openjpa-jdbc/src/main/java/org/apache/openjpa/jdbc/meta/DiscriminatorStrategy.java,6,19,108,4,3,93,69,23.250000,78,69,19.500000,1772,1263,443.000000,82.714286,71.144180,1,0,0,NO
OPENJPA,openjpa-jdbc/src/main/java/org/apache/openjpa/jdbc/meta/Embeddable.java,6,19,111,4,3,98,82,24.500000,85,82,21.250000,2099,1263,524.750000,82.714286,74.597169,1,0,0,NO
OPENJPA,openjpa-jdbc/src/main/java/org/apache/openjpa/jdbc/meta/FieldStrategy.java,6,59,289,4,3,268,245,67.000000,247,245,61.750000,2099,1263,524.750000,82.714286,79.529906,1,0,0,NO
OPENJPA,openjpa-jdbc/src/main/java/org/apache/openjpa/jdbc/meta/JDBCOrder.java,6,9,200,7,2,123,55,17.571429,46,55,6.571429,3791,1263,541.571429,92.142857,82.087143,2,0,0,NO
OPENJPA,openjpa-jdbc/src/main/java/org/apache/openjpa/jdbc/meta/Joinable.java,6,22,115,4,3,103,86,25.750000,91,86,22.750000,1818,1263,454.500000,82.714286,74.176398,1,0,0,NO
OPENJPA,openjpa-jdbc/src/main/java/org/apache/openjpa/jdbc/meta/RelationId.java,6,6,266,10,2,152,35,15.200000,38,35,3.800000,4798,1263,479.800000,92.142857,81.716971,1,0,0,NO
OPENJPA,openjpa-jdbc/src/main/java/org/apache/openjpa/jdbc/meta/ReverseCustomizer.java,6,23,183,2,2,173,160,86.500000,163,160,81.500000,1739,1263,869.500000,82.714286,77.884465,1,0,0,NO
OPENJPA,openjpa-jdbc/src/main/java/org/apache/openjpa/jdbc/meta/Strategy.java,6,28,160,4,2,148,131,37.000000,136,131,34.000000,2000,1263,500.000000,82.714286,76.693750,1,0,0,NO
OPENJPA,openjpa-jdbc/src/main/java/org/apache/openjpa/jdbc/meta/ValueHandler.java,6,23,132,5,3,118,99,23.600000,104,99,20.800000,2138,1263,427.600000,82.714286,75.377706,1,0,0,NO
OPENJPA,openjpa-jdbc/src/main/java/org/apache/openjpa/jdbc/meta/ValueMapping.java,6,58,301,5,3,285,265,57.000000,269,265,53.800000,2025,1263,405.000000,82.714286,79.463692,1,0,0,NO
OPENJPA,openjpa-jdbc/src/main/java/org/apache/openjpa/jdbc/meta/VersionMappingInfo.java,6,40,119,4,2,104,90,26.000000,89,90,22.250000,1860,1263,465.000000,82.714286,74.448980,1,0,1,NO
OPENJPA,openjpa-jdbc/src/main/java/org/apache/openjpa/jdbc/meta/strats/AbstractClassStrategy.java,6,45,102,2,2,92,79,46.000000,82,79,41.000000,1739,1263,869.500000,82.714286,74.049020,1,0,0,NO
OPENJPA,openjpa-jdbc/src/main/java/org/apache/openjpa/jdbc/meta/strats/AbstractDiscriminatorStrategy.java,6,49,120,4,3,108,89,27.000000,96,89,24.000000,1772,1263,443.000000,82.714286,74.244048,1,0,0,NO
OPENJPA,openjpa-jdbc/src/main/java/org/apache/openjpa/jdbc/meta/strats/AbstractStrategy.java,6,43,101,2,2,91,78,45.500000,81,78,40.500000,1739,1263,869.500000,82.714286,73.963225,1,0,0,NO
OPENJPA,openjpa-jdbc/src/main/java/org/apache/openjpa/jdbc/meta/strats/AbstractValueHandler.java,6,31,85,3,3,73,58,24.333333,61,58,20.333333,1877,1263,625.666667,82.714286,72.255462,1,0,0,NO
OPENJPA,openjpa-jdbc/src/main/java/org/apache/openjpa/jdbc/meta/strats/BlobValueHandler.java,6,20,71,2,2,61,48,30.500000,51,48,25.500000,1739,1263,869.500000,82.714286,70.265594,1,0,0,NO
OPENJPA,openjpa-jdbc/src/main/java/org/apache/openjpa/jdbc/meta/strats/ClobValueHandler.java,6,20,71,2,2,61,48,30.500000,51,48,25.500000,1739,1263,869.500000,82.714286,70.265594,1,0,0,NO
OPENJPA,openjpa-jdbc/src/main/java/org/apache/openjpa/jdbc/meta/strats/IdentityJoinable.java,6,50,111,4,3,99,83,24.750000,87,83,21.750000,1789,1263,447.250000,82.714286,74.267696,1,0,0,NO
OPENJPA,openjpa-jdbc/src/main/java/org/apache/openjpa/jdbc/meta/strats/LRSCollectionFieldStrategy.java,6,28,125,3,3,112,96,37.333333,99,96,33.000000,1877,1263,625.666667,82.714286,75.581714,1,0,0,NO
OPENJPA,openjpa-jdbc/src/main/java/org/apache/openjpa/jdbc/meta/strats/LRSMapFieldStrategy.java,6,41,186,3,3,169,149,56.333333,152,149,50.666667,1877,1263,625.666667,82.714286,77.865591,1,0,0,NO
OPENJPA,openjpa-jdbc/src/main/java/org/apache/openjpa/jdbc/schema/DriverDataSource.java,6,23,135,4,3,123,64,30.750000,111,64,27.750000,1795,1263,448.750000,82.714286,72.310053,1,0,0,NO
OPENJPA,openjpa-jdbc/src/main/java/org/apache/openjpa/jdbc/schema/SchemaFactory.java,6,5,394,9,2,218,55,24.222222,42,55,4.666667,4576,1263,508.444444,92.142857,83.151197,1,0,0,YES
OPENJPA,openjpa-jdbc/src/main/java/org/apache/openjpa/jdbc/schema/SchemaParser.java,6,10,85,2,2,75,62,37.500000,65,62,32.500000,1739,1263,869.500000,82.714286,72.315966,1,0,0,NO
OPENJPA,openjpa-jdbc/src/main/java/org/apache/openjpa/jdbc/schema/SchemaSerializer.java,6,13,101,2,2,91,78,45.500000,81,78,40.500000,1739,1263,869.500000,82.714286,73.963225,1,0,0,NO
OPENJPA,openjpa-jdbc/src/main/java/org/apache/openjpa/jdbc/schema/Unique.java,6,15,436,9,2,246,55,27.333333,56,55,6.222222,4576,1263,508.444444,92.142857,83.174640,1,0,0,YES
OPENJPA,openjpa-jdbc/src/main/java/org/apache/openjpa/jdbc/sql/CacheDictionary.java,6,16,65,2,2,55,42,27.500000,45,42,22.500000,1739,1263,869.500000,82.714286,69.116484,1,0,0,NO
OPENJPA,openjpa-jdbc/src/main/java/org/apache/openjpa/jdbc/sql/Calendard.java,6,10,264,9,2,151,35,16.777778,38,35,4.222222,4576,1263,508.444444,92.142857,81.754870,1,0,0,NO
OPENJPA,openjpa-jdbc/src/main/java/org/apache/openjpa/jdbc/sql/Raw.java,6,10,214,9,2,126,30,14.000000,38,30,4.222222,4576,1263,508.444444,92.142857,80.985981,1,0,0,NO
OPENJPA,openjpa-jdbc/src/main/java/org/apache/openjpa/jdbc/sql/Result.java,6,174,601,3,3,588,572,196.000000,575,572,191.666667,1877,1263,625.666667,82.714286,81.230806,1,0,0,NO
OPENJPA,openjpa-jdbc/src/main/java/org/apache/openjpa/jdbc/sql/Row.java,6,163,543,2,2,533,520,266.500000,523,520,261.500000,1739,1263,869.500000,82.714286,81.086556,1,0,0,NO
OPENJPA,openjpa-jdbc/src/main/java/org/apache/openjpa/jdbc/sql/RowManager.java,6,14,94,2,2,84,71,42.000000,74,71,37.000000,1739,1263,869.500000,82.714286,73.311550,1,0,0,NO
OPENJPA,openjpa-jdbc/src/main/java/org/apache/openjpa/jdbc/sql/SQLFactory.java,6,6,296,9,2,171,40,19.000000,46,35,5.111111,4576,1263,508.444444,92.142857,81.981660,1,0,0,NO
OPENJPA,openjpa-jdbc/src/main/java/org/apache/openjpa/jdbc/sql/Select.java,6,134,759,7,3,728,668,104.000000,697,668,99.571429,1931,1263,275.857143,82.714286,80.602861,1,0,1,NO
OPENJPA,openjpa-jdbc/src/main/java/org/apache/openjpa/jdbc/sql/SelectExecutor.java,6,29,200,5,4,169,122,33.800000,138,122,27.600000,1776,1263,355.200000,82.714286,68.426429,1,0,0,NO
OPENJPA,openjpa-jdbc/src/main/java/org/apache/openjpa/jdbc/sql/Sized.java,6,9,240,10,2,138,31,13.800000,36,30,3.600000,4577,1263,457.700000,92.142857,81.354762,1,0,0,NO
OPENJPA,openjpa-jdbc/src/main/java/org/apache/openjpa/jdbc/sql/Union.java,6,12,113,3,3,89,76,29.666667,65,76,21.666667,1752,1263,584.000000,82.714286,70.467762,1,0,0,NO
OPENJPA,openjpa-kernel/src/main/java/org/apache/openjpa/ant/ApplicationIdToolTask.java,6,45,132,3,2,122,94,40.666667,112,94,37.333333,1430,1263,476.666667,76.714286,69.862554,0,0,0,NO
OPENJPA,openjpa-kernel/src/main/java/org/apache/openjpa/ant/PCEnhancerTask.java,6,37,317,7,3,204,99,29.142857,91,86,13.000000,3217,1263,459.571429,83.857143,80.822443,1,0,0,NO
OPENJPA,openjpa-kernel/src/main/java/org/apache/openjpa/conf/BrokerFactoryValue.java,6,46,403,16,3,245,47,15.312500,87,43,5.437500,3354,1263,209.625000,83.857143,77.772067,1,0,0,NO
OPENJPA,openjpa-kernel/src/main/java/org/apache/openjpa/conf/CacheMarshaller.java,6,15,92,1,1,92,92,92.000000,92,92,92.000000,27,27,27.000000,24.714286,24.714286,0,0,0,NO
OPENJPA,openjpa-kernel/src/main/java/org/apache/openjpa/conf/OpenJPAConfiguration.java,6,265,4514,21,6,2998,1336,142.761905,1482,1324,70.571429,3718,1263,177.047619,83.857143,81.241186,1,0,1,NO
OPENJPA,openjpa-kernel/src/main/java/org/apache/openjpa/conf/OpenJPAProductDerivation.java,6,10,385,14,4,214,53,15.285714,43,53,3.071429,3909,1263,279.214286,92.142857,80.382560,2,0,0,NO
OPENJPA,openjpa-kernel/src/main/java/org/apache/openjpa/conf/SeqValue.java,6,18,157,4,2,103,46,25.750000,49,41,12.250000,3110,1263,777.500000,83.857143,77.969973,1,0,0,NO
OPENJPA,openjpa-kernel/src/main/java/org/apache/openjpa/datacache/DataCache.java,6,36,867,7,4,567,258,81.000000,267,242,38.142857,3344,1263,477.714286,83.857143,82.208931,1,0,0,NO
OPENJPA,openjpa-kernel/src/main/java/org/apache/openjpa/datacache/DataCacheManager.java,6,14,267,5,2,172,74,34.400000,77,71,15.400000,3111,1263,622.200000,83.857143,79.942750,1,0,0,NO
OPENJPA,openjpa-kernel/src/main/java/org/apache/openjpa/datacache/DataCachePCData.java,6,6,201,7,2,118,32,16.857143,35,30,5.000000,3805,1263,543.571429,92.142857,80.799574,2,0,0,NO
OPENJPA,openjpa-kernel/src/main/java/org/apache/openjpa/datacache/ExpirationListener.java,6,4,201,8,2,117,30,14.625000,33,30,4.125000,4027,1263,503.375000,92.142857,80.727790,2,0,0,NO
OPENJPA,openjpa-kernel/src/main/java/org/apache/openjpa/datacache/QueryCache.java,6,18,476,6,2,307,138,51.166667,138,130,23.000000,3382,1263,563.666667,83.857143,81.716387,1,0,0,NO
OPENJPA,openjpa-kernel/src/main/java/org/apache/openjpa/datacache/TypesChangedListener.java,6,4,201,8,2,117,30,14.625000,33,30,4.125000,4027,1263,503.375000,92.142857,80.727790,2,0,0,NO
OPENJPA,openjpa-kernel/src/main/java/org/apache/openjpa/ee/AbstractManagedRuntime.java,6,7,41,1,1,41,41,41.000000,41,41,41.000000,11,11,11.000000,28.428571,28.428571,0,0,1,NO
OPENJPA,openjpa-kernel/src/main/java/org/apache/openjpa/enhance/AttributeTranslator.java,6,4,341,11,3,186,36,16.909091,31,30,2.818182,4383,1263,398.454545,92.142857,68.137830,2,0,0,NO
OPENJPA,openjpa-kernel/src/main/java/org/apache/openjpa/enhance/DynamicPersistenceCapable.java,6,3,242,9,2,135,30,15.000000,28,30,3.111111,4164,1263,462.666667,92.142857,69.066116,1,0,0,NO
OPENJPA,openjpa-kernel/src/main/java/org/apache/openjpa/enhance/DynamicStorage.java,6,25,441,5,2,291,138,58.200000,141,135,28.200000,3332,1263,666.400000,83.857143,81.667315,1,0,0,NO
OPENJPA,openjpa-kernel/src/main/java/org/apache/openjpa/enhance/FieldConsumer.java,6,13,239,4,2,157,72,39.250000,75,69,18.750000,3110,1263,777.500000,83.857143,79.957561,1,0,0,NO
OPENJPA,openjpa-kernel/src/main/java/org/apache/openjpa/enhance/FieldManager.java,6,4,187,8,2,107,30,13.375000,27,30,3.375000,4100,1263,512.500000,92.142857,80.682200,1,0,0,NO
OPENJPA,openjpa-kernel/src/main/java/org/apache/openjpa/enhance/FieldSupplier.java,6,13,239,4,2,157,72,39.250000,75,69,18.750000,3110,1263,777.500000,83.857143,79.957561,1,0,0,NO
OPENJPA,openjpa-kernel/src/main/java/org/apache/openjpa/enhance/ManagedInstanceProvider.java,6,4,242,9,2,135,30,15.000000,28,30,3.111111,4164,1263,462.666667,92.142857,69.066116,1,0,0,NO
OPENJPA,openjpa-kernel/src/main/java/org/apache/openjpa/enhance/PersistenceCapable.java,6,40,294,5,3,194,91,38.800000,94,87,18.800000,3119,1263,623.800000,83.857143,80.225948,1,0,0,NO
OPENJPA,openjpa-kernel/src/main/java/org/apache/openjpa/enhance/StateManager.java,6,69,880,6,4,583,282,97.166667,286,277,47.666667,3159,1263,526.500000,83.857143,82.411851,1,0,0,NO
OPENJPA,openjpa-kernel/src/main/java/org/apache/openjpa/event/AbstractLifecycleListener.java,6,60,288,5,2,198,81,39.600000,108,77,21.600000,3116,1263,623.200000,83.857143,76.410218,1,0,0,NO
OPENJPA,openjpa-kernel/src/main/java/org/apache/openjpa/event/AbstractRemoteCommitProvider.java,6,32,222,5,2,146,67,29.200000,70,63,14.000000,3332,1263,666.400000,83.857143,79.604247,1,0,0,NO
OPENJPA,openjpa-kernel/src/main/java/org/apache/openjpa/event/AbstractTransactionListener.java,6,33,239,5,2,156,70,31.200000,73,67,14.600000,3332,1263,666.400000,83.857143,79.895397,1,0,0,NO
OPENJPA,openjpa-kernel/src/main/java/org/apache/openjpa/event/AttachListener.java,6,5,249,7,2,143,40,20.428571,37,40,5.285714,3805,1263,543.571429,92.142857,81.860011,2,0,0,NO
OPENJPA,openjpa-kernel/src/main/java/org/apache/openjpa/event/BeginTransactionListener.java,6,4,226,8,2,131,35,16.375000,36,35,4.500000,4027,1263,503.375000,92.142857,81.297724,2,0,0,NO
OPENJPA,openjpa-kernel/src/main/java/org/apache/openjpa/event/BrokerFactoryEvent.java,6,18,506,10,2,281,55,28.100000,56,55,5.600000,4240,1263,424.000000,92.142857,72.455392,1,0,0,NO
OPENJPA,openjpa-kernel/src/main/java/org/apache/openjpa/event/BrokerFactoryListener.java,6,4,325,10,2,180,40,18.000000,35,40,3.500000,3949,1263,394.900000,92.142857,70.647033,2,0,0,NO
OPENJPA,openjpa-kernel/src/main/java/org/apache/openjpa/event/ClearListener.java,6,5,252,8,2,145,35,18.125000,38,35,4.750000,4100,1263,512.500000,92.142857,81.770975,1,0,0,NO
OPENJPA,openjpa-kernel/src/main/java/org/apache/openjpa/event/DeleteListener.java,6,5,252,8,2,145,35,18.125000,38,35,4.750000,4100,1263,512.500000,92.142857,81.770975,1,0,0,NO
OPENJPA,openjpa-kernel/src/main/java/org/apache/openjpa/event/DetachListener.java,6,5,249,7,2,143,40,20.428571,37,40,5.285714,3805,1263,543.571429,92.142857,81.860011,2,0,0,NO
OPENJPA,openjpa-kernel/src/main/java/org/apache/openjpa/event/DirtyListener.java,6,7,344,7,2,196,60,28.000000,48,60,6.857143,3805,1263,543.571429,92.142857,83.041113,2,0,0,NO
OPENJPA,openjpa-kernel/src/main/java/org/apache/openjpa/event/EndTransactionListener.java,6,9,249,5,2,161,70,32.200000,73,67,14.600000,3332,1263,666.400000,83.857143,80.043029,1,0,0,NO
OPENJPA,openjpa-kernel/src/main/java/org/apache/openjpa/event/ExceptionOrphanedKeyAction.java,6,14,304,8,2,173,53,21.625000,42,53,5.250000,4027,1263,503.375000,92.142857,82.637218,2,0,0,NO
OPENJPA,openjpa-kernel/src/main/java/org/apache/openjpa/event/FlushTransactionListener.java,6,5,315,8,2,179,55,22.375000,43,55,5.375000,4027,1263,503.375000,92.142857,82.755556,2,0,0,NO
OPENJPA,openjpa-kernel/src/main/java/org/apache/openjpa/event/LifecycleListener.java,6,5,197,7,2,114,32,16.285714,31,32,4.428571,3805,1263,543.571429,92.142857,80.841189,2,0,0,NO
OPENJPA,openjpa-kernel/src/main/java/org/apache/openjpa/event/LoadListener.java,6,5,252,8,2,145,35,18.125000,38,35,4.750000,4100,1263,512.500000,92.142857,81.770975,1,0,0,NO
OPENJPA,openjpa-kernel/src/main/java/org/apache/openjpa/event/NoneOrphanedKeyAction.java,6,10,245,9,2,141,35,15.666667,37,35,4.111111,4322,1263,480.222222,92.142857,81.631487,1,0,0,NO
OPENJPA,openjpa-kernel/src/main/java/org/apache/openjpa/event/OrphanedKeyAction.java,6,6,149,5,2,96,40,19.200000,43,37,8.600000,3332,1263,666.400000,83.857143,77.559923,1,0,0,NO
OPENJPA,openjpa-kernel/src/main/java/org/apache/openjpa/event/PersistListener.java,6,5,247,7,2,142,40,20.285714,37,40,5.285714,3805,1263,543.571429,92.142857,81.846154,2,0,0,NO
OPENJPA,openjpa-kernel/src/main/java/org/apache/openjpa/event/PostDeleteListener.java,6,4,343,11,2,188,40,17.090909,33,40,3.000000,3961,1263,360.090909,92.142857,67.037068,2,0,1,NO
OPENJPA,openjpa-kernel/src/main/java/org/apache/openjpa/event/PostPersistListener.java,6,4,319,8,2,176,40,22.000000,33,40,4.125000,3817,1263,477.125000,92.142857,64.304523,2,0,1,NO
OPENJPA,openjpa-kernel/src/main/java/org/apache/openjpa/event/RemoteCommitListener.java,6,7,238,5,2,149,65,29.800000,60,52,12.000000,3332,1263,666.400000,83.857143,79.849940,1,0,0,NO
OPENJPA,openjpa-kernel/src/main/java/org/apache/openjpa/event/RemoteCommitProvider.java,6,8,224,6,2,143,63,23.833333,62,55,10.333333,3346,1263,557.666667,83.857143,79.619260,1,0,0,NO
OPENJPA,openjpa-kernel/src/main/java/org/apache/openjpa/event/SingleJVMRemoteCommitProvider.java,6,23,252,6,3,158,66,26.333333,64,61,10.666667,3409,1263,568.166667,83.857143,79.848073,1,0,0,NO
OPENJPA,openjpa-kernel/src/main/java/org/apache/openjpa/event/StoreListener.java,6,5,228,7,2,133,35,19.000000,38,35,5.428571,3805,1263,543.571429,92.142857,81.382832,2,0,0,NO
OPENJPA,openjpa-kernel/src/main/java/org/apache/openjpa/event/TransactionListener.java,6,5,194,9,2,113,30,12.555556,32,30,3.555556,4028,1263,447.555556,92.142857,80.630339,2,0,0,NO
OPENJPA,openjpa-kernel/src/main/java/org/apache/openjpa/event/UpdateListener.java,6,5,350,11,2,196,40,17.818182,42,40,3.818182,3961,1263,360.090909,92.142857,65.733469,2,0,1,NO
OPENJPA,openjpa-kernel/src/main/java/org/apache/openjpa/kernel/AbstractFieldManager.java,6,66,348,4,2,230,109,57.500000,112,105,28.000000,3110,1263,777.500000,83.857143,81.149015,1,0,0,NO
OPENJPA,openjpa-kernel/src/main/java/org/apache/openjpa/kernel/AbstractLockManager.java,6,30,259,5,2,171,80,34.200000,83,75,16.600000,3130,1263,626.000000,83.857143,80.249862,1,0,0,NO
OPENJPA,openjpa-kernel/src/main/java/org/apache/openjpa/kernel/Broker.java,6,119,2192,11,4,1455,665,132.272727,718,652,65.272727,3530,1263,320.909091,83.857143,82.223931,1,0,2,NO
OPENJPA,openjpa-kernel/src/main/java/org/apache/openjpa/kernel/BrokerFactory.java,6,23,355,7,3,238,101,34.000000,121,97,17.285714,3415,1263,487.857143,83.857143,78.576660,1,0,0,NO
OPENJPA,openjpa-kernel/src/main/java/org/apache/openjpa/kernel/Extent.java,6,17,295,4,2,193,90,48.250000,91,85,22.750000,3110,1263,777.500000,83.857143,80.675545,1,0,0,NO
OPENJPA,openjpa-kernel/src/main/java/org/apache/openjpa/kernel/FindCallbacks.java,6,5,317,8,2,180,55,22.500000,43,55,5.375000,3825,1263,478.125000,92.142857,82.802163,2,0,0,NO
OPENJPA,openjpa-kernel/src/main/java/org/apache/openjpa/kernel/LockManager.java,6,16,371,5,2,241,108,48.200000,111,103,22.200000,3130,1263,626.000000,83.857143,81.294956,1,0,0,NO
OPENJPA,openjpa-kernel/src/main/java/org/apache/openjpa/kernel/NoneLockManager.java,6,14,293,7,2,167,53,23.857143,41,53,5.857143,3805,1263,543.571429,92.142857,82.635787,2,0,0,NO
OPENJPA,openjpa-kernel/src/main/java/org/apache/openjpa/kernel/OpCallbacks.java,6,18,189,5,2,122,52,24.400000,55,48,11.000000,3130,1263,626.000000,83.857143,78.935752,1,0,0,NO
OPENJPA,openjpa-kernel/src/main/java/org/apache/openjpa/kernel/PCData.java,6,20,373,6,3,240,108,40.000000,107,102,17.833333,3251,1263,541.833333,83.857143,81.186519,1,0,0,NO
OPENJPA,openjpa-kernel/src/main/java/org/apache/openjpa/kernel/Query.java,6,35,617,5,2,405,194,81.000000,193,187,38.600000,3332,1263,666.400000,83.857143,82.237323,1,0,0,NO
OPENJPA,openjpa-kernel/src/main/java/org/apache/openjpa/kernel/QueryContext.java,6,56,940,8,3,612,289,76.500000,284,282,35.500000,3416,1263,427.000000,83.857143,82.438906,1,0,1,NO
OPENJPA,openjpa-kernel/src/main/java/org/apache/openjpa/kernel/SavepointManager.java,6,5,253,9,2,146,36,16.222222,39,35,4.333333,4322,1263,480.222222,92.142857,81.699040,1,0,0,NO
OPENJPA,openjpa-kernel/src/main/java/org/apache/openjpa/kernel/Seq.java,6,15,243,4,2,158,70,39.500000,73,66,18.250000,3110,1263,777.500000,83.857143,80.010582,1,0,0,NO
OPENJPA,openjpa-kernel/src/main/java/org/apache/openjpa/kernel/StoreContext.java,6,75,1462,11,4,951,437,86.454545,440,430,40.000000,3655,1263,332.272727,83.857143,81.819621,1,0,0,NO
OPENJPA,openjpa-kernel/src/main/java/org/apache/openjpa/kernel/StoreManager.java,6,55,1524,12,4,975,427,81.250000,426,416,35.500000,3707,1263,308.916667,83.857143,82.905043,1,0,0,NO
OPENJPA,openjpa-kernel/src/main/java/org/apache/openjpa/kernel/StoreQuery.java,6,72,1074,8,3,698,314,87.250000,322,308,40.250000,3405,1263,425.625000,83.857143,82.536579,1,0,0,YES
OPENJPA,openjpa-kernel/src/main/java/org/apache/openjpa/kernel/exps/AbstractExpressionVisitor.java,6,12,62,3,2,52,24,17.333333,42,24,14.000000,1494,1263,498.000000,78.285714,62.735023,0,0,0,NO
OPENJPA,openjpa-kernel/src/main/java/org/apache/openjpa/kernel/exps/Add.java,6,11,237,7,2,139,38,19.857143,41,35,5.857143,3805,1263,543.571429,92.142857,81.471368,2,0,0,NO
OPENJPA,openjpa-kernel/src/main/java/org/apache/openjpa/kernel/exps/AggregateListener.java,6,12,244,5,2,158,69,31.600000,72,65,14.400000,3130,1263,626.000000,83.857143,80.020492,1,0,0,NO
OPENJPA,openjpa-kernel/src/main/java/org/apache/openjpa/kernel/exps/All.java,6,27,183,4,2,121,56,30.250000,59,49,14.750000,3110,1263,777.500000,83.857143,78.792350,1,0,0,NO
OPENJPA,openjpa-kernel/src/main/java/org/apache/openjpa/kernel/exps/Any.java,6,27,180,4,2,119,55,29.750000,58,48,14.500000,3110,1263,777.500000,83.857143,78.709524,1,0,0,NO
OPENJPA,openjpa-kernel/src/main/java/org/apache/openjpa/kernel/exps/Arguments.java,6,5,197,7,2,115,30,16.428571,33,30,4.714286,3805,1263,543.571429,92.142857,80.737491,2,0,0,NO
OPENJPA,openjpa-kernel/src/main/java/org/apache/openjpa/kernel/exps/Avg.java,6,31,203,4,2,134,62,33.500000,65,56,16.250000,3110,1263,777.500000,83.857143,79.282196,1,0,0,NO
OPENJPA,openjpa-kernel/src/main/java/org/apache/openjpa/kernel/exps/Constant.java,6,4,205,8,3,119,31,14.875000,33,30,4.125000,3831,1263,478.875000,92.142857,80.683624,2,0,0,NO
OPENJPA,openjpa-kernel/src/main/java/org/apache/openjpa/kernel/exps/Count.java,6,20,392,8,2,222,55,27.750000,52,55,6.500000,4100,1263,512.500000,92.142857,83.217566,1,0,0,NO
OPENJPA,openjpa-kernel/src/main/java/org/apache/openjpa/kernel/exps/Divide.java,6,11,240,7,2,141,39,20.142857,42,35,6.000000,3805,1263,543.571429,92.142857,81.500000,2,0,0,NO
OPENJPA,openjpa-kernel/src/main/java/org/apache/openjpa/kernel/exps/EndsWithExpression.java,6,12,275,7,2,158,45,22.571429,41,45,5.857143,3805,1263,543.571429,92.142857,82.240000,2,0,0,NO
OPENJPA,openjpa-kernel/src/main/java/org/apache/openjpa/kernel/exps/EqualExpression.java,6,11,239,7,2,140,39,20.000000,41,35,5.857143,3805,1263,543.571429,92.142857,81.489540,2,0,0,NO
OPENJPA,openjpa-kernel/src/main/java/org/apache/openjpa/kernel/exps/Expression.java,6,6,208,10,3,122,30,12.200000,36,30,3.600000,4217,1263,421.700000,92.142857,79.414148,1,0,0,NO
OPENJPA,openjpa-kernel/src/main/java/org/apache/openjpa/kernel/exps/ExpressionParser.java,6,14,204,4,2,134,61,33.500000,64,57,16.000000,3110,1263,777.500000,83.857143,79.304622,1,0,0,NO
OPENJPA,openjpa-kernel/src/main/java/org/apache/openjpa/kernel/exps/ExpressionVisitor.java,6,7,69,3,2,59,31,19.666667,49,31,16.333333,1494,1263,498.000000,78.285714,64.312629,0,0,0,NO
OPENJPA,openjpa-kernel/src/main/java/org/apache/openjpa/kernel/exps/FilterListener.java,6,12,317,5,2,203,89,40.600000,89,82,17.800000,3130,1263,626.000000,83.857143,80.870212,1,0,0,NO
OPENJPA,openjpa-kernel/src/main/java/org/apache/openjpa/kernel/exps/GreaterThanEqualExpression.java,6,12,280,7,2,161,45,23.000000,42,45,6.000000,3805,1263,543.571429,92.142857,82.266327,2,0,0,NO
OPENJPA,openjpa-kernel/src/main/java/org/apache/openjpa/kernel/exps/GreaterThanExpression.java,6,12,280,7,2,161,45,23.000000,42,45,6.000000,3805,1263,543.571429,92.142857,82.266327,2,0,0,NO
OPENJPA,openjpa-kernel/src/main/java/org/apache/openjpa/kernel/exps/LessThanEqualExpression.java,6,12,280,7,2,161,45,23.000000,42,45,6.000000,3805,1263,543.571429,92.142857,82.266327,2,0,0,NO
OPENJPA,openjpa-kernel/src/main/java/org/apache/openjpa/kernel/exps/LessThanExpression.java,6,12,280,7,2,161,45,23.000000,42,45,6.000000,3805,1263,543.571429,92.142857,82.266327,2,0,0,NO
OPENJPA,openjpa-kernel/src/main/java/org/apache/openjpa/kernel/exps/Literal.java,6,12,353,8,3,202,60,25.250000,51,60,6.375000,3831,1263,478.875000,92.142857,83.019425,2,0,0,NO
OPENJPA,openjpa-kernel/src/main/java/org/apache/openjpa/kernel/exps/Max.java,6,22,171,4,2,112,50,28.000000,53,46,13.250000,3110,1263,777.500000,83.857143,78.444444,1,0,0,NO
OPENJPA,openjpa-kernel/src/main/java/org/apache/openjpa/kernel/exps/Min.java,6,22,171,4,2,112,50,28.000000,53,46,13.250000,3110,1263,777.500000,83.857143,78.444444,1,0,0,NO
OPENJPA,openjpa-kernel/src/main/java/org/apache/openjpa/kernel/exps/Mod.java,6,11,240,7,2,141,39,20.142857,42,35,6.000000,3805,1263,543.571429,92.142857,81.500000,2,0,0,NO
OPENJPA,openjpa-kernel/src/main/java/org/apache/openjpa/kernel/exps/Multiply.java,6,11,278,7,2,160,45,22.857143,42,45,6.000000,3805,1263,543.571429,92.142857,82.256423,2,0,0,NO
OPENJPA,openjpa-kernel/src/main/java/org/apache/openjpa/kernel/exps/NotEqualExpression.java,6,11,239,7,2,140,39,20.000000,41,35,5.857143,3805,1263,543.571429,92.142857,81.489540,2,0,0,NO
OPENJPA,openjpa-kernel/src/main/java/org/apache/openjpa/kernel/exps/Parameter.java,6,6,217,8,3,128,36,16.000000,39,30,4.875000,3831,1263,478.875000,92.142857,80.951284,2,0,0,NO
OPENJPA,openjpa-kernel/src/main/java/org/apache/openjpa/kernel/exps/Path.java,6,11,402,11,4,236,55,21.454545,70,55,6.363636,4226,1263,384.181818,92.142857,78.836887,1,0,0,NO
OPENJPA,openjpa-kernel/src/main/java/org/apache/openjpa/kernel/exps/Resolver.java,6,10,190,5,2,126,51,25.200000,62,48,12.400000,3120,1263,624.000000,83.857143,75.593985,1,0,0,NO
OPENJPA,openjpa-kernel/src/main/java/org/apache/openjpa/kernel/exps/Size.java,6,20,157,4,2,103,46,25.750000,49,42,12.250000,3110,1263,777.500000,83.857143,77.972702,1,0,0,NO
OPENJPA,openjpa-kernel/src/main/java/org/apache/openjpa/kernel/exps/StartsWithExpression.java,6,12,275,7,2,158,45,22.571429,41,45,5.857143,3805,1263,543.571429,92.142857,82.240000,2,0,0,NO
OPENJPA,openjpa-kernel/src/main/java/org/apache/openjpa/kernel/exps/Subquery.java,6,6,261,10,3,150,37,15.000000,39,35,3.900000,4348,1263,434.800000,92.142857,81.704433,1,0,0,NO
OPENJPA,openjpa-kernel/src/main/java/org/apache/openjpa/kernel/exps/Subtract.java,6,11,278,7,2,160,45,22.857143,42,45,6.000000,3805,1263,543.571429,92.142857,82.256423,2,0,0,NO
OPENJPA,openjpa-kernel/src/main/java/org/apache/openjpa/kernel/exps/Sum.java,6,32,201,4,2,133,62,33.250000,65,55,16.250000,3110,1263,777.500000,83.857143,79.237385,1,0,0,NO
OPENJPA,openjpa-kernel/src/main/java/org/apache/openjpa/kernel/exps/Value.java,6,14,212,8,4,144,55,18.000000,76,52,9.500000,3276,1263,409.500000,83.857143,76.557278,1,0,0,NO
OPENJPA,openjpa-kernel/src/main/java/org/apache/openjpa/kernel/jpql/SimpleNode.java,6,7,220,9,2,127,31,14.111111,34,30,3.777778,4101,1263,455.666667,92.142857,81.223377,1,0,0,NO
OPENJPA,openjpa-kernel/src/main/java/org/apache/openjpa/meta/MetaDataContext.java,6,4,196,7,2,114,30,16.285714,32,30,4.571429,3805,1263,543.571429,92.142857,80.722303,2,0,0,NO
OPENJPA,openjpa-kernel/src/main/java/org/apache/openjpa/meta/MetaDataDefaults.java,6,16,290,11,5,191,64,17.363636,92,60,8.363636,3235,1263,294.090909,83.857143,77.812808,1,0,0,NO
OPENJPA,openjpa-kernel/src/main/java/org/apache/openjpa/meta/MetaDataFactory.java,6,30,467,6,4,310,138,51.666667,153,134,25.500000,3134,1263,522.333333,83.857143,80.744570,1,0,0,NO
OPENJPA,openjpa-kernel/src/main/java/org/apache/openjpa/meta/Order.java,6,10,338,8,2,195,55,24.375000,52,55,6.500000,3844,1263,480.500000,92.142857,82.653846,2,0,0,NO
OPENJPA,openjpa-kernel/src/main/java/org/apache/openjpa/meta/ValueMetaData.java,6,47,983,7,2,644,300,92.000000,305,296,43.571429,3382,1263,483.142857,83.857143,82.648162,1,0,0,NO
OPENJPA,openjpa-kernel/src/main/java/org/apache/openjpa/util/ChangeTracker.java,6,12,305,4,2,197,86,49.250000,89,83,22.250000,3110,1263,777.500000,83.857143,80.765808,1,0,0,NO
OPENJPA,openjpa-kernel/src/main/java/org/apache/openjpa/util/ClassResolver.java,6,6,155,5,2,100,43,20.000000,45,39,9.000000,3332,1263,666.400000,83.857143,77.800922,1,0,0,NO
OPENJPA,openjpa-kernel/src/main/java/org/apache/openjpa/util/ClassResolverImpl.java,6,31,216,8,4,142,59,17.750000,68,53,8.500000,3551,1263,443.875000,83.857143,74.230159,1,0,1,NO
OPENJPA,openjpa-kernel/src/main/java/org/apache/openjpa/util/CollectionChangeTracker.java,6,6,303,7,2,172,55,24.571429,41,55,5.857143,3805,1263,543.571429,92.142857,82.763319,2,0,0,NO
OPENJPA,openjpa-kernel/src/main/java/org/apache/openjpa/util/ExceptionInfo.java,6,16,273,6,2,178,80,29.666667,83,77,13.833333,3333,1263,555.500000,83.857143,80.112507,1,0,0,NO
OPENJPA,openjpa-kernel/src/main/java/org/apache/openjpa/util/GeneralException.java,6,25,325,9,2,191,53,21.222222,57,53,6.333333,3935,1263,437.222222,92.142857,81.774945,2,0,0,NO
OPENJPA,openjpa-kernel/src/main/java/org/apache/openjpa/util/InternalException.java,6,31,342,9,2,203,53,22.555556,64,53,7.111111,4116,1263,457.333333,92.142857,82.617794,2,0,0,NO
OPENJPA,openjpa-kernel/src/main/java/org/apache/openjpa/util/LRSProxy.java,6,4,198,9,2,114,30,12.666667,30,30,3.333333,4322,1263,480.222222,92.142857,80.782107,1,0,0,NO
OPENJPA,openjpa-kernel/src/main/java/org/apache/openjpa/util/MapChangeTracker.java,6,9,214,5,2,138,59,27.600000,62,55,12.400000,3160,1263,632.000000,83.857143,79.498665,1,0,0,NO
OPENJPA,openjpa-kernel/src/main/java/org/apache/openjpa/util/Proxy.java,6,9,211,5,3,136,59,27.200000,61,55,12.200000,3151,1263,630.200000,83.857143,79.240352,1,0,0,NO
OPENJPA,openjpa-kernel/src/main/java/org/apache/openjpa/util/ProxyBean.java,6,5,213,8,3,124,31,15.500000,35,30,4.375000,3846,1263,480.750000,92.142857,79.861167,2,0,0,NO
OPENJPA,openjpa-kernel/src/main/java/org/apache/openjpa/util/ProxyCalendar.java,6,5,234,9,3,134,35,14.888889,34,35,3.777778,3851,1263,427.888889,92.142857,80.235653,2,0,0,NO
OPENJPA,openjpa-kernel/src/main/java/org/apache/openjpa/util/ProxyCollection.java,6,9,168,5,3,105,41,21.000000,42,36,8.400000,3151,1263,630.200000,83.857143,75.425170,1,0,0,NO
OPENJPA,openjpa-kernel/src/main/java/org/apache/openjpa/util/ProxyDate.java,6,5,204,8,3,119,31,14.875000,34,30,4.250000,3846,1263,480.750000,92.142857,80.630252,2,0,0,NO
OPENJPA,openjpa-kernel/src/main/java/org/apache/openjpa/util/ProxyManager.java,6,22,460,6,3,288,119,48.000000,116,116,19.333333,3373,1263,562.166667,83.857143,78.934783,1,0,0,NO
OPENJPA,openjpa-kernel/src/main/java/org/apache/openjpa/util/ProxyMap.java,6,10,167,5,3,107,40,21.400000,47,36,9.400000,3151,1263,630.200000,83.857143,75.248931,1,0,0,NO
OPENJPA,openjpa-kernel/src/main/java/org/apache/openjpa/util/RuntimeExceptionTranslator.java,6,6,220,7,2,128,35,18.285714,36,35,5.142857,3805,1263,543.571429,92.142857,81.296104,2,0,0,NO
OPENJPA,openjpa-kernel/src/main/java/org/apache/openjpa/util/StoreException.java,6,22,347,9,2,200,53,22.222222,53,53,5.888889,4116,1263,457.333333,92.142857,82.624125,2,0,0,NO
OPENJPA,openjpa-kernel/src/main/java/org/apache/openjpa/util/UnsupportedException.java,6,23,336,9,2,195,53,21.666667,54,53,6.000000,4116,1263,457.333333,92.142857,82.644983,2,0,0,NO
OPENJPA,openjpa-kernel/src/main/java/org/apache/openjpa/util/UserException.java,6,31,343,10,2,204,53,20.400000,65,53,6.500000,4122,1263,412.200000,92.142857,82.418992,2,0,1,NO
OPENJPA,openjpa-lib-5/src/main/java/org/apache/openjpa/lib/util/J2DoPriv5Helper.java,6,30,92,1,1,92,92,92.000000,92,92,92.000000,10,10,10.000000,20.428571,20.428571,0,0,1,NO
OPENJPA,openjpa-lib/src/main/java/org/apache/openjpa/lib/conf/Configurable.java,6,6,105,5,2,75,42,15.000000,45,42,9.000000,3181,1263,636.200000,85.714286,76.326531,2,0,0,NO
OPENJPA,openjpa-lib/src/main/java/org/apache/openjpa/lib/conf/ConfigurationProvider.java,6,8,297,9,4,176,71,19.555556,55,71,6.111111,3488,1263,387.555556,85.714286,77.265031,2,0,0,NO
OPENJPA,openjpa-lib/src/main/java/org/apache/openjpa/lib/conf/GenericConfigurable.java,6,5,123,6,2,82,39,13.666667,41,39,6.833333,3186,1263,531.000000,85.714286,77.398374,2,0,0,NO
OPENJPA,openjpa-lib/src/main/java/org/apache/openjpa/lib/conf/ValueListener.java,6,4,102,6,2,67,31,11.166667,32,31,5.333333,3315,1263,552.500000,92.142857,78.029412,2,0,0,NO
OPENJPA,openjpa-lib/src/main/java/org/apache/openjpa/lib/graph/GraphVisitor.java,6,6,439,8,2,243,60,30.375000,47,60,5.875000,3816,1263,477.000000,92.142857,73.015945,2,0,0,NO
OPENJPA,openjpa-lib/src/main/java/org/apache/openjpa/lib/graph/NodeInfo.java,6,8,323,10,3,179,36,17.900000,35,30,3.500000,4319,1263,431.900000,92.142857,70.287041,2,0,0,NO
OPENJPA,openjpa-lib/src/main/java/org/apache/openjpa/lib/jdbc/ConnectionDecorator.java,6,6,112,6,2,74,35,12.333333,36,35,6.000000,3315,1263,552.500000,92.142857,78.892857,2,0,0,NO
OPENJPA,openjpa-lib/src/main/java/org/apache/openjpa/lib/jdbc/JDBCEvent.java,6,50,278,5,2,220,157,44.000000,162,157,32.400000,3181,1263,636.200000,85.714286,82.058068,2,0,0,NO
OPENJPA,openjpa-lib/src/main/java/org/apache/openjpa/lib/jdbc/JDBCListener.java,6,15,168,5,2,129,86,25.800000,90,86,18.000000,3181,1263,636.200000,85.714286,79.795918,2,0,0,NO
OPENJPA,openjpa-lib/src/main/java/org/apache/openjpa/lib/log/AbstractLog.java,6,74,292,7,2,216,159,30.857143,140,159,20.000000,3760,1263,537.142857,85.714286,81.928571,2,0,0,NO
OPENJPA,openjpa-lib/src/main/java/org/apache/openjpa/lib/log/LogFactory.java,6,4,98,6,2,65,30,10.833333,32,30,5.333333,3315,1263,552.500000,92.142857,77.653061,2,0,0,NO
OPENJPA,openjpa-lib/src/main/java/org/apache/openjpa/lib/meta/MetaDataFilter.java,6,9,180,6,2,116,55,19.333333,52,55,8.666667,3315,1263,552.500000,92.142857,82.166667,2,0,0,NO
OPENJPA,openjpa-lib/src/main/java/org/apache/openjpa/lib/meta/MetaDataIterator.java,6,12,138,5,2,99,57,19.800000,60,57,12.000000,3181,1263,636.200000,85.714286,78.454451,2,0,0,NO
OPENJPA,openjpa-lib/src/main/java/org/apache/openjpa/lib/meta/MetaDataParser.java,6,17,195,6,2,141,84,23.500000,87,84,14.500000,3671,1263,611.833333,85.714286,80.441026,2,0,0,NO
OPENJPA,openjpa-lib/src/main/java/org/apache/openjpa/lib/meta/MetaDataSerializer.java,6,15,246,7,2,160,76,22.857143,74,76,10.571429,3721,1263,531.571429,85.714286,81.145180,2,0,0,NO
OPENJPA,openjpa-lib/src/main/java/org/apache/openjpa/lib/meta/SourceTracker.java,6,11,122,5,2,89,54,17.800000,56,54,11.200000,3181,1263,636.200000,85.714286,77.597190,2,0,0,NO
OPENJPA,openjpa-lib/src/main/java/org/apache/openjpa/lib/rop/AbstractResultList.java,6,50,187,7,3,139,85,19.857143,91,85,13.000000,3271,1263,467.285714,85.714286,77.679144,2,0,1,NO
OPENJPA,openjpa-lib/src/main/java/org/apache/openjpa/lib/rop/AbstractSequentialResultList.java,6,72,234,5,2,175,130,35.000000,116,130,23.200000,3181,1263,636.200000,85.714286,81.391331,2,0,0,NO
OPENJPA,openjpa-lib/src/main/java/org/apache/openjpa/lib/rop/ResultList.java,6,9,171,5,2,114,62,22.800000,57,62,11.400000,3181,1263,636.200000,85.714286,79.688388,2,0,0,NO
OPENJPA,openjpa-lib/src/main/java/org/apache/openjpa/lib/util/BytecodeWriter.java,6,6,107,6,2,70,32,11.666667,33,32,5.500000,3315,1263,552.500000,92.142857,78.361816,2,0,0,NO
OPENJPA,openjpa-lib/src/main/java/org/apache/openjpa/lib/util/Bytes.java,6,79,195,3,3,181,164,60.333333,167,164,55.666667,1267,1263,422.333333,66.714286,63.838828,0,0,0,NO
OPENJPA,openjpa-lib/src/main/java/org/apache/openjpa/lib/util/EventManager.java,6,10,121,5,2,90,56,18.000000,59,56,11.800000,3181,1263,636.200000,85.714286,77.537190,2,0,0,NO
OPENJPA,openjpa-lib/src/main/java/org/apache/openjpa/lib/util/ParseException.java,6,21,172,8,2,113,53,14.125000,54,53,6.750000,3626,1263,453.250000,92.142857,81.555648,2,0,0,NO
OPENJPA,openjpa-lib/src/main/java/org/apache/openjpa/lib/util/ReferenceMap.java,6,10,123,5,2,88,50,17.600000,53,50,10.600000,3181,1263,636.200000,85.714286,77.600465,2,0,0,NO
OPENJPA,openjpa-lib/src/main/java/org/apache/openjpa/lib/util/ResourceBundleProvider.java,6,7,121,6,2,80,37,13.333333,39,37,6.500000,3315,1263,552.500000,92.142857,79.499410,2,0,0,NO
OPENJPA,openjpa-lib/src/main/java/org/apache/openjpa/lib/util/SizedMap.java,6,8,180,6,2,115,60,19.166667,50,60,8.333333,3315,1263,552.500000,92.142857,82.361905,2,0,0,NO
OPENJPA,openjpa-lib/src/main/java/org/apache/openjpa/lib/util/concurrent/ConcurrentMap.java,6,7,172,6,2,108,55,18.000000,44,55,7.333333,3315,1263,552.500000,92.142857,81.985050,2,0,0,NO
OPENJPA,openjpa-lib/src/main/java/org/apache/openjpa/lib/util/concurrent/Lock.java,6,9,692,6,2,487,328,81.166667,282,328,47.000000,3671,1263,611.833333,85.714286,83.928571,2,0,0,NO
OPENJPA,openjpa-lib/src/main/java/org/apache/openjpa/lib/util/concurrent/NanoTimer.java,6,4,100,5,2,74,46,14.800000,48,46,9.600000,3181,1263,636.200000,85.714286,75.851429,2,0,0,NO
OPENJPA,openjpa-lib/src/main/java/org/apache/openjpa/lib/util/concurrent/Queue.java,6,12,493,6,2,347,207,57.833333,201,207,33.500000,3671,1263,611.833333,85.714286,83.231527,2,0,0,NO
OPENJPA,openjpa-lib/src/main/java/org/apache/openjpa/lib/xml/Commentable.java,6,6,132,7,2,86,40,12.285714,40,40,5.714286,3537,1263,505.285714,92.142857,80.041126,2,0,0,NO
OPENJPA,openjpa-lib/src/main/java/org/apache/openjpa/lib/xml/ValidatingErrorHandler.java,6,15,164,6,2,105,53,17.500000,46,53,7.666667,3315,1263,552.500000,92.142857,81.743031,2,0,0,NO
OPENJPA,openjpa-persistence-jdbc/src/main/java/org/apache/openjpa/persistence/jdbc/ClassCriteria.java,6,11,298,10,2,169,53,16.900000,40,53,4.000000,4633,1263,463.300000,92.142857,82.387824,2,0,0,NO
OPENJPA,openjpa-persistence-jdbc/src/main/java/org/apache/openjpa/persistence/jdbc/Columns.java,6,12,300,10,2,170,53,17.000000,40,53,4.000000,4633,1263,463.300000,92.142857,82.390000,2,0,0,NO
OPENJPA,openjpa-persistence-jdbc/src/main/java/org/apache/openjpa/persistence/jdbc/ContainerTable.java,6,17,181,7,2,116,45,16.571429,51,42,7.285714,3938,1263,562.571429,83.857143,78.216259,1,0,0,NO
OPENJPA,openjpa-persistence-jdbc/src/main/java/org/apache/openjpa/persistence/jdbc/DataStoreIdColumn.java,6,14,316,10,2,181,53,18.100000,46,53,4.600000,4633,1263,463.300000,92.142857,82.436257,2,0,0,NO
OPENJPA,openjpa-persistence-jdbc/src/main/java/org/apache/openjpa/persistence/jdbc/DiscriminatorStrategy.java,6,10,256,11,2,147,35,13.363636,38,35,3.454545,4928,1263,448.000000,92.142857,81.464844,1,0,0,NO
OPENJPA,openjpa-persistence-jdbc/src/main/java/org/apache/openjpa/persistence/jdbc/EagerFetchMode.java,6,11,301,11,2,170,53,15.454545,39,53,3.545455,4649,1263,422.636364,92.142857,82.013289,2,0,0,NO
OPENJPA,openjpa-persistence-jdbc/src/main/java/org/apache/openjpa/persistence/jdbc/ElementClassCriteria.java,6,11,298,10,2,169,53,16.900000,40,53,4.000000,4633,1263,463.300000,92.142857,82.387824,2,0,0,NO
OPENJPA,openjpa-persistence-jdbc/src/main/java/org/apache/openjpa/persistence/jdbc/ElementColumn.java,6,19,294,8,2,174,54,21.750000,54,42,6.750000,3981,1263,497.625000,83.857143,54.734208,1,0,0,NO
OPENJPA,openjpa-persistence-jdbc/src/main/java/org/apache/openjpa/persistence/jdbc/ElementColumns.java,6,11,379,12,2,209,53,17.416667,39,53,3.250000,4692,1263,391.000000,92.142857,68.162835,2,0,0,NO
OPENJPA,openjpa-persistence-jdbc/src/main/java/org/apache/openjpa/persistence/jdbc/ElementEmbeddedMapping.java,6,15,404,11,2,225,53,20.454545,46,53,4.181818,4676,1263,425.090909,92.142857,67.000354,2,0,0,NO
OPENJPA,openjpa-persistence-jdbc/src/main/java/org/apache/openjpa/persistence/jdbc/ElementForeignKey.java,6,15,177,7,2,112,45,16.000000,47,42,6.714286,3938,1263,562.571429,83.857143,78.114609,1,0,0,NO
OPENJPA,openjpa-persistence-jdbc/src/main/java/org/apache/openjpa/persistence/jdbc/ElementIndex.java,6,13,309,10,2,176,53,17.600000,43,53,4.300000,4633,1263,463.300000,92.142857,82.415164,2,0,0,NO
OPENJPA,openjpa-persistence-jdbc/src/main/java/org/apache/openjpa/persistence/jdbc/ElementJoinColumn.java,6,18,183,7,2,118,45,16.857143,53,42,7.571429,3938,1263,562.571429,83.857143,78.265418,1,0,0,NO
OPENJPA,openjpa-persistence-jdbc/src/main/java/org/apache/openjpa/persistence/jdbc/ElementJoinColumns.java,6,11,300,10,2,170,53,17.000000,40,53,4.000000,4633,1263,463.300000,92.142857,82.390000,2,0,0,NO
OPENJPA,openjpa-persistence-jdbc/src/main/java/org/apache/openjpa/persistence/jdbc/ElementNonpolymorphic.java,6,11,300,10,2,170,53,17.000000,40,53,4.000000,4633,1263,463.300000,92.142857,82.390000,2,0,0,NO
OPENJPA,openjpa-persistence-jdbc/src/main/java/org/apache/openjpa/persistence/jdbc/ElementStrategy.java,6,11,378,12,2,208,53,17.333333,38,53,3.166667,4692,1263,391.000000,92.142857,68.304233,2,0,0,NO
OPENJPA,openjpa-persistence-jdbc/src/main/java/org/apache/openjpa/persistence/jdbc/EmbeddedMapping.java,6,15,312,10,2,179,53,17.900000,46,53,4.600000,4633,1263,463.300000,92.142857,82.418040,2,0,0,NO
OPENJPA,openjpa-persistence-jdbc/src/main/java/org/apache/openjpa/persistence/jdbc/FetchDirection.java,6,26,401,11,2,230,53,20.909091,59,53,5.363636,4638,1263,421.636364,92.142857,71.309939,2,0,0,NO
OPENJPA,openjpa-persistence-jdbc/src/main/java/org/apache/openjpa/persistence/jdbc/FetchMode.java,6,26,252,12,2,156,32,13.000000,60,30,5.000000,4944,1263,412.000000,92.142857,71.973923,1,0,0,NO
OPENJPA,openjpa-persistence-jdbc/src/main/java/org/apache/openjpa/persistence/jdbc/ForeignKey.java,6,16,322,10,2,186,53,18.600000,50,53,5.000000,4633,1263,463.300000,92.142857,82.441437,2,0,0,NO
OPENJPA,openjpa-persistence-jdbc/src/main/java/org/apache/openjpa/persistence/jdbc/ForeignKeyAction.java,6,7,219,12,2,126,30,10.500000,33,30,2.750000,4944,1263,412.000000,92.142857,79.163079,1,0,0,NO
OPENJPA,openjpa-persistence-jdbc/src/main/java/org/apache/openjpa/persistence/jdbc/Index.java,6,15,313,10,2,180,53,18.000000,47,53,4.700000,4633,1263,463.300000,92.142857,82.418987,2,0,0,NO
OPENJPA,openjpa-persistence-jdbc/src/main/java/org/apache/openjpa/persistence/jdbc/JoinSyntax.java,6,26,65,2,1,62,59,31.000000,59,59,29.500000,146,130,73.000000,26.000000,25.986813,0,0,0,NO
OPENJPA,openjpa-persistence-jdbc/src/main/java/org/apache/openjpa/persistence/jdbc/KeyClassCriteria.java,6,11,377,11,2,208,53,18.909091,39,53,3.545455,4676,1263,425.090909,92.142857,68.206897,2,0,0,NO
OPENJPA,openjpa-persistence-jdbc/src/main/java/org/apache/openjpa/persistence/jdbc/KeyColumn.java,6,19,294,8,2,174,54,21.750000,54,42,6.750000,3981,1263,497.625000,83.857143,54.734208,1,0,0,NO
OPENJPA,openjpa-persistence-jdbc/src/main/java/org/apache/openjpa/persistence/jdbc/KeyColumns.java,6,11,379,12,2,209,53,17.416667,39,53,3.250000,4692,1263,391.000000,92.142857,68.162835,2,0,0,NO
OPENJPA,openjpa-persistence-jdbc/src/main/java/org/apache/openjpa/persistence/jdbc/KeyEmbeddedMapping.java,6,15,403,11,2,224,53,20.363636,45,53,4.090909,4676,1263,425.090909,92.142857,67.130096,2,0,0,NO
OPENJPA,openjpa-persistence-jdbc/src/main/java/org/apache/openjpa/persistence/jdbc/KeyForeignKey.java,6,15,270,8,2,158,46,19.750000,46,42,5.750000,3981,1263,497.625000,83.857143,56.276720,1,0,0,NO
OPENJPA,openjpa-persistence-jdbc/src/main/java/org/apache/openjpa/persistence/jdbc/KeyIndex.java,6,13,394,11,2,218,53,19.818182,42,53,3.818182,4676,1263,425.090909,92.142857,67.809645,2,0,0,NO
OPENJPA,openjpa-persistence-jdbc/src/main/java/org/apache/openjpa/persistence/jdbc/KeyJoinColumn.java,6,18,288,8,2,170,52,21.250000,52,42,6.500000,3981,1263,497.625000,83.857143,55.095734,1,0,0,NO
OPENJPA,openjpa-persistence-jdbc/src/main/java/org/apache/openjpa/persistence/jdbc/KeyJoinColumns.java,6,11,379,12,2,209,53,17.416667,39,53,3.250000,4692,1263,391.000000,92.142857,68.162835,2,0,0,NO
OPENJPA,openjpa-persistence-jdbc/src/main/java/org/apache/openjpa/persistence/jdbc/KeyNonpolymorphic.java,6,11,378,11,2,208,53,18.909091,38,53,3.454545,4676,1263,425.090909,92.142857,68.425170,2,0,0,NO
OPENJPA,openjpa-persistence-jdbc/src/main/java/org/apache/openjpa/persistence/jdbc/KeyStrategy.java,6,11,378,12,2,208,53,17.333333,38,53,3.166667,4692,1263,391.000000,92.142857,68.304233,2,0,0,NO
OPENJPA,openjpa-persistence-jdbc/src/main/java/org/apache/openjpa/persistence/jdbc/LRSSizeAlgorithm.java,6,26,379,12,2,219,53,18.250000,59,53,4.916667,4669,1263,389.083333,92.142857,73.948360,2,0,0,NO
OPENJPA,openjpa-persistence-jdbc/src/main/java/org/apache/openjpa/persistence/jdbc/MappingOverride.java,6,15,317,10,2,182,53,18.200000,47,53,4.700000,4633,1263,463.300000,92.142857,82.437134,2,0,0,NO
OPENJPA,openjpa-persistence-jdbc/src/main/java/org/apache/openjpa/persistence/jdbc/MappingOverrides.java,6,10,210,8,2,124,36,15.500000,38,34,4.750000,4221,1263,527.625000,85.428571,79.327211,1,0,0,NO
OPENJPA,openjpa-persistence-jdbc/src/main/java/org/apache/openjpa/persistence/jdbc/MappingTag.java,6,76,128,5,3,118,86,23.600000,108,86,21.600000,1806,1263,361.200000,82.714286,66.132813,1,0,0,NO
OPENJPA,openjpa-persistence-jdbc/src/main/java/org/apache/openjpa/persistence/jdbc/Nonpolymorphic.java,6,11,299,10,2,169,53,16.900000,39,53,3.900000,4633,1263,463.300000,92.142857,82.388915,2,0,0,NO
OPENJPA,openjpa-persistence-jdbc/src/main/java/org/apache/openjpa/persistence/jdbc/NonpolymorphicType.java,6,6,218,12,2,125,30,10.416667,32,30,2.666667,4948,1263,412.333333,92.142857,79.146789,1,0,0,NO
OPENJPA,openjpa-persistence-jdbc/src/main/java/org/apache/openjpa/persistence/jdbc/OrderColumn.java,6,16,315,10,2,182,53,18.200000,49,53,4.900000,4633,1263,463.300000,92.142857,82.420862,2,0,0,NO
OPENJPA,openjpa-persistence-jdbc/src/main/java/org/apache/openjpa/persistence/jdbc/ResultSetType.java,6,26,93,2,1,76,59,38.000000,59,59,29.500000,135,130,67.500000,26.000000,25.947773,0,0,0,NO
OPENJPA,openjpa-persistence-jdbc/src/main/java/org/apache/openjpa/persistence/jdbc/Strategy.java,6,10,260,11,2,149,35,13.545455,38,35,3.454545,4928,1263,448.000000,92.142857,81.484066,1,0,0,NO
OPENJPA,openjpa-persistence-jdbc/src/main/java/org/apache/openjpa/persistence/jdbc/SubclassFetchMode.java,6,10,212,9,2,125,36,13.888889,38,34,4.222222,4237,1263,470.777778,85.428571,78.822776,1,0,0,NO
OPENJPA,openjpa-persistence-jdbc/src/main/java/org/apache/openjpa/persistence/jdbc/Unique.java,6,14,311,10,2,178,53,17.800000,45,53,4.500000,4633,1263,463.300000,92.142857,82.417088,2,0,0,NO
OPENJPA,openjpa-persistence-jdbc/src/main/java/org/apache/openjpa/persistence/jdbc/VersionColumn.java,6,17,322,10,2,187,53,18.700000,52,53,5.200000,4633,1263,463.300000,92.142857,82.441437,2,0,0,NO
OPENJPA,openjpa-persistence-jdbc/src/main/java/org/apache/openjpa/persistence/jdbc/VersionColumns.java,6,10,210,8,2,124,36,15.500000,38,34,4.750000,4221,1263,527.625000,85.428571,79.327211,1,0,0,NO
OPENJPA,openjpa-persistence-jdbc/src/main/java/org/apache/openjpa/persistence/jdbc/VersionStrategy.java,6,10,256,11,2,147,35,13.363636,38,35,3.454545,4928,1263,448.000000,92.142857,81.464844,1,0,0,NO
OPENJPA,openjpa-persistence-jdbc/src/main/java/org/apache/openjpa/persistence/jdbc/XEmbeddedMapping.java,6,15,403,11,2,224,53,20.363636,45,53,4.090909,4676,1263,425.090909,92.142857,67.130096,2,0,0,NO
OPENJPA,openjpa-persistence-jdbc/src/main/java/org/apache/openjpa/persistence/jdbc/XJoinColumn.java,6,19,185,7,2,120,45,17.142857,55,42,7.857143,3938,1263,562.571429,83.857143,78.313514,1,0,0,NO
OPENJPA,openjpa-persistence-jdbc/src/main/java/org/apache/openjpa/persistence/jdbc/XJoinColumns.java,6,11,305,10,2,172,53,17.200000,39,53,3.900000,4633,1263,463.300000,92.142857,82.411241,2,0,0,NO
OPENJPA,openjpa-persistence-jdbc/src/main/java/org/apache/openjpa/persistence/jdbc/XMappingOverride.java,6,18,416,11,2,234,53,21.272727,52,53,4.727273,4676,1263,425.090909,92.142857,66.320398,2,0,0,NO
OPENJPA,openjpa-persistence-jdbc/src/main/java/org/apache/openjpa/persistence/jdbc/XMappingOverrides.java,6,10,331,12,2,184,37,15.333333,37,35,3.083333,4971,1263,414.250000,92.142857,66.340095,1,0,0,NO
OPENJPA,openjpa-persistence-jdbc/src/main/java/org/apache/openjpa/persistence/jdbc/XSecondaryTable.java,6,17,321,10,2,186,53,18.600000,51,53,5.100000,4633,1263,463.300000,92.142857,82.440587,2,0,0,NO
OPENJPA,openjpa-persistence-jdbc/src/main/java/org/apache/openjpa/persistence/jdbc/XSecondaryTables.java,6,10,210,8,2,124,36,15.500000,38,34,4.750000,4221,1263,527.625000,85.428571,79.327211,1,0,0,NO
OPENJPA,openjpa-persistence-jdbc/src/main/java/org/apache/openjpa/persistence/jdbc/XTable.java,6,15,318,10,2,183,53,18.300000,48,53,4.800000,4633,1263,463.300000,92.142857,82.438005,2,0,0,NO
OPENJPA,openjpa-persistence/src/main/java/org/apache/openjpa/persistence/AutoClearType.java,6,23,56,1,1,56,56,56.000000,56,56,56.000000,130,130,130.000000,26.000000,26.000000,0,0,0,NO
OPENJPA,openjpa-persistence/src/main/java/org/apache/openjpa/persistence/ConnectionRetainMode.java,6,26,66,2,1,63,60,31.500000,60,60,30.000000,146,130,73.000000,26.000000,25.987013,0,0,0,NO
OPENJPA,openjpa-persistence/src/main/java/org/apache/openjpa/persistence/DataCache.java,6,12,300,9,2,171,53,19.000000,42,53,4.666667,4157,1263,461.888889,92.142857,82.421429,2,0,0,NO
OPENJPA,openjpa-persistence/src/main/java/org/apache/openjpa/persistence/DataStoreId.java,6,12,297,9,2,169,53,18.777778,41,53,4.555556,4157,1263,461.888889,92.142857,82.407888,2,0,0,NO
OPENJPA,openjpa-persistence/src/main/java/org/apache/openjpa/persistence/Dependent.java,6,11,291,9,2,165,53,18.333333,39,53,4.333333,4157,1263,461.888889,92.142857,82.379971,2,0,0,NO
OPENJPA,openjpa-persistence/src/main/java/org/apache/openjpa/persistence/DetachStateType.java,6,26,60,1,1,60,60,60.000000,60,60,60.000000,130,130,130.000000,26.000000,26.000000,0,0,0,NO
OPENJPA,openjpa-persistence/src/main/java/org/apache/openjpa/persistence/DetachedState.java,6,12,297,9,2,169,53,18.777778,41,53,4.555556,4157,1263,461.888889,92.142857,82.407888,2,0,0,NO
OPENJPA,openjpa-persistence/src/main/java/org/apache/openjpa/persistence/ElementDependent.java,6,11,291,9,2,165,53,18.333333,39,53,4.333333,4157,1263,461.888889,92.142857,82.379971,2,0,0,NO
OPENJPA,openjpa-persistence/src/main/java/org/apache/openjpa/persistence/ElementType.java,6,11,296,9,2,168,53,18.666667,40,53,4.444444,4157,1263,461.888889,92.142857,82.402027,2,0,0,NO
OPENJPA,openjpa-persistence/src/main/java/org/apache/openjpa/persistence/ExternalValues.java,6,11,299,9,2,170,53,18.888889,41,53,4.555556,4157,1263,461.888889,92.142857,82.415671,2,0,0,NO
OPENJPA,openjpa-persistence/src/main/java/org/apache/openjpa/persistence/Externalizer.java,6,11,296,9,2,168,53,18.666667,40,53,4.444444,4157,1263,461.888889,92.142857,82.402027,2,0,0,NO
OPENJPA,openjpa-persistence/src/main/java/org/apache/openjpa/persistence/Factory.java,6,11,296,9,2,168,53,18.666667,40,53,4.444444,4157,1263,461.888889,92.142857,82.402027,2,0,0,NO
OPENJPA,openjpa-persistence/src/main/java/org/apache/openjpa/persistence/FetchAttribute.java,6,10,263,11,3,154,35,14.000000,45,35,4.090909,4590,1263,417.272727,92.142857,81.507333,1,0,0,NO
OPENJPA,openjpa-persistence/src/main/java/org/apache/openjpa/persistence/FetchGroup.java,6,13,216,9,3,136,36,15.111111,56,34,6.222222,3885,1263,431.666667,85.428571,79.240079,1,0,0,NO
OPENJPA,openjpa-persistence/src/main/java/org/apache/openjpa/persistence/FetchGroups.java,6,10,248,10,2,143,35,14.300000,38,35,3.800000,4452,1263,445.200000,92.142857,81.424539,1,0,0,NO
OPENJPA,openjpa-persistence/src/main/java/org/apache/openjpa/persistence/InverseLogical.java,6,11,291,9,2,165,53,18.333333,39,53,4.333333,4157,1263,461.888889,92.142857,82.379971,2,0,0,NO
OPENJPA,openjpa-persistence/src/main/java/org/apache/openjpa/persistence/KeyDependent.java,6,11,291,9,2,165,53,18.333333,39,53,4.333333,4157,1263,461.888889,92.142857,82.379971,2,0,0,NO
OPENJPA,openjpa-persistence/src/main/java/org/apache/openjpa/persistence/KeyType.java,6,11,296,9,2,168,53,18.666667,40,53,4.444444,4157,1263,461.888889,92.142857,82.402027,2,0,0,NO
OPENJPA,openjpa-persistence/src/main/java/org/apache/openjpa/persistence/LRS.java,6,11,291,9,2,165,53,18.333333,39,53,4.333333,4157,1263,461.888889,92.142857,82.379971,2,0,0,NO
OPENJPA,openjpa-persistence/src/main/java/org/apache/openjpa/persistence/LoadFetchGroup.java,6,11,299,10,4,169,53,16.900000,39,53,3.900000,3947,1263,394.700000,92.142857,82.170569,2,0,0,NO
OPENJPA,openjpa-persistence/src/main/java/org/apache/openjpa/persistence/ManagedInterface.java,6,9,321,10,2,181,53,18.100000,41,53,4.100000,4187,1263,418.700000,92.142857,77.393858,2,0,1,NO
OPENJPA,openjpa-persistence/src/main/java/org/apache/openjpa/persistence/MetaDataTag.java,6,51,253,9,4,168,76,18.666667,83,72,9.222222,3177,1263,353.000000,83.857143,79.527386,1,0,2,NO
OPENJPA,openjpa-persistence/src/main/java/org/apache/openjpa/persistence/OpenJPAEntityManagerFactorySPI.java,6,13,583,8,3,327,105,40.875000,71,102,8.875000,3515,1263,439.375000,83.857143,60.745406,1,0,0,NO
OPENJPA,openjpa-persistence/src/main/java/org/apache/openjpa/persistence/OpenJPAEntityManagerSPI.java,6,19,152,4,1,130,104,32.500000,108,104,27.000000,161,130,40.250000,26.000000,25.526316,0,0,0,NO
OPENJPA,openjpa-persistence/src/main/java/org/apache/openjpa/persistence/OpenJPAEntityTransaction.java,6,9,71,1,1,71,71,71.000000,71,71,71.000000,130,130,130.000000,26.000000,26.000000,0,0,0,NO
OPENJPA,openjpa-persistence/src/main/java/org/apache/openjpa/persistence/OpenJPAQuerySPI.java,6,10,316,9,3,181,46,20.111111,46,34,5.111111,3885,1263,431.666667,85.428571,62.391953,1,0,0,NO
OPENJPA,openjpa-persistence/src/main/java/org/apache/openjpa/persistence/PersistenceStrategy.java,6,13,243,8,2,144,41,18.000000,45,35,5.625000,3825,1263,478.125000,92.142857,81.291005,2,0,0,NO
OPENJPA,openjpa-persistence/src/main/java/org/apache/openjpa/persistence/Persistent.java,6,17,159,6,2,104,45,17.333333,49,42,8.166667,3462,1263,577.000000,83.857143,77.593890,1,0,0,NO
OPENJPA,openjpa-persistence/src/main/java/org/apache/openjpa/persistence/PersistentCollection.java,6,17,163,7,2,107,45,15.285714,51,42,7.285714,3467,1263,495.285714,83.857143,76.906223,1,0,1,NO
OPENJPA,openjpa-persistence/src/main/java/org/apache/openjpa/persistence/PersistentMap.java,6,19,171,6,2,112,49,18.666667,53,46,8.833333,3462,1263,577.000000,83.857143,78.026734,1,0,0,NO
OPENJPA,openjpa-persistence/src/main/java/org/apache/openjpa/persistence/QueryOperationType.java,6,26,59,1,1,59,59,59.000000,59,59,59.000000,130,130,130.000000,26.000000,26.000000,0,0,0,NO
OPENJPA,openjpa-persistence/src/main/java/org/apache/openjpa/persistence/ReadOnly.java,6,11,291,9,2,165,53,18.333333,39,53,4.333333,4157,1263,461.888889,92.142857,82.379971,2,0,0,NO
OPENJPA,openjpa-persistence/src/main/java/org/apache/openjpa/persistence/RestoreStateType.java,6,26,60,1,1,60,60,60.000000,60,60,60.000000,130,130,130.000000,26.000000,26.000000,0,0,0,NO
OPENJPA,openjpa-persistence/src/main/java/org/apache/openjpa/persistence/Type.java,6,11,296,9,2,168,53,18.666667,40,53,4.444444,4157,1263,461.888889,92.142857,82.402027,2,0,0,NO
OPENJPA,openjpa-persistence/src/main/java/org/apache/openjpa/persistence/UpdateAction.java,6,5,205,10,2,118,30,11.800000,31,30,3.100000,4452,1263,445.200000,92.142857,79.475261,1,0,0,NO
OPENJPA,openjpa-slice/src/main/java/org/apache/openjpa/slice/DistributedConfiguration.java,6,10,86,2,1,82,78,41.000000,78,78,39.000000,48,38,24.000000,1.714286,1.607973,0,0,0,NO
OPENJPA,openjpa-slice/src/main/java/org/apache/openjpa/slice/DistributionPolicy.java,6,5,55,2,1,51,46,25.500000,47,46,23.500000,48,38,24.000000,1.714286,1.527273,0,0,0,NO
OPENJPA,openjpa-slice/src/main/java/org/apache/openjpa/slice/jdbc/DistributedJDBCConfiguration.java,6,11,75,2,1,63,63,31.500000,51,63,25.500000,61,38,30.500000,1.714286,1.485714,0,0,0,NO
OPENJPA,openjpa-slice/src/main/java/org/apache/openjpa/slice/jdbc/DistributedStatement.java,6,7,285,10,3,159,33,15.900000,33,30,3.300000,4614,1263,461.400000,92.142857,61.521805,1,0,0,NO
OPENJPA,openjpa-jdbc/src/main/java/org/apache/openjpa/jdbc/ant/MappingToolTask.java,7,118,295,10,4,269,211,26.900000,243,211,24.300000,2039,1263,203.900000,96.142857,79.732688,1,0,3,NO
OPENJPA,openjpa-jdbc/src/main/java/org/apache/openjpa/jdbc/ant/ReverseMappingToolTask.java,7,154,358,7,4,335,257,47.857143,312,257,44.571429,2003,1263,286.142857,96.142857,84.103352,1,0,1,NO
OPENJPA,openjpa-jdbc/src/main/java/org/apache/openjpa/jdbc/conf/FetchModeValue.java,7,21,73,3,2,63,49,21.000000,53,49,17.666667,1742,1263,580.666667,96.142857,84.019569,1,0,0,NO
OPENJPA,openjpa-jdbc/src/main/java/org/apache/openjpa/jdbc/conf/JDBCConfiguration.java,7,96,700,6,4,663,609,110.500000,626,609,104.333333,2080,1263,346.666667,96.142857,91.849592,1,0,0,NO
OPENJPA,openjpa-jdbc/src/main/java/org/apache/openjpa/jdbc/kernel/ConnectionInfo.java,7,9,261,9,2,148,35,16.444444,35,35,3.888889,4576,1263,508.444444,105.571429,95.172414,1,0,0,NO
OPENJPA,openjpa-jdbc/src/main/java/org/apache/openjpa/jdbc/kernel/DelegatingJDBCFetchConfiguration.java,7,224,343,9,4,320,233,35.555556,297,233,33.000000,2223,1263,247.000000,96.142857,80.306955,1,0,2,NO
OPENJPA,openjpa-jdbc/src/main/java/org/apache/openjpa/jdbc/kernel/JDBC3SavepointManager.java,7,30,87,3,2,76,62,25.333333,65,62,21.666667,1961,1263,653.666667,96.142857,85.845649,2,0,0,NO
OPENJPA,openjpa-jdbc/src/main/java/org/apache/openjpa/jdbc/kernel/JDBCFetchConfiguration.java,7,39,298,9,4,271,164,30.111111,244,164,27.111111,2223,1263,247.000000,96.142857,76.405081,1,0,2,NO
OPENJPA,openjpa-jdbc/src/main/java/org/apache/openjpa/jdbc/kernel/JDBCLockManager.java,7,9,69,2,2,59,46,29.500000,49,46,24.500000,1739,1263,869.500000,96.142857,83.333333,1,0,0,NO
OPENJPA,openjpa-jdbc/src/main/java/org/apache/openjpa/jdbc/kernel/JDBCSeq.java,7,8,277,9,2,159,35,17.666667,41,35,4.555556,4576,1263,508.444444,105.571429,95.284683,1,0,0,NO
OPENJPA,openjpa-jdbc/src/main/java/org/apache/openjpa/jdbc/kernel/JDBCStore.java,7,22,145,6,3,121,106,20.166667,97,106,16.166667,2168,1263,361.333333,96.142857,89.467980,1,0,0,NO
OPENJPA,openjpa-jdbc/src/main/java/org/apache/openjpa/jdbc/kernel/PreparedStatementManager.java,7,8,293,9,2,170,40,18.888889,47,35,5.222222,4576,1263,508.444444,105.571429,95.391029,1,0,0,NO
OPENJPA,openjpa-jdbc/src/main/java/org/apache/openjpa/jdbc/kernel/UpdateManager.java,7,6,321,8,2,182,45,22.750000,43,45,5.375000,4281,1263,535.125000,105.571429,95.790832,2,0,0,NO
OPENJPA,openjpa-jdbc/src/main/java/org/apache/openjpa/jdbc/kernel/exps/AbstractVal.java,7,48,155,7,4,120,61,17.142857,85,61,12.142857,2095,1263,299.285714,96.142857,86.954839,1,0,0,NO
OPENJPA,openjpa-jdbc/src/main/java/org/apache/openjpa/jdbc/kernel/exps/All.java,7,10,217,10,3,127,30,12.700000,37,30,3.700000,4580,1263,458.000000,105.571429,93.552337,1,0,1,YES
OPENJPA,openjpa-jdbc/src/main/java/org/apache/openjpa/jdbc/kernel/exps/Any.java,7,10,217,10,3,127,30,12.700000,37,30,3.700000,4580,1263,458.000000,105.571429,93.552337,1,0,1,YES
OPENJPA,openjpa-jdbc/src/main/java/org/apache/openjpa/jdbc/kernel/exps/BinaryOpExpState.java,7,14,69,3,2,59,31,19.666667,49,31,16.333333,1407,1263,469.000000,89.000000,76.521739,0,0,0,NO
OPENJPA,openjpa-jdbc/src/main/java/org/apache/openjpa/jdbc/kernel/exps/Exp.java,7,13,153,5,3,106,83,21.200000,59,83,11.800000,2046,1263,409.200000,96.142857,88.596639,1,0,0,NO
OPENJPA,openjpa-jdbc/src/main/java/org/apache/openjpa/jdbc/kernel/exps/ExpContext.java,7,16,76,3,2,66,38,22.000000,56,38,18.666667,1407,1263,469.000000,89.000000,77.671053,0,0,0,NO
OPENJPA,openjpa-jdbc/src/main/java/org/apache/openjpa/jdbc/kernel/exps/ExpState.java,7,11,64,3,2,54,26,18.000000,44,26,14.666667,1407,1263,469.000000,89.000000,75.546875,0,0,0,NO
OPENJPA,openjpa-jdbc/src/main/java/org/apache/openjpa/jdbc/kernel/exps/FilterValue.java,7,24,143,4,3,131,103,32.750000,119,103,29.750000,1775,1263,443.750000,96.142857,83.743257,1,0,0,NO
OPENJPA,openjpa-jdbc/src/main/java/org/apache/openjpa/jdbc/kernel/exps/GetColumn.java,7,40,103,2,2,93,80,46.500000,83,80,41.500000,1739,1263,869.500000,96.142857,87.561720,1,0,0,NO
OPENJPA,openjpa-jdbc/src/main/java/org/apache/openjpa/jdbc/kernel/exps/JDBCAggregateListener.java,7,10,65,2,2,55,42,27.500000,45,42,22.500000,1739,1263,869.500000,96.142857,82.545055,1,0,0,NO
OPENJPA,openjpa-jdbc/src/main/java/org/apache/openjpa/jdbc/kernel/exps/JDBCFilterListener.java,7,10,67,2,2,57,44,28.500000,47,44,23.500000,1739,1263,869.500000,96.142857,82.950959,1,0,0,NO
OPENJPA,openjpa-jdbc/src/main/java/org/apache/openjpa/jdbc/kernel/exps/JDBCPath.java,7,6,112,7,2,72,30,10.285714,32,30,4.571429,3791,1263,541.571429,105.571429,91.714286,2,0,0,NO
OPENJPA,openjpa-jdbc/src/main/java/org/apache/openjpa/jdbc/kernel/exps/QueryExpressionsState.java,7,9,282,10,3,159,35,15.900000,36,35,3.600000,4387,1263,438.700000,105.571429,94.374367,2,0,0,NO
OPENJPA,openjpa-jdbc/src/main/java/org/apache/openjpa/jdbc/kernel/exps/SQLEmbed.java,7,35,97,5,3,84,69,16.800000,71,69,14.200000,1952,1263,390.400000,96.142857,86.668630,1,0,0,NO
OPENJPA,openjpa-jdbc/src/main/java/org/apache/openjpa/jdbc/kernel/exps/ToLowerCase.java,7,21,249,7,4,151,57,21.571429,53,53,7.571429,3676,1263,525.142857,97.285714,92.668962,1,0,1,YES
OPENJPA,openjpa-jdbc/src/main/java/org/apache/openjpa/jdbc/kernel/exps/ToUpperCase.java,7,21,248,7,4,151,57,21.571429,54,53,7.714286,3676,1263,525.142857,97.285714,92.683756,1,0,1,YES
OPENJPA,openjpa-jdbc/src/main/java/org/apache/openjpa/jdbc/kernel/exps/Val.java,7,39,313,7,3,230,161,32.857143,147,161,21.000000,2094,1263,299.142857,96.142857,90.764035,1,0,0,NO
OPENJPA,openjpa-jdbc/src/main/java/org/apache/openjpa/jdbc/meta/ClassStrategy.java,7,27,137,3,2,126,112,42.000000,115,112,38.333333,1961,1263,653.666667,96.142857,89.603754,1,0,0,NO
OPENJPA,openjpa-jdbc/src/main/java/org/apache/openjpa/jdbc/meta/DiscriminatorStrategy.java,7,19,108,4,3,93,69,23.250000,78,69,19.500000,1772,1263,443.000000,96.142857,84.572751,1,0,0,NO
OPENJPA,openjpa-jdbc/src/main/java/org/apache/openjpa/jdbc/meta/Embeddable.java,7,19,111,4,3,98,82,24.500000,85,82,21.250000,2099,1263,524.750000,96.142857,88.025740,1,0,0,NO
OPENJPA,openjpa-jdbc/src/main/java/org/apache/openjpa/jdbc/meta/FieldStrategy.java,7,59,289,4,3,268,245,67.000000,247,245,61.750000,2099,1263,524.750000,96.142857,92.958478,1,0,0,NO
OPENJPA,openjpa-jdbc/src/main/java/org/apache/openjpa/jdbc/meta/JDBCOrder.java,7,9,200,7,2,123,55,17.571429,46,55,6.571429,3791,1263,541.571429,105.571429,95.515714,2,0,0,NO
OPENJPA,openjpa-jdbc/src/main/java/org/apache/openjpa/jdbc/meta/Joinable.java,7,22,115,4,3,103,86,25.750000,91,86,22.750000,1818,1263,454.500000,96.142857,87.604969,1,0,0,NO
OPENJPA,openjpa-jdbc/src/main/java/org/apache/openjpa/jdbc/meta/RelationId.java,7,6,266,10,2,152,35,15.200000,38,35,3.800000,4798,1263,479.800000,105.571429,95.145542,1,0,0,NO
OPENJPA,openjpa-jdbc/src/main/java/org/apache/openjpa/jdbc/meta/ReverseCustomizer.java,7,23,183,2,2,173,160,86.500000,163,160,81.500000,1739,1263,869.500000,96.142857,91.313037,1,0,0,NO
OPENJPA,openjpa-jdbc/src/main/java/org/apache/openjpa/jdbc/meta/Strategy.java,7,28,160,4,2,148,131,37.000000,136,131,34.000000,2000,1263,500.000000,96.142857,90.122321,1,0,0,NO
OPENJPA,openjpa-jdbc/src/main/java/org/apache/openjpa/jdbc/meta/ValueHandler.java,7,23,132,5,3,118,99,23.600000,104,99,20.800000,2138,1263,427.600000,96.142857,88.806277,1,0,0,NO
OPENJPA,openjpa-jdbc/src/main/java/org/apache/openjpa/jdbc/meta/ValueMapping.java,7,58,301,5,3,285,265,57.000000,269,265,53.800000,2025,1263,405.000000,96.142857,92.892264,1,0,0,NO
OPENJPA,openjpa-jdbc/src/main/java/org/apache/openjpa/jdbc/meta/VersionMappingInfo.java,7,40,119,4,2,104,90,26.000000,89,90,22.250000,1860,1263,465.000000,96.142857,87.877551,1,0,1,NO
OPENJPA,openjpa-jdbc/src/main/java/org/apache/openjpa/jdbc/meta/strats/AbstractClassStrategy.java,7,45,102,2,2,92,79,46.000000,82,79,41.000000,1739,1263,869.500000,96.142857,87.477591,1,0,0,NO
OPENJPA,openjpa-jdbc/src/main/java/org/apache/openjpa/jdbc/meta/strats/AbstractDiscriminatorStrategy.java,7,49,120,4,3,108,89,27.000000,96,89,24.000000,1772,1263,443.000000,96.142857,87.672619,1,0,0,NO
OPENJPA,openjpa-jdbc/src/main/java/org/apache/openjpa/jdbc/meta/strats/AbstractStrategy.java,7,43,101,2,2,91,78,45.500000,81,78,40.500000,1739,1263,869.500000,96.142857,87.391796,1,0,0,NO
OPENJPA,openjpa-jdbc/src/main/java/org/apache/openjpa/jdbc/meta/strats/AbstractValueHandler.java,7,31,85,3,3,73,58,24.333333,61,58,20.333333,1877,1263,625.666667,96.142857,85.684034,1,0,0,NO
OPENJPA,openjpa-jdbc/src/main/java/org/apache/openjpa/jdbc/meta/strats/BlobValueHandler.java,7,20,71,2,2,61,48,30.500000,51,48,25.500000,1739,1263,869.500000,96.142857,83.694165,1,0,0,NO
OPENJPA,openjpa-jdbc/src/main/java/org/apache/openjpa/jdbc/meta/strats/ClobValueHandler.java,7,20,71,2,2,61,48,30.500000,51,48,25.500000,1739,1263,869.500000,96.142857,83.694165,1,0,0,NO
OPENJPA,openjpa-jdbc/src/main/java/org/apache/openjpa/jdbc/meta/strats/IdentityJoinable.java,7,50,111,4,3,99,83,24.750000,87,83,21.750000,1789,1263,447.250000,96.142857,87.696268,1,0,0,NO
OPENJPA,openjpa-jdbc/src/main/java/org/apache/openjpa/jdbc/meta/strats/LRSCollectionFieldStrategy.java,7,28,125,3,3,112,96,37.333333,99,96,33.000000,1877,1263,625.666667,96.142857,89.010286,1,0,0,NO
OPENJPA,openjpa-jdbc/src/main/java/org/apache/openjpa/jdbc/meta/strats/LRSMapFieldStrategy.java,7,41,186,3,3,169,149,56.333333,152,149,50.666667,1877,1263,625.666667,96.142857,91.294163,1,0,0,NO
OPENJPA,openjpa-jdbc/src/main/java/org/apache/openjpa/jdbc/schema/DriverDataSource.java,7,23,135,4,3,123,64,30.750000,111,64,27.750000,1795,1263,448.750000,96.142857,85.738624,1,0,0,NO
OPENJPA,openjpa-jdbc/src/main/java/org/apache/openjpa/jdbc/schema/SchemaFactory.java,7,5,398,10,3,220,55,22.000000,42,55,4.200000,4578,1263,457.800000,105.571429,95.712491,1,0,1,NO
OPENJPA,openjpa-jdbc/src/main/java/org/apache/openjpa/jdbc/schema/SchemaParser.java,7,10,85,2,2,75,62,37.500000,65,62,32.500000,1739,1263,869.500000,96.142857,85.744538,1,0,0,NO
OPENJPA,openjpa-jdbc/src/main/java/org/apache/openjpa/jdbc/schema/SchemaSerializer.java,7,13,101,2,2,91,78,45.500000,81,78,40.500000,1739,1263,869.500000,96.142857,87.391796,1,0,0,NO
OPENJPA,openjpa-jdbc/src/main/java/org/apache/openjpa/jdbc/schema/Unique.java,7,15,436,9,2,246,55,27.333333,56,55,6.222222,4576,1263,508.444444,105.571429,96.603211,1,0,0,YES
OPENJPA,openjpa-jdbc/src/main/java/org/apache/openjpa/jdbc/sql/CacheDictionary.java,7,16,65,2,2,55,42,27.500000,45,42,22.500000,1739,1263,869.500000,96.142857,82.545055,1,0,0,NO
OPENJPA,openjpa-jdbc/src/main/java/org/apache/openjpa/jdbc/sql/Calendard.java,7,10,264,9,2,151,35,16.777778,38,35,4.222222,4576,1263,508.444444,105.571429,95.183442,1,0,0,NO
OPENJPA,openjpa-jdbc/src/main/java/org/apache/openjpa/jdbc/sql/Raw.java,7,10,214,9,2,126,30,14.000000,38,30,4.222222,4576,1263,508.444444,105.571429,94.414553,1,0,0,NO
OPENJPA,openjpa-jdbc/src/main/java/org/apache/openjpa/jdbc/sql/Result.java,7,174,601,3,3,588,572,196.000000,575,572,191.666667,1877,1263,625.666667,96.142857,94.659377,1,0,0,NO
OPENJPA,openjpa-jdbc/src/main/java/org/apache/openjpa/jdbc/sql/Row.java,7,163,543,2,2,533,520,266.500000,523,520,261.500000,1739,1263,869.500000,96.142857,94.515128,1,0,0,NO
OPENJPA,openjpa-jdbc/src/main/java/org/apache/openjpa/jdbc/sql/RowManager.java,7,14,94,2,2,84,71,42.000000,74,71,37.000000,1739,1263,869.500000,96.142857,86.740122,1,0,0,NO
OPENJPA,openjpa-jdbc/src/main/java/org/apache/openjpa/jdbc/sql/SQLFactory.java,7,6,296,9,2,171,40,19.000000,46,35,5.111111,4576,1263,508.444444,105.571429,95.410232,1,0,0,NO
OPENJPA,openjpa-jdbc/src/main/java/org/apache/openjpa/jdbc/sql/SelectExecutor.java,7,36,215,6,5,184,122,30.666667,153,122,25.500000,1793,1263,298.833333,96.142857,76.343522,1,0,0,NO
OPENJPA,openjpa-jdbc/src/main/java/org/apache/openjpa/jdbc/sql/Sized.java,7,9,240,10,2,138,31,13.800000,36,30,3.600000,4577,1263,457.700000,105.571429,94.783333,1,0,0,NO
OPENJPA,openjpa-jdbc/src/main/java/org/apache/openjpa/jdbc/sql/Union.java,7,12,113,3,3,89,76,29.666667,65,76,21.666667,1752,1263,584.000000,96.142857,83.896334,1,0,0,NO
OPENJPA,openjpa-kernel/src/main/java/org/apache/openjpa/ant/ApplicationIdToolTask.java,7,45,132,3,2,122,94,40.666667,112,94,37.333333,1430,1263,476.666667,90.142857,83.291126,0,0,0,NO
OPENJPA,openjpa-kernel/src/main/java/org/apache/openjpa/ant/PCEnhancerTask.java,7,37,317,7,3,204,99,29.142857,91,86,13.000000,3217,1263,459.571429,97.285714,94.251014,1,0,0,NO
OPENJPA,openjpa-kernel/src/main/java/org/apache/openjpa/conf/BrokerFactoryValue.java,7,46,403,16,3,245,47,15.312500,87,43,5.437500,3354,1263,209.625000,97.285714,91.200638,1,0,0,NO
OPENJPA,openjpa-kernel/src/main/java/org/apache/openjpa/conf/CacheMarshaller.java,7,15,92,1,1,92,92,92.000000,92,92,92.000000,27,27,27.000000,38.142857,38.142857,0,0,0,YES
OPENJPA,openjpa-kernel/src/main/java/org/apache/openjpa/conf/OpenJPAConfiguration.java,7,265,4514,21,6,2998,1336,142.761905,1482,1324,70.571429,3718,1263,177.047619,97.285714,94.669758,1,0,1,NO
OPENJPA,openjpa-kernel/src/main/java/org/apache/openjpa/conf/OpenJPAProductDerivation.java,7,10,385,14,4,214,53,15.285714,43,53,3.071429,3909,1263,279.214286,105.571429,93.811132,2,0,0,YES
OPENJPA,openjpa-kernel/src/main/java/org/apache/openjpa/conf/SeqValue.java,7,18,157,4,2,103,46,25.750000,49,41,12.250000,3110,1263,777.500000,97.285714,91.398544,1,0,0,NO
OPENJPA,openjpa-kernel/src/main/java/org/apache/openjpa/datacache/DataCache.java,7,36,867,7,4,567,258,81.000000,267,242,38.142857,3344,1263,477.714286,97.285714,95.637502,1,0,0,NO
OPENJPA,openjpa-kernel/src/main/java/org/apache/openjpa/datacache/DataCacheManager.java,7,14,267,5,2,172,74,34.400000,77,71,15.400000,3111,1263,622.200000,97.285714,93.371322,1,0,0,NO
OPENJPA,openjpa-kernel/src/main/java/org/apache/openjpa/datacache/DataCachePCData.java,7,6,201,7,2,118,32,16.857143,35,30,5.000000,3805,1263,543.571429,105.571429,94.228145,2,0,0,NO
OPENJPA,openjpa-kernel/src/main/java/org/apache/openjpa/datacache/ExpirationListener.java,7,4,201,8,2,117,30,14.625000,33,30,4.125000,4027,1263,503.375000,105.571429,94.156361,2,0,0,NO
OPENJPA,openjpa-kernel/src/main/java/org/apache/openjpa/datacache/QueryCache.java,7,18,476,6,2,307,138,51.166667,138,130,23.000000,3382,1263,563.666667,97.285714,95.144958,1,0,0,NO
OPENJPA,openjpa-kernel/src/main/java/org/apache/openjpa/datacache/TypesChangedListener.java,7,4,201,8,2,117,30,14.625000,33,30,4.125000,4027,1263,503.375000,105.571429,94.156361,2,0,0,NO
OPENJPA,openjpa-kernel/src/main/java/org/apache/openjpa/ee/AbstractManagedRuntime.java,7,53,110,2,1,109,68,54.500000,108,67,54.000000,29,18,14.500000,41.857143,18.110390,0,0,1,NO
OPENJPA,openjpa-kernel/src/main/java/org/apache/openjpa/enhance/AttributeTranslator.java,7,4,341,11,3,186,36,16.909091,31,30,2.818182,4383,1263,398.454545,105.571429,81.566401,2,0,0,YES
OPENJPA,openjpa-kernel/src/main/java/org/apache/openjpa/enhance/DynamicPersistenceCapable.java,7,3,242,9,2,135,30,15.000000,28,30,3.111111,4164,1263,462.666667,105.571429,82.494687,1,0,0,YES
OPENJPA,openjpa-kernel/src/main/java/org/apache/openjpa/enhance/DynamicStorage.java,7,25,441,5,2,291,138,58.200000,141,135,28.200000,3332,1263,666.400000,97.285714,95.095886,1,0,0,NO
OPENJPA,openjpa-kernel/src/main/java/org/apache/openjpa/enhance/FieldConsumer.java,7,13,239,4,2,157,72,39.250000,75,69,18.750000,3110,1263,777.500000,97.285714,93.386133,1,0,0,NO
OPENJPA,openjpa-kernel/src/main/java/org/apache/openjpa/enhance/FieldManager.java,7,4,187,8,2,107,30,13.375000,27,30,3.375000,4100,1263,512.500000,105.571429,94.110772,1,0,0,NO
OPENJPA,openjpa-kernel/src/main/java/org/apache/openjpa/enhance/FieldSupplier.java,7,13,239,4,2,157,72,39.250000,75,69,18.750000,3110,1263,777.500000,97.285714,93.386133,1,0,0,NO
OPENJPA,openjpa-kernel/src/main/java/org/apache/openjpa/enhance/ManagedInstanceProvider.java,7,4,242,9,2,135,30,15.000000,28,30,3.111111,4164,1263,462.666667,105.571429,82.494687,1,0,0,YES
OPENJPA,openjpa-kernel/src/main/java/org/apache/openjpa/enhance/PersistenceCapable.java,7,40,294,5,3,194,91,38.800000,94,87,18.800000,3119,1263,623.800000,97.285714,93.654519,1,0,0,NO
OPENJPA,openjpa-kernel/src/main/java/org/apache/openjpa/enhance/StateManager.java,7,69,880,6,4,583,282,97.166667,286,277,47.666667,3159,1263,526.500000,97.285714,95.840422,1,0,0,NO
OPENJPA,openjpa-kernel/src/main/java/org/apache/openjpa/event/AbstractLifecycleListener.java,7,60,288,5,2,198,81,39.600000,108,77,21.600000,3116,1263,623.200000,97.285714,89.838790,1,0,0,NO
OPENJPA,openjpa-kernel/src/main/java/org/apache/openjpa/event/AbstractRemoteCommitProvider.java,7,32,222,5,2,146,67,29.200000,70,63,14.000000,3332,1263,666.400000,97.285714,93.032819,1,0,0,NO
OPENJPA,openjpa-kernel/src/main/java/org/apache/openjpa/event/AbstractTransactionListener.java,7,33,239,5,2,156,70,31.200000,73,67,14.600000,3332,1263,666.400000,97.285714,93.323969,1,0,0,NO
OPENJPA,openjpa-kernel/src/main/java/org/apache/openjpa/event/AttachListener.java,7,5,249,7,2,143,40,20.428571,37,40,5.285714,3805,1263,543.571429,105.571429,95.288583,2,0,0,NO
OPENJPA,openjpa-kernel/src/main/java/org/apache/openjpa/event/BeginTransactionListener.java,7,4,226,8,2,131,35,16.375000,36,35,4.500000,4027,1263,503.375000,105.571429,94.726296,2,0,0,NO
OPENJPA,openjpa-kernel/src/main/java/org/apache/openjpa/event/BrokerFactoryEvent.java,7,18,506,10,2,281,55,28.100000,56,55,5.600000,4240,1263,424.000000,105.571429,85.883964,1,0,0,YES
OPENJPA,openjpa-kernel/src/main/java/org/apache/openjpa/event/BrokerFactoryListener.java,7,4,325,10,2,180,40,18.000000,35,40,3.500000,3949,1263,394.900000,105.571429,84.075604,2,0,0,YES
OPENJPA,openjpa-kernel/src/main/java/org/apache/openjpa/event/ClearListener.java,7,5,252,8,2,145,35,18.125000,38,35,4.750000,4100,1263,512.500000,105.571429,95.199546,1,0,0,NO
OPENJPA,openjpa-kernel/src/main/java/org/apache/openjpa/event/DeleteListener.java,7,5,252,8,2,145,35,18.125000,38,35,4.750000,4100,1263,512.500000,105.571429,95.199546,1,0,0,NO
OPENJPA,openjpa-kernel/src/main/java/org/apache/openjpa/event/DetachListener.java,7,5,249,7,2,143,40,20.428571,37,40,5.285714,3805,1263,543.571429,105.571429,95.288583,2,0,0,NO
OPENJPA,openjpa-kernel/src/main/java/org/apache/openjpa/event/DirtyListener.java,7,7,344,7,2,196,60,28.000000,48,60,6.857143,3805,1263,543.571429,105.571429,96.469684,2,0,0,NO
OPENJPA,openjpa-kernel/src/main/java/org/apache/openjpa/event/EndTransactionListener.java,7,9,249,5,2,161,70,32.200000,73,67,14.600000,3332,1263,666.400000,97.285714,93.471601,1,0,0,NO
OPENJPA,openjpa-kernel/src/main/java/org/apache/openjpa/event/ExceptionOrphanedKeyAction.java,7,14,304,8,2,173,53,21.625000,42,53,5.250000,4027,1263,503.375000,105.571429,96.065789,2,0,0,NO
OPENJPA,openjpa-kernel/src/main/java/org/apache/openjpa/event/FlushTransactionListener.java,7,5,315,8,2,179,55,22.375000,43,55,5.375000,4027,1263,503.375000,105.571429,96.184127,2,0,0,NO
OPENJPA,openjpa-kernel/src/main/java/org/apache/openjpa/event/LifecycleListener.java,7,5,197,7,2,114,32,16.285714,31,32,4.428571,3805,1263,543.571429,105.571429,94.269761,2,0,0,NO
OPENJPA,openjpa-kernel/src/main/java/org/apache/openjpa/event/LoadListener.java,7,5,252,8,2,145,35,18.125000,38,35,4.750000,4100,1263,512.500000,105.571429,95.199546,1,0,0,NO
OPENJPA,openjpa-kernel/src/main/java/org/apache/openjpa/event/NoneOrphanedKeyAction.java,7,10,245,9,2,141,35,15.666667,37,35,4.111111,4322,1263,480.222222,105.571429,95.060058,1,0,0,NO
OPENJPA,openjpa-kernel/src/main/java/org/apache/openjpa/event/OrphanedKeyAction.java,7,6,149,5,2,96,40,19.200000,43,37,8.600000,3332,1263,666.400000,97.285714,90.988495,1,0,0,NO
OPENJPA,openjpa-kernel/src/main/java/org/apache/openjpa/event/PersistListener.java,7,5,247,7,2,142,40,20.285714,37,40,5.285714,3805,1263,543.571429,105.571429,95.274725,2,0,0,NO
OPENJPA,openjpa-kernel/src/main/java/org/apache/openjpa/event/PostDeleteListener.java,7,4,343,11,2,188,40,17.090909,33,40,3.000000,3961,1263,360.090909,105.571429,80.465639,2,0,1,YES
OPENJPA,openjpa-kernel/src/main/java/org/apache/openjpa/event/PostPersistListener.java,7,4,319,8,2,176,40,22.000000,33,40,4.125000,3817,1263,477.125000,105.571429,77.733094,2,0,1,YES
OPENJPA,openjpa-kernel/src/main/java/org/apache/openjpa/event/RemoteCommitListener.java,7,7,238,5,2,149,65,29.800000,60,52,12.000000,3332,1263,666.400000,97.285714,93.278511,1,0,0,NO
OPENJPA,openjpa-kernel/src/main/java/org/apache/openjpa/event/RemoteCommitProvider.java,7,8,224,6,2,143,63,23.833333,62,55,10.333333,3346,1263,557.666667,97.285714,93.047832,1,0,0,NO
OPENJPA,openjpa-kernel/src/main/java/org/apache/openjpa/event/SingleJVMRemoteCommitProvider.java,7,24,381,7,3,223,66,31.857143,65,61,9.285714,3497,1263,499.571429,97.285714,64.500187,1,0,0,YES
OPENJPA,openjpa-kernel/src/main/java/org/apache/openjpa/event/StoreListener.java,7,5,228,7,2,133,35,19.000000,38,35,5.428571,3805,1263,543.571429,105.571429,94.811404,2,0,0,NO
OPENJPA,openjpa-kernel/src/main/java/org/apache/openjpa/event/TransactionListener.java,7,5,194,9,2,113,30,12.555556,32,30,3.555556,4028,1263,447.555556,105.571429,94.058910,2,0,0,NO
OPENJPA,openjpa-kernel/src/main/java/org/apache/openjpa/event/UpdateListener.java,7,5,350,11,2,196,40,17.818182,42,40,3.818182,3961,1263,360.090909,105.571429,79.162041,2,0,1,YES
OPENJPA,openjpa-kernel/src/main/java/org/apache/openjpa/kernel/AbstractFieldManager.java,7,66,348,4,2,230,109,57.500000,112,105,28.000000,3110,1263,777.500000,97.285714,94.577586,1,0,0,NO
OPENJPA,openjpa-kernel/src/main/java/org/apache/openjpa/kernel/AbstractLockManager.java,7,30,259,5,2,171,80,34.200000,83,75,16.600000,3130,1263,626.000000,97.285714,93.678434,1,0,0,NO
OPENJPA,openjpa-kernel/src/main/java/org/apache/openjpa/kernel/Broker.java,7,119,2192,11,4,1455,665,132.272727,718,652,65.272727,3530,1263,320.909091,97.285714,95.652503,1,0,2,NO
OPENJPA,openjpa-kernel/src/main/java/org/apache/openjpa/kernel/BrokerFactory.java,7,23,355,7,3,238,101,34.000000,121,97,17.285714,3415,1263,487.857143,97.285714,92.005231,1,0,0,NO
OPENJPA,openjpa-kernel/src/main/java/org/apache/openjpa/kernel/Extent.java,7,17,295,4,2,193,90,48.250000,91,85,22.750000,3110,1263,777.500000,97.285714,94.104116,1,0,0,NO
OPENJPA,openjpa-kernel/src/main/java/org/apache/openjpa/kernel/FindCallbacks.java,7,5,317,8,2,180,55,22.500000,43,55,5.375000,3825,1263,478.125000,105.571429,96.230735,2,0,0,NO
OPENJPA,openjpa-kernel/src/main/java/org/apache/openjpa/kernel/LockManager.java,7,16,371,5,2,241,108,48.200000,111,103,22.200000,3130,1263,626.000000,97.285714,94.723527,1,0,0,NO
OPENJPA,openjpa-kernel/src/main/java/org/apache/openjpa/kernel/NoneLockManager.java,7,14,293,7,2,167,53,23.857143,41,53,5.857143,3805,1263,543.571429,105.571429,96.064359,2,0,0,NO
OPENJPA,openjpa-kernel/src/main/java/org/apache/openjpa/kernel/OpCallbacks.java,7,18,189,5,2,122,52,24.400000,55,48,11.000000,3130,1263,626.000000,97.285714,92.364324,1,0,0,NO
OPENJPA,openjpa-kernel/src/main/java/org/apache/openjpa/kernel/PCData.java,7,20,373,6,3,240,108,40.000000,107,102,17.833333,3251,1263,541.833333,97.285714,94.615090,1,0,0,NO
OPENJPA,openjpa-kernel/src/main/java/org/apache/openjpa/kernel/Query.java,7,35,617,5,2,405,194,81.000000,193,187,38.600000,3332,1263,666.400000,97.285714,95.665895,1,0,0,NO
OPENJPA,openjpa-kernel/src/main/java/org/apache/openjpa/kernel/QueryContext.java,7,56,940,8,3,612,289,76.500000,284,282,35.500000,3416,1263,427.000000,97.285714,95.867477,1,0,1,NO
OPENJPA,openjpa-kernel/src/main/java/org/apache/openjpa/kernel/SavepointManager.java,7,5,253,9,2,146,36,16.222222,39,35,4.333333,4322,1263,480.222222,105.571429,95.127612,1,0,0,NO
OPENJPA,openjpa-kernel/src/main/java/org/apache/openjpa/kernel/Seq.java,7,15,243,4,2,158,70,39.500000,73,66,18.250000,3110,1263,777.500000,97.285714,93.439153,1,0,0,NO
OPENJPA,openjpa-kernel/src/main/java/org/apache/openjpa/kernel/StoreContext.java,7,75,1462,11,4,951,437,86.454545,440,430,40.000000,3655,1263,332.272727,97.285714,95.248192,1,0,0,NO
OPENJPA,openjpa-kernel/src/main/java/org/apache/openjpa/kernel/StoreManager.java,7,55,1524,12,4,975,427,81.250000,426,416,35.500000,3707,1263,308.916667,97.285714,96.333615,1,0,0,NO
OPENJPA,openjpa-kernel/src/main/java/org/apache/openjpa/kernel/StoreQuery.java,7,72,1074,8,3,698,314,87.250000,322,308,40.250000,3405,1263,425.625000,97.285714,95.965150,1,0,0,YES
OPENJPA,openjpa-kernel/src/main/java/org/apache/openjpa/kernel/exps/AbstractExpressionVisitor.java,7,12,62,3,2,52,24,17.333333,42,24,14.000000,1494,1263,498.000000,91.714286,76.163594,0,0,0,NO
OPENJPA,openjpa-kernel/src/main/java/org/apache/openjpa/kernel/exps/Add.java,7,11,237,7,2,139,38,19.857143,41,35,5.857143,3805,1263,543.571429,105.571429,94.899940,2,0,0,NO
OPENJPA,openjpa-kernel/src/main/java/org/apache/openjpa/kernel/exps/AggregateListener.java,7,12,244,5,2,158,69,31.600000,72,65,14.400000,3130,1263,626.000000,97.285714,93.449063,1,0,0,NO
OPENJPA,openjpa-kernel/src/main/java/org/apache/openjpa/kernel/exps/All.java,7,27,183,4,2,121,56,30.250000,59,49,14.750000,3110,1263,777.500000,97.285714,92.220921,1,0,0,NO
OPENJPA,openjpa-kernel/src/main/java/org/apache/openjpa/kernel/exps/Any.java,7,27,180,4,2,119,55,29.750000,58,48,14.500000,3110,1263,777.500000,97.285714,92.138095,1,0,0,NO
OPENJPA,openjpa-kernel/src/main/java/org/apache/openjpa/kernel/exps/Arguments.java,7,5,197,7,2,115,30,16.428571,33,30,4.714286,3805,1263,543.571429,105.571429,94.166062,2,0,0,NO
OPENJPA,openjpa-kernel/src/main/java/org/apache/openjpa/kernel/exps/Avg.java,7,31,203,4,2,134,62,33.500000,65,56,16.250000,3110,1263,777.500000,97.285714,92.710767,1,0,0,NO
OPENJPA,openjpa-kernel/src/main/java/org/apache/openjpa/kernel/exps/Constant.java,7,4,205,8,3,119,31,14.875000,33,30,4.125000,3831,1263,478.875000,105.571429,94.112195,2,0,0,NO
OPENJPA,openjpa-kernel/src/main/java/org/apache/openjpa/kernel/exps/Count.java,7,20,392,8,2,222,55,27.750000,52,55,6.500000,4100,1263,512.500000,105.571429,96.646137,1,0,0,NO
OPENJPA,openjpa-kernel/src/main/java/org/apache/openjpa/kernel/exps/Divide.java,7,11,240,7,2,141,39,20.142857,42,35,6.000000,3805,1263,543.571429,105.571429,94.928571,2,0,0,NO
OPENJPA,openjpa-kernel/src/main/java/org/apache/openjpa/kernel/exps/EndsWithExpression.java,7,12,275,7,2,158,45,22.571429,41,45,5.857143,3805,1263,543.571429,105.571429,95.668571,2,0,0,NO
OPENJPA,openjpa-kernel/src/main/java/org/apache/openjpa/kernel/exps/EqualExpression.java,7,11,239,7,2,140,39,20.000000,41,35,5.857143,3805,1263,543.571429,105.571429,94.918111,2,0,0,NO
OPENJPA,openjpa-kernel/src/main/java/org/apache/openjpa/kernel/exps/Expression.java,7,6,208,10,3,122,30,12.200000,36,30,3.600000,4217,1263,421.700000,105.571429,92.842720,1,0,0,NO
OPENJPA,openjpa-kernel/src/main/java/org/apache/openjpa/kernel/exps/ExpressionParser.java,7,14,204,4,2,134,61,33.500000,64,57,16.000000,3110,1263,777.500000,97.285714,92.733193,1,0,0,NO
OPENJPA,openjpa-kernel/src/main/java/org/apache/openjpa/kernel/exps/ExpressionVisitor.java,7,7,69,3,2,59,31,19.666667,49,31,16.333333,1494,1263,498.000000,91.714286,77.741201,0,0,0,NO
OPENJPA,openjpa-kernel/src/main/java/org/apache/openjpa/kernel/exps/FilterListener.java,7,12,317,5,2,203,89,40.600000,89,82,17.800000,3130,1263,626.000000,97.285714,94.298783,1,0,0,NO
OPENJPA,openjpa-kernel/src/main/java/org/apache/openjpa/kernel/exps/GreaterThanEqualExpression.java,7,12,280,7,2,161,45,23.000000,42,45,6.000000,3805,1263,543.571429,105.571429,95.694898,2,0,0,NO
OPENJPA,openjpa-kernel/src/main/java/org/apache/openjpa/kernel/exps/GreaterThanExpression.java,7,12,280,7,2,161,45,23.000000,42,45,6.000000,3805,1263,543.571429,105.571429,95.694898,2,0,0,NO
OPENJPA,openjpa-kernel/src/main/java/org/apache/openjpa/kernel/exps/LessThanEqualExpression.java,7,12,280,7,2,161,45,23.000000,42,45,6.000000,3805,1263,543.571429,105.571429,95.694898,2,0,0,NO
OPENJPA,openjpa-kernel/src/main/java/org/apache/openjpa/kernel/exps/LessThanExpression.java,7,12,280,7,2,161,45,23.000000,42,45,6.000000,3805,1263,543.571429,105.571429,95.694898,2,0,0,NO
OPENJPA,openjpa-kernel/src/main/java/org/apache/openjpa/kernel/exps/Literal.java,7,12,353,8,3,202,60,25.250000,51,60,6.375000,3831,1263,478.875000,105.571429,96.447997,2,0,0,NO
OPENJPA,openjpa-kernel/src/main/java/org/apache/openjpa/kernel/exps/Max.java,7,22,171,4,2,112,50,28.000000,53,46,13.250000,3110,1263,777.500000,97.285714,91.873016,1,0,0,NO
OPENJPA,openjpa-kernel/src/main/java/org/apache/openjpa/kernel/exps/Min.java,7,22,171,4,2,112,50,28.000000,53,46,13.250000,3110,1263,777.500000,97.285714,91.873016,1,0,0,NO
OPENJPA,openjpa-kernel/src/main/java/org/apache/openjpa/kernel/exps/Mod.java,7,11,240,7,2,141,39,20.142857,42,35,6.000000,3805,1263,543.571429,105.571429,94.928571,2,0,0,NO
OPENJPA,openjpa-kernel/src/main/java/org/apache/openjpa/kernel/exps/Multiply.java,7,11,278,7,2,160,45,22.857143,42,45,6.000000,3805,1263,543.571429,105.571429,95.684995,2,0,0,NO
OPENJPA,openjpa-kernel/src/main/java/org/apache/openjpa/kernel/exps/NotEqualExpression.java,7,11,239,7,2,140,39,20.000000,41,35,5.857143,3805,1263,543.571429,105.571429,94.918111,2,0,0,NO
OPENJPA,openjpa-kernel/src/main/java/org/apache/openjpa/kernel/exps/Parameter.java,7,6,217,8,3,128,36,16.000000,39,30,4.875000,3831,1263,478.875000,105.571429,94.379855,2,0,0,NO
OPENJPA,openjpa-kernel/src/main/java/org/apache/openjpa/kernel/exps/Path.java,7,11,402,11,4,236,55,21.454545,70,55,6.363636,4226,1263,384.181818,105.571429,92.265458,1,0,0,NO
OPENJPA,openjpa-kernel/src/main/java/org/apache/openjpa/kernel/exps/Resolver.java,7,10,190,5,2,126,51,25.200000,62,48,12.400000,3120,1263,624.000000,97.285714,89.022556,1,0,0,NO
OPENJPA,openjpa-kernel/src/main/java/org/apache/openjpa/kernel/exps/Size.java,7,20,157,4,2,103,46,25.750000,49,42,12.250000,3110,1263,777.500000,97.285714,91.401274,1,0,0,NO
OPENJPA,openjpa-kernel/src/main/java/org/apache/openjpa/kernel/exps/StartsWithExpression.java,7,12,275,7,2,158,45,22.571429,41,45,5.857143,3805,1263,543.571429,105.571429,95.668571,2,0,0,NO
OPENJPA,openjpa-kernel/src/main/java/org/apache/openjpa/kernel/exps/Subquery.java,7,6,261,10,3,150,37,15.000000,39,35,3.900000,4348,1263,434.800000,105.571429,95.133005,1,0,0,NO
OPENJPA,openjpa-kernel/src/main/java/org/apache/openjpa/kernel/exps/Subtract.java,7,11,278,7,2,160,45,22.857143,42,45,6.000000,3805,1263,543.571429,105.571429,95.684995,2,0,0,NO
OPENJPA,openjpa-kernel/src/main/java/org/apache/openjpa/kernel/exps/Sum.java,7,32,201,4,2,133,62,33.250000,65,55,16.250000,3110,1263,777.500000,97.285714,92.665956,1,0,0,NO
OPENJPA,openjpa-kernel/src/main/java/org/apache/openjpa/kernel/exps/Value.java,7,14,212,8,4,144,55,18.000000,76,52,9.500000,3276,1263,409.500000,97.285714,89.985849,1,0,0,NO
OPENJPA,openjpa-kernel/src/main/java/org/apache/openjpa/kernel/jpql/SimpleNode.java,7,7,220,9,2,127,31,14.111111,34,30,3.777778,4101,1263,455.666667,105.571429,94.651948,1,0,0,NO
OPENJPA,openjpa-kernel/src/main/java/org/apache/openjpa/meta/MetaDataContext.java,7,4,196,7,2,114,30,16.285714,32,30,4.571429,3805,1263,543.571429,105.571429,94.150875,2,0,0,NO
OPENJPA,openjpa-kernel/src/main/java/org/apache/openjpa/meta/MetaDataDefaults.java,7,16,290,11,5,191,64,17.363636,92,60,8.363636,3235,1263,294.090909,97.285714,91.241379,1,0,0,NO
OPENJPA,openjpa-kernel/src/main/java/org/apache/openjpa/meta/MetaDataFactory.java,7,30,467,6,4,310,138,51.666667,153,134,25.500000,3134,1263,522.333333,97.285714,94.173142,1,0,0,NO
OPENJPA,openjpa-kernel/src/main/java/org/apache/openjpa/meta/Order.java,7,10,338,8,2,195,55,24.375000,52,55,6.500000,3844,1263,480.500000,105.571429,96.082418,2,0,0,NO
OPENJPA,openjpa-kernel/src/main/java/org/apache/openjpa/meta/ValueMetaData.java,7,47,983,7,2,644,300,92.000000,305,296,43.571429,3382,1263,483.142857,97.285714,96.076733,1,0,0,NO
OPENJPA,openjpa-kernel/src/main/java/org/apache/openjpa/util/ChangeTracker.java,7,12,305,4,2,197,86,49.250000,89,83,22.250000,3110,1263,777.500000,97.285714,94.194379,1,0,0,NO
OPENJPA,openjpa-kernel/src/main/java/org/apache/openjpa/util/ClassResolver.java,7,6,155,5,2,100,43,20.000000,45,39,9.000000,3332,1263,666.400000,97.285714,91.229493,1,0,0,NO
OPENJPA,openjpa-kernel/src/main/java/org/apache/openjpa/util/ClassResolverImpl.java,7,31,216,8,4,142,59,17.750000,68,53,8.500000,3551,1263,443.875000,97.285714,87.658730,1,0,1,NO
OPENJPA,openjpa-kernel/src/main/java/org/apache/openjpa/util/CollectionChangeTracker.java,7,6,303,7,2,172,55,24.571429,41,55,5.857143,3805,1263,543.571429,105.571429,96.191891,2,0,0,NO
OPENJPA,openjpa-kernel/src/main/java/org/apache/openjpa/util/ExceptionInfo.java,7,16,273,6,2,178,80,29.666667,83,77,13.833333,3333,1263,555.500000,97.285714,93.541078,1,0,0,NO
OPENJPA,openjpa-kernel/src/main/java/org/apache/openjpa/util/GeneralException.java,7,25,325,9,2,191,53,21.222222,57,53,6.333333,3935,1263,437.222222,105.571429,95.203516,2,0,0,NO
OPENJPA,openjpa-kernel/src/main/java/org/apache/openjpa/util/InternalException.java,7,31,342,9,2,203,53,22.555556,64,53,7.111111,4116,1263,457.333333,105.571429,96.046366,2,0,0,NO
OPENJPA,openjpa-kernel/src/main/java/org/apache/openjpa/util/LRSProxy.java,7,4,198,9,2,114,30,12.666667,30,30,3.333333,4322,1263,480.222222,105.571429,94.210678,1,0,0,NO
OPENJPA,openjpa-kernel/src/main/java/org/apache/openjpa/util/MapChangeTracker.java,7,9,214,5,2,138,59,27.600000,62,55,12.400000,3160,1263,632.000000,97.285714,92.927236,1,0,0,NO
OPENJPA,openjpa-kernel/src/main/java/org/apache/openjpa/util/Proxy.java,7,9,211,5,3,136,59,27.200000,61,55,12.200000,3151,1263,630.200000,97.285714,92.668923,1,0,0,NO
OPENJPA,openjpa-kernel/src/main/java/org/apache/openjpa/util/ProxyBean.java,7,5,213,8,3,124,31,15.500000,35,30,4.375000,3846,1263,480.750000,105.571429,93.289738,2,0,0,NO
OPENJPA,openjpa-kernel/src/main/java/org/apache/openjpa/util/ProxyCalendar.java,7,5,234,9,3,134,35,14.888889,34,35,3.777778,3851,1263,427.888889,105.571429,93.664225,2,0,0,NO
OPENJPA,openjpa-kernel/src/main/java/org/apache/openjpa/util/ProxyCollection.java,7,9,168,5,3,105,41,21.000000,42,36,8.400000,3151,1263,630.200000,97.285714,88.853741,1,0,0,NO
OPENJPA,openjpa-kernel/src/main/java/org/apache/openjpa/util/ProxyDate.java,7,5,204,8,3,119,31,14.875000,34,30,4.250000,3846,1263,480.750000,105.571429,94.058824,2,0,0,NO
OPENJPA,openjpa-kernel/src/main/java/org/apache/openjpa/util/ProxyManager.java,7,22,460,6,3,288,119,48.000000,116,116,19.333333,3373,1263,562.166667,97.285714,92.363354,1,0,0,NO
OPENJPA,openjpa-kernel/src/main/java/org/apache/openjpa/util/ProxyMap.java,7,10,167,5,3,107,40,21.400000,47,36,9.400000,3151,1263,630.200000,97.285714,88.677502,1,0,0,NO
OPENJPA,openjpa-kernel/src/main/java/org/apache/openjpa/util/RuntimeExceptionTranslator.java,7,6,220,7,2,128,35,18.285714,36,35,5.142857,3805,1263,543.571429,105.571429,94.724675,2,0,0,NO
OPENJPA,openjpa-kernel/src/main/java/org/apache/openjpa/util/StoreException.java,7,22,347,9,2,200,53,22.222222,53,53,5.888889,4116,1263,457.333333,105.571429,96.052697,2,0,0,NO
OPENJPA,openjpa-kernel/src/main/java/org/apache/openjpa/util/UnsupportedException.java,7,23,336,9,2,195,53,21.666667,54,53,6.000000,4116,1263,457.333333,105.571429,96.073554,2,0,0,NO
OPENJPA,openjpa-kernel/src/main/java/org/apache/openjpa/util/UserException.java,7,31,343,10,2,204,53,20.400000,65,53,6.500000,4122,1263,412.200000,105.571429,95.847564,2,0,1,NO
OPENJPA,openjpa-lib/src/main/java/org/apache/openjpa/lib/conf/Configurable.java,7,6,105,5,2,75,42,15.000000,45,42,9.000000,3181,1263,636.200000,99.142857,89.755102,2,0,0,NO
OPENJPA,openjpa-lib/src/main/java/org/apache/openjpa/lib/conf/ConfigurationProvider.java,7,8,297,9,4,176,71,19.555556,55,71,6.111111,3488,1263,387.555556,99.142857,90.693603,2,0,0,NO
OPENJPA,openjpa-lib/src/main/java/org/apache/openjpa/lib/conf/GenericConfigurable.java,7,5,123,6,2,82,39,13.666667,41,39,6.833333,3186,1263,531.000000,99.142857,90.826945,2,0,0,NO
OPENJPA,openjpa-lib/src/main/java/org/apache/openjpa/lib/conf/ValueListener.java,7,4,102,6,2,67,31,11.166667,32,31,5.333333,3315,1263,552.500000,105.571429,91.457983,2,0,0,NO
OPENJPA,openjpa-lib/src/main/java/org/apache/openjpa/lib/graph/GraphVisitor.java,7,6,439,8,2,243,60,30.375000,47,60,5.875000,3816,1263,477.000000,105.571429,86.444517,2,0,0,YES
OPENJPA,openjpa-lib/src/main/java/org/apache/openjpa/lib/graph/NodeInfo.java,7,8,323,10,3,179,36,17.900000,35,30,3.500000,4319,1263,431.900000,105.571429,83.715613,2,0,0,YES
OPENJPA,openjpa-lib/src/main/java/org/apache/openjpa/lib/jdbc/ConnectionDecorator.java,7,6,112,6,2,74,35,12.333333,36,35,6.000000,3315,1263,552.500000,105.571429,92.321429,2,0,0,NO
OPENJPA,openjpa-lib/src/main/java/org/apache/openjpa/lib/jdbc/JDBCEvent.java,7,50,278,5,2,220,157,44.000000,162,157,32.400000,3181,1263,636.200000,99.142857,95.486639,2,0,0,NO
OPENJPA,openjpa-lib/src/main/java/org/apache/openjpa/lib/jdbc/JDBCListener.java,7,15,168,5,2,129,86,25.800000,90,86,18.000000,3181,1263,636.200000,99.142857,93.224490,2,0,0,NO
OPENJPA,openjpa-lib/src/main/java/org/apache/openjpa/lib/log/AbstractLog.java,7,74,292,7,2,216,159,30.857143,140,159,20.000000,3760,1263,537.142857,99.142857,95.357143,2,0,0,NO
OPENJPA,openjpa-lib/src/main/java/org/apache/openjpa/lib/log/LogFactory.java,7,4,98,6,2,65,30,10.833333,32,30,5.333333,3315,1263,552.500000,105.571429,91.081633,2,0,0,NO
OPENJPA,openjpa-lib/src/main/java/org/apache/openjpa/lib/meta/MetaDataFilter.java,7,9,180,6,2,116,55,19.333333,52,55,8.666667,3315,1263,552.500000,105.571429,95.595238,2,0,0,NO
OPENJPA,openjpa-lib/src/main/java/org/apache/openjpa/lib/meta/MetaDataIterator.java,7,12,138,5,2,99,57,19.800000,60,57,12.000000,3181,1263,636.200000,99.142857,91.883023,2,0,0,NO
OPENJPA,openjpa-lib/src/main/java/org/apache/openjpa/lib/meta/MetaDataParser.java,7,17,195,6,2,141,84,23.500000,87,84,14.500000,3671,1263,611.833333,99.142857,93.869597,2,0,0,NO
OPENJPA,openjpa-lib/src/main/java/org/apache/openjpa/lib/meta/MetaDataSerializer.java,7,15,246,7,2,160,76,22.857143,74,76,10.571429,3721,1263,531.571429,99.142857,94.573751,2,0,0,NO
OPENJPA,openjpa-lib/src/main/java/org/apache/openjpa/lib/meta/SourceTracker.java,7,11,122,5,2,89,54,17.800000,56,54,11.200000,3181,1263,636.200000,99.142857,91.025761,2,0,0,NO
OPENJPA,openjpa-lib/src/main/java/org/apache/openjpa/lib/rop/AbstractResultList.java,7,50,187,7,3,139,85,19.857143,91,85,13.000000,3271,1263,467.285714,99.142857,91.107716,2,0,1,NO
OPENJPA,openjpa-lib/src/main/java/org/apache/openjpa/lib/rop/AbstractSequentialResultList.java,7,72,234,5,2,175,130,35.000000,116,130,23.200000,3181,1263,636.200000,99.142857,94.819902,2,0,0,NO
OPENJPA,openjpa-lib/src/main/java/org/apache/openjpa/lib/rop/ResultList.java,7,9,171,5,2,114,62,22.800000,57,62,11.400000,3181,1263,636.200000,99.142857,93.116959,2,0,0,NO
OPENJPA,openjpa-lib/src/main/java/org/apache/openjpa/lib/util/BytecodeWriter.java,7,6,107,6,2,70,32,11.666667,33,32,5.500000,3315,1263,552.500000,105.571429,91.790387,2,0,0,NO
OPENJPA,openjpa-lib/src/main/java/org/apache/openjpa/lib/util/Bytes.java,7,79,195,3,3,181,164,60.333333,167,164,55.666667,1267,1263,422.333333,80.142857,77.267399,0,0,0,YES
OPENJPA,openjpa-lib/src/main/java/org/apache/openjpa/lib/util/EventManager.java,7,10,121,5,2,90,56,18.000000,59,56,11.800000,3181,1263,636.200000,99.142857,90.965762,2,0,0,NO
OPENJPA,openjpa-lib/src/main/java/org/apache/openjpa/lib/util/J2DoPriv5Helper.java,7,30,92,1,1,92,92,92.000000,92,92,92.000000,10,10,10.000000,33.857143,33.857143,1,0,1,NO
OPENJPA,openjpa-lib/src/main/java/org/apache/openjpa/lib/util/ParseException.java,7,21,172,8,2,113,53,14.125000,54,53,6.750000,3626,1263,453.250000,105.571429,94.984219,2,0,0,NO
OPENJPA,openjpa-lib/src/main/java/org/apache/openjpa/lib/util/ReferenceMap.java,7,10,123,5,2,88,50,17.600000,53,50,10.600000,3181,1263,636.200000,99.142857,91.029036,2,0,0,NO
OPENJPA,openjpa-lib/src/main/java/org/apache/openjpa/lib/util/ResourceBundleProvider.java,7,7,121,6,2,80,37,13.333333,39,37,6.500000,3315,1263,552.500000,105.571429,92.927981,2,0,0,NO
OPENJPA,openjpa-lib/src/main/java/org/apache/openjpa/lib/util/SizedMap.java,7,8,180,6,2,115,60,19.166667,50,60,8.333333,3315,1263,552.500000,105.571429,95.790476,2,0,0,NO
OPENJPA,openjpa-lib/src/main/java/org/apache/openjpa/lib/util/concurrent/ConcurrentMap.java,7,7,172,6,2,108,55,18.000000,44,55,7.333333,3315,1263,552.500000,105.571429,95.413621,2,0,0,NO
OPENJPA,openjpa-lib/src/main/java/org/apache/openjpa/lib/xml/Commentable.java,7,6,132,7,2,86,40,12.285714,40,40,5.714286,3537,1263,505.285714,105.571429,93.469697,2,0,0,NO
OPENJPA,openjpa-lib/src/main/java/org/apache/openjpa/lib/xml/ValidatingErrorHandler.java,7,15,164,6,2,105,53,17.500000,46,53,7.666667,3315,1263,552.500000,105.571429,95.171603,2,0,0,NO
OPENJPA,openjpa-persistence-jdbc/src/main/java/org/apache/openjpa/persistence/jdbc/ClassCriteria.java,7,11,298,10,2,169,53,16.900000,40,53,4.000000,4633,1263,463.300000,105.571429,95.816395,2,0,0,NO
OPENJPA,openjpa-persistence-jdbc/src/main/java/org/apache/openjpa/persistence/jdbc/Columns.java,7,12,300,10,2,170,53,17.000000,40,53,4.000000,4633,1263,463.300000,105.571429,95.818571,2,0,0,NO
OPENJPA,openjpa-persistence-jdbc/src/main/java/org/apache/openjpa/persistence/jdbc/ContainerTable.java,7,17,181,7,2,116,45,16.571429,51,42,7.285714,3938,1263,562.571429,97.285714,91.644830,1,0,0,NO
OPENJPA,openjpa-persistence-jdbc/src/main/java/org/apache/openjpa/persistence/jdbc/DataStoreIdColumn.java,7,14,316,10,2,181,53,18.100000,46,53,4.600000,4633,1263,463.300000,105.571429,95.864828,2,0,0,NO
OPENJPA,openjpa-persistence-jdbc/src/main/java/org/apache/openjpa/persistence/jdbc/DiscriminatorStrategy.java,7,10,256,11,2,147,35,13.363636,38,35,3.454545,4928,1263,448.000000,105.571429,94.893415,1,0,0,NO
OPENJPA,openjpa-persistence-jdbc/src/main/java/org/apache/openjpa/persistence/jdbc/EagerFetchMode.java,7,11,301,11,2,170,53,15.454545,39,53,3.545455,4649,1263,422.636364,105.571429,95.441860,2,0,0,NO
OPENJPA,openjpa-persistence-jdbc/src/main/java/org/apache/openjpa/persistence/jdbc/ElementClassCriteria.java,7,11,298,10,2,169,53,16.900000,40,53,4.000000,4633,1263,463.300000,105.571429,95.816395,2,0,0,NO
OPENJPA,openjpa-persistence-jdbc/src/main/java/org/apache/openjpa/persistence/jdbc/ElementColumn.java,7,19,294,8,2,174,54,21.750000,54,42,6.750000,3981,1263,497.625000,97.285714,68.162779,1,0,0,YES
OPENJPA,openjpa-persistence-jdbc/src/main/java/org/apache/openjpa/persistence/jdbc/ElementColumns.java,7,11,379,12,2,209,53,17.416667,39,53,3.250000,4692,1263,391.000000,105.571429,81.591406,2,0,0,YES
OPENJPA,openjpa-persistence-jdbc/src/main/java/org/apache/openjpa/persistence/jdbc/ElementEmbeddedMapping.java,7,15,404,11,2,225,53,20.454545,46,53,4.181818,4676,1263,425.090909,105.571429,80.428925,2,0,0,YES
OPENJPA,openjpa-persistence-jdbc/src/main/java/org/apache/openjpa/persistence/jdbc/ElementForeignKey.java,7,15,177,7,2,112,45,16.000000,47,42,6.714286,3938,1263,562.571429,97.285714,91.543180,1,0,0,NO
OPENJPA,openjpa-persistence-jdbc/src/main/java/org/apache/openjpa/persistence/jdbc/ElementIndex.java,7,13,309,10,2,176,53,17.600000,43,53,4.300000,4633,1263,463.300000,105.571429,95.843736,2,0,0,NO
OPENJPA,openjpa-persistence-jdbc/src/main/java/org/apache/openjpa/persistence/jdbc/ElementJoinColumn.java,7,18,183,7,2,118,45,16.857143,53,42,7.571429,3938,1263,562.571429,97.285714,91.693989,1,0,0,NO
OPENJPA,openjpa-persistence-jdbc/src/main/java/org/apache/openjpa/persistence/jdbc/ElementJoinColumns.java,7,11,300,10,2,170,53,17.000000,40,53,4.000000,4633,1263,463.300000,105.571429,95.818571,2,0,0,NO
OPENJPA,openjpa-persistence-jdbc/src/main/java/org/apache/openjpa/persistence/jdbc/ElementNonpolymorphic.java,7,11,300,10,2,170,53,17.000000,40,53,4.000000,4633,1263,463.300000,105.571429,95.818571,2,0,0,NO
OPENJPA,openjpa-persistence-jdbc/src/main/java/org/apache/openjpa/persistence/jdbc/ElementStrategy.java,7,11,378,12,2,208,53,17.333333,38,53,3.166667,4692,1263,391.000000,105.571429,81.732804,2,0,0,YES
OPENJPA,openjpa-persistence-jdbc/src/main/java/org/apache/openjpa/persistence/jdbc/EmbeddedMapping.java,7,15,312,10,2,179,53,17.900000,46,53,4.600000,4633,1263,463.300000,105.571429,95.846612,2,0,0,NO
OPENJPA,openjpa-persistence-jdbc/src/main/java/org/apache/openjpa/persistence/jdbc/FetchDirection.java,7,26,401,11,2,230,53,20.909091,59,53,5.363636,4638,1263,421.636364,105.571429,84.738511,2,0,0,NO
OPENJPA,openjpa-persistence-jdbc/src/main/java/org/apache/openjpa/persistence/jdbc/FetchMode.java,7,26,252,12,2,156,32,13.000000,60,30,5.000000,4944,1263,412.000000,105.571429,85.402494,1,0,0,NO
OPENJPA,openjpa-persistence-jdbc/src/main/java/org/apache/openjpa/persistence/jdbc/ForeignKey.java,7,16,322,10,2,186,53,18.600000,50,53,5.000000,4633,1263,463.300000,105.571429,95.870009,2,0,0,NO
OPENJPA,openjpa-persistence-jdbc/src/main/java/org/apache/openjpa/persistence/jdbc/ForeignKeyAction.java,7,7,219,12,2,126,30,10.500000,33,30,2.750000,4944,1263,412.000000,105.571429,92.591650,1,0,0,NO
OPENJPA,openjpa-persistence-jdbc/src/main/java/org/apache/openjpa/persistence/jdbc/Index.java,7,15,313,10,2,180,53,18.000000,47,53,4.700000,4633,1263,463.300000,105.571429,95.847558,2,0,0,NO
OPENJPA,openjpa-persistence-jdbc/src/main/java/org/apache/openjpa/persistence/jdbc/JoinSyntax.java,7,26,65,2,1,62,59,31.000000,59,59,29.500000,146,130,73.000000,39.428571,39.415385,0,0,0,NO
OPENJPA,openjpa-persistence-jdbc/src/main/java/org/apache/openjpa/persistence/jdbc/KeyClassCriteria.java,7,11,377,11,2,208,53,18.909091,39,53,3.545455,4676,1263,425.090909,105.571429,81.635468,2,0,0,YES
OPENJPA,openjpa-persistence-jdbc/src/main/java/org/apache/openjpa/persistence/jdbc/KeyColumn.java,7,19,294,8,2,174,54,21.750000,54,42,6.750000,3981,1263,497.625000,97.285714,68.162779,1,0,0,YES
OPENJPA,openjpa-persistence-jdbc/src/main/java/org/apache/openjpa/persistence/jdbc/KeyColumns.java,7,11,379,12,2,209,53,17.416667,39,53,3.250000,4692,1263,391.000000,105.571429,81.591406,2,0,0,YES
OPENJPA,openjpa-persistence-jdbc/src/main/java/org/apache/openjpa/persistence/jdbc/KeyEmbeddedMapping.java,7,15,403,11,2,224,53,20.363636,45,53,4.090909,4676,1263,425.090909,105.571429,80.558667,2,0,0,YES
OPENJPA,openjpa-persistence-jdbc/src/main/java/org/apache/openjpa/persistence/jdbc/KeyForeignKey.java,7,15,270,8,2,158,46,19.750000,46,42,5.750000,3981,1263,497.625000,97.285714,69.705291,1,0,0,YES
OPENJPA,openjpa-persistence-jdbc/src/main/java/org/apache/openjpa/persistence/jdbc/KeyIndex.java,7,13,394,11,2,218,53,19.818182,42,53,3.818182,4676,1263,425.090909,105.571429,81.238216,2,0,0,YES
OPENJPA,openjpa-persistence-jdbc/src/main/java/org/apache/openjpa/persistence/jdbc/KeyJoinColumn.java,7,18,288,8,2,170,52,21.250000,52,42,6.500000,3981,1263,497.625000,97.285714,68.524306,1,0,0,YES
OPENJPA,openjpa-persistence-jdbc/src/main/java/org/apache/openjpa/persistence/jdbc/KeyJoinColumns.java,7,11,379,12,2,209,53,17.416667,39,53,3.250000,4692,1263,391.000000,105.571429,81.591406,2,0,0,YES
OPENJPA,openjpa-persistence-jdbc/src/main/java/org/apache/openjpa/persistence/jdbc/KeyNonpolymorphic.java,7,11,378,11,2,208,53,18.909091,38,53,3.454545,4676,1263,425.090909,105.571429,81.853741,2,0,0,YES
OPENJPA,openjpa-persistence-jdbc/src/main/java/org/apache/openjpa/persistence/jdbc/KeyStrategy.java,7,11,378,12,2,208,53,17.333333,38,53,3.166667,4692,1263,391.000000,105.571429,81.732804,2,0,0,YES
OPENJPA,openjpa-persistence-jdbc/src/main/java/org/apache/openjpa/persistence/jdbc/LRSSizeAlgorithm.java,7,26,379,12,2,219,53,18.250000,59,53,4.916667,4669,1263,389.083333,105.571429,87.376932,2,0,0,NO
OPENJPA,openjpa-persistence-jdbc/src/main/java/org/apache/openjpa/persistence/jdbc/MappingOverride.java,7,15,317,10,2,182,53,18.200000,47,53,4.700000,4633,1263,463.300000,105.571429,95.865705,2,0,0,NO
OPENJPA,openjpa-persistence-jdbc/src/main/java/org/apache/openjpa/persistence/jdbc/MappingOverrides.java,7,10,210,8,2,124,36,15.500000,38,34,4.750000,4221,1263,527.625000,98.857143,92.755782,1,0,0,NO
OPENJPA,openjpa-persistence-jdbc/src/main/java/org/apache/openjpa/persistence/jdbc/MappingTag.java,7,76,128,5,3,118,86,23.600000,108,86,21.600000,1806,1263,361.200000,96.142857,79.561384,1,0,0,NO
OPENJPA,openjpa-persistence-jdbc/src/main/java/org/apache/openjpa/persistence/jdbc/Nonpolymorphic.java,7,11,299,10,2,169,53,16.900000,39,53,3.900000,4633,1263,463.300000,105.571429,95.817487,2,0,0,NO
OPENJPA,openjpa-persistence-jdbc/src/main/java/org/apache/openjpa/persistence/jdbc/NonpolymorphicType.java,7,6,218,12,2,125,30,10.416667,32,30,2.666667,4948,1263,412.333333,105.571429,92.575360,1,0,0,NO
OPENJPA,openjpa-persistence-jdbc/src/main/java/org/apache/openjpa/persistence/jdbc/OrderColumn.java,7,16,315,10,2,182,53,18.200000,49,53,4.900000,4633,1263,463.300000,105.571429,95.849433,2,0,0,NO
OPENJPA,openjpa-persistence-jdbc/src/main/java/org/apache/openjpa/persistence/jdbc/ResultSetType.java,7,26,93,2,1,76,59,38.000000,59,59,29.500000,135,130,67.500000,39.428571,39.376344,0,0,0,NO
OPENJPA,openjpa-persistence-jdbc/src/main/java/org/apache/openjpa/persistence/jdbc/Strategy.java,7,10,260,11,2,149,35,13.545455,38,35,3.454545,4928,1263,448.000000,105.571429,94.912637,1,0,0,NO
OPENJPA,openjpa-persistence-jdbc/src/main/java/org/apache/openjpa/persistence/jdbc/SubclassFetchMode.java,7,10,212,9,2,125,36,13.888889,38,34,4.222222,4237,1263,470.777778,98.857143,92.251348,1,0,0,NO
OPENJPA,openjpa-persistence-jdbc/src/main/java/org/apache/openjpa/persistence/jdbc/Unique.java,7,14,311,10,2,178,53,17.800000,45,53,4.500000,4633,1263,463.300000,105.571429,95.845659,2,0,0,NO
OPENJPA,openjpa-persistence-jdbc/src/main/java/org/apache/openjpa/persistence/jdbc/VersionColumn.java,7,17,322,10,2,187,53,18.700000,52,53,5.200000,4633,1263,463.300000,105.571429,95.870009,2,0,0,NO
OPENJPA,openjpa-persistence-jdbc/src/main/java/org/apache/openjpa/persistence/jdbc/VersionColumns.java,7,10,210,8,2,124,36,15.500000,38,34,4.750000,4221,1263,527.625000,98.857143,92.755782,1,0,0,NO
OPENJPA,openjpa-persistence-jdbc/src/main/java/org/apache/openjpa/persistence/jdbc/VersionStrategy.java,7,10,256,11,2,147,35,13.363636,38,35,3.454545,4928,1263,448.000000,105.571429,94.893415,1,0,0,NO
OPENJPA,openjpa-persistence-jdbc/src/main/java/org/apache/openjpa/persistence/jdbc/XEmbeddedMapping.java,7,15,403,11,2,224,53,20.363636,45,53,4.090909,4676,1263,425.090909,105.571429,80.558667,2,0,0,YES
OPENJPA,openjpa-persistence-jdbc/src/main/java/org/apache/openjpa/persistence/jdbc/XJoinColumn.java,7,19,185,7,2,120,45,17.142857,55,42,7.857143,3938,1263,562.571429,97.285714,91.742085,1,0,0,NO
OPENJPA,openjpa-persistence-jdbc/src/main/java/org/apache/openjpa/persistence/jdbc/XJoinColumns.java,7,11,305,10,2,172,53,17.200000,39,53,3.900000,4633,1263,463.300000,105.571429,95.839813,2,0,0,NO
OPENJPA,openjpa-persistence-jdbc/src/main/java/org/apache/openjpa/persistence/jdbc/XMappingOverride.java,7,18,416,11,2,234,53,21.272727,52,53,4.727273,4676,1263,425.090909,105.571429,79.748970,2,0,0,YES
OPENJPA,openjpa-persistence-jdbc/src/main/java/org/apache/openjpa/persistence/jdbc/XMappingOverrides.java,7,10,331,12,2,184,37,15.333333,37,35,3.083333,4971,1263,414.250000,105.571429,79.768666,1,0,0,YES
OPENJPA,openjpa-persistence-jdbc/src/main/java/org/apache/openjpa/persistence/jdbc/XSecondaryTable.java,7,17,321,10,2,186,53,18.600000,51,53,5.100000,4633,1263,463.300000,105.571429,95.869159,2,0,0,NO
OPENJPA,openjpa-persistence-jdbc/src/main/java/org/apache/openjpa/persistence/jdbc/XSecondaryTables.java,7,10,210,8,2,124,36,15.500000,38,34,4.750000,4221,1263,527.625000,98.857143,92.755782,1,0,0,NO
OPENJPA,openjpa-persistence-jdbc/src/main/java/org/apache/openjpa/persistence/jdbc/XTable.java,7,15,318,10,2,183,53,18.300000,48,53,4.800000,4633,1263,463.300000,105.571429,95.866577,2,0,0,NO
OPENJPA,openjpa-persistence/src/main/java/org/apache/openjpa/persistence/AutoClearType.java,7,23,56,1,1,56,56,56.000000,56,56,56.000000,130,130,130.000000,39.428571,39.428571,0,0,0,YES
OPENJPA,openjpa-persistence/src/main/java/org/apache/openjpa/persistence/ConnectionRetainMode.java,7,26,66,2,1,63,60,31.500000,60,60,30.000000,146,130,73.000000,39.428571,39.415584,0,0,0,YES
OPENJPA,openjpa-persistence/src/main/java/org/apache/openjpa/persistence/DataCache.java,7,12,300,9,2,171,53,19.000000,42,53,4.666667,4157,1263,461.888889,105.571429,95.850000,2,0,0,NO
OPENJPA,openjpa-persistence/src/main/java/org/apache/openjpa/persistence/DataStoreId.java,7,12,297,9,2,169,53,18.777778,41,53,4.555556,4157,1263,461.888889,105.571429,95.836460,2,0,0,NO
OPENJPA,openjpa-persistence/src/main/java/org/apache/openjpa/persistence/Dependent.java,7,11,291,9,2,165,53,18.333333,39,53,4.333333,4157,1263,461.888889,105.571429,95.808542,2,0,0,NO
OPENJPA,openjpa-persistence/src/main/java/org/apache/openjpa/persistence/DetachStateType.java,7,26,60,1,1,60,60,60.000000,60,60,60.000000,130,130,130.000000,39.428571,39.428571,0,0,0,YES
OPENJPA,openjpa-persistence/src/main/java/org/apache/openjpa/persistence/DetachedState.java,7,12,297,9,2,169,53,18.777778,41,53,4.555556,4157,1263,461.888889,105.571429,95.836460,2,0,0,NO
OPENJPA,openjpa-persistence/src/main/java/org/apache/openjpa/persistence/ElementDependent.java,7,11,291,9,2,165,53,18.333333,39,53,4.333333,4157,1263,461.888889,105.571429,95.808542,2,0,0,NO
OPENJPA,openjpa-persistence/src/main/java/org/apache/openjpa/persistence/ElementType.java,7,11,296,9,2,168,53,18.666667,40,53,4.444444,4157,1263,461.888889,105.571429,95.830598,2,0,0,NO
OPENJPA,openjpa-persistence/src/main/java/org/apache/openjpa/persistence/ExternalValues.java,7,11,299,9,2,170,53,18.888889,41,53,4.555556,4157,1263,461.888889,105.571429,95.844243,2,0,0,NO
OPENJPA,openjpa-persistence/src/main/java/org/apache/openjpa/persistence/Externalizer.java,7,11,296,9,2,168,53,18.666667,40,53,4.444444,4157,1263,461.888889,105.571429,95.830598,2,0,0,NO
OPENJPA,openjpa-persistence/src/main/java/org/apache/openjpa/persistence/Factory.java,7,11,296,9,2,168,53,18.666667,40,53,4.444444,4157,1263,461.888889,105.571429,95.830598,2,0,0,NO
OPENJPA,openjpa-persistence/src/main/java/org/apache/openjpa/persistence/FetchAttribute.java,7,10,263,11,3,154,35,14.000000,45,35,4.090909,4590,1263,417.272727,105.571429,94.935904,1,0,0,NO
OPENJPA,openjpa-persistence/src/main/java/org/apache/openjpa/persistence/FetchGroup.java,7,13,216,9,3,136,36,15.111111,56,34,6.222222,3885,1263,431.666667,98.857143,92.668651,1,0,0,NO
OPENJPA,openjpa-persistence/src/main/java/org/apache/openjpa/persistence/FetchGroups.java,7,10,248,10,2,143,35,14.300000,38,35,3.800000,4452,1263,445.200000,105.571429,94.853111,1,0,0,NO
OPENJPA,openjpa-persistence/src/main/java/org/apache/openjpa/persistence/InverseLogical.java,7,11,291,9,2,165,53,18.333333,39,53,4.333333,4157,1263,461.888889,105.571429,95.808542,2,0,0,NO
OPENJPA,openjpa-persistence/src/main/java/org/apache/openjpa/persistence/KeyDependent.java,7,11,291,9,2,165,53,18.333333,39,53,4.333333,4157,1263,461.888889,105.571429,95.808542,2,0,0,NO
OPENJPA,openjpa-persistence/src/main/java/org/apache/openjpa/persistence/KeyType.java,7,11,296,9,2,168,53,18.666667,40,53,4.444444,4157,1263,461.888889,105.571429,95.830598,2,0,0,NO
OPENJPA,openjpa-persistence/src/main/java/org/apache/openjpa/persistence/LRS.java,7,11,291,9,2,165,53,18.333333,39,53,4.333333,4157,1263,461.888889,105.571429,95.808542,2,0,0,NO
OPENJPA,openjpa-persistence/src/main/java/org/apache/openjpa/persistence/LoadFetchGroup.java,7,11,299,10,4,169,53,16.900000,39,53,3.900000,3947,1263,394.700000,105.571429,95.599140,2,0,0,NO
OPENJPA,openjpa-persistence/src/main/java/org/apache/openjpa/persistence/ManagedInterface.java,7,9,321,10,2,181,53,18.100000,41,53,4.100000,4187,1263,418.700000,105.571429,90.822430,2,0,1,NO
OPENJPA,openjpa-persistence/src/main/java/org/apache/openjpa/persistence/MetaDataTag.java,7,51,253,9,4,168,76,18.666667,83,72,9.222222,3177,1263,353.000000,97.285714,92.955957,1,0,2,NO
OPENJPA,openjpa-persistence/src/main/java/org/apache/openjpa/persistence/OpenJPAEntityManagerFactorySPI.java,7,13,583,8,3,327,105,40.875000,71,102,8.875000,3515,1263,439.375000,97.285714,74.173977,1,0,0,YES
OPENJPA,openjpa-persistence/src/main/java/org/apache/openjpa/persistence/OpenJPAEntityManagerSPI.java,7,19,152,4,1,130,104,32.500000,108,104,27.000000,161,130,40.250000,39.428571,38.954887,0,0,0,YES
OPENJPA,openjpa-persistence/src/main/java/org/apache/openjpa/persistence/OpenJPAEntityTransaction.java,7,9,71,1,1,71,71,71.000000,71,71,71.000000,130,130,130.000000,39.428571,39.428571,0,0,0,YES
OPENJPA,openjpa-persistence/src/main/java/org/apache/openjpa/persistence/OpenJPAQuerySPI.java,7,10,316,9,3,181,46,20.111111,46,34,5.111111,3885,1263,431.666667,98.857143,75.820524,1,0,0,YES
OPENJPA,openjpa-persistence/src/main/java/org/apache/openjpa/persistence/PersistenceStrategy.java,7,13,243,8,2,144,41,18.000000,45,35,5.625000,3825,1263,478.125000,105.571429,94.719577,2,0,0,NO
OPENJPA,openjpa-persistence/src/main/java/org/apache/openjpa/persistence/Persistent.java,7,17,159,6,2,104,45,17.333333,49,42,8.166667,3462,1263,577.000000,97.285714,91.022462,1,0,0,NO
OPENJPA,openjpa-persistence/src/main/java/org/apache/openjpa/persistence/PersistentCollection.java,7,17,163,7,2,107,45,15.285714,51,42,7.285714,3467,1263,495.285714,97.285714,90.334794,1,0,1,NO
OPENJPA,openjpa-persistence/src/main/java/org/apache/openjpa/persistence/PersistentMap.java,7,19,171,6,2,112,49,18.666667,53,46,8.833333,3462,1263,577.000000,97.285714,91.455305,1,0,0,NO
OPENJPA,openjpa-persistence/src/main/java/org/apache/openjpa/persistence/QueryOperationType.java,7,26,59,1,1,59,59,59.000000,59,59,59.000000,130,130,130.000000,39.428571,39.428571,0,0,0,YES
OPENJPA,openjpa-persistence/src/main/java/org/apache/openjpa/persistence/ReadOnly.java,7,11,291,9,2,165,53,18.333333,39,53,4.333333,4157,1263,461.888889,105.571429,95.808542,2,0,0,NO
OPENJPA,openjpa-persistence/src/main/java/org/apache/openjpa/persistence/RestoreStateType.java,7,26,60,1,1,60,60,60.000000,60,60,60.000000,130,130,130.000000,39.428571,39.428571,0,0,0,YES
OPENJPA,openjpa-persistence/src/main/java/org/apache/openjpa/persistence/Type.java,7,11,296,9,2,168,53,18.666667,40,53,4.444444,4157,1263,461.888889,105.571429,95.830598,2,0,0,NO
OPENJPA,openjpa-persistence/src/main/java/org/apache/openjpa/persistence/UpdateAction.java,7,5,205,10,2,118,30,11.800000,31,30,3.100000,4452,1263,445.200000,105.571429,92.903833,1,0,0,NO
OPENJPA,openjpa-slice/src/main/java/org/apache/openjpa/slice/DistributedConfiguration.java,7,10,86,2,1,82,78,41.000000,78,78,39.000000,48,38,24.000000,15.142857,15.036545,0,0,0,YES
OPENJPA,openjpa-slice/src/main/java/org/apache/openjpa/slice/DistributionPolicy.java,7,5,55,2,1,51,46,25.500000,47,46,23.500000,48,38,24.000000,15.142857,14.955844,0,0,0,YES
OPENJPA,openjpa-slice/src/main/java/org/apache/openjpa/slice/jdbc/DistributedJDBCConfiguration.java,7,11,75,2,1,63,63,31.500000,51,63,25.500000,61,38,30.500000,15.142857,14.914286,0,0,0,YES
OPENJPA,openjpa-slice/src/main/java/org/apache/openjpa/slice/jdbc/DistributedStatement.java,7,7,285,10,3,159,33,15.900000,33,30,3.300000,4614,1263,461.400000,105.571429,74.950376,1,0,0,YES
OPENJPA,openjpa-jdbc/src/main/java/org/apache/openjpa/jdbc/ant/MappingToolTask.java,8,118,295,10,4,269,211,26.900000,243,211,24.300000,2039,1263,203.900000,105.000000,88.589831,1,0,3,NO
OPENJPA,openjpa-jdbc/src/main/java/org/apache/openjpa/jdbc/ant/ReverseMappingToolTask.java,8,154,358,7,4,335,257,47.857143,312,257,44.571429,2003,1263,286.142857,105.000000,92.960495,1,0,1,NO
OPENJPA,openjpa-jdbc/src/main/java/org/apache/openjpa/jdbc/conf/FetchModeValue.java,8,21,73,3,2,63,49,21.000000,53,49,17.666667,1742,1263,580.666667,105.000000,92.876712,1,0,0,NO
OPENJPA,openjpa-jdbc/src/main/java/org/apache/openjpa/jdbc/conf/JDBCConfiguration.java,8,96,700,6,4,663,609,110.500000,626,609,104.333333,2080,1263,346.666667,105.000000,100.706735,1,0,0,NO
OPENJPA,openjpa-jdbc/src/main/java/org/apache/openjpa/jdbc/kernel/ConnectionInfo.java,8,9,261,9,2,148,35,16.444444,35,35,3.888889,4576,1263,508.444444,114.428571,104.029557,1,0,0,NO
OPENJPA,openjpa-jdbc/src/main/java/org/apache/openjpa/jdbc/kernel/DelegatingJDBCFetchConfiguration.java,8,224,343,9,4,320,233,35.555556,297,233,33.000000,2223,1263,247.000000,105.000000,89.164098,1,0,2,NO
OPENJPA,openjpa-jdbc/src/main/java/org/apache/openjpa/jdbc/kernel/JDBC3SavepointManager.java,8,30,87,3,2,76,62,25.333333,65,62,21.666667,1961,1263,653.666667,105.000000,94.702791,2,0,0,NO
OPENJPA,openjpa-jdbc/src/main/java/org/apache/openjpa/jdbc/kernel/JDBCFetchConfiguration.java,8,39,298,9,4,271,164,30.111111,244,164,27.111111,2223,1263,247.000000,105.000000,85.262224,1,0,2,NO
OPENJPA,openjpa-jdbc/src/main/java/org/apache/openjpa/jdbc/kernel/JDBCLockManager.java,8,9,69,2,2,59,46,29.500000,49,46,24.500000,1739,1263,869.500000,105.000000,92.190476,1,0,0,NO
OPENJPA,openjpa-jdbc/src/main/java/org/apache/openjpa/jdbc/kernel/JDBCSeq.java,8,8,277,9,2,159,35,17.666667,41,35,4.555556,4576,1263,508.444444,114.428571,104.141826,1,0,0,NO
OPENJPA,openjpa-jdbc/src/main/java/org/apache/openjpa/jdbc/kernel/JDBCStore.java,8,22,145,6,3,121,106,20.166667,97,106,16.166667,2168,1263,361.333333,105.000000,98.325123,1,0,0,NO
OPENJPA,openjpa-jdbc/src/main/java/org/apache/openjpa/jdbc/kernel/PreparedStatementManager.java,8,8,293,9,2,170,40,18.888889,47,35,5.222222,4576,1263,508.444444,114.428571,104.248172,1,0,0,NO
OPENJPA,openjpa-jdbc/src/main/java/org/apache/openjpa/jdbc/kernel/UpdateManager.java,8,6,321,8,2,182,45,22.750000,43,45,5.375000,4281,1263,535.125000,114.428571,104.647975,2,0,0,NO
OPENJPA,openjpa-jdbc/src/main/java/org/apache/openjpa/jdbc/kernel/exps/AbstractVal.java,8,51,159,8,5,124,61,15.500000,89,61,11.125000,2106,1263,263.250000,105.000000,93.602875,1,0,1,NO
OPENJPA,openjpa-jdbc/src/main/java/org/apache/openjpa/jdbc/kernel/exps/All.java,8,10,217,10,3,127,30,12.700000,37,30,3.700000,4580,1263,458.000000,114.428571,102.409480,1,0,1,YES
OPENJPA,openjpa-jdbc/src/main/java/org/apache/openjpa/jdbc/kernel/exps/Any.java,8,10,217,10,3,127,30,12.700000,37,30,3.700000,4580,1263,458.000000,114.428571,102.409480,1,0,1,YES
OPENJPA,openjpa-jdbc/src/main/java/org/apache/openjpa/jdbc/kernel/exps/BinaryOpExpState.java,8,14,69,3,2,59,31,19.666667,49,31,16.333333,1407,1263,469.000000,97.857143,85.378882,0,0,0,NO
OPENJPA,openjpa-jdbc/src/main/java/org/apache/openjpa/jdbc/kernel/exps/Exp.java,8,13,153,5,3,106,83,21.200000,59,83,11.800000,2046,1263,409.200000,105.000000,97.453782,1,0,0,NO
OPENJPA,openjpa-jdbc/src/main/java/org/apache/openjpa/jdbc/kernel/exps/ExpContext.java,8,16,76,3,2,66,38,22.000000,56,38,18.666667,1407,1263,469.000000,97.857143,86.528195,0,0,0,NO
OPENJPA,openjpa-jdbc/src/main/java/org/apache/openjpa/jdbc/kernel/exps/ExpState.java,8,11,64,3,2,54,26,18.000000,44,26,14.666667,1407,1263,469.000000,97.857143,84.404018,0,0,0,NO
OPENJPA,openjpa-jdbc/src/main/java/org/apache/openjpa/jdbc/kernel/exps/FilterValue.java,8,24,143,4,3,131,103,32.750000,119,103,29.750000,1775,1263,443.750000,105.000000,92.600400,1,0,0,NO
OPENJPA,openjpa-jdbc/src/main/java/org/apache/openjpa/jdbc/kernel/exps/GetColumn.java,8,40,103,2,2,93,80,46.500000,83,80,41.500000,1739,1263,869.500000,105.000000,96.418863,1,0,0,NO
OPENJPA,openjpa-jdbc/src/main/java/org/apache/openjpa/jdbc/kernel/exps/JDBCAggregateListener.java,8,10,65,2,2,55,42,27.500000,45,42,22.500000,1739,1263,869.500000,105.000000,91.402198,1,0,0,NO
OPENJPA,openjpa-jdbc/src/main/java/org/apache/openjpa/jdbc/kernel/exps/JDBCFilterListener.java,8,10,67,2,2,57,44,28.500000,47,44,23.500000,1739,1263,869.500000,105.000000,91.808102,1,0,0,NO
OPENJPA,openjpa-jdbc/src/main/java/org/apache/openjpa/jdbc/kernel/exps/JDBCPath.java,8,6,112,7,2,72,30,10.285714,32,30,4.571429,3791,1263,541.571429,114.428571,100.571429,2,0,0,NO
OPENJPA,openjpa-jdbc/src/main/java/org/apache/openjpa/jdbc/kernel/exps/QueryExpressionsState.java,8,9,282,10,3,159,35,15.900000,36,35,3.600000,4387,1263,438.700000,114.428571,103.231510,2,0,0,NO
OPENJPA,openjpa-jdbc/src/main/java/org/apache/openjpa/jdbc/kernel/exps/SQLEmbed.java,8,35,97,5,3,84,69,16.800000,71,69,14.200000,1952,1263,390.400000,105.000000,95.525773,1,0,0,NO
OPENJPA,openjpa-jdbc/src/main/java/org/apache/openjpa/jdbc/meta/ClassStrategy.java,8,27,137,3,2,126,112,42.000000,115,112,38.333333,1961,1263,653.666667,105.000000,98.460897,1,0,0,NO
OPENJPA,openjpa-jdbc/src/main/java/org/apache/openjpa/jdbc/meta/DiscriminatorStrategy.java,8,19,108,4,3,93,69,23.250000,78,69,19.500000,1772,1263,443.000000,105.000000,93.429894,1,0,0,NO
OPENJPA,openjpa-jdbc/src/main/java/org/apache/openjpa/jdbc/meta/Embeddable.java,8,19,111,4,3,98,82,24.500000,85,82,21.250000,2099,1263,524.750000,105.000000,96.882883,1,0,0,NO
OPENJPA,openjpa-jdbc/src/main/java/org/apache/openjpa/jdbc/meta/FieldStrategy.java,8,59,289,4,3,268,245,67.000000,247,245,61.750000,2099,1263,524.750000,105.000000,101.815620,1,0,0,NO
OPENJPA,openjpa-jdbc/src/main/java/org/apache/openjpa/jdbc/meta/JDBCOrder.java,8,9,200,7,2,123,55,17.571429,46,55,6.571429,3791,1263,541.571429,114.428571,104.372857,2,0,0,NO
OPENJPA,openjpa-jdbc/src/main/java/org/apache/openjpa/jdbc/meta/Joinable.java,8,22,115,4,3,103,86,25.750000,91,86,22.750000,1818,1263,454.500000,105.000000,96.462112,1,0,0,NO
OPENJPA,openjpa-jdbc/src/main/java/org/apache/openjpa/jdbc/meta/RelationId.java,8,6,266,10,2,152,35,15.200000,38,35,3.800000,4798,1263,479.800000,114.428571,104.002685,1,0,0,NO
OPENJPA,openjpa-jdbc/src/main/java/org/apache/openjpa/jdbc/meta/ReverseCustomizer.java,8,23,183,2,2,173,160,86.500000,163,160,81.500000,1739,1263,869.500000,105.000000,100.170180,1,0,0,NO
OPENJPA,openjpa-jdbc/src/main/java/org/apache/openjpa/jdbc/meta/Strategy.java,8,28,160,4,2,148,131,37.000000,136,131,34.000000,2000,1263,500.000000,105.000000,98.979464,1,0,0,NO
OPENJPA,openjpa-jdbc/src/main/java/org/apache/openjpa/jdbc/meta/ValueHandler.java,8,23,132,5,3,118,99,23.600000,104,99,20.800000,2138,1263,427.600000,105.000000,97.663420,1,0,0,NO
OPENJPA,openjpa-jdbc/src/main/java/org/apache/openjpa/jdbc/meta/ValueMapping.java,8,58,301,5,3,285,265,57.000000,269,265,53.800000,2025,1263,405.000000,105.000000,101.749407,1,0,0,NO
OPENJPA,openjpa-jdbc/src/main/java/org/apache/openjpa/jdbc/meta/VersionMappingInfo.java,8,40,119,4,2,104,90,26.000000,89,90,22.250000,1860,1263,465.000000,105.000000,96.734694,1,0,1,NO
OPENJPA,openjpa-jdbc/src/main/java/org/apache/openjpa/jdbc/meta/strats/AbstractClassStrategy.java,8,45,102,2,2,92,79,46.000000,82,79,41.000000,1739,1263,869.500000,105.000000,96.334734,1,0,0,NO
OPENJPA,openjpa-jdbc/src/main/java/org/apache/openjpa/jdbc/meta/strats/AbstractDiscriminatorStrategy.java,8,49,120,4,3,108,89,27.000000,96,89,24.000000,1772,1263,443.000000,105.000000,96.529762,1,0,0,NO
OPENJPA,openjpa-jdbc/src/main/java/org/apache/openjpa/jdbc/meta/strats/AbstractStrategy.java,8,43,101,2,2,91,78,45.500000,81,78,40.500000,1739,1263,869.500000,105.000000,96.248939,1,0,0,NO
OPENJPA,openjpa-jdbc/src/main/java/org/apache/openjpa/jdbc/meta/strats/AbstractValueHandler.java,8,31,85,3,3,73,58,24.333333,61,58,20.333333,1877,1263,625.666667,105.000000,94.541176,1,0,0,NO
OPENJPA,openjpa-jdbc/src/main/java/org/apache/openjpa/jdbc/meta/strats/BlobValueHandler.java,8,20,71,2,2,61,48,30.500000,51,48,25.500000,1739,1263,869.500000,105.000000,92.551308,1,0,0,NO
OPENJPA,openjpa-jdbc/src/main/java/org/apache/openjpa/jdbc/meta/strats/ClobValueHandler.java,8,20,71,2,2,61,48,30.500000,51,48,25.500000,1739,1263,869.500000,105.000000,92.551308,1,0,0,NO
OPENJPA,openjpa-jdbc/src/main/java/org/apache/openjpa/jdbc/meta/strats/IdentityJoinable.java,8,50,111,4,3,99,83,24.750000,87,83,21.750000,1789,1263,447.250000,105.000000,96.553411,1,0,0,NO
OPENJPA,openjpa-jdbc/src/main/java/org/apache/openjpa/jdbc/meta/strats/LRSCollectionFieldStrategy.java,8,28,125,3,3,112,96,37.333333,99,96,33.000000,1877,1263,625.666667,105.000000,97.867429,1,0,0,NO
OPENJPA,openjpa-jdbc/src/main/java/org/apache/openjpa/jdbc/meta/strats/LRSMapFieldStrategy.java,8,41,186,3,3,169,149,56.333333,152,149,50.666667,1877,1263,625.666667,105.000000,100.151306,1,0,0,NO
OPENJPA,openjpa-jdbc/src/main/java/org/apache/openjpa/jdbc/schema/DriverDataSource.java,8,23,135,4,3,123,64,30.750000,111,64,27.750000,1795,1263,448.750000,105.000000,94.595767,1,0,0,NO
OPENJPA,openjpa-jdbc/src/main/java/org/apache/openjpa/jdbc/schema/SchemaFactory.java,8,5,398,10,3,220,55,22.000000,42,55,4.200000,4578,1263,457.800000,114.428571,104.569634,1,0,1,NO
OPENJPA,openjpa-jdbc/src/main/java/org/apache/openjpa/jdbc/schema/SchemaParser.java,8,10,85,2,2,75,62,37.500000,65,62,32.500000,1739,1263,869.500000,105.000000,94.601681,1,0,0,NO
OPENJPA,openjpa-jdbc/src/main/java/org/apache/openjpa/jdbc/schema/SchemaSerializer.java,8,13,101,2,2,91,78,45.500000,81,78,40.500000,1739,1263,869.500000,105.000000,96.248939,1,0,0,NO
OPENJPA,openjpa-jdbc/src/main/java/org/apache/openjpa/jdbc/sql/CacheDictionary.java,8,16,65,2,2,55,42,27.500000,45,42,22.500000,1739,1263,869.500000,105.000000,91.402198,1,0,0,NO
OPENJPA,openjpa-jdbc/src/main/java/org/apache/openjpa/jdbc/sql/Calendard.java,8,10,264,9,2,151,35,16.777778,38,35,4.222222,4576,1263,508.444444,114.428571,104.040584,1,0,0,NO
OPENJPA,openjpa-jdbc/src/main/java/org/apache/openjpa/jdbc/sql/Raw.java,8,10,214,9,2,126,30,14.000000,38,30,4.222222,4576,1263,508.444444,114.428571,103.271696,1,0,0,NO
OPENJPA,openjpa-jdbc/src/main/java/org/apache/openjpa/jdbc/sql/Result.java,8,180,635,5,4,621,572,124.200000,607,572,121.400000,1894,1263,378.800000,105.000000,98.018448,1,0,1,NO
OPENJPA,openjpa-jdbc/src/main/java/org/apache/openjpa/jdbc/sql/Row.java,8,163,543,2,2,533,520,266.500000,523,520,261.500000,1739,1263,869.500000,105.000000,103.372270,1,0,0,NO
OPENJPA,openjpa-jdbc/src/main/java/org/apache/openjpa/jdbc/sql/RowManager.java,8,14,94,2,2,84,71,42.000000,74,71,37.000000,1739,1263,869.500000,105.000000,95.597264,1,0,0,NO
OPENJPA,openjpa-jdbc/src/main/java/org/apache/openjpa/jdbc/sql/SQLFactory.java,8,6,296,9,2,171,40,19.000000,46,35,5.111111,4576,1263,508.444444,114.428571,104.267375,1,0,0,NO
OPENJPA,openjpa-jdbc/src/main/java/org/apache/openjpa/jdbc/sql/SelectExecutor.java,8,36,215,6,5,184,122,30.666667,153,122,25.500000,1793,1263,298.833333,105.000000,85.200664,1,0,0,NO
OPENJPA,openjpa-jdbc/src/main/java/org/apache/openjpa/jdbc/sql/Sized.java,8,9,240,10,2,138,31,13.800000,36,30,3.600000,4577,1263,457.700000,114.428571,103.640476,1,0,0,NO
OPENJPA,openjpa-jdbc/src/main/java/org/apache/openjpa/jdbc/sql/Union.java,8,12,113,3,3,89,76,29.666667,65,76,21.666667,1752,1263,584.000000,105.000000,92.753477,1,0,0,NO
OPENJPA,openjpa-kernel/src/main/java/org/apache/openjpa/ant/ApplicationIdToolTask.java,8,45,132,3,2,122,94,40.666667,112,94,37.333333,1430,1263,476.666667,99.000000,92.148268,0,0,0,NO
OPENJPA,openjpa-kernel/src/main/java/org/apache/openjpa/ant/PCEnhancerTask.java,8,37,317,7,3,204,99,29.142857,91,86,13.000000,3217,1263,459.571429,106.142857,103.108157,1,0,0,NO
OPENJPA,openjpa-kernel/src/main/java/org/apache/openjpa/conf/BrokerFactoryValue.java,8,46,403,16,3,245,47,15.312500,87,43,5.437500,3354,1263,209.625000,106.142857,100.057781,1,0,0,NO
OPENJPA,openjpa-kernel/src/main/java/org/apache/openjpa/conf/CacheMarshaller.java,8,15,92,1,1,92,92,92.000000,92,92,92.000000,27,27,27.000000,47.000000,47.000000,0,0,0,YES
OPENJPA,openjpa-kernel/src/main/java/org/apache/openjpa/conf/OpenJPAProductDerivation.java,8,10,385,14,4,214,53,15.285714,43,53,3.071429,3909,1263,279.214286,114.428571,102.668275,2,0,0,YES
OPENJPA,openjpa-kernel/src/main/java/org/apache/openjpa/conf/SeqValue.java,8,18,157,4,2,103,46,25.750000,49,41,12.250000,3110,1263,777.500000,106.142857,100.255687,1,0,0,NO
OPENJPA,openjpa-kernel/src/main/java/org/apache/openjpa/datacache/DataCache.java,8,36,867,7,4,567,258,81.000000,267,242,38.142857,3344,1263,477.714286,106.142857,104.494645,1,0,0,NO
OPENJPA,openjpa-kernel/src/main/java/org/apache/openjpa/datacache/DataCacheManager.java,8,14,267,5,2,172,74,34.400000,77,71,15.400000,3111,1263,622.200000,106.142857,102.228464,1,0,0,NO
OPENJPA,openjpa-kernel/src/main/java/org/apache/openjpa/datacache/DataCachePCData.java,8,6,201,7,2,118,32,16.857143,35,30,5.000000,3805,1263,543.571429,114.428571,103.085288,2,0,0,NO
OPENJPA,openjpa-kernel/src/main/java/org/apache/openjpa/datacache/ExpirationListener.java,8,4,201,8,2,117,30,14.625000,33,30,4.125000,4027,1263,503.375000,114.428571,103.013504,2,0,0,NO
OPENJPA,openjpa-kernel/src/main/java/org/apache/openjpa/datacache/QueryCache.java,8,18,476,6,2,307,138,51.166667,138,130,23.000000,3382,1263,563.666667,106.142857,104.002101,1,0,0,NO
OPENJPA,openjpa-kernel/src/main/java/org/apache/openjpa/datacache/TypesChangedListener.java,8,4,201,8,2,117,30,14.625000,33,30,4.125000,4027,1263,503.375000,114.428571,103.013504,2,0,0,NO
OPENJPA,openjpa-kernel/src/main/java/org/apache/openjpa/ee/AbstractManagedRuntime.java,8,53,110,2,1,109,68,54.500000,108,67,54.000000,29,18,14.500000,50.714286,26.967532,0,0,1,NO
OPENJPA,openjpa-kernel/src/main/java/org/apache/openjpa/enhance/AttributeTranslator.java,8,4,341,11,3,186,36,16.909091,31,30,2.818182,4383,1263,398.454545,114.428571,90.423544,2,0,0,YES
OPENJPA,openjpa-kernel/src/main/java/org/apache/openjpa/enhance/DynamicPersistenceCapable.java,8,3,242,9,2,135,30,15.000000,28,30,3.111111,4164,1263,462.666667,114.428571,91.351830,1,0,0,YES
OPENJPA,openjpa-kernel/src/main/java/org/apache/openjpa/enhance/DynamicStorage.java,8,25,441,5,2,291,138,58.200000,141,135,28.200000,3332,1263,666.400000,106.142857,103.953029,1,0,0,NO
OPENJPA,openjpa-kernel/src/main/java/org/apache/openjpa/enhance/FieldConsumer.java,8,13,239,4,2,157,72,39.250000,75,69,18.750000,3110,1263,777.500000,106.142857,102.243276,1,0,0,NO
OPENJPA,openjpa-kernel/src/main/java/org/apache/openjpa/enhance/FieldManager.java,8,4,187,8,2,107,30,13.375000,27,30,3.375000,4100,1263,512.500000,114.428571,102.967914,1,0,0,NO
OPENJPA,openjpa-kernel/src/main/java/org/apache/openjpa/enhance/FieldSupplier.java,8,13,239,4,2,157,72,39.250000,75,69,18.750000,3110,1263,777.500000,106.142857,102.243276,1,0,0,NO
OPENJPA,openjpa-kernel/src/main/java/org/apache/openjpa/enhance/ManagedInstanceProvider.java,8,4,242,9,2,135,30,15.000000,28,30,3.111111,4164,1263,462.666667,114.428571,91.351830,1,0,0,YES
OPENJPA,openjpa-kernel/src/main/java/org/apache/openjpa/enhance/PersistenceCapable.java,8,40,294,5,3,194,91,38.800000,94,87,18.800000,3119,1263,623.800000,106.142857,102.511662,1,0,0,NO
OPENJPA,openjpa-kernel/src/main/java/org/apache/openjpa/enhance/StateManager.java,8,69,880,6,4,583,282,97.166667,286,277,47.666667,3159,1263,526.500000,106.142857,104.697565,1,0,0,NO
OPENJPA,openjpa-kernel/src/main/java/org/apache/openjpa/event/AbstractLifecycleListener.java,8,60,288,5,2,198,81,39.600000,108,77,21.600000,3116,1263,623.200000,106.142857,98.695933,1,0,0,NO
OPENJPA,openjpa-kernel/src/main/java/org/apache/openjpa/event/AbstractRemoteCommitProvider.java,8,32,222,5,2,146,67,29.200000,70,63,14.000000,3332,1263,666.400000,106.142857,101.889961,1,0,0,NO
OPENJPA,openjpa-kernel/src/main/java/org/apache/openjpa/event/AbstractTransactionListener.java,8,33,239,5,2,156,70,31.200000,73,67,14.600000,3332,1263,666.400000,106.142857,102.181112,1,0,0,NO
OPENJPA,openjpa-kernel/src/main/java/org/apache/openjpa/event/AttachListener.java,8,5,249,7,2,143,40,20.428571,37,40,5.285714,3805,1263,543.571429,114.428571,104.145726,2,0,0,NO
OPENJPA,openjpa-kernel/src/main/java/org/apache/openjpa/event/BeginTransactionListener.java,8,4,226,8,2,131,35,16.375000,36,35,4.500000,4027,1263,503.375000,114.428571,103.583439,2,0,0,NO
OPENJPA,openjpa-kernel/src/main/java/org/apache/openjpa/event/BrokerFactoryEvent.java,8,18,506,10,2,281,55,28.100000,56,55,5.600000,4240,1263,424.000000,114.428571,94.741107,1,0,0,YES
OPENJPA,openjpa-kernel/src/main/java/org/apache/openjpa/event/BrokerFactoryListener.java,8,4,325,10,2,180,40,18.000000,35,40,3.500000,3949,1263,394.900000,114.428571,92.932747,2,0,0,YES
OPENJPA,openjpa-kernel/src/main/java/org/apache/openjpa/event/ClearListener.java,8,5,252,8,2,145,35,18.125000,38,35,4.750000,4100,1263,512.500000,114.428571,104.056689,1,0,0,NO
OPENJPA,openjpa-kernel/src/main/java/org/apache/openjpa/event/DeleteListener.java,8,5,252,8,2,145,35,18.125000,38,35,4.750000,4100,1263,512.500000,114.428571,104.056689,1,0,0,NO
OPENJPA,openjpa-kernel/src/main/java/org/apache/openjpa/event/DetachListener.java,8,5,249,7,2,143,40,20.428571,37,40,5.285714,3805,1263,543.571429,114.428571,104.145726,2,0,0,NO
OPENJPA,openjpa-kernel/src/main/java/org/apache/openjpa/event/DirtyListener.java,8,7,344,7,2,196,60,28.000000,48,60,6.857143,3805,1263,543.571429,114.428571,105.326827,2,0,0,NO
OPENJPA,openjpa-kernel/src/main/java/org/apache/openjpa/event/EndTransactionListener.java,8,9,249,5,2,161,70,32.200000,73,67,14.600000,3332,1263,666.400000,106.142857,102.328744,1,0,0,NO
OPENJPA,openjpa-kernel/src/main/java/org/apache/openjpa/event/ExceptionOrphanedKeyAction.java,8,14,304,8,2,173,53,21.625000,42,53,5.250000,4027,1263,503.375000,114.428571,104.922932,2,0,0,NO
OPENJPA,openjpa-kernel/src/main/java/org/apache/openjpa/event/FlushTransactionListener.java,8,5,315,8,2,179,55,22.375000,43,55,5.375000,4027,1263,503.375000,114.428571,105.041270,2,0,0,NO
OPENJPA,openjpa-kernel/src/main/java/org/apache/openjpa/event/LifecycleListener.java,8,5,197,7,2,114,32,16.285714,31,32,4.428571,3805,1263,543.571429,114.428571,103.126904,2,0,0,NO
OPENJPA,openjpa-kernel/src/main/java/org/apache/openjpa/event/LoadListener.java,8,5,252,8,2,145,35,18.125000,38,35,4.750000,4100,1263,512.500000,114.428571,104.056689,1,0,0,NO
OPENJPA,openjpa-kernel/src/main/java/org/apache/openjpa/event/NoneOrphanedKeyAction.java,8,10,245,9,2,141,35,15.666667,37,35,4.111111,4322,1263,480.222222,114.428571,103.917201,1,0,0,NO
OPENJPA,openjpa-kernel/src/main/java/org/apache/openjpa/event/OrphanedKeyAction.java,8,6,149,5,2,96,40,19.200000,43,37,8.600000,3332,1263,666.400000,106.142857,99.845638,1,0,0,NO
OPENJPA,openjpa-kernel/src/main/java/org/apache/openjpa/event/PersistListener.java,8,5,247,7,2,142,40,20.285714,37,40,5.285714,3805,1263,543.571429,114.428571,104.131868,2,0,0,NO
OPENJPA,openjpa-kernel/src/main/java/org/apache/openjpa/event/PostDeleteListener.java,8,4,343,11,2,188,40,17.090909,33,40,3.000000,3961,1263,360.090909,114.428571,89.322782,2,0,1,YES
OPENJPA,openjpa-kernel/src/main/java/org/apache/openjpa/event/PostPersistListener.java,8,4,319,8,2,176,40,22.000000,33,40,4.125000,3817,1263,477.125000,114.428571,86.590237,2,0,1,YES
OPENJPA,openjpa-kernel/src/main/java/org/apache/openjpa/event/RemoteCommitListener.java,8,7,238,5,2,149,65,29.800000,60,52,12.000000,3332,1263,666.400000,106.142857,102.135654,1,0,0,NO
OPENJPA,openjpa-kernel/src/main/java/org/apache/openjpa/event/RemoteCommitProvider.java,8,8,224,6,2,143,63,23.833333,62,55,10.333333,3346,1263,557.666667,106.142857,101.904974,1,0,0,NO
OPENJPA,openjpa-kernel/src/main/java/org/apache/openjpa/event/SingleJVMRemoteCommitProvider.java,8,24,381,7,3,223,66,31.857143,65,61,9.285714,3497,1263,499.571429,106.142857,73.357330,1,0,0,YES
OPENJPA,openjpa-kernel/src/main/java/org/apache/openjpa/event/StoreListener.java,8,5,228,7,2,133,35,19.000000,38,35,5.428571,3805,1263,543.571429,114.428571,103.668546,2,0,0,NO
OPENJPA,openjpa-kernel/src/main/java/org/apache/openjpa/event/TransactionListener.java,8,5,194,9,2,113,30,12.555556,32,30,3.555556,4028,1263,447.555556,114.428571,102.916053,2,0,0,NO
OPENJPA,openjpa-kernel/src/main/java/org/apache/openjpa/event/UpdateListener.java,8,5,350,11,2,196,40,17.818182,42,40,3.818182,3961,1263,360.090909,114.428571,88.019184,2,0,1,YES
OPENJPA,openjpa-kernel/src/main/java/org/apache/openjpa/kernel/AbstractFieldManager.java,8,66,348,4,2,230,109,57.500000,112,105,28.000000,3110,1263,777.500000,106.142857,103.434729,1,0,0,NO
OPENJPA,openjpa-kernel/src/main/java/org/apache/openjpa/kernel/AbstractLockManager.java,8,30,259,5,2,171,80,34.200000,83,75,16.600000,3130,1263,626.000000,106.142857,102.535576,1,0,0,NO
OPENJPA,openjpa-kernel/src/main/java/org/apache/openjpa/kernel/Broker.java,8,119,2192,11,4,1455,665,132.272727,718,652,65.272727,3530,1263,320.909091,106.142857,104.509645,1,0,2,NO
OPENJPA,openjpa-kernel/src/main/java/org/apache/openjpa/kernel/BrokerFactory.java,8,23,355,7,3,238,101,34.000000,121,97,17.285714,3415,1263,487.857143,106.142857,100.862374,1,0,0,NO
OPENJPA,openjpa-kernel/src/main/java/org/apache/openjpa/kernel/Extent.java,8,17,295,4,2,193,90,48.250000,91,85,22.750000,3110,1263,777.500000,106.142857,102.961259,1,0,0,NO
OPENJPA,openjpa-kernel/src/main/java/org/apache/openjpa/kernel/FindCallbacks.java,8,5,317,8,2,180,55,22.500000,43,55,5.375000,3825,1263,478.125000,114.428571,105.087877,2,0,0,NO
OPENJPA,openjpa-kernel/src/main/java/org/apache/openjpa/kernel/LockManager.java,8,16,371,5,2,241,108,48.200000,111,103,22.200000,3130,1263,626.000000,106.142857,103.580670,1,0,0,NO
OPENJPA,openjpa-kernel/src/main/java/org/apache/openjpa/kernel/NoneLockManager.java,8,14,293,7,2,167,53,23.857143,41,53,5.857143,3805,1263,543.571429,114.428571,104.921502,2,0,0,NO
OPENJPA,openjpa-kernel/src/main/java/org/apache/openjpa/kernel/OpCallbacks.java,8,18,189,5,2,122,52,24.400000,55,48,11.000000,3130,1263,626.000000,106.142857,101.221466,1,0,0,NO
OPENJPA,openjpa-kernel/src/main/java/org/apache/openjpa/kernel/PCData.java,8,20,373,6,3,240,108,40.000000,107,102,17.833333,3251,1263,541.833333,106.142857,103.472233,1,0,0,NO
OPENJPA,openjpa-kernel/src/main/java/org/apache/openjpa/kernel/Query.java,8,35,617,5,2,405,194,81.000000,193,187,38.600000,3332,1263,666.400000,106.142857,104.523038,1,0,0,NO
OPENJPA,openjpa-kernel/src/main/java/org/apache/openjpa/kernel/QueryContext.java,8,56,940,8,3,612,289,76.500000,284,282,35.500000,3416,1263,427.000000,106.142857,104.724620,1,0,1,NO
OPENJPA,openjpa-kernel/src/main/java/org/apache/openjpa/kernel/SavepointManager.java,8,5,253,9,2,146,36,16.222222,39,35,4.333333,4322,1263,480.222222,114.428571,103.984754,1,0,0,NO
OPENJPA,openjpa-kernel/src/main/java/org/apache/openjpa/kernel/Seq.java,8,15,243,4,2,158,70,39.500000,73,66,18.250000,3110,1263,777.500000,106.142857,102.296296,1,0,0,NO
OPENJPA,openjpa-kernel/src/main/java/org/apache/openjpa/kernel/StoreContext.java,8,77,1483,12,4,972,437,81.000000,461,430,38.416667,3662,1263,305.166667,106.142857,102.716116,1,0,0,NO
OPENJPA,openjpa-kernel/src/main/java/org/apache/openjpa/kernel/StoreManager.java,8,55,1524,12,4,975,427,81.250000,426,416,35.500000,3707,1263,308.916667,106.142857,105.190757,1,0,0,NO
OPENJPA,openjpa-kernel/src/main/java/org/apache/openjpa/kernel/StoreQuery.java,8,74,1721,9,4,1023,325,113.666667,325,308,36.111111,3411,1263,379.000000,106.142857,68.422512,1,0,1,YES
OPENJPA,openjpa-kernel/src/main/java/org/apache/openjpa/kernel/exps/AbstractExpressionVisitor.java,8,12,62,3,2,52,24,17.333333,42,24,14.000000,1494,1263,498.000000,100.571429,85.020737,0,0,0,NO
OPENJPA,openjpa-kernel/src/main/java/org/apache/openjpa/kernel/exps/Add.java,8,11,237,7,2,139,38,19.857143,41,35,5.857143,3805,1263,543.571429,114.428571,103.757083,2,0,0,NO
OPENJPA,openjpa-kernel/src/main/java/org/apache/openjpa/kernel/exps/AggregateListener.java,8,12,244,5,2,158,69,31.600000,72,65,14.400000,3130,1263,626.000000,106.142857,102.306206,1,0,0,NO
OPENJPA,openjpa-kernel/src/main/java/org/apache/openjpa/kernel/exps/All.java,8,27,183,4,2,121,56,30.250000,59,49,14.750000,3110,1263,777.500000,106.142857,101.078064,1,0,0,NO
OPENJPA,openjpa-kernel/src/main/java/org/apache/openjpa/kernel/exps/Any.java,8,27,180,4,2,119,55,29.750000,58,48,14.500000,3110,1263,777.500000,106.142857,100.995238,1,0,0,NO
OPENJPA,openjpa-kernel/src/main/java/org/apache/openjpa/kernel/exps/Arguments.java,8,5,197,7,2,115,30,16.428571,33,30,4.714286,3805,1263,543.571429,114.428571,103.023205,2,0,0,NO
OPENJPA,openjpa-kernel/src/main/java/org/apache/openjpa/kernel/exps/Avg.java,8,31,203,4,2,134,62,33.500000,65,56,16.250000,3110,1263,777.500000,106.142857,101.567910,1,0,0,NO
OPENJPA,openjpa-kernel/src/main/java/org/apache/openjpa/kernel/exps/Constant.java,8,4,205,8,3,119,31,14.875000,33,30,4.125000,3831,1263,478.875000,114.428571,102.969338,2,0,0,NO
OPENJPA,openjpa-kernel/src/main/java/org/apache/openjpa/kernel/exps/Count.java,8,20,392,8,2,222,55,27.750000,52,55,6.500000,4100,1263,512.500000,114.428571,105.503280,1,0,0,NO
OPENJPA,openjpa-kernel/src/main/java/org/apache/openjpa/kernel/exps/Divide.java,8,11,240,7,2,141,39,20.142857,42,35,6.000000,3805,1263,543.571429,114.428571,103.785714,2,0,0,NO
OPENJPA,openjpa-kernel/src/main/java/org/apache/openjpa/kernel/exps/EndsWithExpression.java,8,12,275,7,2,158,45,22.571429,41,45,5.857143,3805,1263,543.571429,114.428571,104.525714,2,0,0,NO
OPENJPA,openjpa-kernel/src/main/java/org/apache/openjpa/kernel/exps/EqualExpression.java,8,11,239,7,2,140,39,20.000000,41,35,5.857143,3805,1263,543.571429,114.428571,103.775254,2,0,0,NO
OPENJPA,openjpa-kernel/src/main/java/org/apache/openjpa/kernel/exps/Expression.java,8,6,208,10,3,122,30,12.200000,36,30,3.600000,4217,1263,421.700000,114.428571,101.699863,1,0,0,NO
OPENJPA,openjpa-kernel/src/main/java/org/apache/openjpa/kernel/exps/ExpressionParser.java,8,14,204,4,2,134,61,33.500000,64,57,16.000000,3110,1263,777.500000,106.142857,101.590336,1,0,0,NO
OPENJPA,openjpa-kernel/src/main/java/org/apache/openjpa/kernel/exps/ExpressionVisitor.java,8,7,69,3,2,59,31,19.666667,49,31,16.333333,1494,1263,498.000000,100.571429,86.598344,0,0,0,NO
OPENJPA,openjpa-kernel/src/main/java/org/apache/openjpa/kernel/exps/FilterListener.java,8,12,317,5,2,203,89,40.600000,89,82,17.800000,3130,1263,626.000000,106.142857,103.155926,1,0,0,NO
OPENJPA,openjpa-kernel/src/main/java/org/apache/openjpa/kernel/exps/GreaterThanEqualExpression.java,8,12,280,7,2,161,45,23.000000,42,45,6.000000,3805,1263,543.571429,114.428571,104.552041,2,0,0,NO
OPENJPA,openjpa-kernel/src/main/java/org/apache/openjpa/kernel/exps/GreaterThanExpression.java,8,12,280,7,2,161,45,23.000000,42,45,6.000000,3805,1263,543.571429,114.428571,104.552041,2,0,0,NO
OPENJPA,openjpa-kernel/src/main/java/org/apache/openjpa/kernel/exps/LessThanEqualExpression.java,8,12,280,7,2,161,45,23.000000,42,45,6.000000,3805,1263,543.571429,114.428571,104.552041,2,0,0,NO
OPENJPA,openjpa-kernel/src/main/java/org/apache/openjpa/kernel/exps/LessThanExpression.java,8,12,280,7,2,161,45,23.000000,42,45,6.000000,3805,1263,543.571429,114.428571,104.552041,2,0,0,NO
OPENJPA,openjpa-kernel/src/main/java/org/apache/openjpa/kernel/exps/Literal.java,8,12,353,8,3,202,60,25.250000,51,60,6.375000,3831,1263,478.875000,114.428571,105.305140,2,0,0,NO
OPENJPA,openjpa-kernel/src/main/java/org/apache/openjpa/kernel/exps/Max.java,8,22,171,4,2,112,50,28.000000,53,46,13.250000,3110,1263,777.500000,106.142857,100.730159,1,0,0,NO
OPENJPA,openjpa-kernel/src/main/java/org/apache/openjpa/kernel/exps/Min.java,8,22,171,4,2,112,50,28.000000,53,46,13.250000,3110,1263,777.500000,106.142857,100.730159,1,0,0,NO
OPENJPA,openjpa-kernel/src/main/java/org/apache/openjpa/kernel/exps/Mod.java,8,11,240,7,2,141,39,20.142857,42,35,6.000000,3805,1263,543.571429,114.428571,103.785714,2,0,0,NO
OPENJPA,openjpa-kernel/src/main/java/org/apache/openjpa/kernel/exps/Multiply.java,8,11,278,7,2,160,45,22.857143,42,45,6.000000,3805,1263,543.571429,114.428571,104.542138,2,0,0,NO
OPENJPA,openjpa-kernel/src/main/java/org/apache/openjpa/kernel/exps/NotEqualExpression.java,8,11,239,7,2,140,39,20.000000,41,35,5.857143,3805,1263,543.571429,114.428571,103.775254,2,0,0,NO
OPENJPA,openjpa-kernel/src/main/java/org/apache/openjpa/kernel/exps/Parameter.java,8,6,217,8,3,128,36,16.000000,39,30,4.875000,3831,1263,478.875000,114.428571,103.236998,2,0,0,NO
OPENJPA,openjpa-kernel/src/main/java/org/apache/openjpa/kernel/exps/Path.java,8,11,402,11,4,236,55,21.454545,70,55,6.363636,4226,1263,384.181818,114.428571,101.122601,1,0,0,NO
OPENJPA,openjpa-kernel/src/main/java/org/apache/openjpa/kernel/exps/Resolver.java,8,10,190,5,2,126,51,25.200000,62,48,12.400000,3120,1263,624.000000,106.142857,97.879699,1,0,0,NO
OPENJPA,openjpa-kernel/src/main/java/org/apache/openjpa/kernel/exps/Size.java,8,20,157,4,2,103,46,25.750000,49,42,12.250000,3110,1263,777.500000,106.142857,100.258417,1,0,0,NO
OPENJPA,openjpa-kernel/src/main/java/org/apache/openjpa/kernel/exps/StartsWithExpression.java,8,12,275,7,2,158,45,22.571429,41,45,5.857143,3805,1263,543.571429,114.428571,104.525714,2,0,0,NO
OPENJPA,openjpa-kernel/src/main/java/org/apache/openjpa/kernel/exps/Subquery.java,8,6,261,10,3,150,37,15.000000,39,35,3.900000,4348,1263,434.800000,114.428571,103.990148,1,0,0,NO
OPENJPA,openjpa-kernel/src/main/java/org/apache/openjpa/kernel/exps/Subtract.java,8,11,278,7,2,160,45,22.857143,42,45,6.000000,3805,1263,543.571429,114.428571,104.542138,2,0,0,NO
OPENJPA,openjpa-kernel/src/main/java/org/apache/openjpa/kernel/exps/Sum.java,8,32,201,4,2,133,62,33.250000,65,55,16.250000,3110,1263,777.500000,106.142857,101.523099,1,0,0,NO
OPENJPA,openjpa-kernel/src/main/java/org/apache/openjpa/kernel/exps/Value.java,8,14,212,8,4,144,55,18.000000,76,52,9.500000,3276,1263,409.500000,106.142857,98.842992,1,0,0,NO
OPENJPA,openjpa-kernel/src/main/java/org/apache/openjpa/kernel/jpql/SimpleNode.java,8,7,220,9,2,127,31,14.111111,34,30,3.777778,4101,1263,455.666667,114.428571,103.509091,1,0,0,NO
OPENJPA,openjpa-kernel/src/main/java/org/apache/openjpa/meta/MetaDataContext.java,8,4,196,7,2,114,30,16.285714,32,30,4.571429,3805,1263,543.571429,114.428571,103.008017,2,0,0,NO
OPENJPA,openjpa-kernel/src/main/java/org/apache/openjpa/meta/MetaDataDefaults.java,8,16,290,11,5,191,64,17.363636,92,60,8.363636,3235,1263,294.090909,106.142857,100.098522,1,0,0,NO
OPENJPA,openjpa-kernel/src/main/java/org/apache/openjpa/meta/MetaDataFactory.java,8,30,467,6,4,310,138,51.666667,153,134,25.500000,3134,1263,522.333333,106.142857,103.030284,1,0,0,NO
OPENJPA,openjpa-kernel/src/main/java/org/apache/openjpa/meta/Order.java,8,10,338,8,2,195,55,24.375000,52,55,6.500000,3844,1263,480.500000,114.428571,104.939560,2,0,0,NO
OPENJPA,openjpa-kernel/src/main/java/org/apache/openjpa/meta/ValueMetaData.java,8,47,983,7,2,644,300,92.000000,305,296,43.571429,3382,1263,483.142857,106.142857,104.933876,1,0,0,NO
OPENJPA,openjpa-kernel/src/main/java/org/apache/openjpa/util/ChangeTracker.java,8,12,305,4,2,197,86,49.250000,89,83,22.250000,3110,1263,777.500000,106.142857,103.051522,1,0,0,NO
OPENJPA,openjpa-kernel/src/main/java/org/apache/openjpa/util/ClassResolver.java,8,6,155,5,2,100,43,20.000000,45,39,9.000000,3332,1263,666.400000,106.142857,100.086636,1,0,0,NO
OPENJPA,openjpa-kernel/src/main/java/org/apache/openjpa/util/ClassResolverImpl.java,8,31,216,8,4,142,59,17.750000,68,53,8.500000,3551,1263,443.875000,106.142857,96.515873,1,0,1,NO
OPENJPA,openjpa-kernel/src/main/java/org/apache/openjpa/util/CollectionChangeTracker.java,8,6,303,7,2,172,55,24.571429,41,55,5.857143,3805,1263,543.571429,114.428571,105.049033,2,0,0,NO
OPENJPA,openjpa-kernel/src/main/java/org/apache/openjpa/util/ExceptionInfo.java,8,16,273,6,2,178,80,29.666667,83,77,13.833333,3333,1263,555.500000,106.142857,102.398221,1,0,0,NO
OPENJPA,openjpa-kernel/src/main/java/org/apache/openjpa/util/GeneralException.java,8,25,325,9,2,191,53,21.222222,57,53,6.333333,3935,1263,437.222222,114.428571,104.060659,2,0,0,NO
OPENJPA,openjpa-kernel/src/main/java/org/apache/openjpa/util/InternalException.java,8,31,342,9,2,203,53,22.555556,64,53,7.111111,4116,1263,457.333333,114.428571,104.903509,2,0,0,NO
OPENJPA,openjpa-kernel/src/main/java/org/apache/openjpa/util/LRSProxy.java,8,4,198,9,2,114,30,12.666667,30,30,3.333333,4322,1263,480.222222,114.428571,103.067821,1,0,0,NO
OPENJPA,openjpa-kernel/src/main/java/org/apache/openjpa/util/MapChangeTracker.java,8,9,214,5,2,138,59,27.600000,62,55,12.400000,3160,1263,632.000000,106.142857,101.784379,1,0,0,NO
OPENJPA,openjpa-kernel/src/main/java/org/apache/openjpa/util/Proxy.java,8,9,211,5,3,136,59,27.200000,61,55,12.200000,3151,1263,630.200000,106.142857,101.526066,1,0,0,NO
OPENJPA,openjpa-kernel/src/main/java/org/apache/openjpa/util/ProxyBean.java,8,5,213,8,3,124,31,15.500000,35,30,4.375000,3846,1263,480.750000,114.428571,102.146881,2,0,0,NO
OPENJPA,openjpa-kernel/src/main/java/org/apache/openjpa/util/ProxyCalendar.java,8,5,234,9,3,134,35,14.888889,34,35,3.777778,3851,1263,427.888889,114.428571,102.521368,2,0,0,NO
OPENJPA,openjpa-kernel/src/main/java/org/apache/openjpa/util/ProxyCollection.java,8,9,168,5,3,105,41,21.000000,42,36,8.400000,3151,1263,630.200000,106.142857,97.710884,1,0,0,NO
OPENJPA,openjpa-kernel/src/main/java/org/apache/openjpa/util/ProxyDate.java,8,5,204,8,3,119,31,14.875000,34,30,4.250000,3846,1263,480.750000,114.428571,102.915966,2,0,0,NO
OPENJPA,openjpa-kernel/src/main/java/org/apache/openjpa/util/ProxyManager.java,8,22,460,6,3,288,119,48.000000,116,116,19.333333,3373,1263,562.166667,106.142857,101.220497,1,0,0,NO
OPENJPA,openjpa-kernel/src/main/java/org/apache/openjpa/util/ProxyMap.java,8,10,167,5,3,107,40,21.400000,47,36,9.400000,3151,1263,630.200000,106.142857,97.534645,1,0,0,NO
OPENJPA,openjpa-kernel/src/main/java/org/apache/openjpa/util/RuntimeExceptionTranslator.java,8,6,220,7,2,128,35,18.285714,36,35,5.142857,3805,1263,543.571429,114.428571,103.581818,2,0,0,NO
OPENJPA,openjpa-kernel/src/main/java/org/apache/openjpa/util/StoreException.java,8,28,355,10,3,208,53,20.800000,61,53,6.100000,4120,1263,412.000000,114.428571,102.584306,2,0,1,NO
OPENJPA,openjpa-kernel/src/main/java/org/apache/openjpa/util/UnsupportedException.java,8,23,336,9,2,195,53,21.666667,54,53,6.000000,4116,1263,457.333333,114.428571,104.930697,2,0,0,NO
OPENJPA,openjpa-kernel/src/main/java/org/apache/openjpa/util/UserException.java,8,31,343,10,2,204,53,20.400000,65,53,6.500000,4122,1263,412.200000,114.428571,104.704706,2,0,1,NO
OPENJPA,openjpa-lib/src/main/java/org/apache/openjpa/lib/conf/Configurable.java,8,6,105,5,2,75,42,15.000000,45,42,9.000000,3181,1263,636.200000,108.000000,98.612245,2,0,0,NO
OPENJPA,openjpa-lib/src/main/java/org/apache/openjpa/lib/conf/ConfigurationProvider.java,8,8,297,9,4,176,71,19.555556,55,71,6.111111,3488,1263,387.555556,108.000000,99.550746,2,0,0,NO
OPENJPA,openjpa-lib/src/main/java/org/apache/openjpa/lib/conf/GenericConfigurable.java,8,5,123,6,2,82,39,13.666667,41,39,6.833333,3186,1263,531.000000,108.000000,99.684088,2,0,0,NO
OPENJPA,openjpa-lib/src/main/java/org/apache/openjpa/lib/conf/ValueListener.java,8,4,102,6,2,67,31,11.166667,32,31,5.333333,3315,1263,552.500000,114.428571,100.315126,2,0,0,NO
OPENJPA,openjpa-lib/src/main/java/org/apache/openjpa/lib/graph/GraphVisitor.java,8,6,439,8,2,243,60,30.375000,47,60,5.875000,3816,1263,477.000000,114.428571,95.301660,2,0,0,YES
OPENJPA,openjpa-lib/src/main/java/org/apache/openjpa/lib/graph/NodeInfo.java,8,8,323,10,3,179,36,17.900000,35,30,3.500000,4319,1263,431.900000,114.428571,92.572755,2,0,0,YES
OPENJPA,openjpa-lib/src/main/java/org/apache/openjpa/lib/jdbc/ConnectionDecorator.java,8,6,112,6,2,74,35,12.333333,36,35,6.000000,3315,1263,552.500000,114.428571,101.178571,2,0,0,NO
OPENJPA,openjpa-lib/src/main/java/org/apache/openjpa/lib/jdbc/JDBCEvent.java,8,50,278,5,2,220,157,44.000000,162,157,32.400000,3181,1263,636.200000,108.000000,104.343782,2,0,0,NO
OPENJPA,openjpa-lib/src/main/java/org/apache/openjpa/lib/jdbc/JDBCListener.java,8,15,168,5,2,129,86,25.800000,90,86,18.000000,3181,1263,636.200000,108.000000,102.081633,2,0,0,NO
OPENJPA,openjpa-lib/src/main/java/org/apache/openjpa/lib/log/AbstractLog.java,8,74,292,7,2,216,159,30.857143,140,159,20.000000,3760,1263,537.142857,108.000000,104.214286,2,0,0,NO
OPENJPA,openjpa-lib/src/main/java/org/apache/openjpa/lib/log/LogFactory.java,8,4,98,6,2,65,30,10.833333,32,30,5.333333,3315,1263,552.500000,114.428571,99.938776,2,0,0,NO
OPENJPA,openjpa-lib/src/main/java/org/apache/openjpa/lib/meta/MetaDataFilter.java,8,9,180,6,2,116,55,19.333333,52,55,8.666667,3315,1263,552.500000,114.428571,104.452381,2,0,0,NO
OPENJPA,openjpa-lib/src/main/java/org/apache/openjpa/lib/meta/MetaDataIterator.java,8,12,138,5,2,99,57,19.800000,60,57,12.000000,3181,1263,636.200000,108.000000,100.740166,2,0,0,NO
OPENJPA,openjpa-lib/src/main/java/org/apache/openjpa/lib/meta/MetaDataParser.java,8,17,195,6,2,141,84,23.500000,87,84,14.500000,3671,1263,611.833333,108.000000,102.726740,2,0,0,NO
OPENJPA,openjpa-lib/src/main/java/org/apache/openjpa/lib/meta/MetaDataSerializer.java,8,15,246,7,2,160,76,22.857143,74,76,10.571429,3721,1263,531.571429,108.000000,103.430894,2,0,0,NO
OPENJPA,openjpa-lib/src/main/java/org/apache/openjpa/lib/meta/SourceTracker.java,8,11,122,5,2,89,54,17.800000,56,54,11.200000,3181,1263,636.200000,108.000000,99.882904,2,0,0,NO
OPENJPA,openjpa-lib/src/main/java/org/apache/openjpa/lib/rop/AbstractResultList.java,8,50,187,7,3,139,85,19.857143,91,85,13.000000,3271,1263,467.285714,108.000000,99.964859,2,0,1,NO
OPENJPA,openjpa-lib/src/main/java/org/apache/openjpa/lib/rop/AbstractSequentialResultList.java,8,72,234,5,2,175,130,35.000000,116,130,23.200000,3181,1263,636.200000,108.000000,103.677045,2,0,0,NO
OPENJPA,openjpa-lib/src/main/java/org/apache/openjpa/lib/rop/ResultList.java,8,9,171,5,2,114,62,22.800000,57,62,11.400000,3181,1263,636.200000,108.000000,101.974102,2,0,0,NO
OPENJPA,openjpa-lib/src/main/java/org/apache/openjpa/lib/util/BytecodeWriter.java,8,6,107,6,2,70,32,11.666667,33,32,5.500000,3315,1263,552.500000,114.428571,100.647530,2,0,0,NO
OPENJPA,openjpa-lib/src/main/java/org/apache/openjpa/lib/util/Bytes.java,8,79,195,3,3,181,164,60.333333,167,164,55.666667,1267,1263,422.333333,89.000000,86.124542,0,0,0,YES
OPENJPA,openjpa-lib/src/main/java/org/apache/openjpa/lib/util/EventManager.java,8,10,121,5,2,90,56,18.000000,59,56,11.800000,3181,1263,636.200000,108.000000,99.822904,2,0,0,NO
OPENJPA,openjpa-lib/src/main/java/org/apache/openjpa/lib/util/J2DoPriv5Helper.java,8,30,92,1,1,92,92,92.000000,92,92,92.000000,10,10,10.000000,42.714286,42.714286,1,0,1,NO
OPENJPA,openjpa-lib/src/main/java/org/apache/openjpa/lib/util/ParseException.java,8,21,172,8,2,113,53,14.125000,54,53,6.750000,3626,1263,453.250000,114.428571,103.841362,2,0,0,NO
OPENJPA,openjpa-lib/src/main/java/org/apache/openjpa/lib/util/ReferenceMap.java,8,10,123,5,2,88,50,17.600000,53,50,10.600000,3181,1263,636.200000,108.000000,99.886179,2,0,0,NO
OPENJPA,openjpa-lib/src/main/java/org/apache/openjpa/lib/util/ResourceBundleProvider.java,8,7,121,6,2,80,37,13.333333,39,37,6.500000,3315,1263,552.500000,114.428571,101.785124,2,0,0,NO
OPENJPA,openjpa-lib/src/main/java/org/apache/openjpa/lib/util/SizedMap.java,8,8,180,6,2,115,60,19.166667,50,60,8.333333,3315,1263,552.500000,114.428571,104.647619,2,0,0,NO
OPENJPA,openjpa-lib/src/main/java/org/apache/openjpa/lib/util/concurrent/ConcurrentMap.java,8,7,172,6,2,108,55,18.000000,44,55,7.333333,3315,1263,552.500000,114.428571,104.270764,2,0,0,NO
OPENJPA,openjpa-lib/src/main/java/org/apache/openjpa/lib/xml/Commentable.java,8,6,132,7,2,86,40,12.285714,40,40,5.714286,3537,1263,505.285714,114.428571,102.326840,2,0,0,NO
OPENJPA,openjpa-lib/src/main/java/org/apache/openjpa/lib/xml/ValidatingErrorHandler.java,8,15,164,6,2,105,53,17.500000,46,53,7.666667,3315,1263,552.500000,114.428571,104.028746,2,0,0,NO
OPENJPA,openjpa-persistence-jdbc/src/main/java/org/apache/openjpa/persistence/jdbc/ClassCriteria.java,8,11,298,10,2,169,53,16.900000,40,53,4.000000,4633,1263,463.300000,114.428571,104.673538,2,0,0,NO
OPENJPA,openjpa-persistence-jdbc/src/main/java/org/apache/openjpa/persistence/jdbc/Columns.java,8,12,300,10,2,170,53,17.000000,40,53,4.000000,4633,1263,463.300000,114.428571,104.675714,2,0,0,NO
OPENJPA,openjpa-persistence-jdbc/src/main/java/org/apache/openjpa/persistence/jdbc/ContainerTable.java,8,17,181,7,2,116,45,16.571429,51,42,7.285714,3938,1263,562.571429,106.142857,100.501973,1,0,0,NO
OPENJPA,openjpa-persistence-jdbc/src/main/java/org/apache/openjpa/persistence/jdbc/DataStoreIdColumn.java,8,14,316,10,2,181,53,18.100000,46,53,4.600000,4633,1263,463.300000,114.428571,104.721971,2,0,0,NO
OPENJPA,openjpa-persistence-jdbc/src/main/java/org/apache/openjpa/persistence/jdbc/DiscriminatorStrategy.java,8,10,256,11,2,147,35,13.363636,38,35,3.454545,4928,1263,448.000000,114.428571,103.750558,1,0,0,NO
OPENJPA,openjpa-persistence-jdbc/src/main/java/org/apache/openjpa/persistence/jdbc/EagerFetchMode.java,8,11,301,11,2,170,53,15.454545,39,53,3.545455,4649,1263,422.636364,114.428571,104.299003,2,0,0,NO
OPENJPA,openjpa-persistence-jdbc/src/main/java/org/apache/openjpa/persistence/jdbc/ElementClassCriteria.java,8,11,298,10,2,169,53,16.900000,40,53,4.000000,4633,1263,463.300000,114.428571,104.673538,2,0,0,NO
OPENJPA,openjpa-persistence-jdbc/src/main/java/org/apache/openjpa/persistence/jdbc/ElementColumn.java,8,19,294,8,2,174,54,21.750000,54,42,6.750000,3981,1263,497.625000,106.142857,77.019922,1,0,0,YES
OPENJPA,openjpa-persistence-jdbc/src/main/java/org/apache/openjpa/persistence/jdbc/ElementColumns.java,8,11,379,12,2,209,53,17.416667,39,53,3.250000,4692,1263,391.000000,114.428571,90.448549,2,0,0,YES
OPENJPA,openjpa-persistence-jdbc/src/main/java/org/apache/openjpa/persistence/jdbc/ElementEmbeddedMapping.java,8,15,404,11,2,225,53,20.454545,46,53,4.181818,4676,1263,425.090909,114.428571,89.286068,2,0,0,YES
OPENJPA,openjpa-persistence-jdbc/src/main/java/org/apache/openjpa/persistence/jdbc/ElementForeignKey.java,8,15,177,7,2,112,45,16.000000,47,42,6.714286,3938,1263,562.571429,106.142857,100.400323,1,0,0,NO
OPENJPA,openjpa-persistence-jdbc/src/main/java/org/apache/openjpa/persistence/jdbc/ElementIndex.java,8,13,309,10,2,176,53,17.600000,43,53,4.300000,4633,1263,463.300000,114.428571,104.700878,2,0,0,NO
OPENJPA,openjpa-persistence-jdbc/src/main/java/org/apache/openjpa/persistence/jdbc/ElementJoinColumn.java,8,18,183,7,2,118,45,16.857143,53,42,7.571429,3938,1263,562.571429,106.142857,100.551132,1,0,0,NO
OPENJPA,openjpa-persistence-jdbc/src/main/java/org/apache/openjpa/persistence/jdbc/ElementJoinColumns.java,8,11,300,10,2,170,53,17.000000,40,53,4.000000,4633,1263,463.300000,114.428571,104.675714,2,0,0,NO
OPENJPA,openjpa-persistence-jdbc/src/main/java/org/apache/openjpa/persistence/jdbc/ElementNonpolymorphic.java,8,11,300,10,2,170,53,17.000000,40,53,4.000000,4633,1263,463.300000,114.428571,104.675714,2,0,0,NO
OPENJPA,openjpa-persistence-jdbc/src/main/java/org/apache/openjpa/persistence/jdbc/ElementStrategy.java,8,11,378,12,2,208,53,17.333333,38,53,3.166667,4692,1263,391.000000,114.428571,90.589947,2,0,0,YES
OPENJPA,openjpa-persistence-jdbc/src/main/java/org/apache/openjpa/persistence/jdbc/EmbeddedMapping.java,8,15,312,10,2,179,53,17.900000,46,53,4.600000,4633,1263,463.300000,114.428571,104.703755,2,0,0,NO
OPENJPA,openjpa-persistence-jdbc/src/main/java/org/apache/openjpa/persistence/jdbc/FetchDirection.java,8,26,401,11,2,230,53,20.909091,59,53,5.363636,4638,1263,421.636364,114.428571,93.595654,2,0,0,NO
OPENJPA,openjpa-persistence-jdbc/src/main/java/org/apache/openjpa/persistence/jdbc/FetchMode.java,8,26,252,12,2,156,32,13.000000,60,30,5.000000,4944,1263,412.000000,114.428571,94.259637,1,0,0,NO
OPENJPA,openjpa-persistence-jdbc/src/main/java/org/apache/openjpa/persistence/jdbc/ForeignKey.java,8,16,322,10,2,186,53,18.600000,50,53,5.000000,4633,1263,463.300000,114.428571,104.727152,2,0,0,NO
OPENJPA,openjpa-persistence-jdbc/src/main/java/org/apache/openjpa/persistence/jdbc/ForeignKeyAction.java,8,7,219,12,2,126,30,10.500000,33,30,2.750000,4944,1263,412.000000,114.428571,101.448793,1,0,0,NO
OPENJPA,openjpa-persistence-jdbc/src/main/java/org/apache/openjpa/persistence/jdbc/Index.java,8,15,313,10,2,180,53,18.000000,47,53,4.700000,4633,1263,463.300000,114.428571,104.704701,2,0,0,NO
OPENJPA,openjpa-persistence-jdbc/src/main/java/org/apache/openjpa/persistence/jdbc/JoinSyntax.java,8,26,65,2,1,62,59,31.000000,59,59,29.500000,146,130,73.000000,48.285714,48.272527,0,0,0,NO
OPENJPA,openjpa-persistence-jdbc/src/main/java/org/apache/openjpa/persistence/jdbc/KeyClassCriteria.java,8,11,377,11,2,208,53,18.909091,39,53,3.545455,4676,1263,425.090909,114.428571,90.492611,2,0,0,YES
OPENJPA,openjpa-persistence-jdbc/src/main/java/org/apache/openjpa/persistence/jdbc/KeyColumn.java,8,19,294,8,2,174,54,21.750000,54,42,6.750000,3981,1263,497.625000,106.142857,77.019922,1,0,0,YES
OPENJPA,openjpa-persistence-jdbc/src/main/java/org/apache/openjpa/persistence/jdbc/KeyColumns.java,8,11,379,12,2,209,53,17.416667,39,53,3.250000,4692,1263,391.000000,114.428571,90.448549,2,0,0,YES
OPENJPA,openjpa-persistence-jdbc/src/main/java/org/apache/openjpa/persistence/jdbc/KeyEmbeddedMapping.java,8,15,403,11,2,224,53,20.363636,45,53,4.090909,4676,1263,425.090909,114.428571,89.415810,2,0,0,YES
OPENJPA,openjpa-persistence-jdbc/src/main/java/org/apache/openjpa/persistence/jdbc/KeyForeignKey.java,8,15,270,8,2,158,46,19.750000,46,42,5.750000,3981,1263,497.625000,106.142857,78.562434,1,0,0,YES
OPENJPA,openjpa-persistence-jdbc/src/main/java/org/apache/openjpa/persistence/jdbc/KeyIndex.java,8,13,394,11,2,218,53,19.818182,42,53,3.818182,4676,1263,425.090909,114.428571,90.095359,2,0,0,YES
OPENJPA,openjpa-persistence-jdbc/src/main/java/org/apache/openjpa/persistence/jdbc/KeyJoinColumn.java,8,18,288,8,2,170,52,21.250000,52,42,6.500000,3981,1263,497.625000,106.142857,77.381448,1,0,0,YES
OPENJPA,openjpa-persistence-jdbc/src/main/java/org/apache/openjpa/persistence/jdbc/KeyJoinColumns.java,8,11,379,12,2,209,53,17.416667,39,53,3.250000,4692,1263,391.000000,114.428571,90.448549,2,0,0,YES
OPENJPA,openjpa-persistence-jdbc/src/main/java/org/apache/openjpa/persistence/jdbc/KeyNonpolymorphic.java,8,11,378,11,2,208,53,18.909091,38,53,3.454545,4676,1263,425.090909,114.428571,90.710884,2,0,0,YES
OPENJPA,openjpa-persistence-jdbc/src/main/java/org/apache/openjpa/persistence/jdbc/KeyStrategy.java,8,11,378,12,2,208,53,17.333333,38,53,3.166667,4692,1263,391.000000,114.428571,90.589947,2,0,0,YES
OPENJPA,openjpa-persistence-jdbc/src/main/java/org/apache/openjpa/persistence/jdbc/LRSSizeAlgorithm.java,8,26,379,12,2,219,53,18.250000,59,53,4.916667,4669,1263,389.083333,114.428571,96.234075,2,0,0,NO
OPENJPA,openjpa-persistence-jdbc/src/main/java/org/apache/openjpa/persistence/jdbc/MappingOverride.java,8,15,317,10,2,182,53,18.200000,47,53,4.700000,4633,1263,463.300000,114.428571,104.722848,2,0,0,NO
OPENJPA,openjpa-persistence-jdbc/src/main/java/org/apache/openjpa/persistence/jdbc/MappingOverrides.java,8,10,210,8,2,124,36,15.500000,38,34,4.750000,4221,1263,527.625000,107.714286,101.612925,1,0,0,NO
OPENJPA,openjpa-persistence-jdbc/src/main/java/org/apache/openjpa/persistence/jdbc/MappingTag.java,8,76,128,5,3,118,86,23.600000,108,86,21.600000,1806,1263,361.200000,105.000000,88.418527,1,0,0,NO
OPENJPA,openjpa-persistence-jdbc/src/main/java/org/apache/openjpa/persistence/jdbc/Nonpolymorphic.java,8,11,299,10,2,169,53,16.900000,39,53,3.900000,4633,1263,463.300000,114.428571,104.674630,2,0,0,NO
OPENJPA,openjpa-persistence-jdbc/src/main/java/org/apache/openjpa/persistence/jdbc/NonpolymorphicType.java,8,6,218,12,2,125,30,10.416667,32,30,2.666667,4948,1263,412.333333,114.428571,101.432503,1,0,0,NO
OPENJPA,openjpa-persistence-jdbc/src/main/java/org/apache/openjpa/persistence/jdbc/OrderColumn.java,8,16,315,10,2,182,53,18.200000,49,53,4.900000,4633,1263,463.300000,114.428571,104.706576,2,0,0,NO
OPENJPA,openjpa-persistence-jdbc/src/main/java/org/apache/openjpa/persistence/jdbc/ResultSetType.java,8,26,93,2,1,76,59,38.000000,59,59,29.500000,135,130,67.500000,48.285714,48.233487,0,0,0,NO
OPENJPA,openjpa-persistence-jdbc/src/main/java/org/apache/openjpa/persistence/jdbc/Strategy.java,8,10,260,11,2,149,35,13.545455,38,35,3.454545,4928,1263,448.000000,114.428571,103.769780,1,0,0,NO
OPENJPA,openjpa-persistence-jdbc/src/main/java/org/apache/openjpa/persistence/jdbc/SubclassFetchMode.java,8,10,212,9,2,125,36,13.888889,38,34,4.222222,4237,1263,470.777778,107.714286,101.108491,1,0,0,NO
OPENJPA,openjpa-persistence-jdbc/src/main/java/org/apache/openjpa/persistence/jdbc/Unique.java,8,14,311,10,2,178,53,17.800000,45,53,4.500000,4633,1263,463.300000,114.428571,104.702802,2,0,0,NO
OPENJPA,openjpa-persistence-jdbc/src/main/java/org/apache/openjpa/persistence/jdbc/VersionColumn.java,8,17,322,10,2,187,53,18.700000,52,53,5.200000,4633,1263,463.300000,114.428571,104.727152,2,0,0,NO
OPENJPA,openjpa-persistence-jdbc/src/main/java/org/apache/openjpa/persistence/jdbc/VersionColumns.java,8,10,210,8,2,124,36,15.500000,38,34,4.750000,4221,1263,527.625000,107.714286,101.612925,1,0,0,NO
OPENJPA,openjpa-persistence-jdbc/src/main/java/org/apache/openjpa/persistence/jdbc/VersionStrategy.java,8,10,256,11,2,147,35,13.363636,38,35,3.454545,4928,1263,448.000000,114.428571,103.750558,1,0,0,NO
OPENJPA,openjpa-persistence-jdbc/src/main/java/org/apache/openjpa/persistence/jdbc/XEmbeddedMapping.java,8,15,403,11,2,224,53,20.363636,45,53,4.090909,4676,1263,425.090909,114.428571,89.415810,2,0,0,YES
OPENJPA,openjpa-persistence-jdbc/src/main/java/org/apache/openjpa/persistence/jdbc/XJoinColumn.java,8,19,185,7,2,120,45,17.142857,55,42,7.857143,3938,1263,562.571429,106.142857,100.599228,1,0,0,NO
OPENJPA,openjpa-persistence-jdbc/src/main/java/org/apache/openjpa/persistence/jdbc/XJoinColumns.java,8,11,305,10,2,172,53,17.200000,39,53,3.900000,4633,1263,463.300000,114.428571,104.696956,2,0,0,NO
OPENJPA,openjpa-persistence-jdbc/src/main/java/org/apache/openjpa/persistence/jdbc/XMappingOverride.java,8,18,416,11,2,234,53,21.272727,52,53,4.727273,4676,1263,425.090909,114.428571,88.606113,2,0,0,YES
OPENJPA,openjpa-persistence-jdbc/src/main/java/org/apache/openjpa/persistence/jdbc/XMappingOverrides.java,8,10,331,12,2,184,37,15.333333,37,35,3.083333,4971,1263,414.250000,114.428571,88.625809,1,0,0,YES
OPENJPA,openjpa-persistence-jdbc/src/main/java/org/apache/openjpa/persistence/jdbc/XSecondaryTable.java,8,17,321,10,2,186,53,18.600000,51,53,5.100000,4633,1263,463.300000,114.428571,104.726302,2,0,0,NO
OPENJPA,openjpa-persistence-jdbc/src/main/java/org/apache/openjpa/persistence/jdbc/XSecondaryTables.java,8,10,210,8,2,124,36,15.500000,38,34,4.750000,4221,1263,527.625000,107.714286,101.612925,1,0,0,NO
OPENJPA,openjpa-persistence-jdbc/src/main/java/org/apache/openjpa/persistence/jdbc/XTable.java,8,15,318,10,2,183,53,18.300000,48,53,4.800000,4633,1263,463.300000,114.428571,104.723720,2,0,0,NO
OPENJPA,openjpa-persistence/src/main/java/org/apache/openjpa/persistence/AutoClearType.java,8,23,56,1,1,56,56,56.000000,56,56,56.000000,130,130,130.000000,48.285714,48.285714,0,0,0,YES
OPENJPA,openjpa-persistence/src/main/java/org/apache/openjpa/persistence/ConnectionRetainMode.java,8,26,66,2,1,63,60,31.500000,60,60,30.000000,146,130,73.000000,48.285714,48.272727,0,0,0,YES
OPENJPA,openjpa-persistence/src/main/java/org/apache/openjpa/persistence/DataCache.java,8,12,300,9,2,171,53,19.000000,42,53,4.666667,4157,1263,461.888889,114.428571,104.707143,2,0,0,NO
OPENJPA,openjpa-persistence/src/main/java/org/apache/openjpa/persistence/DataStoreId.java,8,12,297,9,2,169,53,18.777778,41,53,4.555556,4157,1263,461.888889,114.428571,104.693603,2,0,0,NO
OPENJPA,openjpa-persistence/src/main/java/org/apache/openjpa/persistence/Dependent.java,8,11,291,9,2,165,53,18.333333,39,53,4.333333,4157,1263,461.888889,114.428571,104.665685,2,0,0,NO
OPENJPA,openjpa-persistence/src/main/java/org/apache/openjpa/persistence/DetachStateType.java,8,26,60,1,1,60,60,60.000000,60,60,60.000000,130,130,130.000000,48.285714,48.285714,0,0,0,YES
OPENJPA,openjpa-persistence/src/main/java/org/apache/openjpa/persistence/DetachedState.java,8,12,297,9,2,169,53,18.777778,41,53,4.555556,4157,1263,461.888889,114.428571,104.693603,2,0,0,NO
OPENJPA,openjpa-persistence/src/main/java/org/apache/openjpa/persistence/ElementDependent.java,8,11,291,9,2,165,53,18.333333,39,53,4.333333,4157,1263,461.888889,114.428571,104.665685,2,0,0,NO
OPENJPA,openjpa-persistence/src/main/java/org/apache/openjpa/persistence/ElementType.java,8,11,296,9,2,168,53,18.666667,40,53,4.444444,4157,1263,461.888889,114.428571,104.687741,2,0,0,NO
OPENJPA,openjpa-persistence/src/main/java/org/apache/openjpa/persistence/ExternalValues.java,8,11,299,9,2,170,53,18.888889,41,53,4.555556,4157,1263,461.888889,114.428571,104.701386,2,0,0,NO
OPENJPA,openjpa-persistence/src/main/java/org/apache/openjpa/persistence/Externalizer.java,8,11,296,9,2,168,53,18.666667,40,53,4.444444,4157,1263,461.888889,114.428571,104.687741,2,0,0,NO
OPENJPA,openjpa-persistence/src/main/java/org/apache/openjpa/persistence/Factory.java,8,11,296,9,2,168,53,18.666667,40,53,4.444444,4157,1263,461.888889,114.428571,104.687741,2,0,0,NO
OPENJPA,openjpa-persistence/src/main/java/org/apache/openjpa/persistence/FetchAttribute.java,8,10,263,11,3,154,35,14.000000,45,35,4.090909,4590,1263,417.272727,114.428571,103.793047,1,0,0,NO
OPENJPA,openjpa-persistence/src/main/java/org/apache/openjpa/persistence/FetchGroup.java,8,13,216,9,3,136,36,15.111111,56,34,6.222222,3885,1263,431.666667,107.714286,101.525794,1,0,0,NO
OPENJPA,openjpa-persistence/src/main/java/org/apache/openjpa/persistence/FetchGroups.java,8,10,248,10,2,143,35,14.300000,38,35,3.800000,4452,1263,445.200000,114.428571,103.710253,1,0,0,NO
OPENJPA,openjpa-persistence/src/main/java/org/apache/openjpa/persistence/InverseLogical.java,8,11,291,9,2,165,53,18.333333,39,53,4.333333,4157,1263,461.888889,114.428571,104.665685,2,0,0,NO
OPENJPA,openjpa-persistence/src/main/java/org/apache/openjpa/persistence/KeyDependent.java,8,11,291,9,2,165,53,18.333333,39,53,4.333333,4157,1263,461.888889,114.428571,104.665685,2,0,0,NO
OPENJPA,openjpa-persistence/src/main/java/org/apache/openjpa/persistence/KeyType.java,8,11,296,9,2,168,53,18.666667,40,53,4.444444,4157,1263,461.888889,114.428571,104.687741,2,0,0,NO
OPENJPA,openjpa-persistence/src/main/java/org/apache/openjpa/persistence/LRS.java,8,11,291,9,2,165,53,18.333333,39,53,4.333333,4157,1263,461.888889,114.428571,104.665685,2,0,0,NO
OPENJPA,openjpa-persistence/src/main/java/org/apache/openjpa/persistence/LoadFetchGroup.java,8,11,299,10,4,169,53,16.900000,39,53,3.900000,3947,1263,394.700000,114.428571,104.456283,2,0,0,NO
OPENJPA,openjpa-persistence/src/main/java/org/apache/openjpa/persistence/ManagedInterface.java,8,9,321,10,2,181,53,18.100000,41,53,4.100000,4187,1263,418.700000,114.428571,99.679573,2,0,1,NO
OPENJPA,openjpa-persistence/src/main/java/org/apache/openjpa/persistence/MetaDataTag.java,8,51,253,9,4,168,76,18.666667,83,72,9.222222,3177,1263,353.000000,106.142857,101.813100,1,0,2,NO
OPENJPA,openjpa-persistence/src/main/java/org/apache/openjpa/persistence/OpenJPAEntityManagerFactorySPI.java,8,13,583,8,3,327,105,40.875000,71,102,8.875000,3515,1263,439.375000,106.142857,83.031120,1,0,0,YES
OPENJPA,openjpa-persistence/src/main/java/org/apache/openjpa/persistence/OpenJPAEntityManagerSPI.java,8,19,152,4,1,130,104,32.500000,108,104,27.000000,161,130,40.250000,48.285714,47.812030,0,0,0,YES
OPENJPA,openjpa-persistence/src/main/java/org/apache/openjpa/persistence/OpenJPAEntityTransaction.java,8,9,71,1,1,71,71,71.000000,71,71,71.000000,130,130,130.000000,48.285714,48.285714,0,0,0,YES
OPENJPA,openjpa-persistence/src/main/java/org/apache/openjpa/persistence/OpenJPAQuerySPI.java,8,10,316,9,3,181,46,20.111111,46,34,5.111111,3885,1263,431.666667,107.714286,84.677667,1,0,0,YES
OPENJPA,openjpa-persistence/src/main/java/org/apache/openjpa/persistence/PersistenceStrategy.java,8,13,243,8,2,144,41,18.000000,45,35,5.625000,3825,1263,478.125000,114.428571,103.576720,2,0,0,NO
OPENJPA,openjpa-persistence/src/main/java/org/apache/openjpa/persistence/Persistent.java,8,17,159,6,2,104,45,17.333333,49,42,8.166667,3462,1263,577.000000,106.142857,99.879605,1,0,0,NO
OPENJPA,openjpa-persistence/src/main/java/org/apache/openjpa/persistence/PersistentCollection.java,8,17,163,7,2,107,45,15.285714,51,42,7.285714,3467,1263,495.285714,106.142857,99.191937,1,0,1,NO
OPENJPA,openjpa-persistence/src/main/java/org/apache/openjpa/persistence/PersistentMap.java,8,19,171,6,2,112,49,18.666667,53,46,8.833333,3462,1263,577.000000,106.142857,100.312448,1,0,0,NO
OPENJPA,openjpa-persistence/src/main/java/org/apache/openjpa/persistence/QueryOperationType.java,8,26,59,1,1,59,59,59.000000,59,59,59.000000,130,130,130.000000,48.285714,48.285714,0,0,0,YES
OPENJPA,openjpa-persistence/src/main/java/org/apache/openjpa/persistence/ReadOnly.java,8,11,291,9,2,165,53,18.333333,39,53,4.333333,4157,1263,461.888889,114.428571,104.665685,2,0,0,NO
OPENJPA,openjpa-persistence/src/main/java/org/apache/openjpa/persistence/RestoreStateType.java,8,26,60,1,1,60,60,60.000000,60,60,60.000000,130,130,130.000000,48.285714,48.285714,0,0,0,YES
OPENJPA,openjpa-persistence/src/main/java/org/apache/openjpa/persistence/Type.java,8,11,296,9,2,168,53,18.666667,40,53,4.444444,4157,1263,461.888889,114.428571,104.687741,2,0,0,NO
OPENJPA,openjpa-persistence/src/main/java/org/apache/openjpa/persistence/UpdateAction.java,8,5,205,10,2,118,30,11.800000,31,30,3.100000,4452,1263,445.200000,114.428571,101.760976,1,0,0,NO
OPENJPA,openjpa-slice/src/main/java/org/apache/openjpa/slice/DistributedConfiguration.java,8,10,86,2,1,82,78,41.000000,78,78,39.000000,48,38,24.000000,24.000000,23.893688,0,0,0,YES
OPENJPA,openjpa-slice/src/main/java/org/apache/openjpa/slice/DistributionPolicy.java,8,5,55,2,1,51,46,25.500000,47,46,23.500000,48,38,24.000000,24.000000,23.812987,0,0,0,YES
OPENJPA,openjpa-slice/src/main/java/org/apache/openjpa/slice/jdbc/DistributedJDBCConfiguration.java,8,11,75,2,1,63,63,31.500000,51,63,25.500000,61,38,30.500000,24.000000,23.771429,0,0,0,YES
OPENJPA,openjpa-slice/src/main/java/org/apache/openjpa/slice/jdbc/DistributedStatement.java,8,7,285,10,3,159,33,15.900000,33,30,3.300000,4614,1263,461.400000,114.428571,83.807519,1,0,0,YES
OPENJPA,openjpa-jdbc/src/main/java/org/apache/openjpa/jdbc/ant/MappingToolTask.java,9,118,295,10,4,269,211,26.900000,243,211,24.300000,2039,1263,203.900000,107.857143,91.446973,1,0,3,NO
OPENJPA,openjpa-jdbc/src/main/java/org/apache/openjpa/jdbc/ant/ReverseMappingToolTask.java,9,154,358,7,4,335,257,47.857143,312,257,44.571429,2003,1263,286.142857,107.857143,95.817638,1,0,1,NO
OPENJPA,openjpa-jdbc/src/main/java/org/apache/openjpa/jdbc/conf/FetchModeValue.java,9,21,73,3,2,63,49,21.000000,53,49,17.666667,1742,1263,580.666667,107.857143,95.733855,1,0,0,NO
OPENJPA,openjpa-jdbc/src/main/java/org/apache/openjpa/jdbc/conf/JDBCConfiguration.java,9,96,700,6,4,663,609,110.500000,626,609,104.333333,2080,1263,346.666667,107.857143,103.563878,1,0,0,NO
OPENJPA,openjpa-jdbc/src/main/java/org/apache/openjpa/jdbc/kernel/ConnectionInfo.java,9,9,261,9,2,148,35,16.444444,35,35,3.888889,4576,1263,508.444444,117.285714,106.886700,1,0,0,NO
OPENJPA,openjpa-jdbc/src/main/java/org/apache/openjpa/jdbc/kernel/DelegatingJDBCFetchConfiguration.java,9,224,343,9,4,320,233,35.555556,297,233,33.000000,2223,1263,247.000000,107.857143,92.021241,1,0,2,NO
OPENJPA,openjpa-jdbc/src/main/java/org/apache/openjpa/jdbc/kernel/JDBC3SavepointManager.java,9,30,87,3,2,76,62,25.333333,65,62,21.666667,1961,1263,653.666667,107.857143,97.559934,2,0,0,NO
OPENJPA,openjpa-jdbc/src/main/java/org/apache/openjpa/jdbc/kernel/JDBCFetchConfiguration.java,9,39,298,9,4,271,164,30.111111,244,164,27.111111,2223,1263,247.000000,107.857143,88.119367,1,0,2,NO
OPENJPA,openjpa-jdbc/src/main/java/org/apache/openjpa/jdbc/kernel/JDBCLockManager.java,9,9,69,2,2,59,46,29.500000,49,46,24.500000,1739,1263,869.500000,107.857143,95.047619,1,0,0,NO
OPENJPA,openjpa-jdbc/src/main/java/org/apache/openjpa/jdbc/kernel/JDBCSeq.java,9,8,277,9,2,159,35,17.666667,41,35,4.555556,4576,1263,508.444444,117.285714,106.998969,1,0,0,NO
OPENJPA,openjpa-jdbc/src/main/java/org/apache/openjpa/jdbc/kernel/JDBCStore.java,9,22,145,6,3,121,106,20.166667,97,106,16.166667,2168,1263,361.333333,107.857143,101.182266,1,0,0,NO
OPENJPA,openjpa-jdbc/src/main/java/org/apache/openjpa/jdbc/kernel/PreparedStatementManager.java,9,8,293,9,2,170,40,18.888889,47,35,5.222222,4576,1263,508.444444,117.285714,107.105314,1,0,0,NO
OPENJPA,openjpa-jdbc/src/main/java/org/apache/openjpa/jdbc/kernel/UpdateManager.java,9,6,321,8,2,182,45,22.750000,43,45,5.375000,4281,1263,535.125000,117.285714,107.505118,2,0,0,NO
OPENJPA,openjpa-jdbc/src/main/java/org/apache/openjpa/jdbc/kernel/exps/AbstractVal.java,9,51,159,8,5,124,61,15.500000,89,61,11.125000,2106,1263,263.250000,107.857143,96.460018,1,0,1,NO
OPENJPA,openjpa-jdbc/src/main/java/org/apache/openjpa/jdbc/kernel/exps/All.java,9,10,217,10,3,127,30,12.700000,37,30,3.700000,4580,1263,458.000000,117.285714,105.266623,1,0,1,NO
OPENJPA,openjpa-jdbc/src/main/java/org/apache/openjpa/jdbc/kernel/exps/Any.java,9,10,217,10,3,127,30,12.700000,37,30,3.700000,4580,1263,458.000000,117.285714,105.266623,1,0,1,NO
OPENJPA,openjpa-jdbc/src/main/java/org/apache/openjpa/jdbc/kernel/exps/BinaryOpExpState.java,9,14,69,3,2,59,31,19.666667,49,31,16.333333,1407,1263,469.000000,100.714286,88.236025,0,0,0,NO
OPENJPA,openjpa-jdbc/src/main/java/org/apache/openjpa/jdbc/kernel/exps/Exp.java,9,13,153,5,3,106,83,21.200000,59,83,11.800000,2046,1263,409.200000,107.857143,100.310924,1,0,0,NO
OPENJPA,openjpa-jdbc/src/main/java/org/apache/openjpa/jdbc/kernel/exps/ExpContext.java,9,16,76,3,2,66,38,22.000000,56,38,18.666667,1407,1263,469.000000,100.714286,89.385338,0,0,0,NO
OPENJPA,openjpa-jdbc/src/main/java/org/apache/openjpa/jdbc/kernel/exps/ExpState.java,9,11,64,3,2,54,26,18.000000,44,26,14.666667,1407,1263,469.000000,100.714286,87.261161,0,0,0,NO
OPENJPA,openjpa-jdbc/src/main/java/org/apache/openjpa/jdbc/kernel/exps/FilterValue.java,9,24,143,4,3,131,103,32.750000,119,103,29.750000,1775,1263,443.750000,107.857143,95.457542,1,0,0,NO
OPENJPA,openjpa-jdbc/src/main/java/org/apache/openjpa/jdbc/kernel/exps/GetColumn.java,9,40,103,2,2,93,80,46.500000,83,80,41.500000,1739,1263,869.500000,107.857143,99.276006,1,0,0,NO
OPENJPA,openjpa-jdbc/src/main/java/org/apache/openjpa/jdbc/kernel/exps/JDBCAggregateListener.java,9,10,65,2,2,55,42,27.500000,45,42,22.500000,1739,1263,869.500000,107.857143,94.259341,1,0,0,NO
OPENJPA,openjpa-jdbc/src/main/java/org/apache/openjpa/jdbc/kernel/exps/JDBCFilterListener.java,9,10,67,2,2,57,44,28.500000,47,44,23.500000,1739,1263,869.500000,107.857143,94.665245,1,0,0,NO
OPENJPA,openjpa-jdbc/src/main/java/org/apache/openjpa/jdbc/kernel/exps/JDBCPath.java,9,6,112,7,2,72,30,10.285714,32,30,4.571429,3791,1263,541.571429,117.285714,103.428571,2,0,0,NO
OPENJPA,openjpa-jdbc/src/main/java/org/apache/openjpa/jdbc/kernel/exps/QueryExpressionsState.java,9,9,282,10,3,159,35,15.900000,36,35,3.600000,4387,1263,438.700000,117.285714,106.088652,2,0,0,NO
OPENJPA,openjpa-jdbc/src/main/java/org/apache/openjpa/jdbc/kernel/exps/SQLEmbed.java,9,35,97,5,3,84,69,16.800000,71,69,14.200000,1952,1263,390.400000,107.857143,98.382916,1,0,0,NO
OPENJPA,openjpa-jdbc/src/main/java/org/apache/openjpa/jdbc/meta/ClassStrategy.java,9,27,137,3,2,126,112,42.000000,115,112,38.333333,1961,1263,653.666667,107.857143,101.318040,1,0,0,NO
OPENJPA,openjpa-jdbc/src/main/java/org/apache/openjpa/jdbc/meta/DiscriminatorStrategy.java,9,19,108,4,3,93,69,23.250000,78,69,19.500000,1772,1263,443.000000,107.857143,96.287037,1,0,0,NO
OPENJPA,openjpa-jdbc/src/main/java/org/apache/openjpa/jdbc/meta/Embeddable.java,9,19,111,4,3,98,82,24.500000,85,82,21.250000,2099,1263,524.750000,107.857143,99.740026,1,0,0,NO
OPENJPA,openjpa-jdbc/src/main/java/org/apache/openjpa/jdbc/meta/FieldStrategy.java,9,59,289,4,3,268,245,67.000000,247,245,61.750000,2099,1263,524.750000,107.857143,104.672763,1,0,0,NO
OPENJPA,openjpa-jdbc/src/main/java/org/apache/openjpa/jdbc/meta/JDBCOrder.java,9,9,200,7,2,123,55,17.571429,46,55,6.571429,3791,1263,541.571429,117.285714,107.230000,2,0,0,NO
OPENJPA,openjpa-jdbc/src/main/java/org/apache/openjpa/jdbc/meta/Joinable.java,9,22,115,4,3,103,86,25.750000,91,86,22.750000,1818,1263,454.500000,107.857143,99.319255,1,0,0,NO
OPENJPA,openjpa-jdbc/src/main/java/org/apache/openjpa/jdbc/meta/RelationId.java,9,6,266,10,2,152,35,15.200000,38,35,3.800000,4798,1263,479.800000,117.285714,106.859828,1,0,0,NO
OPENJPA,openjpa-jdbc/src/main/java/org/apache/openjpa/jdbc/meta/ReverseCustomizer.java,9,23,183,2,2,173,160,86.500000,163,160,81.500000,1739,1263,869.500000,107.857143,103.027322,1,0,0,NO
OPENJPA,openjpa-jdbc/src/main/java/org/apache/openjpa/jdbc/meta/Strategy.java,9,28,160,4,2,148,131,37.000000,136,131,34.000000,2000,1263,500.000000,107.857143,101.836607,1,0,0,NO
OPENJPA,openjpa-jdbc/src/main/java/org/apache/openjpa/jdbc/meta/ValueHandler.java,9,23,132,5,3,118,99,23.600000,104,99,20.800000,2138,1263,427.600000,107.857143,100.520563,1,0,0,NO
OPENJPA,openjpa-jdbc/src/main/java/org/apache/openjpa/jdbc/meta/ValueMapping.java,9,58,301,5,3,285,265,57.000000,269,265,53.800000,2025,1263,405.000000,107.857143,104.606550,1,0,0,NO
OPENJPA,openjpa-jdbc/src/main/java/org/apache/openjpa/jdbc/meta/VersionMappingInfo.java,9,40,119,4,2,104,90,26.000000,89,90,22.250000,1860,1263,465.000000,107.857143,99.591837,1,0,1,YES
OPENJPA,openjpa-jdbc/src/main/java/org/apache/openjpa/jdbc/meta/strats/AbstractClassStrategy.java,9,45,102,2,2,92,79,46.000000,82,79,41.000000,1739,1263,869.500000,107.857143,99.191877,1,0,0,NO
OPENJPA,openjpa-jdbc/src/main/java/org/apache/openjpa/jdbc/meta/strats/AbstractDiscriminatorStrategy.java,9,49,120,4,3,108,89,27.000000,96,89,24.000000,1772,1263,443.000000,107.857143,99.386905,1,0,0,NO
OPENJPA,openjpa-jdbc/src/main/java/org/apache/openjpa/jdbc/meta/strats/AbstractStrategy.java,9,43,101,2,2,91,78,45.500000,81,78,40.500000,1739,1263,869.500000,107.857143,99.106082,1,0,0,NO
OPENJPA,openjpa-jdbc/src/main/java/org/apache/openjpa/jdbc/meta/strats/AbstractValueHandler.java,9,31,85,3,3,73,58,24.333333,61,58,20.333333,1877,1263,625.666667,107.857143,97.398319,1,0,0,NO
OPENJPA,openjpa-jdbc/src/main/java/org/apache/openjpa/jdbc/meta/strats/BlobValueHandler.java,9,20,71,2,2,61,48,30.500000,51,48,25.500000,1739,1263,869.500000,107.857143,95.408451,1,0,0,NO
OPENJPA,openjpa-jdbc/src/main/java/org/apache/openjpa/jdbc/meta/strats/ClobValueHandler.java,9,20,71,2,2,61,48,30.500000,51,48,25.500000,1739,1263,869.500000,107.857143,95.408451,1,0,0,NO
OPENJPA,openjpa-jdbc/src/main/java/org/apache/openjpa/jdbc/meta/strats/IdentityJoinable.java,9,50,111,4,3,99,83,24.750000,87,83,21.750000,1789,1263,447.250000,107.857143,99.410553,1,0,0,NO
OPENJPA,openjpa-jdbc/src/main/java/org/apache/openjpa/jdbc/meta/strats/LRSCollectionFieldStrategy.java,9,28,125,3,3,112,96,37.333333,99,96,33.000000,1877,1263,625.666667,107.857143,100.724571,1,0,0,NO
OPENJPA,openjpa-jdbc/src/main/java/org/apache/openjpa/jdbc/meta/strats/LRSMapFieldStrategy.java,9,41,186,3,3,169,149,56.333333,152,149,50.666667,1877,1263,625.666667,107.857143,103.008449,1,0,0,NO
OPENJPA,openjpa-jdbc/src/main/java/org/apache/openjpa/jdbc/schema/DriverDataSource.java,9,23,135,4,3,123,64,30.750000,111,64,27.750000,1795,1263,448.750000,107.857143,97.452910,1,0,0,NO
OPENJPA,openjpa-jdbc/src/main/java/org/apache/openjpa/jdbc/schema/SchemaFactory.java,9,5,398,10,3,220,55,22.000000,42,55,4.200000,4578,1263,457.800000,117.285714,107.426777,1,0,1,NO
OPENJPA,openjpa-jdbc/src/main/java/org/apache/openjpa/jdbc/schema/SchemaParser.java,9,10,85,2,2,75,62,37.500000,65,62,32.500000,1739,1263,869.500000,107.857143,97.458824,1,0,0,NO
OPENJPA,openjpa-jdbc/src/main/java/org/apache/openjpa/jdbc/schema/SchemaSerializer.java,9,13,101,2,2,91,78,45.500000,81,78,40.500000,1739,1263,869.500000,107.857143,99.106082,1,0,0,NO
OPENJPA,openjpa-jdbc/src/main/java/org/apache/openjpa/jdbc/sql/CacheDictionary.java,9,16,65,2,2,55,42,27.500000,45,42,22.500000,1739,1263,869.500000,107.857143,94.259341,1,0,0,NO
OPENJPA,openjpa-jdbc/src/main/java/org/apache/openjpa/jdbc/sql/Calendard.java,9,10,264,9,2,151,35,16.777778,38,35,4.222222,4576,1263,508.444444,117.285714,106.897727,1,0,0,NO
OPENJPA,openjpa-jdbc/src/main/java/org/apache/openjpa/jdbc/sql/Raw.java,9,10,214,9,2,126,30,14.000000,38,30,4.222222,4576,1263,508.444444,117.285714,106.128838,1,0,0,NO
OPENJPA,openjpa-jdbc/src/main/java/org/apache/openjpa/jdbc/sql/Result.java,9,180,635,5,4,621,572,124.200000,607,572,121.400000,1894,1263,378.800000,107.857143,100.875591,1,0,1,NO
OPENJPA,openjpa-jdbc/src/main/java/org/apache/openjpa/jdbc/sql/Row.java,9,163,543,2,2,533,520,266.500000,523,520,261.500000,1739,1263,869.500000,107.857143,106.229413,1,0,0,NO
OPENJPA,openjpa-jdbc/src/main/java/org/apache/openjpa/jdbc/sql/RowManager.java,9,14,94,2,2,84,71,42.000000,74,71,37.000000,1739,1263,869.500000,107.857143,98.454407,1,0,0,NO
OPENJPA,openjpa-jdbc/src/main/java/org/apache/openjpa/jdbc/sql/SQLFactory.java,9,6,296,9,2,171,40,19.000000,46,35,5.111111,4576,1263,508.444444,117.285714,107.124517,1,0,0,NO
OPENJPA,openjpa-jdbc/src/main/java/org/apache/openjpa/jdbc/sql/SelectExecutor.java,9,36,215,6,5,184,122,30.666667,153,122,25.500000,1793,1263,298.833333,107.857143,88.057807,1,0,0,NO
OPENJPA,openjpa-jdbc/src/main/java/org/apache/openjpa/jdbc/sql/Sized.java,9,9,240,10,2,138,31,13.800000,36,30,3.600000,4577,1263,457.700000,117.285714,106.497619,1,0,0,NO
OPENJPA,openjpa-jdbc/src/main/java/org/apache/openjpa/jdbc/sql/Union.java,9,12,113,3,3,89,76,29.666667,65,76,21.666667,1752,1263,584.000000,107.857143,95.610619,1,0,0,NO
OPENJPA,openjpa-kernel/src/main/java/org/apache/openjpa/ant/ApplicationIdToolTask.java,9,45,132,3,2,122,94,40.666667,112,94,37.333333,1430,1263,476.666667,101.857143,95.005411,0,0,0,NO
OPENJPA,openjpa-kernel/src/main/java/org/apache/openjpa/ant/PCEnhancerTask.java,9,37,317,7,3,204,99,29.142857,91,86,13.000000,3217,1263,459.571429,109.000000,105.965300,1,0,0,NO
OPENJPA,openjpa-kernel/src/main/java/org/apache/openjpa/conf/BrokerFactoryValue.java,9,46,403,16,3,245,47,15.312500,87,43,5.437500,3354,1263,209.625000,109.000000,102.914924,1,0,0,NO
OPENJPA,openjpa-kernel/src/main/java/org/apache/openjpa/conf/CacheMarshaller.java,9,15,92,1,1,92,92,92.000000,92,92,92.000000,27,27,27.000000,49.857143,49.857143,0,0,0,YES
OPENJPA,openjpa-kernel/src/main/java/org/apache/openjpa/conf/OpenJPAProductDerivation.java,9,10,385,14,4,214,53,15.285714,43,53,3.071429,3909,1263,279.214286,117.285714,105.525417,2,0,0,YES
OPENJPA,openjpa-kernel/src/main/java/org/apache/openjpa/conf/SeqValue.java,9,18,157,4,2,103,46,25.750000,49,41,12.250000,3110,1263,777.500000,109.000000,103.112830,1,0,0,NO
OPENJPA,openjpa-kernel/src/main/java/org/apache/openjpa/datacache/DataCache.java,9,37,872,8,5,572,258,71.500000,272,242,34.000000,3353,1263,419.125000,109.000000,106.739515,1,0,0,NO
OPENJPA,openjpa-kernel/src/main/java/org/apache/openjpa/datacache/DataCacheManager.java,9,14,267,5,2,172,74,34.400000,77,71,15.400000,3111,1263,622.200000,109.000000,105.085607,1,0,0,NO
OPENJPA,openjpa-kernel/src/main/java/org/apache/openjpa/datacache/DataCachePCData.java,9,6,201,7,2,118,32,16.857143,35,30,5.000000,3805,1263,543.571429,117.285714,105.942431,2,0,0,NO
OPENJPA,openjpa-kernel/src/main/java/org/apache/openjpa/datacache/ExpirationListener.java,9,4,201,8,2,117,30,14.625000,33,30,4.125000,4027,1263,503.375000,117.285714,105.870647,2,0,0,NO
OPENJPA,openjpa-kernel/src/main/java/org/apache/openjpa/datacache/QueryCache.java,9,18,476,6,2,307,138,51.166667,138,130,23.000000,3382,1263,563.666667,109.000000,106.859244,1,0,0,NO
OPENJPA,openjpa-kernel/src/main/java/org/apache/openjpa/datacache/TypesChangedListener.java,9,4,201,8,2,117,30,14.625000,33,30,4.125000,4027,1263,503.375000,117.285714,105.870647,2,0,0,NO
OPENJPA,openjpa-kernel/src/main/java/org/apache/openjpa/ee/AbstractManagedRuntime.java,9,53,110,2,1,109,68,54.500000,108,67,54.000000,29,18,14.500000,53.571429,29.824675,0,0,1,NO
OPENJPA,openjpa-kernel/src/main/java/org/apache/openjpa/enhance/AttributeTranslator.java,9,4,341,11,3,186,36,16.909091,31,30,2.818182,4383,1263,398.454545,117.285714,93.280687,2,0,0,YES
OPENJPA,openjpa-kernel/src/main/java/org/apache/openjpa/enhance/DynamicPersistenceCapable.java,9,3,242,9,2,135,30,15.000000,28,30,3.111111,4164,1263,462.666667,117.285714,94.208973,1,0,0,YES
OPENJPA,openjpa-kernel/src/main/java/org/apache/openjpa/enhance/DynamicStorage.java,9,25,441,5,2,291,138,58.200000,141,135,28.200000,3332,1263,666.400000,109.000000,106.810172,1,0,0,NO
OPENJPA,openjpa-kernel/src/main/java/org/apache/openjpa/enhance/FieldConsumer.java,9,13,239,4,2,157,72,39.250000,75,69,18.750000,3110,1263,777.500000,109.000000,105.100418,1,0,0,NO
OPENJPA,openjpa-kernel/src/main/java/org/apache/openjpa/enhance/FieldManager.java,9,4,187,8,2,107,30,13.375000,27,30,3.375000,4100,1263,512.500000,117.285714,105.825057,1,0,0,NO
OPENJPA,openjpa-kernel/src/main/java/org/apache/openjpa/enhance/FieldSupplier.java,9,13,239,4,2,157,72,39.250000,75,69,18.750000,3110,1263,777.500000,109.000000,105.100418,1,0,0,NO
OPENJPA,openjpa-kernel/src/main/java/org/apache/openjpa/enhance/ManagedInstanceProvider.java,9,4,242,9,2,135,30,15.000000,28,30,3.111111,4164,1263,462.666667,117.285714,94.208973,1,0,0,YES
OPENJPA,openjpa-kernel/src/main/java/org/apache/openjpa/enhance/PersistenceCapable.java,9,40,294,5,3,194,91,38.800000,94,87,18.800000,3119,1263,623.800000,109.000000,105.368805,1,0,0,NO
OPENJPA,openjpa-kernel/src/main/java/org/apache/openjpa/enhance/StateManager.java,9,69,880,6,4,583,282,97.166667,286,277,47.666667,3159,1263,526.500000,109.000000,107.554708,1,0,0,NO
OPENJPA,openjpa-kernel/src/main/java/org/apache/openjpa/event/AbstractLifecycleListener.java,9,60,288,5,2,198,81,39.600000,108,77,21.600000,3116,1263,623.200000,109.000000,101.553075,1,0,0,NO
OPENJPA,openjpa-kernel/src/main/java/org/apache/openjpa/event/AbstractRemoteCommitProvider.java,9,32,222,5,2,146,67,29.200000,70,63,14.000000,3332,1263,666.400000,109.000000,104.747104,1,0,0,NO
OPENJPA,openjpa-kernel/src/main/java/org/apache/openjpa/event/AbstractTransactionListener.java,9,33,239,5,2,156,70,31.200000,73,67,14.600000,3332,1263,666.400000,109.000000,105.038255,1,0,0,NO
OPENJPA,openjpa-kernel/src/main/java/org/apache/openjpa/event/AttachListener.java,9,5,249,7,2,143,40,20.428571,37,40,5.285714,3805,1263,543.571429,117.285714,107.002869,2,0,0,NO
OPENJPA,openjpa-kernel/src/main/java/org/apache/openjpa/event/BeginTransactionListener.java,9,4,226,8,2,131,35,16.375000,36,35,4.500000,4027,1263,503.375000,117.285714,106.440582,2,0,0,NO
OPENJPA,openjpa-kernel/src/main/java/org/apache/openjpa/event/BrokerFactoryEvent.java,9,18,506,10,2,281,55,28.100000,56,55,5.600000,4240,1263,424.000000,117.285714,97.598250,1,0,0,YES
OPENJPA,openjpa-kernel/src/main/java/org/apache/openjpa/event/BrokerFactoryListener.java,9,4,325,10,2,180,40,18.000000,35,40,3.500000,3949,1263,394.900000,117.285714,95.789890,2,0,0,YES
OPENJPA,openjpa-kernel/src/main/java/org/apache/openjpa/event/ClearListener.java,9,5,252,8,2,145,35,18.125000,38,35,4.750000,4100,1263,512.500000,117.285714,106.913832,1,0,0,NO
OPENJPA,openjpa-kernel/src/main/java/org/apache/openjpa/event/DeleteListener.java,9,5,252,8,2,145,35,18.125000,38,35,4.750000,4100,1263,512.500000,117.285714,106.913832,1,0,0,NO
OPENJPA,openjpa-kernel/src/main/java/org/apache/openjpa/event/DetachListener.java,9,5,249,7,2,143,40,20.428571,37,40,5.285714,3805,1263,543.571429,117.285714,107.002869,2,0,0,NO
OPENJPA,openjpa-kernel/src/main/java/org/apache/openjpa/event/DirtyListener.java,9,7,344,7,2,196,60,28.000000,48,60,6.857143,3805,1263,543.571429,117.285714,108.183970,2,0,0,NO
OPENJPA,openjpa-kernel/src/main/java/org/apache/openjpa/event/EndTransactionListener.java,9,9,249,5,2,161,70,32.200000,73,67,14.600000,3332,1263,666.400000,109.000000,105.185886,1,0,0,NO
OPENJPA,openjpa-kernel/src/main/java/org/apache/openjpa/event/ExceptionOrphanedKeyAction.java,9,14,304,8,2,173,53,21.625000,42,53,5.250000,4027,1263,503.375000,117.285714,107.780075,2,0,0,NO
OPENJPA,openjpa-kernel/src/main/java/org/apache/openjpa/event/FlushTransactionListener.java,9,5,315,8,2,179,55,22.375000,43,55,5.375000,4027,1263,503.375000,117.285714,107.898413,2,0,0,NO
OPENJPA,openjpa-kernel/src/main/java/org/apache/openjpa/event/LifecycleListener.java,9,5,197,7,2,114,32,16.285714,31,32,4.428571,3805,1263,543.571429,117.285714,105.984046,2,0,0,NO
OPENJPA,openjpa-kernel/src/main/java/org/apache/openjpa/event/LoadListener.java,9,5,252,8,2,145,35,18.125000,38,35,4.750000,4100,1263,512.500000,117.285714,106.913832,1,0,0,NO
OPENJPA,openjpa-kernel/src/main/java/org/apache/openjpa/event/NoneOrphanedKeyAction.java,9,10,245,9,2,141,35,15.666667,37,35,4.111111,4322,1263,480.222222,117.285714,106.774344,1,0,0,NO
OPENJPA,openjpa-kernel/src/main/java/org/apache/openjpa/event/OrphanedKeyAction.java,9,6,149,5,2,96,40,19.200000,43,37,8.600000,3332,1263,666.400000,109.000000,102.702780,1,0,0,NO
OPENJPA,openjpa-kernel/src/main/java/org/apache/openjpa/event/PersistListener.java,9,5,247,7,2,142,40,20.285714,37,40,5.285714,3805,1263,543.571429,117.285714,106.989011,2,0,0,NO
OPENJPA,openjpa-kernel/src/main/java/org/apache/openjpa/event/PostDeleteListener.java,9,4,343,11,2,188,40,17.090909,33,40,3.000000,3961,1263,360.090909,117.285714,92.179925,2,0,1,YES
OPENJPA,openjpa-kernel/src/main/java/org/apache/openjpa/event/PostPersistListener.java,9,4,319,8,2,176,40,22.000000,33,40,4.125000,3817,1263,477.125000,117.285714,89.447380,2,0,1,YES
OPENJPA,openjpa-kernel/src/main/java/org/apache/openjpa/event/RemoteCommitListener.java,9,7,238,5,2,149,65,29.800000,60,52,12.000000,3332,1263,666.400000,109.000000,104.992797,1,0,0,NO
OPENJPA,openjpa-kernel/src/main/java/org/apache/openjpa/event/RemoteCommitProvider.java,9,8,224,6,2,143,63,23.833333,62,55,10.333333,3346,1263,557.666667,109.000000,104.762117,1,0,0,NO
OPENJPA,openjpa-kernel/src/main/java/org/apache/openjpa/event/SingleJVMRemoteCommitProvider.java,9,24,381,7,3,223,66,31.857143,65,61,9.285714,3497,1263,499.571429,109.000000,76.214473,1,0,0,YES
OPENJPA,openjpa-kernel/src/main/java/org/apache/openjpa/event/StoreListener.java,9,5,228,7,2,133,35,19.000000,38,35,5.428571,3805,1263,543.571429,117.285714,106.525689,2,0,0,NO
OPENJPA,openjpa-kernel/src/main/java/org/apache/openjpa/event/TransactionListener.java,9,5,194,9,2,113,30,12.555556,32,30,3.555556,4028,1263,447.555556,117.285714,105.773196,2,0,0,NO
OPENJPA,openjpa-kernel/src/main/java/org/apache/openjpa/event/UpdateListener.java,9,5,350,11,2,196,40,17.818182,42,40,3.818182,3961,1263,360.090909,117.285714,90.876327,2,0,1,YES
OPENJPA,openjpa-kernel/src/main/java/org/apache/openjpa/kernel/AbstractFieldManager.java,9,66,348,4,2,230,109,57.500000,112,105,28.000000,3110,1263,777.500000,109.000000,106.291872,1,0,0,NO
OPENJPA,openjpa-kernel/src/main/java/org/apache/openjpa/kernel/AbstractLockManager.java,9,30,259,5,2,171,80,34.200000,83,75,16.600000,3130,1263,626.000000,109.000000,105.392719,1,0,0,NO
OPENJPA,openjpa-kernel/src/main/java/org/apache/openjpa/kernel/Broker.java,9,119,2192,11,4,1455,665,132.272727,718,652,65.272727,3530,1263,320.909091,109.000000,107.366788,1,0,2,NO
OPENJPA,openjpa-kernel/src/main/java/org/apache/openjpa/kernel/BrokerFactory.java,9,23,355,7,3,238,101,34.000000,121,97,17.285714,3415,1263,487.857143,109.000000,103.719517,1,0,0,NO
OPENJPA,openjpa-kernel/src/main/java/org/apache/openjpa/kernel/Extent.java,9,17,295,4,2,193,90,48.250000,91,85,22.750000,3110,1263,777.500000,109.000000,105.818402,1,0,0,NO
OPENJPA,openjpa-kernel/src/main/java/org/apache/openjpa/kernel/FindCallbacks.java,9,5,317,8,2,180,55,22.500000,43,55,5.375000,3825,1263,478.125000,117.285714,107.945020,2,0,0,NO
OPENJPA,openjpa-kernel/src/main/java/org/apache/openjpa/kernel/LockManager.java,9,16,371,5,2,241,108,48.200000,111,103,22.200000,3130,1263,626.000000,109.000000,106.437813,1,0,0,NO
OPENJPA,openjpa-kernel/src/main/java/org/apache/openjpa/kernel/NoneLockManager.java,9,14,293,7,2,167,53,23.857143,41,53,5.857143,3805,1263,543.571429,117.285714,107.778645,2,0,0,NO
OPENJPA,openjpa-kernel/src/main/java/org/apache/openjpa/kernel/OpCallbacks.java,9,18,189,5,2,122,52,24.400000,55,48,11.000000,3130,1263,626.000000,109.000000,104.078609,1,0,0,NO
OPENJPA,openjpa-kernel/src/main/java/org/apache/openjpa/kernel/PCData.java,9,20,373,6,3,240,108,40.000000,107,102,17.833333,3251,1263,541.833333,109.000000,106.329376,1,0,0,NO
OPENJPA,openjpa-kernel/src/main/java/org/apache/openjpa/kernel/Query.java,9,35,617,5,2,405,194,81.000000,193,187,38.600000,3332,1263,666.400000,109.000000,107.380181,1,0,0,NO
OPENJPA,openjpa-kernel/src/main/java/org/apache/openjpa/kernel/QueryContext.java,9,56,940,8,3,612,289,76.500000,284,282,35.500000,3416,1263,427.000000,109.000000,107.581763,1,0,1,NO
OPENJPA,openjpa-kernel/src/main/java/org/apache/openjpa/kernel/SavepointManager.java,9,5,253,9,2,146,36,16.222222,39,35,4.333333,4322,1263,480.222222,117.285714,106.841897,1,0,0,NO
OPENJPA,openjpa-kernel/src/main/java/org/apache/openjpa/kernel/Seq.java,9,15,243,4,2,158,70,39.500000,73,66,18.250000,3110,1263,777.500000,109.000000,105.153439,1,0,0,NO
OPENJPA,openjpa-kernel/src/main/java/org/apache/openjpa/kernel/StoreContext.java,9,77,1483,12,4,972,437,81.000000,461,430,38.416667,3662,1263,305.166667,109.000000,105.573259,1,0,0,NO
OPENJPA,openjpa-kernel/src/main/java/org/apache/openjpa/kernel/StoreManager.java,9,55,1524,12,4,975,427,81.250000,426,416,35.500000,3707,1263,308.916667,109.000000,108.047900,1,0,0,NO
OPENJPA,openjpa-kernel/src/main/java/org/apache/openjpa/kernel/StoreQuery.java,9,74,1721,9,4,1023,325,113.666667,325,308,36.111111,3411,1263,379.000000,109.000000,71.279655,1,0,1,YES
OPENJPA,openjpa-kernel/src/main/java/org/apache/openjpa/kernel/exps/AbstractExpressionVisitor.java,9,12,62,3,2,52,24,17.333333,42,24,14.000000,1494,1263,498.000000,103.428571,87.877880,0,0,0,NO
OPENJPA,openjpa-kernel/src/main/java/org/apache/openjpa/kernel/exps/Add.java,9,11,237,7,2,139,38,19.857143,41,35,5.857143,3805,1263,543.571429,117.285714,106.614225,2,0,0,NO
OPENJPA,openjpa-kernel/src/main/java/org/apache/openjpa/kernel/exps/AggregateListener.java,9,12,244,5,2,158,69,31.600000,72,65,14.400000,3130,1263,626.000000,109.000000,105.163349,1,0,0,NO
OPENJPA,openjpa-kernel/src/main/java/org/apache/openjpa/kernel/exps/All.java,9,27,183,4,2,121,56,30.250000,59,49,14.750000,3110,1263,777.500000,109.000000,103.935207,1,0,0,NO
OPENJPA,openjpa-kernel/src/main/java/org/apache/openjpa/kernel/exps/Any.java,9,27,180,4,2,119,55,29.750000,58,48,14.500000,3110,1263,777.500000,109.000000,103.852381,1,0,0,NO
OPENJPA,openjpa-kernel/src/main/java/org/apache/openjpa/kernel/exps/Arguments.java,9,5,197,7,2,115,30,16.428571,33,30,4.714286,3805,1263,543.571429,117.285714,105.880348,2,0,0,NO
OPENJPA,openjpa-kernel/src/main/java/org/apache/openjpa/kernel/exps/Avg.java,9,31,203,4,2,134,62,33.500000,65,56,16.250000,3110,1263,777.500000,109.000000,104.425053,1,0,0,NO
OPENJPA,openjpa-kernel/src/main/java/org/apache/openjpa/kernel/exps/Constant.java,9,4,205,8,3,119,31,14.875000,33,30,4.125000,3831,1263,478.875000,117.285714,105.826481,2,0,0,NO
OPENJPA,openjpa-kernel/src/main/java/org/apache/openjpa/kernel/exps/Count.java,9,20,392,8,2,222,55,27.750000,52,55,6.500000,4100,1263,512.500000,117.285714,108.360423,1,0,0,NO
OPENJPA,openjpa-kernel/src/main/java/org/apache/openjpa/kernel/exps/Divide.java,9,11,240,7,2,141,39,20.142857,42,35,6.000000,3805,1263,543.571429,117.285714,106.642857,2,0,0,NO
OPENJPA,openjpa-kernel/src/main/java/org/apache/openjpa/kernel/exps/EndsWithExpression.java,9,12,275,7,2,158,45,22.571429,41,45,5.857143,3805,1263,543.571429,117.285714,107.382857,2,0,0,NO
OPENJPA,openjpa-kernel/src/main/java/org/apache/openjpa/kernel/exps/EqualExpression.java,9,11,239,7,2,140,39,20.000000,41,35,5.857143,3805,1263,543.571429,117.285714,106.632397,2,0,0,NO
OPENJPA,openjpa-kernel/src/main/java/org/apache/openjpa/kernel/exps/Expression.java,9,6,208,10,3,122,30,12.200000,36,30,3.600000,4217,1263,421.700000,117.285714,104.557005,1,0,0,NO
OPENJPA,openjpa-kernel/src/main/java/org/apache/openjpa/kernel/exps/ExpressionParser.java,9,14,204,4,2,134,61,33.500000,64,57,16.000000,3110,1263,777.500000,109.000000,104.447479,1,0,0,NO
OPENJPA,openjpa-kernel/src/main/java/org/apache/openjpa/kernel/exps/ExpressionVisitor.java,9,7,69,3,2,59,31,19.666667,49,31,16.333333,1494,1263,498.000000,103.428571,89.455487,0,0,0,NO
OPENJPA,openjpa-kernel/src/main/java/org/apache/openjpa/kernel/exps/FilterListener.java,9,12,317,5,2,203,89,40.600000,89,82,17.800000,3130,1263,626.000000,109.000000,106.013069,1,0,0,NO
OPENJPA,openjpa-kernel/src/main/java/org/apache/openjpa/kernel/exps/GreaterThanEqualExpression.java,9,12,280,7,2,161,45,23.000000,42,45,6.000000,3805,1263,543.571429,117.285714,107.409184,2,0,0,NO
OPENJPA,openjpa-kernel/src/main/java/org/apache/openjpa/kernel/exps/GreaterThanExpression.java,9,12,280,7,2,161,45,23.000000,42,45,6.000000,3805,1263,543.571429,117.285714,107.409184,2,0,0,NO
OPENJPA,openjpa-kernel/src/main/java/org/apache/openjpa/kernel/exps/LessThanEqualExpression.java,9,12,280,7,2,161,45,23.000000,42,45,6.000000,3805,1263,543.571429,117.285714,107.409184,2,0,0,NO
OPENJPA,openjpa-kernel/src/main/java/org/apache/openjpa/kernel/exps/LessThanExpression.java,9,12,280,7,2,161,45,23.000000,42,45,6.000000,3805,1263,543.571429,117.285714,107.409184,2,0,0,NO
OPENJPA,openjpa-kernel/src/main/java/org/apache/openjpa/kernel/exps/Literal.java,9,12,353,8,3,202,60,25.250000,51,60,6.375000,3831,1263,478.875000,117.285714,108.162282,2,0,0,NO
OPENJPA,openjpa-kernel/src/main/java/org/apache/openjpa/kernel/exps/Max.java,9,22,171,4,2,112,50,28.000000,53,46,13.250000,3110,1263,777.500000,109.000000,103.587302,1,0,0,NO
OPENJPA,openjpa-kernel/src/main/java/org/apache/openjpa/kernel/exps/Min.java,9,22,171,4,2,112,50,28.000000,53,46,13.250000,3110,1263,777.500000,109.000000,103.587302,1,0,0,NO
OPENJPA,openjpa-kernel/src/main/java/org/apache/openjpa/kernel/exps/Mod.java,9,11,240,7,2,141,39,20.142857,42,35,6.000000,3805,1263,543.571429,117.285714,106.642857,2,0,0,NO
OPENJPA,openjpa-kernel/src/main/java/org/apache/openjpa/kernel/exps/Multiply.java,9,11,278,7,2,160,45,22.857143,42,45,6.000000,3805,1263,543.571429,117.285714,107.399281,2,0,0,NO
OPENJPA,openjpa-kernel/src/main/java/org/apache/openjpa/kernel/exps/NotEqualExpression.java,9,11,239,7,2,140,39,20.000000,41,35,5.857143,3805,1263,543.571429,117.285714,106.632397,2,0,0,NO
OPENJPA,openjpa-kernel/src/main/java/org/apache/openjpa/kernel/exps/Parameter.java,9,6,217,8,3,128,36,16.000000,39,30,4.875000,3831,1263,478.875000,117.285714,106.094141,2,0,0,NO
OPENJPA,openjpa-kernel/src/main/java/org/apache/openjpa/kernel/exps/Path.java,9,11,402,11,4,236,55,21.454545,70,55,6.363636,4226,1263,384.181818,117.285714,103.979744,1,0,0,NO
OPENJPA,openjpa-kernel/src/main/java/org/apache/openjpa/kernel/exps/Resolver.java,9,10,190,5,2,126,51,25.200000,62,48,12.400000,3120,1263,624.000000,109.000000,100.736842,1,0,0,NO
OPENJPA,openjpa-kernel/src/main/java/org/apache/openjpa/kernel/exps/Size.java,9,20,157,4,2,103,46,25.750000,49,42,12.250000,3110,1263,777.500000,109.000000,103.115560,1,0,0,NO
OPENJPA,openjpa-kernel/src/main/java/org/apache/openjpa/kernel/exps/StartsWithExpression.java,9,12,275,7,2,158,45,22.571429,41,45,5.857143,3805,1263,543.571429,117.285714,107.382857,2,0,0,NO
OPENJPA,openjpa-kernel/src/main/java/org/apache/openjpa/kernel/exps/Subquery.java,9,6,261,10,3,150,37,15.000000,39,35,3.900000,4348,1263,434.800000,117.285714,106.847291,1,0,0,NO
OPENJPA,openjpa-kernel/src/main/java/org/apache/openjpa/kernel/exps/Subtract.java,9,11,278,7,2,160,45,22.857143,42,45,6.000000,3805,1263,543.571429,117.285714,107.399281,2,0,0,NO
OPENJPA,openjpa-kernel/src/main/java/org/apache/openjpa/kernel/exps/Sum.java,9,32,201,4,2,133,62,33.250000,65,55,16.250000,3110,1263,777.500000,109.000000,104.380242,1,0,0,NO
OPENJPA,openjpa-kernel/src/main/java/org/apache/openjpa/kernel/exps/Value.java,9,14,212,8,4,144,55,18.000000,76,52,9.500000,3276,1263,409.500000,109.000000,101.700135,1,0,0,NO
OPENJPA,openjpa-kernel/src/main/java/org/apache/openjpa/kernel/jpql/SimpleNode.java,9,7,220,9,2,127,31,14.111111,34,30,3.777778,4101,1263,455.666667,117.285714,106.366234,1,0,0,NO
OPENJPA,openjpa-kernel/src/main/java/org/apache/openjpa/meta/MetaDataContext.java,9,4,196,7,2,114,30,16.285714,32,30,4.571429,3805,1263,543.571429,117.285714,105.865160,2,0,0,NO
OPENJPA,openjpa-kernel/src/main/java/org/apache/openjpa/meta/MetaDataDefaults.java,9,16,290,11,5,191,64,17.363636,92,60,8.363636,3235,1263,294.090909,109.000000,102.955665,1,0,0,NO
OPENJPA,openjpa-kernel/src/main/java/org/apache/openjpa/meta/MetaDataFactory.java,9,30,467,6,4,310,138,51.666667,153,134,25.500000,3134,1263,522.333333,109.000000,105.887427,1,0,0,NO
OPENJPA,openjpa-kernel/src/main/java/org/apache/openjpa/meta/Order.java,9,10,338,8,2,195,55,24.375000,52,55,6.500000,3844,1263,480.500000,117.285714,107.796703,2,0,0,NO
OPENJPA,openjpa-kernel/src/main/java/org/apache/openjpa/meta/ValueMetaData.java,9,47,983,7,2,644,300,92.000000,305,296,43.571429,3382,1263,483.142857,109.000000,107.791019,1,0,0,NO
OPENJPA,openjpa-kernel/src/main/java/org/apache/openjpa/util/ChangeTracker.java,9,12,305,4,2,197,86,49.250000,89,83,22.250000,3110,1263,777.500000,109.000000,105.908665,1,0,0,NO
OPENJPA,openjpa-kernel/src/main/java/org/apache/openjpa/util/ClassResolver.java,9,6,155,5,2,100,43,20.000000,45,39,9.000000,3332,1263,666.400000,109.000000,102.943779,1,0,0,NO
OPENJPA,openjpa-kernel/src/main/java/org/apache/openjpa/util/ClassResolverImpl.java,9,31,216,8,4,142,59,17.750000,68,53,8.500000,3551,1263,443.875000,109.000000,99.373016,1,0,1,NO
OPENJPA,openjpa-kernel/src/main/java/org/apache/openjpa/util/CollectionChangeTracker.java,9,6,303,7,2,172,55,24.571429,41,55,5.857143,3805,1263,543.571429,117.285714,107.906176,2,0,0,NO
OPENJPA,openjpa-kernel/src/main/java/org/apache/openjpa/util/ExceptionInfo.java,9,16,273,6,2,178,80,29.666667,83,77,13.833333,3333,1263,555.500000,109.000000,105.255364,1,0,0,NO
OPENJPA,openjpa-kernel/src/main/java/org/apache/openjpa/util/GeneralException.java,9,25,325,9,2,191,53,21.222222,57,53,6.333333,3935,1263,437.222222,117.285714,106.917802,2,0,0,NO
OPENJPA,openjpa-kernel/src/main/java/org/apache/openjpa/util/InternalException.java,9,31,342,9,2,203,53,22.555556,64,53,7.111111,4116,1263,457.333333,117.285714,107.760652,2,0,0,NO
OPENJPA,openjpa-kernel/src/main/java/org/apache/openjpa/util/LRSProxy.java,9,4,198,9,2,114,30,12.666667,30,30,3.333333,4322,1263,480.222222,117.285714,105.924964,1,0,0,NO
OPENJPA,openjpa-kernel/src/main/java/org/apache/openjpa/util/MapChangeTracker.java,9,9,214,5,2,138,59,27.600000,62,55,12.400000,3160,1263,632.000000,109.000000,104.641522,1,0,0,NO
OPENJPA,openjpa-kernel/src/main/java/org/apache/openjpa/util/Proxy.java,9,9,211,5,3,136,59,27.200000,61,55,12.200000,3151,1263,630.200000,109.000000,104.383209,1,0,0,NO
OPENJPA,openjpa-kernel/src/main/java/org/apache/openjpa/util/ProxyBean.java,9,5,213,8,3,124,31,15.500000,35,30,4.375000,3846,1263,480.750000,117.285714,105.004024,2,0,0,NO
OPENJPA,openjpa-kernel/src/main/java/org/apache/openjpa/util/ProxyCalendar.java,9,5,234,9,3,134,35,14.888889,34,35,3.777778,3851,1263,427.888889,117.285714,105.378510,2,0,0,NO
OPENJPA,openjpa-kernel/src/main/java/org/apache/openjpa/util/ProxyCollection.java,9,9,168,5,3,105,41,21.000000,42,36,8.400000,3151,1263,630.200000,109.000000,100.568027,1,0,0,NO
OPENJPA,openjpa-kernel/src/main/java/org/apache/openjpa/util/ProxyDate.java,9,5,204,8,3,119,31,14.875000,34,30,4.250000,3846,1263,480.750000,117.285714,105.773109,2,0,0,NO
OPENJPA,openjpa-kernel/src/main/java/org/apache/openjpa/util/ProxyManager.java,9,22,460,6,3,288,119,48.000000,116,116,19.333333,3373,1263,562.166667,109.000000,104.077640,1,0,0,NO
OPENJPA,openjpa-kernel/src/main/java/org/apache/openjpa/util/ProxyMap.java,9,10,167,5,3,107,40,21.400000,47,36,9.400000,3151,1263,630.200000,109.000000,100.391788,1,0,0,NO
OPENJPA,openjpa-kernel/src/main/java/org/apache/openjpa/util/RuntimeExceptionTranslator.java,9,6,220,7,2,128,35,18.285714,36,35,5.142857,3805,1263,543.571429,117.285714,106.438961,2,0,0,NO
OPENJPA,openjpa-kernel/src/main/java/org/apache/openjpa/util/StoreException.java,9,28,355,10,3,208,53,20.800000,61,53,6.100000,4120,1263,412.000000,117.285714,105.441449,2,0,1,NO
OPENJPA,openjpa-kernel/src/main/java/org/apache/openjpa/util/UnsupportedException.java,9,23,336,9,2,195,53,21.666667,54,53,6.000000,4116,1263,457.333333,117.285714,107.787840,2,0,0,NO
OPENJPA,openjpa-kernel/src/main/java/org/apache/openjpa/util/UserException.java,9,31,343,10,2,204,53,20.400000,65,53,6.500000,4122,1263,412.200000,117.285714,107.561849,2,0,1,NO
OPENJPA,openjpa-lib/src/main/java/org/apache/openjpa/lib/conf/Configurable.java,9,6,105,5,2,75,42,15.000000,45,42,9.000000,3181,1263,636.200000,110.857143,101.469388,2,0,0,NO
OPENJPA,openjpa-lib/src/main/java/org/apache/openjpa/lib/conf/ConfigurationProvider.java,9,8,297,9,4,176,71,19.555556,55,71,6.111111,3488,1263,387.555556,110.857143,102.407888,2,0,0,NO
OPENJPA,openjpa-lib/src/main/java/org/apache/openjpa/lib/conf/GenericConfigurable.java,9,5,123,6,2,82,39,13.666667,41,39,6.833333,3186,1263,531.000000,110.857143,102.541231,2,0,0,NO
OPENJPA,openjpa-lib/src/main/java/org/apache/openjpa/lib/conf/ValueListener.java,9,4,102,6,2,67,31,11.166667,32,31,5.333333,3315,1263,552.500000,117.285714,103.172269,2,0,0,NO
OPENJPA,openjpa-lib/src/main/java/org/apache/openjpa/lib/graph/GraphVisitor.java,9,6,439,8,2,243,60,30.375000,47,60,5.875000,3816,1263,477.000000,117.285714,98.158802,2,0,0,YES
OPENJPA,openjpa-lib/src/main/java/org/apache/openjpa/lib/graph/NodeInfo.java,9,8,323,10,3,179,36,17.900000,35,30,3.500000,4319,1263,431.900000,117.285714,95.429898,2,0,0,YES
OPENJPA,openjpa-lib/src/main/java/org/apache/openjpa/lib/jdbc/ConnectionDecorator.java,9,6,112,6,2,74,35,12.333333,36,35,6.000000,3315,1263,552.500000,117.285714,104.035714,2,0,0,NO
OPENJPA,openjpa-lib/src/main/java/org/apache/openjpa/lib/jdbc/JDBCEvent.java,9,50,278,5,2,220,157,44.000000,162,157,32.400000,3181,1263,636.200000,110.857143,107.200925,2,0,0,NO
OPENJPA,openjpa-lib/src/main/java/org/apache/openjpa/lib/jdbc/JDBCListener.java,9,15,168,5,2,129,86,25.800000,90,86,18.000000,3181,1263,636.200000,110.857143,104.938776,2,0,0,NO
OPENJPA,openjpa-lib/src/main/java/org/apache/openjpa/lib/log/AbstractLog.java,9,74,292,7,2,216,159,30.857143,140,159,20.000000,3760,1263,537.142857,110.857143,107.071429,2,0,0,NO
OPENJPA,openjpa-lib/src/main/java/org/apache/openjpa/lib/log/LogFactory.java,9,4,98,6,2,65,30,10.833333,32,30,5.333333,3315,1263,552.500000,117.285714,102.795918,2,0,0,NO
OPENJPA,openjpa-lib/src/main/java/org/apache/openjpa/lib/meta/MetaDataFilter.java,9,9,180,6,2,116,55,19.333333,52,55,8.666667,3315,1263,552.500000,117.285714,107.309524,2,0,0,NO
OPENJPA,openjpa-lib/src/main/java/org/apache/openjpa/lib/meta/MetaDataIterator.java,9,12,138,5,2,99,57,19.800000,60,57,12.000000,3181,1263,636.200000,110.857143,103.597308,2,0,0,NO
OPENJPA,openjpa-lib/src/main/java/org/apache/openjpa/lib/meta/MetaDataParser.java,9,17,195,6,2,141,84,23.500000,87,84,14.500000,3671,1263,611.833333,110.857143,105.583883,2,0,0,NO
OPENJPA,openjpa-lib/src/main/java/org/apache/openjpa/lib/meta/MetaDataSerializer.java,9,15,246,7,2,160,76,22.857143,74,76,10.571429,3721,1263,531.571429,110.857143,106.288037,2,0,0,NO
OPENJPA,openjpa-lib/src/main/java/org/apache/openjpa/lib/meta/SourceTracker.java,9,11,122,5,2,89,54,17.800000,56,54,11.200000,3181,1263,636.200000,110.857143,102.740047,2,0,0,NO
OPENJPA,openjpa-lib/src/main/java/org/apache/openjpa/lib/rop/AbstractResultList.java,9,50,187,7,3,139,85,19.857143,91,85,13.000000,3271,1263,467.285714,110.857143,102.822002,2,0,1,NO
OPENJPA,openjpa-lib/src/main/java/org/apache/openjpa/lib/rop/AbstractSequentialResultList.java,9,72,234,5,2,175,130,35.000000,116,130,23.200000,3181,1263,636.200000,110.857143,106.534188,2,0,0,NO
OPENJPA,openjpa-lib/src/main/java/org/apache/openjpa/lib/rop/ResultList.java,9,9,171,5,2,114,62,22.800000,57,62,11.400000,3181,1263,636.200000,110.857143,104.831245,2,0,0,NO
OPENJPA,openjpa-lib/src/main/java/org/apache/openjpa/lib/util/BytecodeWriter.java,9,6,107,6,2,70,32,11.666667,33,32,5.500000,3315,1263,552.500000,117.285714,103.504673,2,0,0,NO
OPENJPA,openjpa-lib/src/main/java/org/apache/openjpa/lib/util/Bytes.java,9,79,195,3,3,181,164,60.333333,167,164,55.666667,1267,1263,422.333333,91.857143,88.981685,0,0,0,YES
OPENJPA,openjpa-lib/src/main/java/org/apache/openjpa/lib/util/EventManager.java,9,10,121,5,2,90,56,18.000000,59,56,11.800000,3181,1263,636.200000,110.857143,102.680047,2,0,0,NO
OPENJPA,openjpa-lib/src/main/java/org/apache/openjpa/lib/util/J2DoPriv5Helper.java,9,30,92,1,1,92,92,92.000000,92,92,92.000000,10,10,10.000000,45.571429,45.571429,1,0,1,NO
OPENJPA,openjpa-lib/src/main/java/org/apache/openjpa/lib/util/ParseException.java,9,21,172,8,2,113,53,14.125000,54,53,6.750000,3626,1263,453.250000,117.285714,106.698505,2,0,0,NO
OPENJPA,openjpa-lib/src/main/java/org/apache/openjpa/lib/util/ReferenceMap.java,9,10,123,5,2,88,50,17.600000,53,50,10.600000,3181,1263,636.200000,110.857143,102.743322,2,0,0,NO
OPENJPA,openjpa-lib/src/main/java/org/apache/openjpa/lib/util/ResourceBundleProvider.java,9,7,121,6,2,80,37,13.333333,39,37,6.500000,3315,1263,552.500000,117.285714,104.642267,2,0,0,NO
OPENJPA,openjpa-lib/src/main/java/org/apache/openjpa/lib/util/SizedMap.java,9,8,180,6,2,115,60,19.166667,50,60,8.333333,3315,1263,552.500000,117.285714,107.504762,2,0,0,NO
OPENJPA,openjpa-lib/src/main/java/org/apache/openjpa/lib/util/concurrent/ConcurrentMap.java,9,7,172,6,2,108,55,18.000000,44,55,7.333333,3315,1263,552.500000,117.285714,107.127907,2,0,0,NO
OPENJPA,openjpa-lib/src/main/java/org/apache/openjpa/lib/xml/Commentable.java,9,6,132,7,2,86,40,12.285714,40,40,5.714286,3537,1263,505.285714,117.285714,105.183983,2,0,0,NO
OPENJPA,openjpa-lib/src/main/java/org/apache/openjpa/lib/xml/ValidatingErrorHandler.java,9,15,164,6,2,105,53,17.500000,46,53,7.666667,3315,1263,552.500000,117.285714,106.885889,2,0,0,NO
OPENJPA,openjpa-persistence-jdbc/src/main/java/org/apache/openjpa/persistence/jdbc/ClassCriteria.java,9,11,298,10,2,169,53,16.900000,40,53,4.000000,4633,1263,463.300000,117.285714,107.530681,2,0,0,NO
OPENJPA,openjpa-persistence-jdbc/src/main/java/org/apache/openjpa/persistence/jdbc/Columns.java,9,12,300,10,2,170,53,17.000000,40,53,4.000000,4633,1263,463.300000,117.285714,107.532857,2,0,0,NO
OPENJPA,openjpa-persistence-jdbc/src/main/java/org/apache/openjpa/persistence/jdbc/ContainerTable.java,9,17,181,7,2,116,45,16.571429,51,42,7.285714,3938,1263,562.571429,109.000000,103.359116,1,0,0,NO
OPENJPA,openjpa-persistence-jdbc/src/main/java/org/apache/openjpa/persistence/jdbc/DataStoreIdColumn.java,9,14,316,10,2,181,53,18.100000,46,53,4.600000,4633,1263,463.300000,117.285714,107.579114,2,0,0,NO
OPENJPA,openjpa-persistence-jdbc/src/main/java/org/apache/openjpa/persistence/jdbc/DiscriminatorStrategy.java,9,10,256,11,2,147,35,13.363636,38,35,3.454545,4928,1263,448.000000,117.285714,106.607701,1,0,0,NO
OPENJPA,openjpa-persistence-jdbc/src/main/java/org/apache/openjpa/persistence/jdbc/EagerFetchMode.java,9,11,301,11,2,170,53,15.454545,39,53,3.545455,4649,1263,422.636364,117.285714,107.156146,2,0,0,NO
OPENJPA,openjpa-persistence-jdbc/src/main/java/org/apache/openjpa/persistence/jdbc/ElementClassCriteria.java,9,11,298,10,2,169,53,16.900000,40,53,4.000000,4633,1263,463.300000,117.285714,107.530681,2,0,0,NO
OPENJPA,openjpa-persistence-jdbc/src/main/java/org/apache/openjpa/persistence/jdbc/ElementColumn.java,9,19,294,8,2,174,54,21.750000,54,42,6.750000,3981,1263,497.625000,109.000000,79.877065,1,0,0,YES
OPENJPA,openjpa-persistence-jdbc/src/main/java/org/apache/openjpa/persistence/jdbc/ElementColumns.java,9,11,379,12,2,209,53,17.416667,39,53,3.250000,4692,1263,391.000000,117.285714,93.305692,2,0,0,YES
OPENJPA,openjpa-persistence-jdbc/src/main/java/org/apache/openjpa/persistence/jdbc/ElementEmbeddedMapping.java,9,15,404,11,2,225,53,20.454545,46,53,4.181818,4676,1263,425.090909,117.285714,92.143211,2,0,0,YES
OPENJPA,openjpa-persistence-jdbc/src/main/java/org/apache/openjpa/persistence/jdbc/ElementForeignKey.java,9,15,177,7,2,112,45,16.000000,47,42,6.714286,3938,1263,562.571429,109.000000,103.257466,1,0,0,NO
OPENJPA,openjpa-persistence-jdbc/src/main/java/org/apache/openjpa/persistence/jdbc/ElementIndex.java,9,13,309,10,2,176,53,17.600000,43,53,4.300000,4633,1263,463.300000,117.285714,107.558021,2,0,0,NO
OPENJPA,openjpa-persistence-jdbc/src/main/java/org/apache/openjpa/persistence/jdbc/ElementJoinColumn.java,9,18,183,7,2,118,45,16.857143,53,42,7.571429,3938,1263,562.571429,109.000000,103.408275,1,0,0,NO
OPENJPA,openjpa-persistence-jdbc/src/main/java/org/apache/openjpa/persistence/jdbc/ElementJoinColumns.java,9,11,300,10,2,170,53,17.000000,40,53,4.000000,4633,1263,463.300000,117.285714,107.532857,2,0,0,NO
OPENJPA,openjpa-persistence-jdbc/src/main/java/org/apache/openjpa/persistence/jdbc/ElementNonpolymorphic.java,9,11,300,10,2,170,53,17.000000,40,53,4.000000,4633,1263,463.300000,117.285714,107.532857,2,0,0,NO
OPENJPA,openjpa-persistence-jdbc/src/main/java/org/apache/openjpa/persistence/jdbc/ElementStrategy.java,9,11,378,12,2,208,53,17.333333,38,53,3.166667,4692,1263,391.000000,117.285714,93.447090,2,0,0,YES
OPENJPA,openjpa-persistence-jdbc/src/main/java/org/apache/openjpa/persistence/jdbc/EmbeddedMapping.java,9,15,312,10,2,179,53,17.900000,46,53,4.600000,4633,1263,463.300000,117.285714,107.560897,2,0,0,NO
OPENJPA,openjpa-persistence-jdbc/src/main/java/org/apache/openjpa/persistence/jdbc/FetchDirection.java,9,26,401,11,2,230,53,20.909091,59,53,5.363636,4638,1263,421.636364,117.285714,96.452797,2,0,0,NO
OPENJPA,openjpa-persistence-jdbc/src/main/java/org/apache/openjpa/persistence/jdbc/FetchMode.java,9,26,252,12,2,156,32,13.000000,60,30,5.000000,4944,1263,412.000000,117.285714,97.116780,1,0,0,NO
OPENJPA,openjpa-persistence-jdbc/src/main/java/org/apache/openjpa/persistence/jdbc/ForeignKey.java,9,16,322,10,2,186,53,18.600000,50,53,5.000000,4633,1263,463.300000,117.285714,107.584295,2,0,0,NO
OPENJPA,openjpa-persistence-jdbc/src/main/java/org/apache/openjpa/persistence/jdbc/ForeignKeyAction.java,9,7,219,12,2,126,30,10.500000,33,30,2.750000,4944,1263,412.000000,117.285714,104.305936,1,0,0,NO
OPENJPA,openjpa-persistence-jdbc/src/main/java/org/apache/openjpa/persistence/jdbc/Index.java,9,15,313,10,2,180,53,18.000000,47,53,4.700000,4633,1263,463.300000,117.285714,107.561844,2,0,0,NO
OPENJPA,openjpa-persistence-jdbc/src/main/java/org/apache/openjpa/persistence/jdbc/JoinSyntax.java,9,26,65,2,1,62,59,31.000000,59,59,29.500000,146,130,73.000000,51.142857,51.129670,0,0,0,NO
OPENJPA,openjpa-persistence-jdbc/src/main/java/org/apache/openjpa/persistence/jdbc/KeyClassCriteria.java,9,11,377,11,2,208,53,18.909091,39,53,3.545455,4676,1263,425.090909,117.285714,93.349754,2,0,0,YES
OPENJPA,openjpa-persistence-jdbc/src/main/java/org/apache/openjpa/persistence/jdbc/KeyColumn.java,9,19,294,8,2,174,54,21.750000,54,42,6.750000,3981,1263,497.625000,109.000000,79.877065,1,0,0,YES
OPENJPA,openjpa-persistence-jdbc/src/main/java/org/apache/openjpa/persistence/jdbc/KeyColumns.java,9,11,379,12,2,209,53,17.416667,39,53,3.250000,4692,1263,391.000000,117.285714,93.305692,2,0,0,YES
OPENJPA,openjpa-persistence-jdbc/src/main/java/org/apache/openjpa/persistence/jdbc/KeyEmbeddedMapping.java,9,15,403,11,2,224,53,20.363636,45,53,4.090909,4676,1263,425.090909,117.285714,92.272953,2,0,0,YES
OPENJPA,openjpa-persistence-jdbc/src/main/java/org/apache/openjpa/persistence/jdbc/KeyForeignKey.java,9,15,270,8,2,158,46,19.750000,46,42,5.750000,3981,1263,497.625000,109.000000,81.419577,1,0,0,YES
OPENJPA,openjpa-persistence-jdbc/src/main/java/org/apache/openjpa/persistence/jdbc/KeyIndex.java,9,13,394,11,2,218,53,19.818182,42,53,3.818182,4676,1263,425.090909,117.285714,92.952502,2,0,0,YES
OPENJPA,openjpa-persistence-jdbc/src/main/java/org/apache/openjpa/persistence/jdbc/KeyJoinColumn.java,9,18,288,8,2,170,52,21.250000,52,42,6.500000,3981,1263,497.625000,109.000000,80.238591,1,0,0,YES
OPENJPA,openjpa-persistence-jdbc/src/main/java/org/apache/openjpa/persistence/jdbc/KeyJoinColumns.java,9,11,379,12,2,209,53,17.416667,39,53,3.250000,4692,1263,391.000000,117.285714,93.305692,2,0,0,YES
OPENJPA,openjpa-persistence-jdbc/src/main/java/org/apache/openjpa/persistence/jdbc/KeyNonpolymorphic.java,9,11,378,11,2,208,53,18.909091,38,53,3.454545,4676,1263,425.090909,117.285714,93.568027,2,0,0,YES
OPENJPA,openjpa-persistence-jdbc/src/main/java/org/apache/openjpa/persistence/jdbc/KeyStrategy.java,9,11,378,12,2,208,53,17.333333,38,53,3.166667,4692,1263,391.000000,117.285714,93.447090,2,0,0,YES
OPENJPA,openjpa-persistence-jdbc/src/main/java/org/apache/openjpa/persistence/jdbc/LRSSizeAlgorithm.java,9,26,379,12,2,219,53,18.250000,59,53,4.916667,4669,1263,389.083333,117.285714,99.091217,2,0,0,NO
OPENJPA,openjpa-persistence-jdbc/src/main/java/org/apache/openjpa/persistence/jdbc/MappingOverride.java,9,15,317,10,2,182,53,18.200000,47,53,4.700000,4633,1263,463.300000,117.285714,107.579991,2,0,0,NO
OPENJPA,openjpa-persistence-jdbc/src/main/java/org/apache/openjpa/persistence/jdbc/MappingOverrides.java,9,10,210,8,2,124,36,15.500000,38,34,4.750000,4221,1263,527.625000,110.571429,104.470068,1,0,0,NO
OPENJPA,openjpa-persistence-jdbc/src/main/java/org/apache/openjpa/persistence/jdbc/MappingTag.java,9,76,128,5,3,118,86,23.600000,108,86,21.600000,1806,1263,361.200000,107.857143,91.275670,1,0,0,NO
OPENJPA,openjpa-persistence-jdbc/src/main/java/org/apache/openjpa/persistence/jdbc/Nonpolymorphic.java,9,11,299,10,2,169,53,16.900000,39,53,3.900000,4633,1263,463.300000,117.285714,107.531773,2,0,0,NO
OPENJPA,openjpa-persistence-jdbc/src/main/java/org/apache/openjpa/persistence/jdbc/NonpolymorphicType.java,9,6,218,12,2,125,30,10.416667,32,30,2.666667,4948,1263,412.333333,117.285714,104.289646,1,0,0,NO
OPENJPA,openjpa-persistence-jdbc/src/main/java/org/apache/openjpa/persistence/jdbc/OrderColumn.java,9,16,315,10,2,182,53,18.200000,49,53,4.900000,4633,1263,463.300000,117.285714,107.563719,2,0,0,NO
OPENJPA,openjpa-persistence-jdbc/src/main/java/org/apache/openjpa/persistence/jdbc/ResultSetType.java,9,26,93,2,1,76,59,38.000000,59,59,29.500000,135,130,67.500000,51.142857,51.090630,0,0,0,NO
OPENJPA,openjpa-persistence-jdbc/src/main/java/org/apache/openjpa/persistence/jdbc/Strategy.java,9,10,260,11,2,149,35,13.545455,38,35,3.454545,4928,1263,448.000000,117.285714,106.626923,1,0,0,NO
OPENJPA,openjpa-persistence-jdbc/src/main/java/org/apache/openjpa/persistence/jdbc/SubclassFetchMode.java,9,10,212,9,2,125,36,13.888889,38,34,4.222222,4237,1263,470.777778,110.571429,103.965633,1,0,0,NO
OPENJPA,openjpa-persistence-jdbc/src/main/java/org/apache/openjpa/persistence/jdbc/Unique.java,9,14,311,10,2,178,53,17.800000,45,53,4.500000,4633,1263,463.300000,117.285714,107.559945,2,0,0,NO
OPENJPA,openjpa-persistence-jdbc/src/main/java/org/apache/openjpa/persistence/jdbc/VersionColumn.java,9,17,322,10,2,187,53,18.700000,52,53,5.200000,4633,1263,463.300000,117.285714,107.584295,2,0,0,NO
OPENJPA,openjpa-persistence-jdbc/src/main/java/org/apache/openjpa/persistence/jdbc/VersionColumns.java,9,10,210,8,2,124,36,15.500000,38,34,4.750000,4221,1263,527.625000,110.571429,104.470068,1,0,0,NO
OPENJPA,openjpa-persistence-jdbc/src/main/java/org/apache/openjpa/persistence/jdbc/VersionStrategy.java,9,10,256,11,2,147,35,13.363636,38,35,3.454545,4928,1263,448.000000,117.285714,106.607701,1,0,0,NO
OPENJPA,openjpa-persistence-jdbc/src/main/java/org/apache/openjpa/persistence/jdbc/XEmbeddedMapping.java,9,15,403,11,2,224,53,20.363636,45,53,4.090909,4676,1263,425.090909,117.285714,92.272953,2,0,0,YES
OPENJPA,openjpa-persistence-jdbc/src/main/java/org/apache/openjpa/persistence/jdbc/XJoinColumn.java,9,19,185,7,2,120,45,17.142857,55,42,7.857143,3938,1263,562.571429,109.000000,103.456371,1,0,0,NO
OPENJPA,openjpa-persistence-jdbc/src/main/java/org/apache/openjpa/persistence/jdbc/XJoinColumns.java,9,11,305,10,2,172,53,17.200000,39,53,3.900000,4633,1263,463.300000,117.285714,107.554098,2,0,0,NO
OPENJPA,openjpa-persistence-jdbc/src/main/java/org/apache/openjpa/persistence/jdbc/XMappingOverride.java,9,18,416,11,2,234,53,21.272727,52,53,4.727273,4676,1263,425.090909,117.285714,91.463255,2,0,0,YES
OPENJPA,openjpa-persistence-jdbc/src/main/java/org/apache/openjpa/persistence/jdbc/XMappingOverrides.java,9,10,331,12,2,184,37,15.333333,37,35,3.083333,4971,1263,414.250000,117.285714,91.482952,1,0,0,YES
OPENJPA,openjpa-persistence-jdbc/src/main/java/org/apache/openjpa/persistence/jdbc/XSecondaryTable.java,9,17,321,10,2,186,53,18.600000,51,53,5.100000,4633,1263,463.300000,117.285714,107.583445,2,0,0,NO
OPENJPA,openjpa-persistence-jdbc/src/main/java/org/apache/openjpa/persistence/jdbc/XSecondaryTables.java,9,10,210,8,2,124,36,15.500000,38,34,4.750000,4221,1263,527.625000,110.571429,104.470068,1,0,0,NO
OPENJPA,openjpa-persistence-jdbc/src/main/java/org/apache/openjpa/persistence/jdbc/XTable.java,9,15,318,10,2,183,53,18.300000,48,53,4.800000,4633,1263,463.300000,117.285714,107.580863,2,0,0,NO
OPENJPA,openjpa-persistence/src/main/java/org/apache/openjpa/persistence/AutoClearType.java,9,23,56,1,1,56,56,56.000000,56,56,56.000000,130,130,130.000000,51.142857,51.142857,0,0,0,YES
OPENJPA,openjpa-persistence/src/main/java/org/apache/openjpa/persistence/ConnectionRetainMode.java,9,26,66,2,1,63,60,31.500000,60,60,30.000000,146,130,73.000000,51.142857,51.129870,0,0,0,YES
OPENJPA,openjpa-persistence/src/main/java/org/apache/openjpa/persistence/DataCache.java,9,12,300,9,2,171,53,19.000000,42,53,4.666667,4157,1263,461.888889,117.285714,107.564286,2,0,0,NO
OPENJPA,openjpa-persistence/src/main/java/org/apache/openjpa/persistence/DataStoreId.java,9,12,297,9,2,169,53,18.777778,41,53,4.555556,4157,1263,461.888889,117.285714,107.550746,2,0,0,NO
OPENJPA,openjpa-persistence/src/main/java/org/apache/openjpa/persistence/Dependent.java,9,11,291,9,2,165,53,18.333333,39,53,4.333333,4157,1263,461.888889,117.285714,107.522828,2,0,0,NO
OPENJPA,openjpa-persistence/src/main/java/org/apache/openjpa/persistence/DetachStateType.java,9,26,60,1,1,60,60,60.000000,60,60,60.000000,130,130,130.000000,51.142857,51.142857,0,0,0,YES
OPENJPA,openjpa-persistence/src/main/java/org/apache/openjpa/persistence/DetachedState.java,9,12,297,9,2,169,53,18.777778,41,53,4.555556,4157,1263,461.888889,117.285714,107.550746,2,0,0,NO
OPENJPA,openjpa-persistence/src/main/java/org/apache/openjpa/persistence/ElementDependent.java,9,11,291,9,2,165,53,18.333333,39,53,4.333333,4157,1263,461.888889,117.285714,107.522828,2,0,0,NO
OPENJPA,openjpa-persistence/src/main/java/org/apache/openjpa/persistence/ElementType.java,9,11,296,9,2,168,53,18.666667,40,53,4.444444,4157,1263,461.888889,117.285714,107.544884,2,0,0,NO
OPENJPA,openjpa-persistence/src/main/java/org/apache/openjpa/persistence/ExternalValues.java,9,11,299,9,2,170,53,18.888889,41,53,4.555556,4157,1263,461.888889,117.285714,107.558528,2,0,0,NO
OPENJPA,openjpa-persistence/src/main/java/org/apache/openjpa/persistence/Externalizer.java,9,11,296,9,2,168,53,18.666667,40,53,4.444444,4157,1263,461.888889,117.285714,107.544884,2,0,0,NO
OPENJPA,openjpa-persistence/src/main/java/org/apache/openjpa/persistence/Factory.java,9,11,296,9,2,168,53,18.666667,40,53,4.444444,4157,1263,461.888889,117.285714,107.544884,2,0,0,NO
OPENJPA,openjpa-persistence/src/main/java/org/apache/openjpa/persistence/FetchAttribute.java,9,10,263,11,3,154,35,14.000000,45,35,4.090909,4590,1263,417.272727,117.285714,106.650190,1,0,0,NO
OPENJPA,openjpa-persistence/src/main/java/org/apache/openjpa/persistence/FetchGroup.java,9,13,216,9,3,136,36,15.111111,56,34,6.222222,3885,1263,431.666667,110.571429,104.382937,1,0,0,NO
OPENJPA,openjpa-persistence/src/main/java/org/apache/openjpa/persistence/FetchGroups.java,9,10,248,10,2,143,35,14.300000,38,35,3.800000,4452,1263,445.200000,117.285714,106.567396,1,0,0,NO
OPENJPA,openjpa-persistence/src/main/java/org/apache/openjpa/persistence/InverseLogical.java,9,11,291,9,2,165,53,18.333333,39,53,4.333333,4157,1263,461.888889,117.285714,107.522828,2,0,0,NO
OPENJPA,openjpa-persistence/src/main/java/org/apache/openjpa/persistence/KeyDependent.java,9,11,291,9,2,165,53,18.333333,39,53,4.333333,4157,1263,461.888889,117.285714,107.522828,2,0,0,NO
OPENJPA,openjpa-persistence/src/main/java/org/apache/openjpa/persistence/KeyType.java,9,11,296,9,2,168,53,18.666667,40,53,4.444444,4157,1263,461.888889,117.285714,107.544884,2,0,0,NO
OPENJPA,openjpa-persistence/src/main/java/org/apache/openjpa/persistence/LRS.java,9,11,291,9,2,165,53,18.333333,39,53,4.333333,4157,1263,461.888889,117.285714,107.522828,2,0,0,NO
OPENJPA,openjpa-persistence/src/main/java/org/apache/openjpa/persistence/LoadFetchGroup.java,9,11,299,10,4,169,53,16.900000,39,53,3.900000,3947,1263,394.700000,117.285714,107.313426,2,0,0,NO
OPENJPA,openjpa-persistence/src/main/java/org/apache/openjpa/persistence/ManagedInterface.java,9,9,321,10,2,181,53,18.100000,41,53,4.100000,4187,1263,418.700000,117.285714,102.536716,2,0,1,NO
OPENJPA,openjpa-persistence/src/main/java/org/apache/openjpa/persistence/MetaDataTag.java,9,51,253,9,4,168,76,18.666667,83,72,9.222222,3177,1263,353.000000,109.000000,104.670243,1,0,2,NO
OPENJPA,openjpa-persistence/src/main/java/org/apache/openjpa/persistence/OpenJPAEntityManagerFactorySPI.java,9,13,583,8,3,327,105,40.875000,71,102,8.875000,3515,1263,439.375000,109.000000,85.888263,1,0,0,YES
OPENJPA,openjpa-persistence/src/main/java/org/apache/openjpa/persistence/OpenJPAEntityManagerSPI.java,9,19,152,4,1,130,104,32.500000,108,104,27.000000,161,130,40.250000,51.142857,50.669173,0,0,0,YES
OPENJPA,openjpa-persistence/src/main/java/org/apache/openjpa/persistence/OpenJPAEntityTransaction.java,9,9,71,1,1,71,71,71.000000,71,71,71.000000,130,130,130.000000,51.142857,51.142857,0,0,0,YES
OPENJPA,openjpa-persistence/src/main/java/org/apache/openjpa/persistence/OpenJPAQuerySPI.java,9,10,316,9,3,181,46,20.111111,46,34,5.111111,3885,1263,431.666667,110.571429,87.534810,1,0,0,YES
OPENJPA,openjpa-persistence/src/main/java/org/apache/openjpa/persistence/PersistenceStrategy.java,9,13,243,8,2,144,41,18.000000,45,35,5.625000,3825,1263,478.125000,117.285714,106.433862,2,0,0,NO
OPENJPA,openjpa-persistence/src/main/java/org/apache/openjpa/persistence/Persistent.java,9,17,159,6,2,104,45,17.333333,49,42,8.166667,3462,1263,577.000000,109.000000,102.736748,1,0,0,NO
OPENJPA,openjpa-persistence/src/main/java/org/apache/openjpa/persistence/PersistentCollection.java,9,17,163,7,2,107,45,15.285714,51,42,7.285714,3467,1263,495.285714,109.000000,102.049080,1,0,1,NO
OPENJPA,openjpa-persistence/src/main/java/org/apache/openjpa/persistence/PersistentMap.java,9,19,171,6,2,112,49,18.666667,53,46,8.833333,3462,1263,577.000000,109.000000,103.169591,1,0,0,NO
OPENJPA,openjpa-persistence/src/main/java/org/apache/openjpa/persistence/QueryOperationType.java,9,26,59,1,1,59,59,59.000000,59,59,59.000000,130,130,130.000000,51.142857,51.142857,0,0,0,YES
OPENJPA,openjpa-persistence/src/main/java/org/apache/openjpa/persistence/ReadOnly.java,9,11,291,9,2,165,53,18.333333,39,53,4.333333,4157,1263,461.888889,117.285714,107.522828,2,0,0,NO
OPENJPA,openjpa-persistence/src/main/java/org/apache/openjpa/persistence/RestoreStateType.java,9,26,60,1,1,60,60,60.000000,60,60,60.000000,130,130,130.000000,51.142857,51.142857,0,0,0,YES
OPENJPA,openjpa-persistence/src/main/java/org/apache/openjpa/persistence/Type.java,9,11,296,9,2,168,53,18.666667,40,53,4.444444,4157,1263,461.888889,117.285714,107.544884,2,0,0,NO
OPENJPA,openjpa-persistence/src/main/java/org/apache/openjpa/persistence/UpdateAction.java,9,5,205,10,2,118,30,11.800000,31,30,3.100000,4452,1263,445.200000,117.285714,104.618118,1,0,0,NO
OPENJPA,openjpa-slice/src/main/java/org/apache/openjpa/slice/DistributedConfiguration.java,9,10,86,2,1,82,78,41.000000,78,78,39.000000,48,38,24.000000,26.857143,26.750831,0,0,0,YES
OPENJPA,openjpa-slice/src/main/java/org/apache/openjpa/slice/DistributionPolicy.java,9,5,55,2,1,51,46,25.500000,47,46,23.500000,48,38,24.000000,26.857143,26.670130,0,0,0,YES
OPENJPA,openjpa-slice/src/main/java/org/apache/openjpa/slice/jdbc/DistributedJDBCConfiguration.java,9,11,75,2,1,63,63,31.500000,51,63,25.500000,61,38,30.500000,26.857143,26.628571,0,0,0,YES
OPENJPA,openjpa-slice/src/main/java/org/apache/openjpa/slice/jdbc/DistributedStatement.java,9,7,285,10,3,159,33,15.900000,33,30,3.300000,4614,1263,461.400000,117.285714,86.664662,1,0,0,YES
OPENJPA,openjpa-jdbc/src/main/java/org/apache/openjpa/jdbc/ant/MappingToolTask.java,10,118,299,11,4,271,211,24.636364,243,211,22.090909,2112,1263,192.000000,139.000000,121.223125,1,0,3,NO
OPENJPA,openjpa-jdbc/src/main/java/org/apache/openjpa/jdbc/ant/ReverseMappingToolTask.java,10,154,364,8,4,338,257,42.250000,312,257,39.000000,2076,1263,259.500000,139.000000,125.204474,1,0,1,NO
OPENJPA,openjpa-jdbc/src/main/java/org/apache/openjpa/jdbc/conf/FetchModeValue.java,10,21,73,3,2,63,49,21.000000,53,49,17.666667,1742,1263,580.666667,139.000000,126.876712,1,0,0,NO
OPENJPA,openjpa-jdbc/src/main/java/org/apache/openjpa/jdbc/conf/JDBCConfiguration.java,10,92,721,7,5,663,609,94.714286,605,609,86.428571,2141,1263,305.857143,139.000000,130.978799,1,0,0,NO
OPENJPA,openjpa-jdbc/src/main/java/org/apache/openjpa/jdbc/kernel/ConnectionInfo.java,10,9,261,9,2,148,35,16.444444,35,35,3.888889,4576,1263,508.444444,148.428571,138.029557,1,0,0,NO
OPENJPA,openjpa-jdbc/src/main/java/org/apache/openjpa/jdbc/kernel/DelegatingJDBCFetchConfiguration.java,10,224,343,9,4,320,233,35.555556,297,233,33.000000,2223,1263,247.000000,139.000000,123.164098,1,0,2,NO
OPENJPA,openjpa-jdbc/src/main/java/org/apache/openjpa/jdbc/kernel/JDBC3SavepointManager.java,10,30,87,3,2,76,62,25.333333,65,62,21.666667,1961,1263,653.666667,139.000000,128.702791,2,0,0,NO
OPENJPA,openjpa-jdbc/src/main/java/org/apache/openjpa/jdbc/kernel/JDBCFetchConfiguration.java,10,39,298,9,4,271,164,30.111111,244,164,27.111111,2223,1263,247.000000,139.000000,119.262224,1,0,2,NO
OPENJPA,openjpa-jdbc/src/main/java/org/apache/openjpa/jdbc/kernel/JDBCLockManager.java,10,9,69,2,2,59,46,29.500000,49,46,24.500000,1739,1263,869.500000,139.000000,126.190476,1,0,0,NO
OPENJPA,openjpa-jdbc/src/main/java/org/apache/openjpa/jdbc/kernel/JDBCSeq.java,10,8,277,9,2,159,35,17.666667,41,35,4.555556,4576,1263,508.444444,148.428571,138.141826,1,0,0,NO
OPENJPA,openjpa-jdbc/src/main/java/org/apache/openjpa/jdbc/kernel/JDBCStore.java,10,22,145,6,3,121,106,20.166667,97,106,16.166667,2168,1263,361.333333,139.000000,132.325123,1,0,0,NO
OPENJPA,openjpa-jdbc/src/main/java/org/apache/openjpa/jdbc/kernel/PreparedStatementManager.java,10,8,293,9,2,170,40,18.888889,47,35,5.222222,4576,1263,508.444444,148.428571,138.248172,1,0,0,NO
OPENJPA,openjpa-jdbc/src/main/java/org/apache/openjpa/jdbc/kernel/UpdateManager.java,10,6,321,8,2,182,45,22.750000,43,45,5.375000,4281,1263,535.125000,148.428571,138.647975,2,0,0,NO
OPENJPA,openjpa-jdbc/src/main/java/org/apache/openjpa/jdbc/kernel/exps/All.java,10,10,217,10,3,127,30,12.700000,37,30,3.700000,4580,1263,458.000000,148.428571,136.409480,1,0,1,NO
OPENJPA,openjpa-jdbc/src/main/java/org/apache/openjpa/jdbc/kernel/exps/Any.java,10,10,217,10,3,127,30,12.700000,37,30,3.700000,4580,1263,458.000000,148.428571,136.409480,1,0,1,NO
OPENJPA,openjpa-jdbc/src/main/java/org/apache/openjpa/jdbc/kernel/exps/BinaryOpExpState.java,10,14,69,3,2,59,31,19.666667,49,31,16.333333,1407,1263,469.000000,131.857143,119.378882,0,0,0,NO
OPENJPA,openjpa-jdbc/src/main/java/org/apache/openjpa/jdbc/kernel/exps/Exp.java,10,13,153,5,3,106,83,21.200000,59,83,11.800000,2046,1263,409.200000,139.000000,131.453782,1,0,0,NO
OPENJPA,openjpa-jdbc/src/main/java/org/apache/openjpa/jdbc/kernel/exps/ExpContext.java,10,16,76,3,2,66,38,22.000000,56,38,18.666667,1407,1263,469.000000,131.857143,120.528195,0,0,0,NO
OPENJPA,openjpa-jdbc/src/main/java/org/apache/openjpa/jdbc/kernel/exps/ExpState.java,10,11,64,3,2,54,26,18.000000,44,26,14.666667,1407,1263,469.000000,131.857143,118.404018,0,0,0,NO
OPENJPA,openjpa-jdbc/src/main/java/org/apache/openjpa/jdbc/kernel/exps/FilterValue.java,10,24,143,4,3,131,103,32.750000,119,103,29.750000,1775,1263,443.750000,139.000000,126.600400,1,0,0,NO
OPENJPA,openjpa-jdbc/src/main/java/org/apache/openjpa/jdbc/kernel/exps/GetColumn.java,10,40,103,2,2,93,80,46.500000,83,80,41.500000,1739,1263,869.500000,139.000000,130.418863,1,0,0,NO
OPENJPA,openjpa-jdbc/src/main/java/org/apache/openjpa/jdbc/kernel/exps/JDBCAggregateListener.java,10,10,65,2,2,55,42,27.500000,45,42,22.500000,1739,1263,869.500000,139.000000,125.402198,1,0,0,NO
OPENJPA,openjpa-jdbc/src/main/java/org/apache/openjpa/jdbc/kernel/exps/JDBCFilterListener.java,10,10,67,2,2,57,44,28.500000,47,44,23.500000,1739,1263,869.500000,139.000000,125.808102,1,0,0,NO
OPENJPA,openjpa-jdbc/src/main/java/org/apache/openjpa/jdbc/kernel/exps/JDBCPath.java,10,6,112,7,2,72,30,10.285714,32,30,4.571429,3791,1263,541.571429,148.428571,134.571429,2,0,0,NO
OPENJPA,openjpa-jdbc/src/main/java/org/apache/openjpa/jdbc/kernel/exps/QueryExpressionsState.java,10,9,282,10,3,159,35,15.900000,36,35,3.600000,4387,1263,438.700000,148.428571,137.231510,2,0,0,NO
OPENJPA,openjpa-jdbc/src/main/java/org/apache/openjpa/jdbc/kernel/exps/SQLEmbed.java,10,35,97,5,3,84,69,16.800000,71,69,14.200000,1952,1263,390.400000,139.000000,129.525773,1,0,0,NO
OPENJPA,openjpa-jdbc/src/main/java/org/apache/openjpa/jdbc/meta/ClassStrategy.java,10,27,137,3,2,126,112,42.000000,115,112,38.333333,1961,1263,653.666667,139.000000,132.460897,1,0,0,NO
OPENJPA,openjpa-jdbc/src/main/java/org/apache/openjpa/jdbc/meta/DiscriminatorStrategy.java,10,19,108,4,3,93,69,23.250000,78,69,19.500000,1772,1263,443.000000,139.000000,127.429894,1,0,0,NO
OPENJPA,openjpa-jdbc/src/main/java/org/apache/openjpa/jdbc/meta/Embeddable.java,10,19,111,4,3,98,82,24.500000,85,82,21.250000,2099,1263,524.750000,139.000000,130.882883,1,0,0,NO
OPENJPA,openjpa-jdbc/src/main/java/org/apache/openjpa/jdbc/meta/FieldStrategy.java,10,61,299,6,4,278,245,46.333333,257,245,42.833333,2139,1263,356.500000,139.000000,131.564740,1,0,0,NO
OPENJPA,openjpa-jdbc/src/main/java/org/apache/openjpa/jdbc/meta/JDBCOrder.java,10,9,200,7,2,123,55,17.571429,46,55,6.571429,3791,1263,541.571429,148.428571,138.372857,2,0,0,NO
OPENJPA,openjpa-jdbc/src/main/java/org/apache/openjpa/jdbc/meta/Joinable.java,10,22,115,4,3,103,86,25.750000,91,86,22.750000,1818,1263,454.500000,139.000000,130.462112,1,0,0,NO
OPENJPA,openjpa-jdbc/src/main/java/org/apache/openjpa/jdbc/meta/RelationId.java,10,6,266,10,2,152,35,15.200000,38,35,3.800000,4798,1263,479.800000,148.428571,138.002685,1,0,0,NO
OPENJPA,openjpa-jdbc/src/main/java/org/apache/openjpa/jdbc/meta/ReverseCustomizer.java,10,23,183,2,2,173,160,86.500000,163,160,81.500000,1739,1263,869.500000,139.000000,134.170180,1,0,0,NO
OPENJPA,openjpa-jdbc/src/main/java/org/apache/openjpa/jdbc/meta/Strategy.java,10,28,160,4,2,148,131,37.000000,136,131,34.000000,2000,1263,500.000000,139.000000,132.979464,1,0,0,NO
OPENJPA,openjpa-jdbc/src/main/java/org/apache/openjpa/jdbc/meta/ValueHandler.java,10,23,132,5,3,118,99,23.600000,104,99,20.800000,2138,1263,427.600000,139.000000,131.663420,1,0,0,NO
OPENJPA,openjpa-jdbc/src/main/java/org/apache/openjpa/jdbc/meta/ValueMapping.java,10,58,301,5,3,285,265,57.000000,269,265,53.800000,2025,1263,405.000000,139.000000,135.749407,1,0,0,NO
OPENJPA,openjpa-jdbc/src/main/java/org/apache/openjpa/jdbc/meta/strats/AbstractClassStrategy.java,10,45,102,2,2,92,79,46.000000,82,79,41.000000,1739,1263,869.500000,139.000000,130.334734,1,0,0,NO
OPENJPA,openjpa-jdbc/src/main/java/org/apache/openjpa/jdbc/meta/strats/AbstractDiscriminatorStrategy.java,10,49,120,4,3,108,89,27.000000,96,89,24.000000,1772,1263,443.000000,139.000000,130.529762,1,0,0,NO
OPENJPA,openjpa-jdbc/src/main/java/org/apache/openjpa/jdbc/meta/strats/AbstractStrategy.java,10,43,101,2,2,91,78,45.500000,81,78,40.500000,1739,1263,869.500000,139.000000,130.248939,1,0,0,NO
OPENJPA,openjpa-jdbc/src/main/java/org/apache/openjpa/jdbc/meta/strats/AbstractValueHandler.java,10,31,85,3,3,73,58,24.333333,61,58,20.333333,1877,1263,625.666667,139.000000,128.541176,1,0,0,NO
OPENJPA,openjpa-jdbc/src/main/java/org/apache/openjpa/jdbc/meta/strats/BlobValueHandler.java,10,20,71,2,2,61,48,30.500000,51,48,25.500000,1739,1263,869.500000,139.000000,126.551308,1,0,0,NO
OPENJPA,openjpa-jdbc/src/main/java/org/apache/openjpa/jdbc/meta/strats/ClobValueHandler.java,10,20,71,2,2,61,48,30.500000,51,48,25.500000,1739,1263,869.500000,139.000000,126.551308,1,0,0,NO
OPENJPA,openjpa-jdbc/src/main/java/org/apache/openjpa/jdbc/meta/strats/IdentityJoinable.java,10,50,111,4,3,99,83,24.750000,87,83,21.750000,1789,1263,447.250000,139.000000,130.553411,1,0,0,NO
OPENJPA,openjpa-jdbc/src/main/java/org/apache/openjpa/jdbc/meta/strats/LRSCollectionFieldStrategy.java,10,28,125,3,3,112,96,37.333333,99,96,33.000000,1877,1263,625.666667,139.000000,131.867429,1,0,0,NO
OPENJPA,openjpa-jdbc/src/main/java/org/apache/openjpa/jdbc/meta/strats/LRSMapFieldStrategy.java,10,41,186,3,3,169,149,56.333333,152,149,50.666667,1877,1263,625.666667,139.000000,134.151306,1,0,0,NO
OPENJPA,openjpa-jdbc/src/main/java/org/apache/openjpa/jdbc/schema/DriverDataSource.java,10,23,135,4,3,123,64,30.750000,111,64,27.750000,1795,1263,448.750000,139.000000,128.595767,1,0,0,NO
OPENJPA,openjpa-jdbc/src/main/java/org/apache/openjpa/jdbc/schema/SchemaFactory.java,10,5,398,10,3,220,55,22.000000,42,55,4.200000,4578,1263,457.800000,148.428571,138.569634,1,0,1,NO
OPENJPA,openjpa-jdbc/src/main/java/org/apache/openjpa/jdbc/schema/SchemaParser.java,10,10,85,2,2,75,62,37.500000,65,62,32.500000,1739,1263,869.500000,139.000000,128.601681,1,0,0,NO
OPENJPA,openjpa-jdbc/src/main/java/org/apache/openjpa/jdbc/schema/SchemaSerializer.java,10,13,101,2,2,91,78,45.500000,81,78,40.500000,1739,1263,869.500000,139.000000,130.248939,1,0,0,NO
OPENJPA,openjpa-jdbc/src/main/java/org/apache/openjpa/jdbc/sql/CacheDictionary.java,10,16,65,2,2,55,42,27.500000,45,42,22.500000,1739,1263,869.500000,139.000000,125.402198,1,0,0,NO
OPENJPA,openjpa-jdbc/src/main/java/org/apache/openjpa/jdbc/sql/Calendard.java,10,10,264,9,2,151,35,16.777778,38,35,4.222222,4576,1263,508.444444,148.428571,138.040584,1,0,0,NO
OPENJPA,openjpa-jdbc/src/main/java/org/apache/openjpa/jdbc/sql/Raw.java,10,10,214,9,2,126,30,14.000000,38,30,4.222222,4576,1263,508.444444,148.428571,137.271696,1,0,0,NO
OPENJPA,openjpa-jdbc/src/main/java/org/apache/openjpa/jdbc/sql/Result.java,10,180,635,5,4,621,572,124.200000,607,572,121.400000,1894,1263,378.800000,139.000000,132.018448,1,0,1,NO
OPENJPA,openjpa-jdbc/src/main/java/org/apache/openjpa/jdbc/sql/Row.java,10,163,543,2,2,533,520,266.500000,523,520,261.500000,1739,1263,869.500000,139.000000,137.372270,1,0,0,NO
OPENJPA,openjpa-jdbc/src/main/java/org/apache/openjpa/jdbc/sql/RowManager.java,10,14,94,2,2,84,71,42.000000,74,71,37.000000,1739,1263,869.500000,139.000000,129.597264,1,0,0,NO
OPENJPA,openjpa-jdbc/src/main/java/org/apache/openjpa/jdbc/sql/SQLFactory.java,10,6,296,9,2,171,40,19.000000,46,35,5.111111,4576,1263,508.444444,148.428571,138.267375,1,0,0,NO
OPENJPA,openjpa-jdbc/src/main/java/org/apache/openjpa/jdbc/sql/Select.java,10,136,825,12,6,764,668,63.666667,703,668,58.583333,2073,1263,172.750000,139.000000,127.736104,1,0,1,NO
OPENJPA,openjpa-jdbc/src/main/java/org/apache/openjpa/jdbc/sql/SelectExecutor.java,10,31,244,7,6,199,122,28.428571,154,122,22.000000,1854,1263,264.857143,139.000000,105.831382,1,0,0,NO
OPENJPA,openjpa-jdbc/src/main/java/org/apache/openjpa/jdbc/sql/Sized.java,10,9,240,10,2,138,31,13.800000,36,30,3.600000,4577,1263,457.700000,148.428571,137.640476,1,0,0,NO
OPENJPA,openjpa-jdbc/src/main/java/org/apache/openjpa/jdbc/sql/Union.java,10,12,113,3,3,89,76,29.666667,65,76,21.666667,1752,1263,584.000000,139.000000,126.753477,1,0,0,NO
OPENJPA,openjpa-kernel/src/main/java/org/apache/openjpa/ant/ApplicationIdToolTask.java,10,45,132,3,2,122,94,40.666667,112,94,37.333333,1430,1263,476.666667,133.000000,126.148268,0,0,0,NO
OPENJPA,openjpa-kernel/src/main/java/org/apache/openjpa/ant/PCEnhancerTask.java,10,37,317,7,3,204,99,29.142857,91,86,13.000000,3217,1263,459.571429,140.142857,137.108157,1,0,0,NO
OPENJPA,openjpa-kernel/src/main/java/org/apache/openjpa/conf/BrokerFactoryValue.java,10,46,403,16,3,245,47,15.312500,87,43,5.437500,3354,1263,209.625000,140.142857,134.057781,1,0,0,NO
OPENJPA,openjpa-kernel/src/main/java/org/apache/openjpa/conf/CacheMarshaller.java,10,15,92,1,1,92,92,92.000000,92,92,92.000000,27,27,27.000000,81.000000,81.000000,0,0,0,YES
OPENJPA,openjpa-kernel/src/main/java/org/apache/openjpa/conf/OpenJPAConfiguration.java,10,287,4740,30,6,3194,1336,106.466667,1648,1324,54.933333,3854,1263,128.466667,140.142857,131.579566,1,0,1,NO
OPENJPA,openjpa-kernel/src/main/java/org/apache/openjpa/conf/OpenJPAProductDerivation.java,10,10,385,14,4,214,53,15.285714,43,53,3.071429,3909,1263,279.214286,148.428571,136.668275,2,0,0,YES
OPENJPA,openjpa-kernel/src/main/java/org/apache/openjpa/conf/SeqValue.java,10,18,157,4,2,103,46,25.750000,49,41,12.250000,3110,1263,777.500000,140.142857,134.255687,1,0,0,NO
OPENJPA,openjpa-kernel/src/main/java/org/apache/openjpa/datacache/CacheStatistics.java,10,109,235,2,1,234,233,117.000000,233,233,116.500000,10,9,5.000000,31.714286,31.672948,0,0,0,YES
OPENJPA,openjpa-kernel/src/main/java/org/apache/openjpa/datacache/DataCache.java,10,37,878,9,6,575,258,63.888889,272,242,30.222222,3364,1263,373.777778,140.142857,136.995770,1,0,0,NO
OPENJPA,openjpa-kernel/src/main/java/org/apache/openjpa/datacache/DataCacheManager.java,10,14,267,5,2,172,74,34.400000,77,71,15.400000,3111,1263,622.200000,140.142857,136.228464,1,0,0,NO
OPENJPA,openjpa-kernel/src/main/java/org/apache/openjpa/datacache/DataCachePCData.java,10,6,201,7,2,118,32,16.857143,35,30,5.000000,3805,1263,543.571429,148.428571,137.085288,2,0,0,NO
OPENJPA,openjpa-kernel/src/main/java/org/apache/openjpa/datacache/ExpirationListener.java,10,4,201,8,2,117,30,14.625000,33,30,4.125000,4027,1263,503.375000,148.428571,137.013504,2,0,0,NO
OPENJPA,openjpa-kernel/src/main/java/org/apache/openjpa/datacache/QueryCache.java,10,18,476,6,2,307,138,51.166667,138,130,23.000000,3382,1263,563.666667,140.142857,138.002101,1,0,0,NO
OPENJPA,openjpa-kernel/src/main/java/org/apache/openjpa/datacache/TypesChangedListener.java,10,4,201,8,2,117,30,14.625000,33,30,4.125000,4027,1263,503.375000,148.428571,137.013504,2,0,0,NO
OPENJPA,openjpa-kernel/src/main/java/org/apache/openjpa/ee/AbstractManagedRuntime.java,10,53,110,2,1,109,68,54.500000,108,67,54.000000,29,18,14.500000,84.714286,60.967532,0,0,1,NO
OPENJPA,openjpa-kernel/src/main/java/org/apache/openjpa/enhance/AttributeTranslator.java,10,4,341,11,3,186,36,16.909091,31,30,2.818182,4383,1263,398.454545,148.428571,124.423544,2,0,0,YES
OPENJPA,openjpa-kernel/src/main/java/org/apache/openjpa/enhance/DynamicPersistenceCapable.java,10,3,242,9,2,135,30,15.000000,28,30,3.111111,4164,1263,462.666667,148.428571,125.351830,1,0,0,YES
OPENJPA,openjpa-kernel/src/main/java/org/apache/openjpa/enhance/DynamicStorage.java,10,25,441,5,2,291,138,58.200000,141,135,28.200000,3332,1263,666.400000,140.142857,137.953029,1,0,0,NO
OPENJPA,openjpa-kernel/src/main/java/org/apache/openjpa/enhance/FieldConsumer.java,10,13,239,4,2,157,72,39.250000,75,69,18.750000,3110,1263,777.500000,140.142857,136.243276,1,0,0,NO
OPENJPA,openjpa-kernel/src/main/java/org/apache/openjpa/enhance/FieldManager.java,10,4,187,8,2,107,30,13.375000,27,30,3.375000,4100,1263,512.500000,148.428571,136.967914,1,0,0,NO
OPENJPA,openjpa-kernel/src/main/java/org/apache/openjpa/enhance/FieldSupplier.java,10,13,239,4,2,157,72,39.250000,75,69,18.750000,3110,1263,777.500000,140.142857,136.243276,1,0,0,NO
OPENJPA,openjpa-kernel/src/main/java/org/apache/openjpa/enhance/ManagedInstanceProvider.java,10,4,242,9,2,135,30,15.000000,28,30,3.111111,4164,1263,462.666667,148.428571,125.351830,1,0,0,YES
OPENJPA,openjpa-kernel/src/main/java/org/apache/openjpa/enhance/PersistenceCapable.java,10,40,294,5,3,194,91,38.800000,94,87,18.800000,3119,1263,623.800000,140.142857,136.511662,1,0,0,NO
OPENJPA,openjpa-kernel/src/main/java/org/apache/openjpa/enhance/StateManager.java,10,69,880,6,4,583,282,97.166667,286,277,47.666667,3159,1263,526.500000,140.142857,138.697565,1,0,0,NO
OPENJPA,openjpa-kernel/src/main/java/org/apache/openjpa/event/AbstractLifecycleListener.java,10,60,288,5,2,198,81,39.600000,108,77,21.600000,3116,1263,623.200000,140.142857,132.695933,1,0,0,NO
OPENJPA,openjpa-kernel/src/main/java/org/apache/openjpa/event/AbstractRemoteCommitProvider.java,10,32,222,5,2,146,67,29.200000,70,63,14.000000,3332,1263,666.400000,140.142857,135.889961,1,0,0,NO
OPENJPA,openjpa-kernel/src/main/java/org/apache/openjpa/event/AbstractTransactionListener.java,10,33,239,5,2,156,70,31.200000,73,67,14.600000,3332,1263,666.400000,140.142857,136.181112,1,0,0,NO
OPENJPA,openjpa-kernel/src/main/java/org/apache/openjpa/event/AttachListener.java,10,5,249,7,2,143,40,20.428571,37,40,5.285714,3805,1263,543.571429,148.428571,138.145726,2,0,0,NO
OPENJPA,openjpa-kernel/src/main/java/org/apache/openjpa/event/BeginTransactionListener.java,10,4,226,8,2,131,35,16.375000,36,35,4.500000,4027,1263,503.375000,148.428571,137.583439,2,0,0,NO
OPENJPA,openjpa-kernel/src/main/java/org/apache/openjpa/event/BrokerFactoryEvent.java,10,18,506,10,2,281,55,28.100000,56,55,5.600000,4240,1263,424.000000,148.428571,128.741107,1,0,0,YES
OPENJPA,openjpa-kernel/src/main/java/org/apache/openjpa/event/BrokerFactoryListener.java,10,4,325,10,2,180,40,18.000000,35,40,3.500000,3949,1263,394.900000,148.428571,126.932747,2,0,0,YES
OPENJPA,openjpa-kernel/src/main/java/org/apache/openjpa/event/ClearListener.java,10,5,252,8,2,145,35,18.125000,38,35,4.750000,4100,1263,512.500000,148.428571,138.056689,1,0,0,NO
OPENJPA,openjpa-kernel/src/main/java/org/apache/openjpa/event/DeleteListener.java,10,5,252,8,2,145,35,18.125000,38,35,4.750000,4100,1263,512.500000,148.428571,138.056689,1,0,0,NO
OPENJPA,openjpa-kernel/src/main/java/org/apache/openjpa/event/DetachListener.java,10,5,249,7,2,143,40,20.428571,37,40,5.285714,3805,1263,543.571429,148.428571,138.145726,2,0,0,NO
OPENJPA,openjpa-kernel/src/main/java/org/apache/openjpa/event/DirtyListener.java,10,7,344,7,2,196,60,28.000000,48,60,6.857143,3805,1263,543.571429,148.428571,139.326827,2,0,0,NO
OPENJPA,openjpa-kernel/src/main/java/org/apache/openjpa/event/EndTransactionListener.java,10,9,249,5,2,161,70,32.200000,73,67,14.600000,3332,1263,666.400000,140.142857,136.328744,1,0,0,NO
OPENJPA,openjpa-kernel/src/main/java/org/apache/openjpa/event/ExceptionOrphanedKeyAction.java,10,14,304,8,2,173,53,21.625000,42,53,5.250000,4027,1263,503.375000,148.428571,138.922932,2,0,0,NO
OPENJPA,openjpa-kernel/src/main/java/org/apache/openjpa/event/FlushTransactionListener.java,10,5,315,8,2,179,55,22.375000,43,55,5.375000,4027,1263,503.375000,148.428571,139.041270,2,0,0,NO
OPENJPA,openjpa-kernel/src/main/java/org/apache/openjpa/event/LifecycleListener.java,10,5,197,7,2,114,32,16.285714,31,32,4.428571,3805,1263,543.571429,148.428571,137.126904,2,0,0,NO
OPENJPA,openjpa-kernel/src/main/java/org/apache/openjpa/event/LoadListener.java,10,5,252,8,2,145,35,18.125000,38,35,4.750000,4100,1263,512.500000,148.428571,138.056689,1,0,0,NO
OPENJPA,openjpa-kernel/src/main/java/org/apache/openjpa/event/NoneOrphanedKeyAction.java,10,10,245,9,2,141,35,15.666667,37,35,4.111111,4322,1263,480.222222,148.428571,137.917201,1,0,0,NO
OPENJPA,openjpa-kernel/src/main/java/org/apache/openjpa/event/OrphanedKeyAction.java,10,6,149,5,2,96,40,19.200000,43,37,8.600000,3332,1263,666.400000,140.142857,133.845638,1,0,0,NO
OPENJPA,openjpa-kernel/src/main/java/org/apache/openjpa/event/PersistListener.java,10,5,247,7,2,142,40,20.285714,37,40,5.285714,3805,1263,543.571429,148.428571,138.131868,2,0,0,NO
OPENJPA,openjpa-kernel/src/main/java/org/apache/openjpa/event/PostDeleteListener.java,10,4,343,11,2,188,40,17.090909,33,40,3.000000,3961,1263,360.090909,148.428571,123.322782,2,0,1,YES
OPENJPA,openjpa-kernel/src/main/java/org/apache/openjpa/event/PostPersistListener.java,10,4,319,8,2,176,40,22.000000,33,40,4.125000,3817,1263,477.125000,148.428571,120.590237,2,0,1,YES
OPENJPA,openjpa-kernel/src/main/java/org/apache/openjpa/event/RemoteCommitListener.java,10,7,238,5,2,149,65,29.800000,60,52,12.000000,3332,1263,666.400000,140.142857,136.135654,1,0,0,NO
OPENJPA,openjpa-kernel/src/main/java/org/apache/openjpa/event/RemoteCommitProvider.java,10,8,224,6,2,143,63,23.833333,62,55,10.333333,3346,1263,557.666667,140.142857,135.904974,1,0,0,NO
OPENJPA,openjpa-kernel/src/main/java/org/apache/openjpa/event/SingleJVMRemoteCommitProvider.java,10,24,381,7,3,223,66,31.857143,65,61,9.285714,3497,1263,499.571429,140.142857,107.357330,1,0,0,YES
OPENJPA,openjpa-kernel/src/main/java/org/apache/openjpa/event/StoreListener.java,10,5,228,7,2,133,35,19.000000,38,35,5.428571,3805,1263,543.571429,148.428571,137.668546,2,0,0,NO
OPENJPA,openjpa-kernel/src/main/java/org/apache/openjpa/event/TransactionListener.java,10,5,194,9,2,113,30,12.555556,32,30,3.555556,4028,1263,447.555556,148.428571,136.916053,2,0,0,NO
OPENJPA,openjpa-kernel/src/main/java/org/apache/openjpa/event/UpdateListener.java,10,5,350,11,2,196,40,17.818182,42,40,3.818182,3961,1263,360.090909,148.428571,122.019184,2,0,1,YES
OPENJPA,openjpa-kernel/src/main/java/org/apache/openjpa/kernel/AbstractFieldManager.java,10,66,348,4,2,230,109,57.500000,112,105,28.000000,3110,1263,777.500000,140.142857,137.434729,1,0,0,NO
OPENJPA,openjpa-kernel/src/main/java/org/apache/openjpa/kernel/AbstractLockManager.java,10,30,259,5,2,171,80,34.200000,83,75,16.600000,3130,1263,626.000000,140.142857,136.535576,1,0,0,NO
OPENJPA,openjpa-kernel/src/main/java/org/apache/openjpa/kernel/Broker.java,10,125,2230,13,6,1493,665,114.846154,756,652,58.153846,3598,1263,276.769231,140.142857,136.255734,1,0,2,NO
OPENJPA,openjpa-kernel/src/main/java/org/apache/openjpa/kernel/BrokerFactory.java,10,27,373,8,4,256,101,32.000000,139,97,17.375000,3422,1263,427.750000,140.142857,128.636921,1,0,0,NO
OPENJPA,openjpa-kernel/src/main/java/org/apache/openjpa/kernel/Extent.java,10,17,295,4,2,193,90,48.250000,91,85,22.750000,3110,1263,777.500000,140.142857,136.961259,1,0,0,NO
OPENJPA,openjpa-kernel/src/main/java/org/apache/openjpa/kernel/FindCallbacks.java,10,5,317,8,2,180,55,22.500000,43,55,5.375000,3825,1263,478.125000,148.428571,139.087877,2,0,0,NO
OPENJPA,openjpa-kernel/src/main/java/org/apache/openjpa/kernel/FinderCache.java,10,16,146,2,1,145,144,72.500000,144,144,72.000000,20,16,10.000000,4.142857,4.140900,0,0,0,YES
OPENJPA,openjpa-kernel/src/main/java/org/apache/openjpa/kernel/FinderQuery.java,10,8,65,1,1,65,65,65.000000,65,65,65.000000,16,16,16.000000,4.142857,4.142857,0,0,0,YES
OPENJPA,openjpa-kernel/src/main/java/org/apache/openjpa/kernel/LockManager.java,10,18,378,6,3,248,108,41.333333,118,103,19.666667,3159,1263,526.500000,140.142857,135.054044,1,0,0,NO
OPENJPA,openjpa-kernel/src/main/java/org/apache/openjpa/kernel/NoneLockManager.java,10,18,300,8,3,174,53,21.750000,48,53,6.000000,3834,1263,479.250000,148.428571,135.706667,2,0,0,NO
OPENJPA,openjpa-kernel/src/main/java/org/apache/openjpa/kernel/OpCallbacks.java,10,18,189,5,2,122,52,24.400000,55,48,11.000000,3130,1263,626.000000,140.142857,135.221466,1,0,0,NO
OPENJPA,openjpa-kernel/src/main/java/org/apache/openjpa/kernel/PCData.java,10,20,373,6,3,240,108,40.000000,107,102,17.833333,3251,1263,541.833333,140.142857,137.472233,1,0,0,NO
OPENJPA,openjpa-kernel/src/main/java/org/apache/openjpa/kernel/PreparedQuery.java,10,12,112,4,1,111,98,27.750000,110,98,27.500000,83,61,20.750000,6.714286,6.579082,0,0,0,YES
OPENJPA,openjpa-kernel/src/main/java/org/apache/openjpa/kernel/PreparedQueryCache.java,10,20,208,3,1,200,199,66.666667,192,199,64.000000,67,61,22.333333,6.714286,6.607830,0,0,0,YES
OPENJPA,openjpa-kernel/src/main/java/org/apache/openjpa/kernel/Query.java,10,35,617,5,2,405,194,81.000000,193,187,38.600000,3332,1263,666.400000,140.142857,138.523038,1,0,0,NO
OPENJPA,openjpa-kernel/src/main/java/org/apache/openjpa/kernel/QueryContext.java,10,56,940,8,3,612,289,76.500000,284,282,35.500000,3416,1263,427.000000,140.142857,138.724620,1,0,1,NO
OPENJPA,openjpa-kernel/src/main/java/org/apache/openjpa/kernel/SavepointManager.java,10,5,253,9,2,146,36,16.222222,39,35,4.333333,4322,1263,480.222222,148.428571,137.984754,1,0,0,NO
OPENJPA,openjpa-kernel/src/main/java/org/apache/openjpa/kernel/Seq.java,10,15,243,4,2,158,70,39.500000,73,66,18.250000,3110,1263,777.500000,140.142857,136.296296,1,0,0,NO
OPENJPA,openjpa-kernel/src/main/java/org/apache/openjpa/kernel/StoreContext.java,10,77,1483,12,4,972,437,81.000000,461,430,38.416667,3662,1263,305.166667,140.142857,136.716116,1,0,0,NO
OPENJPA,openjpa-kernel/src/main/java/org/apache/openjpa/kernel/StoreManager.java,10,55,1524,12,4,975,427,81.250000,426,416,35.500000,3707,1263,308.916667,140.142857,139.190757,1,0,0,NO
OPENJPA,openjpa-kernel/src/main/java/org/apache/openjpa/kernel/StoreQuery.java,10,75,1735,10,5,1037,325,103.700000,339,308,33.900000,3425,1263,342.500000,140.142857,101.645615,1,0,1,YES
OPENJPA,openjpa-kernel/src/main/java/org/apache/openjpa/kernel/exps/AbstractExpressionVisitor.java,10,12,62,3,2,52,24,17.333333,42,24,14.000000,1494,1263,498.000000,134.571429,119.020737,0,0,0,NO
OPENJPA,openjpa-kernel/src/main/java/org/apache/openjpa/kernel/exps/Add.java,10,11,237,7,2,139,38,19.857143,41,35,5.857143,3805,1263,543.571429,148.428571,137.757083,2,0,0,NO
OPENJPA,openjpa-kernel/src/main/java/org/apache/openjpa/kernel/exps/AggregateListener.java,10,12,244,5,2,158,69,31.600000,72,65,14.400000,3130,1263,626.000000,140.142857,136.306206,1,0,0,NO
OPENJPA,openjpa-kernel/src/main/java/org/apache/openjpa/kernel/exps/All.java,10,27,183,4,2,121,56,30.250000,59,49,14.750000,3110,1263,777.500000,140.142857,135.078064,1,0,0,NO
OPENJPA,openjpa-kernel/src/main/java/org/apache/openjpa/kernel/exps/Any.java,10,27,180,4,2,119,55,29.750000,58,48,14.500000,3110,1263,777.500000,140.142857,134.995238,1,0,0,NO
OPENJPA,openjpa-kernel/src/main/java/org/apache/openjpa/kernel/exps/Arguments.java,10,5,197,7,2,115,30,16.428571,33,30,4.714286,3805,1263,543.571429,148.428571,137.023205,2,0,0,NO
OPENJPA,openjpa-kernel/src/main/java/org/apache/openjpa/kernel/exps/Avg.java,10,31,203,4,2,134,62,33.500000,65,56,16.250000,3110,1263,777.500000,140.142857,135.567910,1,0,0,NO
OPENJPA,openjpa-kernel/src/main/java/org/apache/openjpa/kernel/exps/Constant.java,10,4,205,8,3,119,31,14.875000,33,30,4.125000,3831,1263,478.875000,148.428571,136.969338,2,0,0,NO
OPENJPA,openjpa-kernel/src/main/java/org/apache/openjpa/kernel/exps/Count.java,10,20,392,8,2,222,55,27.750000,52,55,6.500000,4100,1263,512.500000,148.428571,139.503280,1,0,0,NO
OPENJPA,openjpa-kernel/src/main/java/org/apache/openjpa/kernel/exps/Divide.java,10,11,240,7,2,141,39,20.142857,42,35,6.000000,3805,1263,543.571429,148.428571,137.785714,2,0,0,NO
OPENJPA,openjpa-kernel/src/main/java/org/apache/openjpa/kernel/exps/EndsWithExpression.java,10,12,275,7,2,158,45,22.571429,41,45,5.857143,3805,1263,543.571429,148.428571,138.525714,2,0,0,NO
OPENJPA,openjpa-kernel/src/main/java/org/apache/openjpa/kernel/exps/EqualExpression.java,10,11,239,7,2,140,39,20.000000,41,35,5.857143,3805,1263,543.571429,148.428571,137.775254,2,0,0,NO
OPENJPA,openjpa-kernel/src/main/java/org/apache/openjpa/kernel/exps/Expression.java,10,6,208,10,3,122,30,12.200000,36,30,3.600000,4217,1263,421.700000,148.428571,135.699863,1,0,0,NO
OPENJPA,openjpa-kernel/src/main/java/org/apache/openjpa/kernel/exps/ExpressionParser.java,10,14,204,4,2,134,61,33.500000,64,57,16.000000,3110,1263,777.500000,140.142857,135.590336,1,0,0,NO
OPENJPA,openjpa-kernel/src/main/java/org/apache/openjpa/kernel/exps/ExpressionVisitor.java,10,7,69,3,2,59,31,19.666667,49,31,16.333333,1494,1263,498.000000,134.571429,120.598344,0,0,0,NO
OPENJPA,openjpa-kernel/src/main/java/org/apache/openjpa/kernel/exps/FilterListener.java,10,12,317,5,2,203,89,40.600000,89,82,17.800000,3130,1263,626.000000,140.142857,137.155926,1,0,0,NO
OPENJPA,openjpa-kernel/src/main/java/org/apache/openjpa/kernel/exps/GreaterThanEqualExpression.java,10,12,280,7,2,161,45,23.000000,42,45,6.000000,3805,1263,543.571429,148.428571,138.552041,2,0,0,NO
OPENJPA,openjpa-kernel/src/main/java/org/apache/openjpa/kernel/exps/GreaterThanExpression.java,10,12,280,7,2,161,45,23.000000,42,45,6.000000,3805,1263,543.571429,148.428571,138.552041,2,0,0,NO
OPENJPA,openjpa-kernel/src/main/java/org/apache/openjpa/kernel/exps/Index.java,10,15,325,8,3,186,53,23.250000,47,53,5.875000,3824,1263,478.000000,148.428571,130.207473,2,0,0,NO
OPENJPA,openjpa-kernel/src/main/java/org/apache/openjpa/kernel/exps/LessThanEqualExpression.java,10,12,280,7,2,161,45,23.000000,42,45,6.000000,3805,1263,543.571429,148.428571,138.552041,2,0,0,NO
OPENJPA,openjpa-kernel/src/main/java/org/apache/openjpa/kernel/exps/LessThanExpression.java,10,12,280,7,2,161,45,23.000000,42,45,6.000000,3805,1263,543.571429,148.428571,138.552041,2,0,0,NO
OPENJPA,openjpa-kernel/src/main/java/org/apache/openjpa/kernel/exps/Literal.java,10,13,354,9,4,203,60,22.555556,52,60,5.777778,3852,1263,428.000000,148.428571,138.933414,2,0,0,NO
OPENJPA,openjpa-kernel/src/main/java/org/apache/openjpa/kernel/exps/Max.java,10,22,171,4,2,112,50,28.000000,53,46,13.250000,3110,1263,777.500000,140.142857,134.730159,1,0,0,NO
OPENJPA,openjpa-kernel/src/main/java/org/apache/openjpa/kernel/exps/Min.java,10,22,171,4,2,112,50,28.000000,53,46,13.250000,3110,1263,777.500000,140.142857,134.730159,1,0,0,NO
OPENJPA,openjpa-kernel/src/main/java/org/apache/openjpa/kernel/exps/Mod.java,10,11,240,7,2,141,39,20.142857,42,35,6.000000,3805,1263,543.571429,148.428571,137.785714,2,0,0,NO
OPENJPA,openjpa-kernel/src/main/java/org/apache/openjpa/kernel/exps/Multiply.java,10,11,278,7,2,160,45,22.857143,42,45,6.000000,3805,1263,543.571429,148.428571,138.542138,2,0,0,NO
OPENJPA,openjpa-kernel/src/main/java/org/apache/openjpa/kernel/exps/NotEqualExpression.java,10,11,239,7,2,140,39,20.000000,41,35,5.857143,3805,1263,543.571429,148.428571,137.775254,2,0,0,NO
OPENJPA,openjpa-kernel/src/main/java/org/apache/openjpa/kernel/exps/Parameter.java,10,6,221,9,4,130,36,14.444444,39,30,4.333333,3892,1263,432.444444,148.428571,134.874596,2,0,0,NO
OPENJPA,openjpa-kernel/src/main/java/org/apache/openjpa/kernel/exps/Path.java,10,11,402,11,4,236,55,21.454545,70,55,6.363636,4226,1263,384.181818,148.428571,135.122601,1,0,0,NO
OPENJPA,openjpa-kernel/src/main/java/org/apache/openjpa/kernel/exps/Resolver.java,10,10,190,5,2,126,51,25.200000,62,48,12.400000,3120,1263,624.000000,140.142857,131.879699,1,0,0,NO
OPENJPA,openjpa-kernel/src/main/java/org/apache/openjpa/kernel/exps/Size.java,10,20,157,4,2,103,46,25.750000,49,42,12.250000,3110,1263,777.500000,140.142857,134.258417,1,0,0,NO
OPENJPA,openjpa-kernel/src/main/java/org/apache/openjpa/kernel/exps/StartsWithExpression.java,10,12,275,7,2,158,45,22.571429,41,45,5.857143,3805,1263,543.571429,148.428571,138.525714,2,0,0,NO
OPENJPA,openjpa-kernel/src/main/java/org/apache/openjpa/kernel/exps/Subquery.java,10,6,261,10,3,150,37,15.000000,39,35,3.900000,4348,1263,434.800000,148.428571,137.990148,1,0,0,NO
OPENJPA,openjpa-kernel/src/main/java/org/apache/openjpa/kernel/exps/Subtract.java,10,11,278,7,2,160,45,22.857143,42,45,6.000000,3805,1263,543.571429,148.428571,138.542138,2,0,0,NO
OPENJPA,openjpa-kernel/src/main/java/org/apache/openjpa/kernel/exps/Sum.java,10,32,201,4,2,133,62,33.250000,65,55,16.250000,3110,1263,777.500000,140.142857,135.523099,1,0,0,NO
OPENJPA,openjpa-kernel/src/main/java/org/apache/openjpa/kernel/exps/Value.java,10,17,227,9,5,159,55,17.666667,91,52,10.111111,3300,1263,366.666667,140.142857,124.980491,1,0,0,NO
OPENJPA,openjpa-kernel/src/main/java/org/apache/openjpa/kernel/jpql/SimpleNode.java,10,7,220,9,2,127,31,14.111111,34,30,3.777778,4101,1263,455.666667,148.428571,137.509091,1,0,0,NO
OPENJPA,openjpa-kernel/src/main/java/org/apache/openjpa/meta/MetaDataContext.java,10,4,196,7,2,114,30,16.285714,32,30,4.571429,3805,1263,543.571429,148.428571,137.008017,2,0,0,NO
OPENJPA,openjpa-kernel/src/main/java/org/apache/openjpa/meta/MetaDataDefaults.java,10,16,290,11,5,191,64,17.363636,92,60,8.363636,3235,1263,294.090909,140.142857,134.098522,1,0,0,YES
OPENJPA,openjpa-kernel/src/main/java/org/apache/openjpa/meta/MetaDataFactory.java,10,30,469,7,5,311,138,44.428571,153,134,21.857143,3170,1263,452.857143,140.142857,136.531831,1,0,0,NO
OPENJPA,openjpa-kernel/src/main/java/org/apache/openjpa/meta/Order.java,10,10,338,8,2,195,55,24.375000,52,55,6.500000,3844,1263,480.500000,148.428571,138.939560,2,0,0,NO
OPENJPA,openjpa-kernel/src/main/java/org/apache/openjpa/meta/ValueMetaData.java,10,49,1022,10,4,673,300,67.300000,324,296,32.400000,3416,1263,341.600000,140.142857,133.787392,1,0,0,NO
OPENJPA,openjpa-kernel/src/main/java/org/apache/openjpa/util/ChangeTracker.java,10,12,305,4,2,197,86,49.250000,89,83,22.250000,3110,1263,777.500000,140.142857,137.051522,1,0,0,NO
OPENJPA,openjpa-kernel/src/main/java/org/apache/openjpa/util/ClassResolver.java,10,6,155,5,2,100,43,20.000000,45,39,9.000000,3332,1263,666.400000,140.142857,134.086636,1,0,0,NO
OPENJPA,openjpa-kernel/src/main/java/org/apache/openjpa/util/ClassResolverImpl.java,10,31,224,9,4,146,59,16.222222,68,53,7.555556,3624,1263,402.666667,140.142857,126.584184,1,0,1,NO
OPENJPA,openjpa-kernel/src/main/java/org/apache/openjpa/util/CollectionChangeTracker.java,10,6,303,7,2,172,55,24.571429,41,55,5.857143,3805,1263,543.571429,148.428571,139.049033,2,0,0,NO
OPENJPA,openjpa-kernel/src/main/java/org/apache/openjpa/util/ExceptionInfo.java,10,16,273,6,2,178,80,29.666667,83,77,13.833333,3333,1263,555.500000,140.142857,136.398221,1,0,0,NO
OPENJPA,openjpa-kernel/src/main/java/org/apache/openjpa/util/GeneralException.java,10,25,325,9,2,191,53,21.222222,57,53,6.333333,3935,1263,437.222222,148.428571,138.060659,2,0,0,NO
OPENJPA,openjpa-kernel/src/main/java/org/apache/openjpa/util/InternalException.java,10,31,342,9,2,203,53,22.555556,64,53,7.111111,4116,1263,457.333333,148.428571,138.903509,2,0,0,NO
OPENJPA,openjpa-kernel/src/main/java/org/apache/openjpa/util/LRSProxy.java,10,4,198,9,2,114,30,12.666667,30,30,3.333333,4322,1263,480.222222,148.428571,137.067821,1,0,0,NO
OPENJPA,openjpa-kernel/src/main/java/org/apache/openjpa/util/MapChangeTracker.java,10,9,214,5,2,138,59,27.600000,62,55,12.400000,3160,1263,632.000000,140.142857,135.784379,1,0,0,NO
OPENJPA,openjpa-kernel/src/main/java/org/apache/openjpa/util/Proxy.java,10,9,211,5,3,136,59,27.200000,61,55,12.200000,3151,1263,630.200000,140.142857,135.526066,1,0,0,NO
OPENJPA,openjpa-kernel/src/main/java/org/apache/openjpa/util/ProxyBean.java,10,5,213,8,3,124,31,15.500000,35,30,4.375000,3846,1263,480.750000,148.428571,136.146881,2,0,0,NO
OPENJPA,openjpa-kernel/src/main/java/org/apache/openjpa/util/ProxyCalendar.java,10,5,234,9,3,134,35,14.888889,34,35,3.777778,3851,1263,427.888889,148.428571,136.521368,2,0,0,NO
OPENJPA,openjpa-kernel/src/main/java/org/apache/openjpa/util/ProxyCollection.java,10,9,168,5,3,105,41,21.000000,42,36,8.400000,3151,1263,630.200000,140.142857,131.710884,1,0,0,NO
OPENJPA,openjpa-kernel/src/main/java/org/apache/openjpa/util/ProxyDate.java,10,5,204,8,3,119,31,14.875000,34,30,4.250000,3846,1263,480.750000,148.428571,136.915966,2,0,0,NO
OPENJPA,openjpa-kernel/src/main/java/org/apache/openjpa/util/ProxyManager.java,10,22,460,6,3,288,119,48.000000,116,116,19.333333,3373,1263,562.166667,140.142857,135.220497,1,0,0,NO
OPENJPA,openjpa-kernel/src/main/java/org/apache/openjpa/util/ProxyMap.java,10,10,167,5,3,107,40,21.400000,47,36,9.400000,3151,1263,630.200000,140.142857,131.534645,1,0,0,NO
OPENJPA,openjpa-kernel/src/main/java/org/apache/openjpa/util/RuntimeExceptionTranslator.java,10,6,220,7,2,128,35,18.285714,36,35,5.142857,3805,1263,543.571429,148.428571,137.581818,2,0,0,NO
OPENJPA,openjpa-kernel/src/main/java/org/apache/openjpa/util/StoreException.java,10,29,376,13,5,219,53,16.846154,62,53,4.769231,4159,1263,319.923077,148.428571,129.085486,2,0,1,NO
OPENJPA,openjpa-kernel/src/main/java/org/apache/openjpa/util/UnsupportedException.java,10,23,336,9,2,195,53,21.666667,54,53,6.000000,4116,1263,457.333333,148.428571,138.930697,2,0,0,NO
OPENJPA,openjpa-kernel/src/main/java/org/apache/openjpa/util/UserException.java,10,31,343,10,2,204,53,20.400000,65,53,6.500000,4122,1263,412.200000,148.428571,138.704706,2,0,1,NO
OPENJPA,openjpa-lib/src/main/java/org/apache/openjpa/lib/conf/Configurable.java,10,6,105,5,2,75,42,15.000000,45,42,9.000000,3181,1263,636.200000,142.000000,132.612245,2,0,0,NO
OPENJPA,openjpa-lib/src/main/java/org/apache/openjpa/lib/conf/ConfigurationProvider.java,10,8,297,9,4,176,71,19.555556,55,71,6.111111,3488,1263,387.555556,142.000000,133.550746,2,0,0,NO
OPENJPA,openjpa-lib/src/main/java/org/apache/openjpa/lib/conf/GenericConfigurable.java,10,5,123,6,2,82,39,13.666667,41,39,6.833333,3186,1263,531.000000,142.000000,133.684088,2,0,0,NO
OPENJPA,openjpa-lib/src/main/java/org/apache/openjpa/lib/conf/ValueListener.java,10,4,102,6,2,67,31,11.166667,32,31,5.333333,3315,1263,552.500000,148.428571,134.315126,2,0,0,NO
OPENJPA,openjpa-lib/src/main/java/org/apache/openjpa/lib/graph/GraphVisitor.java,10,6,439,8,2,243,60,30.375000,47,60,5.875000,3816,1263,477.000000,148.428571,129.301660,2,0,0,YES
OPENJPA,openjpa-lib/src/main/java/org/apache/openjpa/lib/graph/NodeInfo.java,10,8,323,10,3,179,36,17.900000,35,30,3.500000,4319,1263,431.900000,148.428571,126.572755,2,0,0,YES
OPENJPA,openjpa-lib/src/main/java/org/apache/openjpa/lib/jdbc/ConnectionDecorator.java,10,6,112,6,2,74,35,12.333333,36,35,6.000000,3315,1263,552.500000,148.428571,135.178571,2,0,0,NO
OPENJPA,openjpa-lib/src/main/java/org/apache/openjpa/lib/jdbc/JDBCEvent.java,10,51,279,6,3,221,157,36.833333,163,157,27.166667,3217,1263,536.166667,142.000000,137.920123,2,0,0,NO
OPENJPA,openjpa-lib/src/main/java/org/apache/openjpa/lib/jdbc/JDBCListener.java,10,15,168,5,2,129,86,25.800000,90,86,18.000000,3181,1263,636.200000,142.000000,136.081633,2,0,0,NO
OPENJPA,openjpa-lib/src/main/java/org/apache/openjpa/lib/log/AbstractLog.java,10,74,292,7,2,216,159,30.857143,140,159,20.000000,3760,1263,537.142857,142.000000,138.214286,2,0,0,NO
OPENJPA,openjpa-lib/src/main/java/org/apache/openjpa/lib/log/LogFactory.java,10,4,98,6,2,65,30,10.833333,32,30,5.333333,3315,1263,552.500000,148.428571,133.938776,2,0,0,NO
OPENJPA,openjpa-lib/src/main/java/org/apache/openjpa/lib/meta/MetaDataFilter.java,10,9,180,6,2,116,55,19.333333,52,55,8.666667,3315,1263,552.500000,148.428571,138.452381,2,0,0,NO
OPENJPA,openjpa-lib/src/main/java/org/apache/openjpa/lib/meta/MetaDataIterator.java,10,12,138,5,2,99,57,19.800000,60,57,12.000000,3181,1263,636.200000,142.000000,134.740166,2,0,0,NO
OPENJPA,openjpa-lib/src/main/java/org/apache/openjpa/lib/meta/MetaDataParser.java,10,17,197,7,3,142,84,20.285714,87,84,12.428571,3707,1263,529.571429,142.000000,135.543147,2,0,0,NO
OPENJPA,openjpa-lib/src/main/java/org/apache/openjpa/lib/meta/MetaDataSerializer.java,10,15,250,8,3,162,76,20.250000,74,76,9.250000,3757,1263,469.625000,142.000000,135.554286,2,0,0,NO
OPENJPA,openjpa-lib/src/main/java/org/apache/openjpa/lib/meta/SourceTracker.java,10,13,133,6,3,100,54,16.666667,67,54,11.166667,3196,1263,532.666667,142.000000,124.204082,2,0,0,NO
OPENJPA,openjpa-lib/src/main/java/org/apache/openjpa/lib/rop/AbstractSequentialResultList.java,10,72,234,5,2,175,130,35.000000,116,130,23.200000,3181,1263,636.200000,142.000000,137.677045,2,0,0,NO
OPENJPA,openjpa-lib/src/main/java/org/apache/openjpa/lib/rop/ResultList.java,10,11,185,8,4,126,62,15.750000,67,62,8.375000,3283,1263,410.375000,142.000000,126.337452,2,0,0,NO
OPENJPA,openjpa-lib/src/main/java/org/apache/openjpa/lib/util/BytecodeWriter.java,10,6,107,6,2,70,32,11.666667,33,32,5.500000,3315,1263,552.500000,148.428571,134.647530,2,0,0,NO
OPENJPA,openjpa-lib/src/main/java/org/apache/openjpa/lib/util/Bytes.java,10,79,195,3,3,181,164,60.333333,167,164,55.666667,1267,1263,422.333333,123.000000,120.124542,0,0,0,YES
OPENJPA,openjpa-lib/src/main/java/org/apache/openjpa/lib/util/EventManager.java,10,10,121,5,2,90,56,18.000000,59,56,11.800000,3181,1263,636.200000,142.000000,133.822904,2,0,0,NO
OPENJPA,openjpa-lib/src/main/java/org/apache/openjpa/lib/util/ParseException.java,10,21,172,8,2,113,53,14.125000,54,53,6.750000,3626,1263,453.250000,148.428571,137.841362,2,0,0,NO
OPENJPA,openjpa-lib/src/main/java/org/apache/openjpa/lib/util/ReferenceMap.java,10,10,123,5,2,88,50,17.600000,53,50,10.600000,3181,1263,636.200000,142.000000,133.886179,2,0,0,NO
OPENJPA,openjpa-lib/src/main/java/org/apache/openjpa/lib/util/Reflectable.java,10,12,25,1,1,25,25,25.000000,25,25,25.000000,13,13,13.000000,5.000000,5.000000,0,0,0,YES
OPENJPA,openjpa-lib/src/main/java/org/apache/openjpa/lib/util/ResourceBundleProvider.java,10,7,121,6,2,80,37,13.333333,39,37,6.500000,3315,1263,552.500000,148.428571,135.785124,2,0,0,NO
OPENJPA,openjpa-lib/src/main/java/org/apache/openjpa/lib/util/SizedMap.java,10,8,180,6,2,115,60,19.166667,50,60,8.333333,3315,1263,552.500000,148.428571,138.647619,2,0,0,NO
OPENJPA,openjpa-lib/src/main/java/org/apache/openjpa/lib/util/concurrent/ConcurrentMap.java,10,7,172,6,2,108,55,18.000000,44,55,7.333333,3315,1263,552.500000,148.428571,138.270764,2,0,0,NO
OPENJPA,openjpa-lib/src/main/java/org/apache/openjpa/lib/xml/Commentable.java,10,6,132,7,2,86,40,12.285714,40,40,5.714286,3537,1263,505.285714,148.428571,136.326840,2,0,0,NO
OPENJPA,openjpa-lib/src/main/java/org/apache/openjpa/lib/xml/ValidatingErrorHandler.java,10,15,164,6,2,105,53,17.500000,46,53,7.666667,3315,1263,552.500000,148.428571,138.028746,2,0,0,NO
OPENJPA,openjpa-persistence-jdbc/src/main/java/org/apache/openjpa/persistence/jdbc/ClassCriteria.java,10,11,298,10,2,169,53,16.900000,40,53,4.000000,4633,1263,463.300000,148.428571,138.673538,2,0,0,NO
OPENJPA,openjpa-persistence-jdbc/src/main/java/org/apache/openjpa/persistence/jdbc/Columns.java,10,12,300,10,2,170,53,17.000000,40,53,4.000000,4633,1263,463.300000,148.428571,138.675714,2,0,0,NO
OPENJPA,openjpa-persistence-jdbc/src/main/java/org/apache/openjpa/persistence/jdbc/ContainerTable.java,10,17,181,7,2,116,45,16.571429,51,42,7.285714,3938,1263,562.571429,140.142857,134.501973,1,0,0,NO
OPENJPA,openjpa-persistence-jdbc/src/main/java/org/apache/openjpa/persistence/jdbc/DataStoreIdColumn.java,10,14,316,10,2,181,53,18.100000,46,53,4.600000,4633,1263,463.300000,148.428571,138.721971,2,0,0,NO
OPENJPA,openjpa-persistence-jdbc/src/main/java/org/apache/openjpa/persistence/jdbc/DiscriminatorStrategy.java,10,10,256,11,2,147,35,13.363636,38,35,3.454545,4928,1263,448.000000,148.428571,137.750558,1,0,0,NO
OPENJPA,openjpa-persistence-jdbc/src/main/java/org/apache/openjpa/persistence/jdbc/EagerFetchMode.java,10,11,301,11,2,170,53,15.454545,39,53,3.545455,4649,1263,422.636364,148.428571,138.299003,2,0,0,NO
OPENJPA,openjpa-persistence-jdbc/src/main/java/org/apache/openjpa/persistence/jdbc/ElementClassCriteria.java,10,11,298,10,2,169,53,16.900000,40,53,4.000000,4633,1263,463.300000,148.428571,138.673538,2,0,0,NO
OPENJPA,openjpa-persistence-jdbc/src/main/java/org/apache/openjpa/persistence/jdbc/ElementColumn.java,10,19,294,8,2,174,54,21.750000,54,42,6.750000,3981,1263,497.625000,140.142857,111.019922,1,0,0,YES
OPENJPA,openjpa-persistence-jdbc/src/main/java/org/apache/openjpa/persistence/jdbc/ElementColumns.java,10,11,379,12,2,209,53,17.416667,39,53,3.250000,4692,1263,391.000000,148.428571,124.448549,2,0,0,YES
OPENJPA,openjpa-persistence-jdbc/src/main/java/org/apache/openjpa/persistence/jdbc/ElementEmbeddedMapping.java,10,15,404,11,2,225,53,20.454545,46,53,4.181818,4676,1263,425.090909,148.428571,123.286068,2,0,0,YES
OPENJPA,openjpa-persistence-jdbc/src/main/java/org/apache/openjpa/persistence/jdbc/ElementForeignKey.java,10,15,177,7,2,112,45,16.000000,47,42,6.714286,3938,1263,562.571429,140.142857,134.400323,1,0,0,NO
OPENJPA,openjpa-persistence-jdbc/src/main/java/org/apache/openjpa/persistence/jdbc/ElementIndex.java,10,13,309,10,2,176,53,17.600000,43,53,4.300000,4633,1263,463.300000,148.428571,138.700878,2,0,0,NO
OPENJPA,openjpa-persistence-jdbc/src/main/java/org/apache/openjpa/persistence/jdbc/ElementJoinColumn.java,10,18,183,7,2,118,45,16.857143,53,42,7.571429,3938,1263,562.571429,140.142857,134.551132,1,0,0,NO
OPENJPA,openjpa-persistence-jdbc/src/main/java/org/apache/openjpa/persistence/jdbc/ElementJoinColumns.java,10,11,300,10,2,170,53,17.000000,40,53,4.000000,4633,1263,463.300000,148.428571,138.675714,2,0,0,NO
OPENJPA,openjpa-persistence-jdbc/src/main/java/org/apache/openjpa/persistence/jdbc/ElementNonpolymorphic.java,10,11,300,10,2,170,53,17.000000,40,53,4.000000,4633,1263,463.300000,148.428571,138.675714,2,0,0,NO
OPENJPA,openjpa-persistence-jdbc/src/main/java/org/apache/openjpa/persistence/jdbc/ElementStrategy.java,10,11,378,12,2,208,53,17.333333,38,53,3.166667,4692,1263,391.000000,148.428571,124.589947,2,0,0,YES
OPENJPA,openjpa-persistence-jdbc/src/main/java/org/apache/openjpa/persistence/jdbc/EmbeddedMapping.java,10,15,312,10,2,179,53,17.900000,46,53,4.600000,4633,1263,463.300000,148.428571,138.703755,2,0,0,NO
OPENJPA,openjpa-persistence-jdbc/src/main/java/org/apache/openjpa/persistence/jdbc/FetchDirection.java,10,26,401,11,2,230,53,20.909091,59,53,5.363636,4638,1263,421.636364,148.428571,127.595654,2,0,0,NO
OPENJPA,openjpa-persistence-jdbc/src/main/java/org/apache/openjpa/persistence/jdbc/FetchMode.java,10,26,252,12,2,156,32,13.000000,60,30,5.000000,4944,1263,412.000000,148.428571,128.259637,1,0,0,NO
OPENJPA,openjpa-persistence-jdbc/src/main/java/org/apache/openjpa/persistence/jdbc/ForeignKey.java,10,17,324,11,3,188,53,17.090909,52,53,4.727273,4648,1263,422.545455,148.428571,138.061287,2,0,1,NO
OPENJPA,openjpa-persistence-jdbc/src/main/java/org/apache/openjpa/persistence/jdbc/ForeignKeyAction.java,10,7,219,12,2,126,30,10.500000,33,30,2.750000,4944,1263,412.000000,148.428571,135.448793,1,0,0,NO
OPENJPA,openjpa-persistence-jdbc/src/main/java/org/apache/openjpa/persistence/jdbc/Index.java,10,15,313,10,2,180,53,18.000000,47,53,4.700000,4633,1263,463.300000,148.428571,138.704701,2,0,0,NO
OPENJPA,openjpa-persistence-jdbc/src/main/java/org/apache/openjpa/persistence/jdbc/JoinSyntax.java,10,26,65,2,1,62,59,31.000000,59,59,29.500000,146,130,73.000000,82.285714,82.272527,0,0,0,NO
OPENJPA,openjpa-persistence-jdbc/src/main/java/org/apache/openjpa/persistence/jdbc/KeyClassCriteria.java,10,11,377,11,2,208,53,18.909091,39,53,3.545455,4676,1263,425.090909,148.428571,124.492611,2,0,0,YES
OPENJPA,openjpa-persistence-jdbc/src/main/java/org/apache/openjpa/persistence/jdbc/KeyColumn.java,10,19,294,8,2,174,54,21.750000,54,42,6.750000,3981,1263,497.625000,140.142857,111.019922,1,0,0,YES
OPENJPA,openjpa-persistence-jdbc/src/main/java/org/apache/openjpa/persistence/jdbc/KeyColumns.java,10,11,379,12,2,209,53,17.416667,39,53,3.250000,4692,1263,391.000000,148.428571,124.448549,2,0,0,YES
OPENJPA,openjpa-persistence-jdbc/src/main/java/org/apache/openjpa/persistence/jdbc/KeyEmbeddedMapping.java,10,15,403,11,2,224,53,20.363636,45,53,4.090909,4676,1263,425.090909,148.428571,123.415810,2,0,0,YES
OPENJPA,openjpa-persistence-jdbc/src/main/java/org/apache/openjpa/persistence/jdbc/KeyForeignKey.java,10,15,270,8,2,158,46,19.750000,46,42,5.750000,3981,1263,497.625000,140.142857,112.562434,1,0,0,YES
OPENJPA,openjpa-persistence-jdbc/src/main/java/org/apache/openjpa/persistence/jdbc/KeyIndex.java,10,13,394,11,2,218,53,19.818182,42,53,3.818182,4676,1263,425.090909,148.428571,124.095359,2,0,0,YES
OPENJPA,openjpa-persistence-jdbc/src/main/java/org/apache/openjpa/persistence/jdbc/KeyJoinColumn.java,10,18,288,8,2,170,52,21.250000,52,42,6.500000,3981,1263,497.625000,140.142857,111.381448,1,0,0,YES
OPENJPA,openjpa-persistence-jdbc/src/main/java/org/apache/openjpa/persistence/jdbc/KeyJoinColumns.java,10,11,379,12,2,209,53,17.416667,39,53,3.250000,4692,1263,391.000000,148.428571,124.448549,2,0,0,YES
OPENJPA,openjpa-persistence-jdbc/src/main/java/org/apache/openjpa/persistence/jdbc/KeyNonpolymorphic.java,10,11,378,11,2,208,53,18.909091,38,53,3.454545,4676,1263,425.090909,148.428571,124.710884,2,0,0,YES
OPENJPA,openjpa-persistence-jdbc/src/main/java/org/apache/openjpa/persistence/jdbc/KeyStrategy.java,10,11,378,12,2,208,53,17.333333,38,53,3.166667,4692,1263,391.000000,148.428571,124.589947,2,0,0,YES
OPENJPA,openjpa-persistence-jdbc/src/main/java/org/apache/openjpa/persistence/jdbc/LRSSizeAlgorithm.java,10,26,379,12,2,219,53,18.250000,59,53,4.916667,4669,1263,389.083333,148.428571,130.234075,2,0,0,NO
OPENJPA,openjpa-persistence-jdbc/src/main/java/org/apache/openjpa/persistence/jdbc/MappingOverride.java,10,15,317,10,2,182,53,18.200000,47,53,4.700000,4633,1263,463.300000,148.428571,138.722848,2,0,0,NO
OPENJPA,openjpa-persistence-jdbc/src/main/java/org/apache/openjpa/persistence/jdbc/MappingOverrides.java,10,10,210,8,2,124,36,15.500000,38,34,4.750000,4221,1263,527.625000,141.714286,135.612925,1,0,0,NO
OPENJPA,openjpa-persistence-jdbc/src/main/java/org/apache/openjpa/persistence/jdbc/MappingTag.java,10,81,135,9,5,124,86,13.777778,113,86,12.555556,1900,1263,211.111111,139.000000,116.639153,1,0,0,NO
OPENJPA,openjpa-persistence-jdbc/src/main/java/org/apache/openjpa/persistence/jdbc/Nonpolymorphic.java,10,11,299,10,2,169,53,16.900000,39,53,3.900000,4633,1263,463.300000,148.428571,138.674630,2,0,0,NO
OPENJPA,openjpa-persistence-jdbc/src/main/java/org/apache/openjpa/persistence/jdbc/NonpolymorphicType.java,10,6,218,12,2,125,30,10.416667,32,30,2.666667,4948,1263,412.333333,148.428571,135.432503,1,0,0,NO
OPENJPA,openjpa-persistence-jdbc/src/main/java/org/apache/openjpa/persistence/jdbc/OrderColumn.java,10,16,315,10,2,182,53,18.200000,49,53,4.900000,4633,1263,463.300000,148.428571,138.706576,2,0,0,NO
OPENJPA,openjpa-persistence-jdbc/src/main/java/org/apache/openjpa/persistence/jdbc/ResultSetType.java,10,26,93,2,1,76,59,38.000000,59,59,29.500000,135,130,67.500000,82.285714,82.233487,0,0,0,NO
OPENJPA,openjpa-persistence-jdbc/src/main/java/org/apache/openjpa/persistence/jdbc/Strategy.java,10,10,260,11,2,149,35,13.545455,38,35,3.454545,4928,1263,448.000000,148.428571,137.769780,1,0,0,NO
OPENJPA,openjpa-persistence-jdbc/src/main/java/org/apache/openjpa/persistence/jdbc/SubclassFetchMode.java,10,10,212,9,2,125,36,13.888889,38,34,4.222222,4237,1263,470.777778,141.714286,135.108491,1,0,0,NO
OPENJPA,openjpa-persistence-jdbc/src/main/java/org/apache/openjpa/persistence/jdbc/Unique.java,10,14,311,10,2,178,53,17.800000,45,53,4.500000,4633,1263,463.300000,148.428571,138.702802,2,0,0,NO
OPENJPA,openjpa-persistence-jdbc/src/main/java/org/apache/openjpa/persistence/jdbc/VersionColumn.java,10,18,324,11,3,189,53,17.181818,54,53,4.909091,4643,1263,422.090909,148.428571,138.048060,2,0,1,NO
OPENJPA,openjpa-persistence-jdbc/src/main/java/org/apache/openjpa/persistence/jdbc/VersionColumns.java,10,10,210,8,2,124,36,15.500000,38,34,4.750000,4221,1263,527.625000,141.714286,135.612925,1,0,0,NO
OPENJPA,openjpa-persistence-jdbc/src/main/java/org/apache/openjpa/persistence/jdbc/VersionStrategy.java,10,10,256,11,2,147,35,13.363636,38,35,3.454545,4928,1263,448.000000,148.428571,137.750558,1,0,0,NO
OPENJPA,openjpa-persistence-jdbc/src/main/java/org/apache/openjpa/persistence/jdbc/XEmbeddedMapping.java,10,15,403,11,2,224,53,20.363636,45,53,4.090909,4676,1263,425.090909,148.428571,123.415810,2,0,0,YES
OPENJPA,openjpa-persistence-jdbc/src/main/java/org/apache/openjpa/persistence/jdbc/XJoinColumn.java,10,19,185,7,2,120,45,17.142857,55,42,7.857143,3938,1263,562.571429,140.142857,134.599228,1,0,0,NO
OPENJPA,openjpa-persistence-jdbc/src/main/java/org/apache/openjpa/persistence/jdbc/XJoinColumns.java,10,11,305,10,2,172,53,17.200000,39,53,3.900000,4633,1263,463.300000,148.428571,138.696956,2,0,0,NO
OPENJPA,openjpa-persistence-jdbc/src/main/java/org/apache/openjpa/persistence/jdbc/XMappingOverride.java,10,18,416,11,2,234,53,21.272727,52,53,4.727273,4676,1263,425.090909,148.428571,122.606113,2,0,0,YES
OPENJPA,openjpa-persistence-jdbc/src/main/java/org/apache/openjpa/persistence/jdbc/XMappingOverrides.java,10,10,331,12,2,184,37,15.333333,37,35,3.083333,4971,1263,414.250000,148.428571,122.625809,1,0,0,YES
OPENJPA,openjpa-persistence-jdbc/src/main/java/org/apache/openjpa/persistence/jdbc/XSecondaryTable.java,10,17,321,10,2,186,53,18.600000,51,53,5.100000,4633,1263,463.300000,148.428571,138.726302,2,0,0,NO
OPENJPA,openjpa-persistence-jdbc/src/main/java/org/apache/openjpa/persistence/jdbc/XSecondaryTables.java,10,10,210,8,2,124,36,15.500000,38,34,4.750000,4221,1263,527.625000,141.714286,135.612925,1,0,0,NO
OPENJPA,openjpa-persistence-jdbc/src/main/java/org/apache/openjpa/persistence/jdbc/XTable.java,10,15,318,10,2,183,53,18.300000,48,53,4.800000,4633,1263,463.300000,148.428571,138.723720,2,0,0,NO
OPENJPA,openjpa-persistence/src/main/java/org/apache/openjpa/persistence/AutoClearType.java,10,23,56,1,1,56,56,56.000000,56,56,56.000000,130,130,130.000000,82.285714,82.285714,0,0,0,YES
OPENJPA,openjpa-persistence/src/main/java/org/apache/openjpa/persistence/ConnectionRetainMode.java,10,26,66,2,1,63,60,31.500000,60,60,30.000000,146,130,73.000000,82.285714,82.272727,0,0,0,YES
OPENJPA,openjpa-persistence/src/main/java/org/apache/openjpa/persistence/DataCache.java,10,12,300,9,2,171,53,19.000000,42,53,4.666667,4157,1263,461.888889,148.428571,138.707143,2,0,0,NO
OPENJPA,openjpa-persistence/src/main/java/org/apache/openjpa/persistence/DataStoreId.java,10,12,297,9,2,169,53,18.777778,41,53,4.555556,4157,1263,461.888889,148.428571,138.693603,2,0,0,NO
OPENJPA,openjpa-persistence/src/main/java/org/apache/openjpa/persistence/Dependent.java,10,11,291,9,2,165,53,18.333333,39,53,4.333333,4157,1263,461.888889,148.428571,138.665685,2,0,0,NO
OPENJPA,openjpa-persistence/src/main/java/org/apache/openjpa/persistence/DetachStateType.java,10,26,60,1,1,60,60,60.000000,60,60,60.000000,130,130,130.000000,82.285714,82.285714,0,0,0,YES
OPENJPA,openjpa-persistence/src/main/java/org/apache/openjpa/persistence/DetachedState.java,10,12,297,9,2,169,53,18.777778,41,53,4.555556,4157,1263,461.888889,148.428571,138.693603,2,0,0,NO
OPENJPA,openjpa-persistence/src/main/java/org/apache/openjpa/persistence/ElementDependent.java,10,11,291,9,2,165,53,18.333333,39,53,4.333333,4157,1263,461.888889,148.428571,138.665685,2,0,0,NO
OPENJPA,openjpa-persistence/src/main/java/org/apache/openjpa/persistence/ElementType.java,10,11,296,9,2,168,53,18.666667,40,53,4.444444,4157,1263,461.888889,148.428571,138.687741,2,0,0,NO
OPENJPA,openjpa-persistence/src/main/java/org/apache/openjpa/persistence/ExternalValues.java,10,11,299,9,2,170,53,18.888889,41,53,4.555556,4157,1263,461.888889,148.428571,138.701386,2,0,0,NO
OPENJPA,openjpa-persistence/src/main/java/org/apache/openjpa/persistence/Externalizer.java,10,11,296,9,2,168,53,18.666667,40,53,4.444444,4157,1263,461.888889,148.428571,138.687741,2,0,0,NO
OPENJPA,openjpa-persistence/src/main/java/org/apache/openjpa/persistence/Factory.java,10,11,296,9,2,168,53,18.666667,40,53,4.444444,4157,1263,461.888889,148.428571,138.687741,2,0,0,NO
OPENJPA,openjpa-persistence/src/main/java/org/apache/openjpa/persistence/FetchAttribute.java,10,10,263,11,3,154,35,14.000000,45,35,4.090909,4590,1263,417.272727,148.428571,137.793047,1,0,0,NO
OPENJPA,openjpa-persistence/src/main/java/org/apache/openjpa/persistence/FetchGroup.java,10,13,216,9,3,136,36,15.111111,56,34,6.222222,3885,1263,431.666667,141.714286,135.525794,1,0,0,NO
OPENJPA,openjpa-persistence/src/main/java/org/apache/openjpa/persistence/FetchGroups.java,10,10,248,10,2,143,35,14.300000,38,35,3.800000,4452,1263,445.200000,148.428571,137.710253,1,0,0,NO
OPENJPA,openjpa-persistence/src/main/java/org/apache/openjpa/persistence/InverseLogical.java,10,11,291,9,2,165,53,18.333333,39,53,4.333333,4157,1263,461.888889,148.428571,138.665685,2,0,0,NO
OPENJPA,openjpa-persistence/src/main/java/org/apache/openjpa/persistence/KeyDependent.java,10,11,291,9,2,165,53,18.333333,39,53,4.333333,4157,1263,461.888889,148.428571,138.665685,2,0,0,NO
OPENJPA,openjpa-persistence/src/main/java/org/apache/openjpa/persistence/KeyType.java,10,11,296,9,2,168,53,18.666667,40,53,4.444444,4157,1263,461.888889,148.428571,138.687741,2,0,0,NO
OPENJPA,openjpa-persistence/src/main/java/org/apache/openjpa/persistence/LRS.java,10,11,291,9,2,165,53,18.333333,39,53,4.333333,4157,1263,461.888889,148.428571,138.665685,2,0,0,NO
OPENJPA,openjpa-persistence/src/main/java/org/apache/openjpa/persistence/LoadFetchGroup.java,10,11,299,10,4,169,53,16.900000,39,53,3.900000,3947,1263,394.700000,148.428571,138.456283,2,0,0,NO
OPENJPA,openjpa-persistence/src/main/java/org/apache/openjpa/persistence/ManagedInterface.java,10,9,321,10,2,181,53,18.100000,41,53,4.100000,4187,1263,418.700000,148.428571,133.679573,2,0,1,NO
OPENJPA,openjpa-persistence/src/main/java/org/apache/openjpa/persistence/MetaDataTag.java,10,55,257,13,6,172,76,13.230769,87,72,6.692308,3267,1263,251.307692,140.142857,133.884380,1,0,2,NO
OPENJPA,openjpa-persistence/src/main/java/org/apache/openjpa/persistence/OpenJPAEntityManagerFactorySPI.java,10,13,583,8,3,327,105,40.875000,71,102,8.875000,3515,1263,439.375000,140.142857,117.031120,1,0,0,YES
OPENJPA,openjpa-persistence/src/main/java/org/apache/openjpa/persistence/OpenJPAEntityManagerSPI.java,10,21,170,5,2,148,104,29.600000,126,104,25.200000,222,130,44.400000,82.285714,73.860504,0,0,0,YES
OPENJPA,openjpa-persistence/src/main/java/org/apache/openjpa/persistence/OpenJPAEntityTransaction.java,10,9,71,1,1,71,71,71.000000,71,71,71.000000,130,130,130.000000,82.285714,82.285714,0,0,0,YES
OPENJPA,openjpa-persistence/src/main/java/org/apache/openjpa/persistence/OpenJPAQuerySPI.java,10,10,316,9,3,181,46,20.111111,46,34,5.111111,3885,1263,431.666667,141.714286,118.677667,1,0,0,YES
OPENJPA,openjpa-persistence/src/main/java/org/apache/openjpa/persistence/PersistenceStrategy.java,10,14,248,11,4,147,41,13.363636,46,35,4.181818,3889,1263,353.545455,148.428571,135.034562,2,0,0,NO
OPENJPA,openjpa-persistence/src/main/java/org/apache/openjpa/persistence/Persistent.java,10,17,159,6,2,104,45,17.333333,49,42,8.166667,3462,1263,577.000000,140.142857,133.879605,1,0,0,NO
OPENJPA,openjpa-persistence/src/main/java/org/apache/openjpa/persistence/PersistentCollection.java,10,17,163,7,2,107,45,15.285714,51,42,7.285714,3467,1263,495.285714,140.142857,133.191937,1,0,1,NO
OPENJPA,openjpa-persistence/src/main/java/org/apache/openjpa/persistence/PersistentMap.java,10,19,171,6,2,112,49,18.666667,53,46,8.833333,3462,1263,577.000000,140.142857,134.312448,1,0,0,NO
OPENJPA,openjpa-persistence/src/main/java/org/apache/openjpa/persistence/QueryOperationType.java,10,26,59,1,1,59,59,59.000000,59,59,59.000000,130,130,130.000000,82.285714,82.285714,0,0,0,YES
OPENJPA,openjpa-persistence/src/main/java/org/apache/openjpa/persistence/ReadOnly.java,10,11,291,9,2,165,53,18.333333,39,53,4.333333,4157,1263,461.888889,148.428571,138.665685,2,0,0,NO
OPENJPA,openjpa-persistence/src/main/java/org/apache/openjpa/persistence/Replicated.java,10,9,386,10,3,215,53,21.500000,44,53,4.400000,4175,1263,417.500000,148.428571,113.405255,2,0,0,YES
OPENJPA,openjpa-persistence/src/main/java/org/apache/openjpa/persistence/RestoreStateType.java,10,26,60,1,1,60,60,60.000000,60,60,60.000000,130,130,130.000000,82.285714,82.285714,0,0,0,YES
OPENJPA,openjpa-persistence/src/main/java/org/apache/openjpa/persistence/Type.java,10,11,296,9,2,168,53,18.666667,40,53,4.444444,4157,1263,461.888889,148.428571,138.687741,2,0,0,NO
OPENJPA,openjpa-persistence/src/main/java/org/apache/openjpa/persistence/UpdateAction.java,10,5,205,10,2,118,30,11.800000,31,30,3.100000,4452,1263,445.200000,148.428571,135.760976,1,0,0,NO
OPENJPA,openjpa-persistence/src/main/java/org/apache/openjpa/persistence/query/AbsExpression.java,10,6,255,10,3,143,30,14.300000,31,30,3.100000,4263,1263,426.300000,148.428571,119.711485,1,0,0,YES
OPENJPA,openjpa-persistence/src/main/java/org/apache/openjpa/persistence/query/AbstractDomainObject.java,10,200,477,3,1,406,395,135.333333,335,395,111.666667,150,99,50.000000,14.714286,14.616352,0,0,0,YES
OPENJPA,openjpa-persistence/src/main/java/org/apache/openjpa/persistence/query/AbstractVisitable.java,10,20,451,13,4,251,61,19.307692,51,61,3.923077,1609,1263,123.769231,131.142857,82.304720,0,0,2,YES
OPENJPA,openjpa-persistence/src/main/java/org/apache/openjpa/persistence/query/AllExpression.java,10,9,151,5,3,93,33,18.600000,35,19,7.000000,1383,1263,276.600000,131.571429,102.172185,0,0,0,YES
OPENJPA,openjpa-persistence/src/main/java/org/apache/openjpa/persistence/query/AndPredicate.java,10,8,150,5,3,92,33,18.400000,34,19,6.800000,1383,1263,276.600000,131.571429,102.755238,0,0,0,YES
OPENJPA,openjpa-persistence/src/main/java/org/apache/openjpa/persistence/query/AnyExpression.java,10,8,150,5,3,92,33,18.400000,34,19,6.800000,1383,1263,276.600000,131.571429,102.755238,0,0,0,YES
OPENJPA,openjpa-persistence/src/main/java/org/apache/openjpa/persistence/query/AverageExpression.java,10,6,255,10,3,143,30,14.300000,31,30,3.100000,4263,1263,426.300000,148.428571,119.711485,1,0,0,YES
OPENJPA,openjpa-persistence/src/main/java/org/apache/openjpa/persistence/query/BetweenExpression.java,10,8,157,6,3,96,33,16.000000,35,19,5.833333,1412,1263,235.333333,131.571429,98.789809,0,0,0,YES
OPENJPA,openjpa-persistence/src/main/java/org/apache/openjpa/persistence/query/ConcatExpression.java,10,6,296,13,4,164,31,12.615385,32,30,2.461538,4745,1263,365.000000,148.428571,103.906371,1,0,1,YES
OPENJPA,openjpa-persistence/src/main/java/org/apache/openjpa/persistence/query/ConditionalOperator.java,10,5,285,11,4,158,31,14.363636,31,30,2.818182,4679,1263,425.363636,148.428571,107.373434,1,0,1,YES
OPENJPA,openjpa-persistence/src/main/java/org/apache/openjpa/persistence/query/CountExpression.java,10,7,151,5,3,92,33,18.400000,33,19,6.600000,1383,1263,276.600000,131.571429,102.172185,0,0,0,YES
OPENJPA,openjpa-persistence/src/main/java/org/apache/openjpa/persistence/query/DistinctExpression.java,10,7,149,5,3,92,33,18.400000,35,19,7.000000,1383,1263,276.600000,131.571429,103.346117,0,0,0,YES
OPENJPA,openjpa-persistence/src/main/java/org/apache/openjpa/persistence/query/DividedByExpression.java,10,7,151,5,3,92,33,18.400000,33,19,6.600000,1383,1263,276.600000,131.571429,102.172185,0,0,0,YES
OPENJPA,openjpa-persistence/src/main/java/org/apache/openjpa/persistence/query/EqualExpression.java,10,7,148,5,3,91,33,18.200000,34,19,6.800000,1383,1263,276.600000,131.571429,103.944981,0,0,0,YES
OPENJPA,openjpa-persistence/src/main/java/org/apache/openjpa/persistence/query/ExistsExpression.java,10,7,151,6,3,92,33,15.333333,33,19,5.500000,1420,1263,236.666667,131.571429,102.163671,0,0,0,YES
OPENJPA,openjpa-persistence/src/main/java/org/apache/openjpa/persistence/query/FetchPath.java,10,17,310,14,4,178,61,12.714286,46,61,3.285714,1553,1263,110.928571,131.142857,78.556221,0,0,3,YES
OPENJPA,openjpa-persistence/src/main/java/org/apache/openjpa/persistence/query/GreaterEqualExpression.java,10,7,148,5,3,91,33,18.200000,34,19,6.800000,1383,1263,276.600000,131.571429,103.944981,0,0,0,YES
OPENJPA,openjpa-persistence/src/main/java/org/apache/openjpa/persistence/query/GreaterThanExpression.java,10,7,148,5,3,91,33,18.200000,34,19,6.800000,1383,1263,276.600000,131.571429,103.944981,0,0,0,YES
OPENJPA,openjpa-persistence/src/main/java/org/apache/openjpa/persistence/query/InExpression.java,10,13,26,2,1,24,15,12.000000,22,15,11.000000,136,99,68.000000,14.714286,14.532967,0,0,0,YES
OPENJPA,openjpa-persistence/src/main/java/org/apache/openjpa/persistence/query/IndexExpression.java,10,7,148,5,3,91,33,18.200000,34,19,6.800000,1383,1263,276.600000,131.571429,103.944981,0,0,0,YES
OPENJPA,openjpa-persistence/src/main/java/org/apache/openjpa/persistence/query/IsEmptyExpression.java,10,12,18,2,1,17,16,8.500000,16,16,8.000000,128,99,64.000000,14.714286,14.539683,0,0,0,YES
OPENJPA,openjpa-persistence/src/main/java/org/apache/openjpa/persistence/query/IsNullExpression.java,10,12,155,6,3,97,33,16.166667,39,19,6.500000,1412,1263,235.333333,131.571429,99.894931,0,0,0,YES
OPENJPA,openjpa-persistence/src/main/java/org/apache/openjpa/persistence/query/JoinPath.java,10,48,106,4,1,94,78,23.500000,82,78,20.500000,179,99,44.750000,14.714286,14.493261,0,0,0,YES
OPENJPA,openjpa-persistence/src/main/java/org/apache/openjpa/persistence/query/LengthExpression.java,10,7,149,5,3,91,33,18.200000,33,19,6.600000,1383,1263,276.600000,131.571429,103.346117,0,0,0,YES
OPENJPA,openjpa-persistence/src/main/java/org/apache/openjpa/persistence/query/LessEqualExpression.java,10,8,150,5,3,92,33,18.400000,34,19,6.800000,1383,1263,276.600000,131.571429,102.755238,0,0,0,YES
OPENJPA,openjpa-persistence/src/main/java/org/apache/openjpa/persistence/query/LessThanExpression.java,10,8,149,5,3,92,33,18.400000,35,19,7.000000,1383,1263,276.600000,131.571429,103.346117,0,0,0,YES
OPENJPA,openjpa-persistence/src/main/java/org/apache/openjpa/persistence/query/LiteralExpression.java,10,6,285,11,4,158,31,14.363636,31,30,2.818182,4679,1263,425.363636,148.428571,107.373434,1,0,1,YES
OPENJPA,openjpa-persistence/src/main/java/org/apache/openjpa/persistence/query/LowerExpression.java,10,7,149,5,3,91,33,18.200000,33,19,6.600000,1383,1263,276.600000,131.571429,103.346117,0,0,0,YES
OPENJPA,openjpa-persistence/src/main/java/org/apache/openjpa/persistence/query/MaxExpression.java,10,7,149,5,3,91,33,18.200000,33,19,6.600000,1383,1263,276.600000,131.571429,103.346117,0,0,0,YES
OPENJPA,openjpa-persistence/src/main/java/org/apache/openjpa/persistence/query/MemberOfExpression.java,10,8,150,5,3,92,33,18.400000,34,19,6.800000,1383,1263,276.600000,131.571429,102.755238,0,0,0,YES
OPENJPA,openjpa-persistence/src/main/java/org/apache/openjpa/persistence/query/MinExpression.java,10,7,149,5,3,91,33,18.200000,33,19,6.600000,1383,1263,276.600000,131.571429,103.346117,0,0,0,YES
OPENJPA,openjpa-persistence/src/main/java/org/apache/openjpa/persistence/query/MinusExpression.java,10,7,149,5,3,91,33,18.200000,33,19,6.600000,1383,1263,276.600000,131.571429,103.346117,0,0,0,YES
OPENJPA,openjpa-persistence/src/main/java/org/apache/openjpa/persistence/query/ModExpression.java,10,11,155,5,3,96,33,19.200000,37,19,7.400000,1383,1263,276.600000,131.571429,99.915207,0,0,0,YES
OPENJPA,openjpa-persistence/src/main/java/org/apache/openjpa/persistence/query/NavigationPath.java,10,35,76,3,1,74,62,24.666667,72,62,24.000000,142,99,47.333333,14.714286,14.556391,0,0,0,YES
OPENJPA,openjpa-persistence/src/main/java/org/apache/openjpa/persistence/query/NotEqualExpression.java,10,8,149,5,3,92,33,18.400000,35,19,7.000000,1383,1263,276.600000,131.571429,103.346117,0,0,0,YES
OPENJPA,openjpa-persistence/src/main/java/org/apache/openjpa/persistence/query/OpenJPAQueryBuilder.java,10,9,177,6,3,112,33,18.666667,47,19,7.833333,1412,1263,235.333333,131.571429,89.085553,0,0,0,YES
OPENJPA,openjpa-persistence/src/main/java/org/apache/openjpa/persistence/query/OperatorPath.java,10,30,67,3,1,65,58,21.666667,63,58,21.000000,150,99,50.000000,14.714286,14.646055,0,0,0,YES
OPENJPA,openjpa-persistence/src/main/java/org/apache/openjpa/persistence/query/OrPredicate.java,10,8,149,5,3,92,33,18.400000,35,19,7.000000,1383,1263,276.600000,131.571429,103.346117,0,0,0,YES
OPENJPA,openjpa-persistence/src/main/java/org/apache/openjpa/persistence/query/PlusExpression.java,10,7,149,5,3,91,33,18.200000,33,19,6.600000,1383,1263,276.600000,131.571429,103.346117,0,0,0,YES
OPENJPA,openjpa-persistence/src/main/java/org/apache/openjpa/persistence/query/RangeExpression.java,10,12,277,12,4,158,61,13.166667,39,61,3.250000,1502,1263,125.166667,131.142857,86.252192,0,0,3,YES
OPENJPA,openjpa-persistence/src/main/java/org/apache/openjpa/persistence/query/RootPath.java,10,30,51,3,1,48,41,16.000000,45,41,15.000000,150,99,50.000000,14.714286,14.619048,0,0,0,YES
OPENJPA,openjpa-persistence/src/main/java/org/apache/openjpa/persistence/query/SizeExpression.java,10,7,149,5,3,91,33,18.200000,33,19,6.600000,1383,1263,276.600000,131.571429,103.346117,0,0,0,YES
OPENJPA,openjpa-persistence/src/main/java/org/apache/openjpa/persistence/query/SomeExpression.java,10,7,149,5,3,91,33,18.200000,33,19,6.600000,1383,1263,276.600000,131.571429,103.346117,0,0,0,YES
OPENJPA,openjpa-persistence/src/main/java/org/apache/openjpa/persistence/query/SquareRootExpression.java,10,7,149,5,3,91,33,18.200000,33,19,6.600000,1383,1263,276.600000,131.571429,103.346117,0,0,0,YES
OPENJPA,openjpa-persistence/src/main/java/org/apache/openjpa/persistence/query/SumExpression.java,10,7,149,5,3,91,33,18.200000,33,19,6.600000,1383,1263,276.600000,131.571429,103.346117,0,0,0,YES
OPENJPA,openjpa-persistence/src/main/java/org/apache/openjpa/persistence/query/TimesExpression.java,10,7,149,5,3,91,33,18.200000,33,19,6.600000,1383,1263,276.600000,131.571429,103.346117,0,0,0,YES
OPENJPA,openjpa-persistence/src/main/java/org/apache/openjpa/persistence/query/TypeExpression.java,10,7,149,5,3,91,33,18.200000,33,19,6.600000,1383,1263,276.600000,131.571429,103.346117,0,0,0,YES
OPENJPA,openjpa-persistence/src/main/java/org/apache/openjpa/persistence/query/UnaryMinusExpression.java,10,7,147,5,3,91,33,18.200000,35,19,7.000000,1383,1263,276.600000,131.571429,104.551992,0,0,0,YES
OPENJPA,openjpa-persistence/src/main/java/org/apache/openjpa/persistence/query/UpperExpression.java,10,7,153,6,3,93,33,15.500000,33,19,5.500000,1420,1263,236.666667,131.571429,101.017740,0,0,0,YES
OPENJPA,openjpa-persistence/src/main/java/org/apache/openjpa/persistence/query/Visitable.java,10,8,187,7,3,119,33,17.000000,51,19,7.285714,1434,1263,204.857143,131.571429,85.241406,0,0,0,YES
OPENJPA,openjpa-persistence/src/main/java/org/apache/openjpa/persistence/query/WhenClause.java,10,25,257,9,4,156,61,17.333333,55,61,6.111111,1464,1263,162.666667,131.142857,89.354086,0,0,2,YES
OPENJPA,openjpa-slice/src/main/java/org/apache/openjpa/slice/DistributedConfiguration.java,10,11,92,3,1,88,78,29.333333,84,78,28.000000,66,38,22.000000,58.000000,55.757764,0,0,0,YES
OPENJPA,openjpa-slice/src/main/java/org/apache/openjpa/slice/DistributionPolicy.java,10,12,77,4,1,71,46,17.750000,65,46,16.250000,68,38,17.000000,58.000000,48.077922,0,0,0,YES
OPENJPA,openjpa-slice/src/main/java/org/apache/openjpa/slice/ReentrantSliceLock.java,10,21,349,11,4,203,61,18.454545,57,61,5.181818,1402,1263,127.454545,131.142857,68.109292,0,0,3,YES
OPENJPA,openjpa-slice/src/main/java/org/apache/openjpa/slice/ReplicationPolicy.java,10,11,94,4,1,79,46,19.750000,64,46,16.000000,72,38,18.000000,58.000000,42.492401,0,0,1,YES
OPENJPA,openjpa-slice/src/main/java/org/apache/openjpa/slice/jdbc/DistributedJDBCConfiguration.java,10,8,99,3,1,69,63,23.000000,39,63,13.000000,71,38,23.666667,58.000000,44.458874,0,0,1,YES
OPENJPA,openjpa-slice/src/main/java/org/apache/openjpa/slice/jdbc/DistributedStatement.java,10,7,285,10,3,159,33,15.900000,33,30,3.300000,4614,1263,461.400000,148.428571,117.807519,1,0,0,YES
OPENJPA,openjpa-jdbc/src/main/java/org/apache/openjpa/jdbc/ant/MappingToolTask.java,11,118,299,11,4,271,211,24.636364,243,211,22.090909,2112,1263,192.000000,182.714286,164.937410,1,0,3,NO
OPENJPA,openjpa-jdbc/src/main/java/org/apache/openjpa/jdbc/ant/ReverseMappingToolTask.java,11,154,364,8,4,338,257,42.250000,312,257,39.000000,2076,1263,259.500000,182.714286,168.918760,1,0,1,NO
OPENJPA,openjpa-jdbc/src/main/java/org/apache/openjpa/jdbc/conf/FetchModeValue.java,11,21,73,3,2,63,49,21.000000,53,49,17.666667,1742,1263,580.666667,182.714286,170.590998,1,0,0,NO
OPENJPA,openjpa-jdbc/src/main/java/org/apache/openjpa/jdbc/conf/JDBCConfiguration.java,11,97,744,8,6,685,609,85.625000,626,609,78.250000,2297,1263,287.125000,182.714286,169.305876,1,0,0,NO
OPENJPA,openjpa-jdbc/src/main/java/org/apache/openjpa/jdbc/identifier/ColumnDefIdentifierRule.java,11,9,315,7,4,177,57,25.285714,39,19,5.571429,3688,1544,526.857143,149.285714,73.408617,0,0,3,YES
OPENJPA,openjpa-jdbc/src/main/java/org/apache/openjpa/jdbc/identifier/DBIdentifierUtil.java,11,34,213,1,1,213,213,213.000000,213,213,213.000000,156,156,156.000000,0.428571,0.428571,0,0,0,NO
OPENJPA,openjpa-jdbc/src/main/java/org/apache/openjpa/jdbc/identifier/DefaultIdentifierConfiguration.java,11,47,131,2,1,106,87,53.000000,81,87,40.500000,166,156,83.000000,0.428571,0.428571,0,0,0,NO
OPENJPA,openjpa-jdbc/src/main/java/org/apache/openjpa/jdbc/kernel/ConnectionInfo.java,11,9,261,9,2,148,35,16.444444,35,35,3.888889,4576,1263,508.444444,192.142857,181.743842,1,0,0,NO
OPENJPA,openjpa-jdbc/src/main/java/org/apache/openjpa/jdbc/kernel/DelegatingJDBCFetchConfiguration.java,11,224,343,9,4,320,233,35.555556,297,233,33.000000,2223,1263,247.000000,182.714286,166.878384,1,0,2,NO
OPENJPA,openjpa-jdbc/src/main/java/org/apache/openjpa/jdbc/kernel/JDBC3SavepointManager.java,11,30,87,3,2,76,62,25.333333,65,62,21.666667,1961,1263,653.666667,182.714286,172.417077,2,0,0,NO
OPENJPA,openjpa-jdbc/src/main/java/org/apache/openjpa/jdbc/kernel/JDBCFetchConfiguration.java,11,39,308,10,5,276,164,27.600000,244,164,24.400000,2239,1263,223.900000,182.714286,157.698980,1,0,2,NO
OPENJPA,openjpa-jdbc/src/main/java/org/apache/openjpa/jdbc/kernel/JDBCLockManager.java,11,10,74,3,3,64,46,21.333333,54,46,18.000000,1755,1263,585.000000,182.714286,158.926641,1,0,0,NO
OPENJPA,openjpa-jdbc/src/main/java/org/apache/openjpa/jdbc/kernel/JDBCSeq.java,11,8,277,9,2,159,35,17.666667,41,35,4.555556,4576,1263,508.444444,192.142857,181.856111,1,0,0,NO
OPENJPA,openjpa-jdbc/src/main/java/org/apache/openjpa/jdbc/kernel/JDBCStore.java,11,23,155,7,4,131,106,18.714286,107,106,15.285714,2169,1263,309.857143,182.714286,165.870968,1,0,1,NO
OPENJPA,openjpa-jdbc/src/main/java/org/apache/openjpa/jdbc/kernel/PreparedStatementManager.java,11,8,293,9,2,170,40,18.888889,47,35,5.222222,4576,1263,508.444444,192.142857,181.962457,1,0,0,NO
OPENJPA,openjpa-jdbc/src/main/java/org/apache/openjpa/jdbc/kernel/UpdateManager.java,11,6,321,8,2,182,45,22.750000,43,45,5.375000,4281,1263,535.125000,192.142857,182.362261,2,0,0,NO
OPENJPA,openjpa-jdbc/src/main/java/org/apache/openjpa/jdbc/kernel/exps/All.java,11,10,217,10,3,127,30,12.700000,37,30,3.700000,4580,1263,458.000000,192.142857,180.123766,1,0,1,NO
OPENJPA,openjpa-jdbc/src/main/java/org/apache/openjpa/jdbc/kernel/exps/Any.java,11,10,217,10,3,127,30,12.700000,37,30,3.700000,4580,1263,458.000000,192.142857,180.123766,1,0,1,NO
OPENJPA,openjpa-jdbc/src/main/java/org/apache/openjpa/jdbc/kernel/exps/BinaryOpExpState.java,11,14,69,3,2,59,31,19.666667,49,31,16.333333,1407,1263,469.000000,175.571429,163.093168,0,0,0,NO
OPENJPA,openjpa-jdbc/src/main/java/org/apache/openjpa/jdbc/kernel/exps/Exp.java,11,13,153,5,3,106,83,21.200000,59,83,11.800000,2046,1263,409.200000,182.714286,175.168067,1,0,0,NO
OPENJPA,openjpa-jdbc/src/main/java/org/apache/openjpa/jdbc/kernel/exps/ExpContext.java,11,16,76,3,2,66,38,22.000000,56,38,18.666667,1407,1263,469.000000,175.571429,164.242481,0,0,0,NO
OPENJPA,openjpa-jdbc/src/main/java/org/apache/openjpa/jdbc/kernel/exps/ExpState.java,11,11,64,3,2,54,26,18.000000,44,26,14.666667,1407,1263,469.000000,175.571429,162.118304,0,0,0,NO
OPENJPA,openjpa-jdbc/src/main/java/org/apache/openjpa/jdbc/kernel/exps/FilterValue.java,11,25,149,5,4,137,103,27.400000,125,103,25.000000,1785,1263,357.000000,182.714286,164.158198,1,0,0,NO
OPENJPA,openjpa-jdbc/src/main/java/org/apache/openjpa/jdbc/kernel/exps/GetColumn.java,11,40,103,2,2,93,80,46.500000,83,80,41.500000,1739,1263,869.500000,182.714286,174.133148,1,0,0,NO
OPENJPA,openjpa-jdbc/src/main/java/org/apache/openjpa/jdbc/kernel/exps/JDBCAggregateListener.java,11,10,65,2,2,55,42,27.500000,45,42,22.500000,1739,1263,869.500000,182.714286,169.116484,1,0,0,NO
OPENJPA,openjpa-jdbc/src/main/java/org/apache/openjpa/jdbc/kernel/exps/JDBCFilterListener.java,11,10,67,2,2,57,44,28.500000,47,44,23.500000,1739,1263,869.500000,182.714286,169.522388,1,0,0,NO
OPENJPA,openjpa-jdbc/src/main/java/org/apache/openjpa/jdbc/kernel/exps/JDBCPath.java,11,6,112,7,2,72,30,10.285714,32,30,4.571429,3791,1263,541.571429,192.142857,178.285714,2,0,0,NO
OPENJPA,openjpa-jdbc/src/main/java/org/apache/openjpa/jdbc/kernel/exps/QueryExpressionsState.java,11,9,282,10,3,159,35,15.900000,36,35,3.600000,4387,1263,438.700000,192.142857,180.945795,2,0,0,NO
OPENJPA,openjpa-jdbc/src/main/java/org/apache/openjpa/jdbc/kernel/exps/SQLEmbed.java,11,35,97,5,3,84,69,16.800000,71,69,14.200000,1952,1263,390.400000,182.714286,173.240059,1,0,0,NO
OPENJPA,openjpa-jdbc/src/main/java/org/apache/openjpa/jdbc/meta/ClassStrategy.java,11,27,139,4,3,127,112,31.750000,115,112,28.750000,2117,1263,529.250000,182.714286,173.646454,1,0,0,NO
OPENJPA,openjpa-jdbc/src/main/java/org/apache/openjpa/jdbc/meta/DiscriminatorStrategy.java,11,19,110,5,4,94,69,18.800000,78,69,15.600000,1928,1263,385.600000,182.714286,168.040260,1,0,0,NO
OPENJPA,openjpa-jdbc/src/main/java/org/apache/openjpa/jdbc/meta/Embeddable.java,11,19,111,4,3,98,82,24.500000,85,82,21.250000,2099,1263,524.750000,182.714286,174.597169,1,0,0,NO
OPENJPA,openjpa-jdbc/src/main/java/org/apache/openjpa/jdbc/meta/FieldStrategy.java,11,61,299,6,4,278,245,46.333333,257,245,42.833333,2139,1263,356.500000,182.714286,175.279025,1,0,0,NO
OPENJPA,openjpa-jdbc/src/main/java/org/apache/openjpa/jdbc/meta/JDBCOrder.java,11,11,204,8,3,127,55,15.875000,50,55,6.250000,3947,1263,493.375000,192.142857,178.525210,2,0,0,NO
OPENJPA,openjpa-jdbc/src/main/java/org/apache/openjpa/jdbc/meta/Joinable.java,11,22,115,4,3,103,86,25.750000,91,86,22.750000,1818,1263,454.500000,182.714286,174.176398,1,0,0,NO
OPENJPA,openjpa-jdbc/src/main/java/org/apache/openjpa/jdbc/meta/RelationId.java,11,6,266,10,2,152,35,15.200000,38,35,3.800000,4798,1263,479.800000,192.142857,181.716971,1,0,0,NO
OPENJPA,openjpa-jdbc/src/main/java/org/apache/openjpa/jdbc/meta/ReverseCustomizer.java,11,23,183,2,2,173,160,86.500000,163,160,81.500000,1739,1263,869.500000,182.714286,177.884465,1,0,0,NO
OPENJPA,openjpa-jdbc/src/main/java/org/apache/openjpa/jdbc/meta/Strategy.java,11,28,160,4,2,148,131,37.000000,136,131,34.000000,2000,1263,500.000000,182.714286,176.693750,1,0,0,NO
OPENJPA,openjpa-jdbc/src/main/java/org/apache/openjpa/jdbc/meta/ValueHandler.java,11,23,132,5,3,118,99,23.600000,104,99,20.800000,2138,1263,427.600000,182.714286,175.377706,1,0,0,NO
OPENJPA,openjpa-jdbc/src/main/java/org/apache/openjpa/jdbc/meta/VersionStrategy.java,11,21,110,5,4,98,74,19.600000,86,74,17.200000,1772,1263,354.400000,182.714286,166.620779,1,0,2,NO
OPENJPA,openjpa-jdbc/src/main/java/org/apache/openjpa/jdbc/meta/strats/AbstractClassStrategy.java,11,45,102,2,2,92,79,46.000000,82,79,41.000000,1739,1263,869.500000,182.714286,174.049020,1,0,0,NO
OPENJPA,openjpa-jdbc/src/main/java/org/apache/openjpa/jdbc/meta/strats/AbstractDiscriminatorStrategy.java,11,49,120,4,3,108,89,27.000000,96,89,24.000000,1772,1263,443.000000,182.714286,174.244048,1,0,0,NO
OPENJPA,openjpa-jdbc/src/main/java/org/apache/openjpa/jdbc/meta/strats/AbstractStrategy.java,11,43,101,2,2,91,78,45.500000,81,78,40.500000,1739,1263,869.500000,182.714286,173.963225,1,0,0,NO
OPENJPA,openjpa-jdbc/src/main/java/org/apache/openjpa/jdbc/meta/strats/AbstractValueHandler.java,11,31,85,3,3,73,58,24.333333,61,58,20.333333,1877,1263,625.666667,182.714286,172.255462,1,0,0,NO
OPENJPA,openjpa-jdbc/src/main/java/org/apache/openjpa/jdbc/meta/strats/IdentityJoinable.java,11,50,111,4,3,99,83,24.750000,87,83,21.750000,1789,1263,447.250000,182.714286,174.267696,1,0,0,NO
OPENJPA,openjpa-jdbc/src/main/java/org/apache/openjpa/jdbc/meta/strats/LRSCollectionFieldStrategy.java,11,28,125,3,3,112,96,37.333333,99,96,33.000000,1877,1263,625.666667,182.714286,175.581714,1,0,0,NO
OPENJPA,openjpa-jdbc/src/main/java/org/apache/openjpa/jdbc/meta/strats/LRSMapFieldStrategy.java,11,41,186,3,3,169,149,56.333333,152,149,50.666667,1877,1263,625.666667,182.714286,177.865591,1,0,0,NO
OPENJPA,openjpa-jdbc/src/main/java/org/apache/openjpa/jdbc/schema/DriverDataSource.java,11,23,135,4,3,123,64,30.750000,111,64,27.750000,1795,1263,448.750000,182.714286,172.310053,1,0,0,NO
OPENJPA,openjpa-jdbc/src/main/java/org/apache/openjpa/jdbc/schema/SchemaFactory.java,11,5,398,10,3,220,55,22.000000,42,55,4.200000,4578,1263,457.800000,192.142857,182.283920,1,0,1,NO
OPENJPA,openjpa-jdbc/src/main/java/org/apache/openjpa/jdbc/schema/SchemaParser.java,11,10,85,2,2,75,62,37.500000,65,62,32.500000,1739,1263,869.500000,182.714286,172.315966,1,0,0,NO
OPENJPA,openjpa-jdbc/src/main/java/org/apache/openjpa/jdbc/schema/SchemaSerializer.java,11,13,101,2,2,91,78,45.500000,81,78,40.500000,1739,1263,869.500000,182.714286,173.963225,1,0,0,NO
OPENJPA,openjpa-jdbc/src/main/java/org/apache/openjpa/jdbc/sql/CacheDictionary.java,11,16,65,2,2,55,42,27.500000,45,42,22.500000,1739,1263,869.500000,182.714286,169.116484,1,0,0,NO
OPENJPA,openjpa-jdbc/src/main/java/org/apache/openjpa/jdbc/sql/Calendard.java,11,10,264,9,2,151,35,16.777778,38,35,4.222222,4576,1263,508.444444,192.142857,181.754870,1,0,0,NO
OPENJPA,openjpa-jdbc/src/main/java/org/apache/openjpa/jdbc/sql/Raw.java,11,10,214,9,2,126,30,14.000000,38,30,4.222222,4576,1263,508.444444,192.142857,180.985981,1,0,0,NO
OPENJPA,openjpa-jdbc/src/main/java/org/apache/openjpa/jdbc/sql/Result.java,11,181,646,7,6,629,572,89.857143,612,572,87.428571,2085,1263,297.857143,182.714286,173.182663,1,0,1,NO
OPENJPA,openjpa-jdbc/src/main/java/org/apache/openjpa/jdbc/sql/Row.java,11,163,547,3,3,535,520,178.333333,523,520,174.333333,1914,1263,638.000000,182.714286,180.065291,1,0,0,NO
OPENJPA,openjpa-jdbc/src/main/java/org/apache/openjpa/jdbc/sql/RowManager.java,11,14,94,2,2,84,71,42.000000,74,71,37.000000,1739,1263,869.500000,182.714286,173.311550,1,0,0,NO
OPENJPA,openjpa-jdbc/src/main/java/org/apache/openjpa/jdbc/sql/SQLFactory.java,11,6,296,9,2,171,40,19.000000,46,35,5.111111,4576,1263,508.444444,192.142857,181.981660,1,0,0,NO
OPENJPA,openjpa-jdbc/src/main/java/org/apache/openjpa/jdbc/sql/Select.java,11,141,846,14,7,784,668,56.000000,722,668,51.571429,2277,1263,162.642857,182.714286,167.894630,1,0,2,NO
OPENJPA,openjpa-jdbc/src/main/java/org/apache/openjpa/jdbc/sql/SelectExecutor.java,11,31,244,7,6,199,122,28.428571,154,122,22.000000,1854,1263,264.857143,182.714286,149.545667,1,0,0,NO
OPENJPA,openjpa-jdbc/src/main/java/org/apache/openjpa/jdbc/sql/Sized.java,11,9,240,10,2,138,31,13.800000,36,30,3.600000,4577,1263,457.700000,192.142857,181.354762,1,0,0,NO
OPENJPA,openjpa-jdbc/src/main/java/org/apache/openjpa/jdbc/sql/Union.java,11,12,113,3,3,89,76,29.666667,65,76,21.666667,1752,1263,584.000000,182.714286,170.467762,1,0,0,NO
OPENJPA,openjpa-kernel/src/main/java/org/apache/openjpa/ant/ApplicationIdToolTask.java,11,45,132,3,2,122,94,40.666667,112,94,37.333333,1430,1263,476.666667,176.714286,169.862554,0,0,0,NO
OPENJPA,openjpa-kernel/src/main/java/org/apache/openjpa/ant/PCEnhancerTask.java,11,37,317,7,3,204,99,29.142857,91,86,13.000000,3217,1263,459.571429,183.857143,180.822443,1,0,0,NO
OPENJPA,openjpa-kernel/src/main/java/org/apache/openjpa/conf/BrokerFactoryValue.java,11,46,403,16,3,245,47,15.312500,87,43,5.437500,3354,1263,209.625000,183.857143,177.772067,1,0,0,NO
OPENJPA,openjpa-kernel/src/main/java/org/apache/openjpa/conf/CacheMarshaller.java,11,15,283,4,2,188,92,47.000000,93,92,23.250000,1865,1544,466.250000,124.714286,69.550732,0,0,1,NO
OPENJPA,openjpa-kernel/src/main/java/org/apache/openjpa/conf/OpenJPAConfiguration.java,11,324,4997,45,10,3433,1336,76.288889,1869,1324,41.533333,4190,1263,93.111111,183.857143,167.692358,1,0,2,NO
OPENJPA,openjpa-kernel/src/main/java/org/apache/openjpa/conf/OpenJPAProductDerivation.java,11,10,471,15,5,257,53,17.133333,43,53,2.866667,5453,1544,363.533333,192.142857,155.323931,2,0,1,NO
OPENJPA,openjpa-kernel/src/main/java/org/apache/openjpa/conf/SeqValue.java,11,18,157,4,2,103,46,25.750000,49,41,12.250000,3110,1263,777.500000,183.857143,177.969973,1,0,0,NO
OPENJPA,openjpa-kernel/src/main/java/org/apache/openjpa/datacache/CacheDistributionPolicy.java,11,11,56,2,2,56,38,28.000000,56,38,28.000000,26,18,13.000000,13.428571,11.362245,0,0,0,NO
OPENJPA,openjpa-kernel/src/main/java/org/apache/openjpa/datacache/CacheStatistics.java,11,109,717,4,2,475,233,118.750000,233,233,58.250000,1729,1544,432.250000,75.428571,53.672843,0,0,1,NO
OPENJPA,openjpa-kernel/src/main/java/org/apache/openjpa/datacache/DataCache.java,11,41,928,11,6,617,258,56.090909,306,242,27.818182,3397,1263,308.818182,183.857143,171.752463,1,0,0,NO
OPENJPA,openjpa-kernel/src/main/java/org/apache/openjpa/datacache/DataCacheManager.java,11,19,312,7,3,215,74,30.714286,118,71,16.857143,3139,1263,448.428571,183.857143,155.878663,1,0,0,NO
OPENJPA,openjpa-kernel/src/main/java/org/apache/openjpa/datacache/DataCacheMode.java,11,8,60,2,1,60,59,30.000000,60,59,30.000000,29,26,14.500000,20.857143,20.857143,0,0,0,NO
OPENJPA,openjpa-kernel/src/main/java/org/apache/openjpa/datacache/DataCachePCData.java,11,7,208,8,3,125,32,15.625000,42,30,5.250000,3807,1263,475.875000,192.142857,175.469780,2,0,0,NO
OPENJPA,openjpa-kernel/src/main/java/org/apache/openjpa/datacache/ExpirationListener.java,11,4,201,8,2,117,30,14.625000,33,30,4.125000,4027,1263,503.375000,192.142857,180.727790,2,0,0,NO
OPENJPA,openjpa-kernel/src/main/java/org/apache/openjpa/datacache/QueryCache.java,11,18,476,6,2,307,138,51.166667,138,130,23.000000,3382,1263,563.666667,183.857143,181.716387,1,0,0,NO
OPENJPA,openjpa-kernel/src/main/java/org/apache/openjpa/datacache/TypesChangedListener.java,11,4,201,8,2,117,30,14.625000,33,30,4.125000,4027,1263,503.375000,192.142857,180.727790,2,0,0,NO
OPENJPA,openjpa-kernel/src/main/java/org/apache/openjpa/ee/AbstractManagedRuntime.java,11,53,110,2,1,109,68,54.500000,108,67,54.000000,29,18,14.500000,128.428571,104.681818,0,0,1,NO
OPENJPA,openjpa-kernel/src/main/java/org/apache/openjpa/enhance/AttributeTranslator.java,11,4,403,12,4,217,36,18.083333,31,30,2.583333,5927,1544,493.916667,192.142857,148.907834,2,0,1,NO
OPENJPA,openjpa-kernel/src/main/java/org/apache/openjpa/enhance/DynamicPersistenceCapable.java,11,3,298,10,3,163,30,16.300000,28,30,2.800000,5708,1544,570.800000,192.142857,145.402685,1,0,1,NO
OPENJPA,openjpa-kernel/src/main/java/org/apache/openjpa/enhance/DynamicStorage.java,11,25,441,5,2,291,138,58.200000,141,135,28.200000,3332,1263,666.400000,183.857143,181.667315,1,0,0,NO
OPENJPA,openjpa-kernel/src/main/java/org/apache/openjpa/enhance/FieldConsumer.java,11,13,239,4,2,157,72,39.250000,75,69,18.750000,3110,1263,777.500000,183.857143,179.957561,1,0,0,NO
OPENJPA,openjpa-kernel/src/main/java/org/apache/openjpa/enhance/FieldManager.java,11,4,187,8,2,107,30,13.375000,27,30,3.375000,4100,1263,512.500000,192.142857,180.682200,1,0,0,NO
OPENJPA,openjpa-kernel/src/main/java/org/apache/openjpa/enhance/FieldSupplier.java,11,13,239,4,2,157,72,39.250000,75,69,18.750000,3110,1263,777.500000,183.857143,179.957561,1,0,0,NO
OPENJPA,openjpa-kernel/src/main/java/org/apache/openjpa/enhance/ManagedInstanceProvider.java,11,4,298,10,3,163,30,16.300000,28,30,2.800000,5708,1544,570.800000,192.142857,145.402685,1,0,1,NO
OPENJPA,openjpa-kernel/src/main/java/org/apache/openjpa/enhance/PersistenceCapable.java,11,40,294,5,3,194,91,38.800000,94,87,18.800000,3119,1263,623.800000,183.857143,180.225948,1,0,0,NO
OPENJPA,openjpa-kernel/src/main/java/org/apache/openjpa/enhance/StateManager.java,11,69,880,6,4,583,282,97.166667,286,277,47.666667,3159,1263,526.500000,183.857143,182.411851,1,0,0,NO
OPENJPA,openjpa-kernel/src/main/java/org/apache/openjpa/event/AbstractLifecycleListener.java,11,60,288,5,2,198,81,39.600000,108,77,21.600000,3116,1263,623.200000,183.857143,176.410218,1,0,0,NO
OPENJPA,openjpa-kernel/src/main/java/org/apache/openjpa/event/AbstractRemoteCommitProvider.java,11,32,222,5,2,146,67,29.200000,70,63,14.000000,3332,1263,666.400000,183.857143,179.604247,1,0,0,NO
OPENJPA,openjpa-kernel/src/main/java/org/apache/openjpa/event/AbstractTransactionListener.java,11,33,239,5,2,156,70,31.200000,73,67,14.600000,3332,1263,666.400000,183.857143,179.895397,1,0,0,NO
OPENJPA,openjpa-kernel/src/main/java/org/apache/openjpa/event/AttachListener.java,11,5,249,7,2,143,40,20.428571,37,40,5.285714,3805,1263,543.571429,192.142857,181.860011,2,0,0,NO
OPENJPA,openjpa-kernel/src/main/java/org/apache/openjpa/event/BeginTransactionListener.java,11,4,226,8,2,131,35,16.375000,36,35,4.500000,4027,1263,503.375000,192.142857,181.297724,2,0,0,NO
OPENJPA,openjpa-kernel/src/main/java/org/apache/openjpa/event/BrokerFactoryEvent.java,11,18,618,11,3,337,56,30.636364,56,55,5.090909,5784,1544,525.818182,192.142857,149.020111,1,0,1,NO
OPENJPA,openjpa-kernel/src/main/java/org/apache/openjpa/event/BrokerFactoryListener.java,11,4,395,11,3,215,40,19.545455,35,40,3.181818,5493,1544,499.363636,192.142857,148.051356,2,0,1,NO
OPENJPA,openjpa-kernel/src/main/java/org/apache/openjpa/event/ClearListener.java,11,5,252,8,2,145,35,18.125000,38,35,4.750000,4100,1263,512.500000,192.142857,181.770975,1,0,0,NO
OPENJPA,openjpa-kernel/src/main/java/org/apache/openjpa/event/DeleteListener.java,11,5,252,8,2,145,35,18.125000,38,35,4.750000,4100,1263,512.500000,192.142857,181.770975,1,0,0,NO
OPENJPA,openjpa-kernel/src/main/java/org/apache/openjpa/event/DetachListener.java,11,5,249,7,2,143,40,20.428571,37,40,5.285714,3805,1263,543.571429,192.142857,181.860011,2,0,0,NO
OPENJPA,openjpa-kernel/src/main/java/org/apache/openjpa/event/DirtyListener.java,11,7,344,7,2,196,60,28.000000,48,60,6.857143,3805,1263,543.571429,192.142857,183.041113,2,0,0,NO
OPENJPA,openjpa-kernel/src/main/java/org/apache/openjpa/event/EndTransactionListener.java,11,9,249,5,2,161,70,32.200000,73,67,14.600000,3332,1263,666.400000,183.857143,180.043029,1,0,0,NO
OPENJPA,openjpa-kernel/src/main/java/org/apache/openjpa/event/ExceptionOrphanedKeyAction.java,11,14,304,8,2,173,53,21.625000,42,53,5.250000,4027,1263,503.375000,192.142857,182.637218,2,0,0,NO
OPENJPA,openjpa-kernel/src/main/java/org/apache/openjpa/event/FlushTransactionListener.java,11,5,315,8,2,179,55,22.375000,43,55,5.375000,4027,1263,503.375000,192.142857,182.755556,2,0,0,NO
OPENJPA,openjpa-kernel/src/main/java/org/apache/openjpa/event/LifecycleListener.java,11,5,197,7,2,114,32,16.285714,31,32,4.428571,3805,1263,543.571429,192.142857,180.841189,2,0,0,NO
OPENJPA,openjpa-kernel/src/main/java/org/apache/openjpa/event/LoadListener.java,11,5,252,8,2,145,35,18.125000,38,35,4.750000,4100,1263,512.500000,192.142857,181.770975,1,0,0,NO
OPENJPA,openjpa-kernel/src/main/java/org/apache/openjpa/event/NoneOrphanedKeyAction.java,11,10,245,9,2,141,35,15.666667,37,35,4.111111,4322,1263,480.222222,192.142857,181.631487,1,0,0,NO
OPENJPA,openjpa-kernel/src/main/java/org/apache/openjpa/event/OrphanedKeyAction.java,11,6,149,5,2,96,40,19.200000,43,37,8.600000,3332,1263,666.400000,183.857143,177.559923,1,0,0,NO
OPENJPA,openjpa-kernel/src/main/java/org/apache/openjpa/event/PersistListener.java,11,5,247,7,2,142,40,20.285714,37,40,5.285714,3805,1263,543.571429,192.142857,181.846154,2,0,0,NO
OPENJPA,openjpa-kernel/src/main/java/org/apache/openjpa/event/PostDeleteListener.java,11,4,409,12,3,221,40,18.416667,33,40,2.750000,5505,1544,458.750000,192.142857,147.044359,2,0,2,NO
OPENJPA,openjpa-kernel/src/main/java/org/apache/openjpa/event/PostPersistListener.java,11,4,385,9,3,209,40,23.222222,33,40,3.666667,5361,1544,595.666667,192.142857,143.533952,2,0,2,NO
OPENJPA,openjpa-kernel/src/main/java/org/apache/openjpa/event/RemoteCommitListener.java,11,7,241,6,3,151,65,25.166667,61,52,10.166667,3507,1263,584.500000,183.857143,178.126852,1,0,0,NO
OPENJPA,openjpa-kernel/src/main/java/org/apache/openjpa/event/RemoteCommitProvider.java,11,8,224,6,2,143,63,23.833333,62,55,10.333333,3346,1263,557.666667,183.857143,179.619260,1,0,0,NO
OPENJPA,openjpa-kernel/src/main/java/org/apache/openjpa/event/SingleJVMRemoteCommitProvider.java,11,24,511,8,4,288,66,36.000000,65,61,8.125000,5041,1544,630.125000,183.857143,123.614202,1,0,1,NO
OPENJPA,openjpa-kernel/src/main/java/org/apache/openjpa/event/StoreListener.java,11,5,228,7,2,133,35,19.000000,38,35,5.428571,3805,1263,543.571429,192.142857,181.382832,2,0,0,NO
OPENJPA,openjpa-kernel/src/main/java/org/apache/openjpa/event/TransactionListener.java,11,5,194,9,2,113,30,12.555556,32,30,3.555556,4028,1263,447.555556,192.142857,180.630339,2,0,0,NO
OPENJPA,openjpa-kernel/src/main/java/org/apache/openjpa/event/UpdateListener.java,11,5,434,12,3,238,42,19.833333,42,40,3.500000,5505,1544,458.750000,192.142857,142.006254,2,0,2,NO
OPENJPA,openjpa-kernel/src/main/java/org/apache/openjpa/kernel/AbstractFieldManager.java,11,66,348,4,2,230,109,57.500000,112,105,28.000000,3110,1263,777.500000,183.857143,181.149015,1,0,0,NO
OPENJPA,openjpa-kernel/src/main/java/org/apache/openjpa/kernel/AbstractLockManager.java,11,32,271,6,3,180,80,30.000000,89,75,14.833333,3146,1263,524.333333,183.857143,172.597259,1,0,0,NO
OPENJPA,openjpa-kernel/src/main/java/org/apache/openjpa/kernel/Broker.java,11,126,2239,15,6,1501,665,100.066667,763,652,50.866667,3615,1263,241.000000,183.857143,179.296051,1,0,2,NO
OPENJPA,openjpa-kernel/src/main/java/org/apache/openjpa/kernel/BrokerFactory.java,11,25,386,10,5,258,101,25.800000,130,97,13.000000,3443,1263,344.300000,183.857143,167.236121,1,0,0,NO
OPENJPA,openjpa-kernel/src/main/java/org/apache/openjpa/kernel/DataCacheRetrieveMode.java,11,5,223,9,4,128,31,14.222222,33,30,3.666667,3867,1263,429.666667,192.142857,166.980782,2,0,0,NO
OPENJPA,openjpa-kernel/src/main/java/org/apache/openjpa/kernel/DataCacheStoreMode.java,11,6,300,10,3,171,40,17.100000,42,35,4.200000,4343,1263,434.300000,192.142857,168.427619,1,0,0,NO
OPENJPA,openjpa-kernel/src/main/java/org/apache/openjpa/kernel/Extent.java,11,17,295,4,2,193,90,48.250000,91,85,22.750000,3110,1263,777.500000,183.857143,180.675545,1,0,0,NO
OPENJPA,openjpa-kernel/src/main/java/org/apache/openjpa/kernel/FindCallbacks.java,11,5,317,8,2,180,55,22.500000,43,55,5.375000,3825,1263,478.125000,192.142857,182.802163,2,0,0,NO
OPENJPA,openjpa-kernel/src/main/java/org/apache/openjpa/kernel/FinderCache.java,11,16,446,5,2,295,144,59.000000,144,144,28.800000,1858,1544,371.600000,47.857143,44.596413,0,0,1,NO
OPENJPA,openjpa-kernel/src/main/java/org/apache/openjpa/kernel/FinderQuery.java,11,8,195,2,2,130,65,65.000000,65,65,32.500000,1560,1544,780.000000,47.857143,44.714286,0,0,1,NO
OPENJPA,openjpa-kernel/src/main/java/org/apache/openjpa/kernel/LockManager.java,11,18,378,6,3,248,108,41.333333,118,103,19.666667,3159,1263,526.500000,183.857143,178.768330,1,0,0,NO
OPENJPA,openjpa-kernel/src/main/java/org/apache/openjpa/kernel/MixedLockLevels.java,11,9,322,12,3,189,40,15.750000,56,35,4.666667,4351,1263,362.583333,192.142857,162.039929,1,0,0,NO
OPENJPA,openjpa-kernel/src/main/java/org/apache/openjpa/kernel/NoneLockManager.java,11,18,300,8,3,174,53,21.750000,48,53,6.000000,3834,1263,479.250000,192.142857,179.420952,2,0,0,NO
OPENJPA,openjpa-kernel/src/main/java/org/apache/openjpa/kernel/ObjectFactory.java,11,4,333,12,4,183,31,15.250000,33,30,2.750000,5825,1544,485.416667,192.142857,134.276705,1,0,1,NO
OPENJPA,openjpa-kernel/src/main/java/org/apache/openjpa/kernel/OpCallbacks.java,11,18,189,5,2,122,52,24.400000,55,48,11.000000,3130,1263,626.000000,183.857143,178.935752,1,0,0,NO
OPENJPA,openjpa-kernel/src/main/java/org/apache/openjpa/kernel/PCData.java,11,21,378,7,4,245,108,35.000000,112,102,16.000000,3269,1263,467.000000,183.857143,178.967498,1,0,0,NO
OPENJPA,openjpa-kernel/src/main/java/org/apache/openjpa/kernel/PreparedQuery.java,11,13,342,7,2,227,110,32.428571,112,98,16.000000,1810,1544,258.571429,50.428571,45.196324,0,0,1,NO
OPENJPA,openjpa-kernel/src/main/java/org/apache/openjpa/kernel/Query.java,11,35,629,6,3,411,194,68.500000,193,187,32.166667,3344,1263,557.333333,183.857143,178.864184,1,0,0,NO
OPENJPA,openjpa-kernel/src/main/java/org/apache/openjpa/kernel/SavepointManager.java,11,5,253,9,2,146,36,16.222222,39,35,4.333333,4322,1263,480.222222,192.142857,181.699040,1,0,0,NO
OPENJPA,openjpa-kernel/src/main/java/org/apache/openjpa/kernel/Seq.java,11,15,243,4,2,158,70,39.500000,73,66,18.250000,3110,1263,777.500000,183.857143,180.010582,1,0,0,NO
OPENJPA,openjpa-kernel/src/main/java/org/apache/openjpa/kernel/StoreContext.java,11,75,1637,15,5,1048,437,69.866667,459,430,30.600000,3723,1263,248.200000,183.857143,164.996509,1,0,0,NO
OPENJPA,openjpa-kernel/src/main/java/org/apache/openjpa/kernel/StoreManager.java,11,55,1532,13,4,979,427,75.307692,426,416,32.769231,3722,1263,286.307692,183.857143,182.033476,1,0,0,NO
OPENJPA,openjpa-kernel/src/main/java/org/apache/openjpa/kernel/exps/AbstractExpressionVisitor.java,11,12,62,3,2,52,24,17.333333,42,24,14.000000,1494,1263,498.000000,178.285714,162.735023,0,0,0,NO
OPENJPA,openjpa-kernel/src/main/java/org/apache/openjpa/kernel/exps/Add.java,11,11,237,7,2,139,38,19.857143,41,35,5.857143,3805,1263,543.571429,192.142857,181.471368,2,0,0,NO
OPENJPA,openjpa-kernel/src/main/java/org/apache/openjpa/kernel/exps/AggregateListener.java,11,12,244,5,2,158,69,31.600000,72,65,14.400000,3130,1263,626.000000,183.857143,180.020492,1,0,0,NO
OPENJPA,openjpa-kernel/src/main/java/org/apache/openjpa/kernel/exps/All.java,11,27,183,4,2,121,56,30.250000,59,49,14.750000,3110,1263,777.500000,183.857143,178.792350,1,0,0,NO
OPENJPA,openjpa-kernel/src/main/java/org/apache/openjpa/kernel/exps/Any.java,11,27,180,4,2,119,55,29.750000,58,48,14.500000,3110,1263,777.500000,183.857143,178.709524,1,0,0,NO
OPENJPA,openjpa-kernel/src/main/java/org/apache/openjpa/kernel/exps/Arguments.java,11,5,197,7,2,115,30,16.428571,33,30,4.714286,3805,1263,543.571429,192.142857,180.737491,2,0,0,NO
OPENJPA,openjpa-kernel/src/main/java/org/apache/openjpa/kernel/exps/Avg.java,11,31,203,4,2,134,62,33.500000,65,56,16.250000,3110,1263,777.500000,183.857143,179.282196,1,0,0,NO
OPENJPA,openjpa-kernel/src/main/java/org/apache/openjpa/kernel/exps/Constant.java,11,4,205,8,3,119,31,14.875000,33,30,4.125000,3831,1263,478.875000,192.142857,180.683624,2,0,0,NO
OPENJPA,openjpa-kernel/src/main/java/org/apache/openjpa/kernel/exps/Count.java,11,20,392,8,2,222,55,27.750000,52,55,6.500000,4100,1263,512.500000,192.142857,183.217566,1,0,0,NO
OPENJPA,openjpa-kernel/src/main/java/org/apache/openjpa/kernel/exps/Divide.java,11,11,240,7,2,141,39,20.142857,42,35,6.000000,3805,1263,543.571429,192.142857,181.500000,2,0,0,NO
OPENJPA,openjpa-kernel/src/main/java/org/apache/openjpa/kernel/exps/EndsWithExpression.java,11,12,275,7,2,158,45,22.571429,41,45,5.857143,3805,1263,543.571429,192.142857,182.240000,2,0,0,NO
OPENJPA,openjpa-kernel/src/main/java/org/apache/openjpa/kernel/exps/EqualExpression.java,11,11,239,7,2,140,39,20.000000,41,35,5.857143,3805,1263,543.571429,192.142857,181.489540,2,0,0,NO
OPENJPA,openjpa-kernel/src/main/java/org/apache/openjpa/kernel/exps/Expression.java,11,6,208,10,3,122,30,12.200000,36,30,3.600000,4217,1263,421.700000,192.142857,179.414148,1,0,0,NO
OPENJPA,openjpa-kernel/src/main/java/org/apache/openjpa/kernel/exps/ExpressionParser.java,11,14,204,4,2,134,61,33.500000,64,57,16.000000,3110,1263,777.500000,183.857143,179.304622,1,0,0,NO
OPENJPA,openjpa-kernel/src/main/java/org/apache/openjpa/kernel/exps/ExpressionVisitor.java,11,7,69,3,2,59,31,19.666667,49,31,16.333333,1494,1263,498.000000,178.285714,164.312629,0,0,0,NO
OPENJPA,openjpa-kernel/src/main/java/org/apache/openjpa/kernel/exps/FilterListener.java,11,12,317,5,2,203,89,40.600000,89,82,17.800000,3130,1263,626.000000,183.857143,180.870212,1,0,0,NO
OPENJPA,openjpa-kernel/src/main/java/org/apache/openjpa/kernel/exps/GreaterThanEqualExpression.java,11,12,280,7,2,161,45,23.000000,42,45,6.000000,3805,1263,543.571429,192.142857,182.266327,2,0,0,NO
OPENJPA,openjpa-kernel/src/main/java/org/apache/openjpa/kernel/exps/GreaterThanExpression.java,11,12,280,7,2,161,45,23.000000,42,45,6.000000,3805,1263,543.571429,192.142857,182.266327,2,0,0,NO
OPENJPA,openjpa-kernel/src/main/java/org/apache/openjpa/kernel/exps/Index.java,11,15,325,8,3,186,53,23.250000,47,53,5.875000,3824,1263,478.000000,192.142857,173.921758,2,0,0,NO
OPENJPA,openjpa-kernel/src/main/java/org/apache/openjpa/kernel/exps/LessThanEqualExpression.java,11,12,280,7,2,161,45,23.000000,42,45,6.000000,3805,1263,543.571429,192.142857,182.266327,2,0,0,NO
OPENJPA,openjpa-kernel/src/main/java/org/apache/openjpa/kernel/exps/LessThanExpression.java,11,12,280,7,2,161,45,23.000000,42,45,6.000000,3805,1263,543.571429,192.142857,182.266327,2,0,0,NO
OPENJPA,openjpa-kernel/src/main/java/org/apache/openjpa/kernel/exps/Literal.java,11,18,359,12,5,208,60,17.333333,57,60,4.750000,3866,1263,322.166667,192.142857,180.454835,2,0,0,NO
OPENJPA,openjpa-kernel/src/main/java/org/apache/openjpa/kernel/exps/Max.java,11,22,171,4,2,112,50,28.000000,53,46,13.250000,3110,1263,777.500000,183.857143,178.444444,1,0,0,NO
OPENJPA,openjpa-kernel/src/main/java/org/apache/openjpa/kernel/exps/Min.java,11,22,171,4,2,112,50,28.000000,53,46,13.250000,3110,1263,777.500000,183.857143,178.444444,1,0,0,NO
OPENJPA,openjpa-kernel/src/main/java/org/apache/openjpa/kernel/exps/Mod.java,11,11,240,7,2,141,39,20.142857,42,35,6.000000,3805,1263,543.571429,192.142857,181.500000,2,0,0,NO
OPENJPA,openjpa-kernel/src/main/java/org/apache/openjpa/kernel/exps/Multiply.java,11,11,278,7,2,160,45,22.857143,42,45,6.000000,3805,1263,543.571429,192.142857,182.256423,2,0,0,NO
OPENJPA,openjpa-kernel/src/main/java/org/apache/openjpa/kernel/exps/NotEqualExpression.java,11,11,239,7,2,140,39,20.000000,41,35,5.857143,3805,1263,543.571429,192.142857,181.489540,2,0,0,NO
OPENJPA,openjpa-kernel/src/main/java/org/apache/openjpa/kernel/exps/Parameter.java,11,6,221,9,4,130,36,14.444444,39,30,4.333333,3892,1263,432.444444,192.142857,178.588882,2,0,0,NO
OPENJPA,openjpa-kernel/src/main/java/org/apache/openjpa/kernel/exps/Path.java,11,15,417,13,5,250,55,19.230769,83,55,6.384615,4267,1263,328.230769,192.142857,173.306269,1,0,1,NO
OPENJPA,openjpa-kernel/src/main/java/org/apache/openjpa/kernel/exps/Resolver.java,11,10,190,5,2,126,51,25.200000,62,48,12.400000,3120,1263,624.000000,183.857143,175.593985,1,0,0,NO
OPENJPA,openjpa-kernel/src/main/java/org/apache/openjpa/kernel/exps/Size.java,11,20,157,4,2,103,46,25.750000,49,42,12.250000,3110,1263,777.500000,183.857143,177.972702,1,0,0,NO
OPENJPA,openjpa-kernel/src/main/java/org/apache/openjpa/kernel/exps/StartsWithExpression.java,11,12,275,7,2,158,45,22.571429,41,45,5.857143,3805,1263,543.571429,192.142857,182.240000,2,0,0,NO
OPENJPA,openjpa-kernel/src/main/java/org/apache/openjpa/kernel/exps/Subquery.java,11,9,273,12,4,162,37,13.500000,51,35,4.250000,4389,1263,365.750000,192.142857,174.734694,1,0,1,NO
OPENJPA,openjpa-kernel/src/main/java/org/apache/openjpa/kernel/exps/Subtract.java,11,11,278,7,2,160,45,22.857143,42,45,6.000000,3805,1263,543.571429,192.142857,182.256423,2,0,0,NO
OPENJPA,openjpa-kernel/src/main/java/org/apache/openjpa/kernel/exps/Sum.java,11,32,201,4,2,133,62,33.250000,65,55,16.250000,3110,1263,777.500000,183.857143,179.237385,1,0,0,NO
OPENJPA,openjpa-kernel/src/main/java/org/apache/openjpa/kernel/exps/Value.java,11,19,231,11,6,163,55,14.818182,95,52,8.636364,3339,1263,303.545455,183.857143,166.301793,1,0,1,NO
OPENJPA,openjpa-kernel/src/main/java/org/apache/openjpa/kernel/jpql/SimpleNode.java,11,7,220,9,2,127,31,14.111111,34,30,3.777778,4101,1263,455.666667,192.142857,181.223377,1,0,0,NO
OPENJPA,openjpa-kernel/src/main/java/org/apache/openjpa/meta/MetaDataContext.java,11,4,196,7,2,114,30,16.285714,32,30,4.571429,3805,1263,543.571429,192.142857,180.722303,2,0,0,NO
OPENJPA,openjpa-kernel/src/main/java/org/apache/openjpa/meta/MetaDataDefaults.java,11,22,344,17,6,237,64,13.941176,130,60,7.647059,3300,1263,194.117647,183.857143,153.446013,1,0,3,NO
OPENJPA,openjpa-kernel/src/main/java/org/apache/openjpa/meta/MetaDataFactory.java,11,35,518,9,6,353,138,39.222222,188,134,20.888889,3191,1263,354.555556,183.857143,166.704909,1,0,0,YES
OPENJPA,openjpa-kernel/src/main/java/org/apache/openjpa/meta/Order.java,11,10,338,8,2,195,55,24.375000,52,55,6.500000,3844,1263,480.500000,192.142857,182.653846,2,0,0,NO
OPENJPA,openjpa-kernel/src/main/java/org/apache/openjpa/meta/ValueMetaData.java,11,50,1027,11,5,678,300,61.636364,329,296,29.909091,3489,1263,317.181818,183.857143,176.812770,1,0,0,NO
OPENJPA,openjpa-kernel/src/main/java/org/apache/openjpa/util/ChangeTracker.java,11,12,305,4,2,197,86,49.250000,89,83,22.250000,3110,1263,777.500000,183.857143,180.765808,1,0,0,NO
OPENJPA,openjpa-kernel/src/main/java/org/apache/openjpa/util/ClassResolver.java,11,5,158,6,3,101,43,16.833333,44,39,7.333333,3343,1263,557.166667,183.857143,174.726040,1,0,0,NO
OPENJPA,openjpa-kernel/src/main/java/org/apache/openjpa/util/ClassResolverImpl.java,11,30,227,10,5,147,59,14.700000,67,53,6.700000,3625,1263,362.500000,183.857143,168.125236,1,0,1,NO
OPENJPA,openjpa-kernel/src/main/java/org/apache/openjpa/util/CollectionChangeTracker.java,11,6,303,7,2,172,55,24.571429,41,55,5.857143,3805,1263,543.571429,192.142857,182.763319,2,0,0,NO
OPENJPA,openjpa-kernel/src/main/java/org/apache/openjpa/util/ExceptionInfo.java,11,18,276,8,3,181,80,22.625000,86,77,10.750000,3348,1263,418.500000,183.857143,178.511905,1,0,0,NO
OPENJPA,openjpa-kernel/src/main/java/org/apache/openjpa/util/GeneralException.java,11,25,325,9,2,191,53,21.222222,57,53,6.333333,3935,1263,437.222222,192.142857,181.774945,2,0,0,NO
OPENJPA,openjpa-kernel/src/main/java/org/apache/openjpa/util/InternalException.java,11,31,342,9,2,203,53,22.555556,64,53,7.111111,4116,1263,457.333333,192.142857,182.617794,2,0,0,NO
OPENJPA,openjpa-kernel/src/main/java/org/apache/openjpa/util/LRSProxy.java,11,4,198,9,2,114,30,12.666667,30,30,3.333333,4322,1263,480.222222,192.142857,180.782107,1,0,0,NO
OPENJPA,openjpa-kernel/src/main/java/org/apache/openjpa/util/MapChangeTracker.java,11,9,214,5,2,138,59,27.600000,62,55,12.400000,3160,1263,632.000000,183.857143,179.498665,1,0,0,NO
OPENJPA,openjpa-kernel/src/main/java/org/apache/openjpa/util/Proxy.java,11,9,211,5,3,136,59,27.200000,61,55,12.200000,3151,1263,630.200000,183.857143,179.240352,1,0,0,NO
OPENJPA,openjpa-kernel/src/main/java/org/apache/openjpa/util/ProxyBean.java,11,5,213,8,3,124,31,15.500000,35,30,4.375000,3846,1263,480.750000,192.142857,179.861167,2,0,0,NO
OPENJPA,openjpa-kernel/src/main/java/org/apache/openjpa/util/ProxyCalendar.java,11,5,234,9,3,134,35,14.888889,34,35,3.777778,3851,1263,427.888889,192.142857,180.235653,2,0,0,NO
OPENJPA,openjpa-kernel/src/main/java/org/apache/openjpa/util/ProxyCollection.java,11,9,170,6,4,106,41,17.666667,42,36,7.000000,3164,1263,527.333333,183.857143,173.643697,1,0,1,NO
OPENJPA,openjpa-kernel/src/main/java/org/apache/openjpa/util/ProxyDate.java,11,5,204,8,3,119,31,14.875000,34,30,4.250000,3846,1263,480.750000,192.142857,180.630252,2,0,0,NO
OPENJPA,openjpa-kernel/src/main/java/org/apache/openjpa/util/ProxyManager.java,11,22,466,7,4,291,119,41.571429,116,116,16.571429,3386,1263,483.714286,183.857143,176.939914,1,0,1,NO
OPENJPA,openjpa-kernel/src/main/java/org/apache/openjpa/util/ProxyMap.java,11,10,169,6,4,108,40,18.000000,47,36,7.833333,3164,1263,527.333333,183.857143,173.459003,1,0,1,NO
OPENJPA,openjpa-kernel/src/main/java/org/apache/openjpa/util/RuntimeExceptionTranslator.java,11,6,220,7,2,128,35,18.285714,36,35,5.142857,3805,1263,543.571429,192.142857,181.296104,2,0,0,NO
OPENJPA,openjpa-kernel/src/main/java/org/apache/openjpa/util/StoreException.java,11,29,376,13,5,219,53,16.846154,62,53,4.769231,4159,1263,319.923077,192.142857,172.799772,2,0,1,NO
OPENJPA,openjpa-kernel/src/main/java/org/apache/openjpa/util/UnsupportedException.java,11,23,336,9,2,195,53,21.666667,54,53,6.000000,4116,1263,457.333333,192.142857,182.644983,2,0,0,NO
OPENJPA,openjpa-kernel/src/main/java/org/apache/openjpa/util/UserException.java,11,31,343,10,2,204,53,20.400000,65,53,6.500000,4122,1263,412.200000,192.142857,182.418992,2,0,1,NO
OPENJPA,openjpa-kernel/src/main/java/org/apache/openjpa/util/WrappedException.java,11,24,387,12,5,222,53,18.500000,57,53,4.750000,4132,1263,344.333333,192.142857,158.450351,2,0,0,NO
OPENJPA,openjpa-kernel/src/main/java/org/apache/openjpa/validation/ValidationUnavailableException.java,11,20,396,15,7,220,31,14.666667,44,30,2.933333,6243,1544,416.200000,192.142857,119.377345,1,0,2,NO
OPENJPA,openjpa-kernel/src/main/java/org/apache/openjpa/validation/Validator.java,11,9,89,2,2,82,78,41.000000,75,78,37.500000,10,9,5.000000,35.000000,34.311396,0,0,0,NO
OPENJPA,openjpa-kernel/src/main/java/org/apache/openjpa/writebehind/AbstractWriteBehindCache.java,11,8,242,9,5,135,36,15.000000,28,19,3.111111,3580,1544,397.777778,175.285714,107.711334,0,0,1,NO
OPENJPA,openjpa-kernel/src/main/java/org/apache/openjpa/writebehind/AbstractWriteBehindCallback.java,11,4,75,4,2,49,23,12.250000,23,18,5.750000,1596,1544,399.000000,77.714286,52.499048,0,0,1,NO
OPENJPA,openjpa-kernel/src/main/java/org/apache/openjpa/writebehind/WriteBehindCache.java,11,17,407,12,4,258,61,21.500000,109,54,9.083333,4632,1263,386.000000,192.142857,138.130221,1,0,0,NO
OPENJPA,openjpa-kernel/src/main/java/org/apache/openjpa/writebehind/WriteBehindCacheKey.java,11,5,322,13,4,181,30,13.923077,40,30,3.076923,6390,1544,491.538462,192.142857,134.326531,1,0,1,NO
OPENJPA,openjpa-kernel/src/main/java/org/apache/openjpa/writebehind/WriteBehindCacheManager.java,11,8,272,12,4,165,30,13.750000,58,30,4.833333,4621,1263,385.083333,192.142857,149.021534,1,0,1,NO
OPENJPA,openjpa-kernel/src/main/java/org/apache/openjpa/writebehind/WriteBehindCallback.java,11,8,365,14,5,211,30,15.071429,57,30,4.071429,6405,1544,457.500000,192.142857,123.556556,1,0,2,NO
OPENJPA,openjpa-kernel/src/main/java/org/apache/openjpa/writebehind/WriteBehindConfigurationException.java,11,12,227,8,6,133,35,16.625000,39,19,4.875000,3571,1544,446.375000,175.285714,90.842668,0,0,2,NO
OPENJPA,openjpa-kernel/src/main/java/org/apache/openjpa/writebehind/WriteBehindException.java,11,9,238,11,4,134,30,12.181818,30,30,2.727273,4617,1263,419.727273,192.142857,166.701080,1,0,1,NO
OPENJPA,openjpa-lib/src/main/java/org/apache/openjpa/lib/conf/Configurable.java,11,6,105,5,2,75,42,15.000000,45,42,9.000000,3181,1263,636.200000,185.714286,176.326531,2,0,0,NO
OPENJPA,openjpa-lib/src/main/java/org/apache/openjpa/lib/conf/ConfigurationProvider.java,11,8,303,10,4,179,71,17.900000,55,71,5.500000,3499,1263,349.900000,185.714286,174.068835,2,0,0,NO
OPENJPA,openjpa-lib/src/main/java/org/apache/openjpa/lib/conf/GenericConfigurable.java,11,5,123,6,2,82,39,13.666667,41,39,6.833333,3186,1263,531.000000,185.714286,177.398374,2,0,0,NO
OPENJPA,openjpa-lib/src/main/java/org/apache/openjpa/lib/conf/ValueListener.java,11,4,102,6,2,67,31,11.166667,32,31,5.333333,3315,1263,552.500000,192.142857,178.029412,2,0,0,NO
OPENJPA,openjpa-lib/src/main/java/org/apache/openjpa/lib/encryption/EncryptionProvider.java,11,5,49,1,1,49,49,49.000000,49,49,49.000000,8,8,8.000000,24.000000,24.000000,0,0,0,NO
OPENJPA,openjpa-lib/src/main/java/org/apache/openjpa/lib/graph/GraphVisitor.java,11,6,533,9,3,290,60,32.222222,47,60,5.222222,5360,1544,595.555556,192.142857,150.111498,2,0,1,NO
OPENJPA,openjpa-lib/src/main/java/org/apache/openjpa/lib/graph/NodeInfo.java,11,8,393,11,4,214,36,19.454545,35,30,3.181818,5863,1544,533.000000,192.142857,147.640494,2,0,1,NO
OPENJPA,openjpa-lib/src/main/java/org/apache/openjpa/lib/identifier/Identifier.java,11,6,307,14,5,168,30,12.000000,29,30,2.071429,6406,1544,457.571429,192.142857,137.510935,1,0,1,NO
OPENJPA,openjpa-lib/src/main/java/org/apache/openjpa/lib/identifier/IdentifierConfiguration.java,11,15,89,1,1,89,89,89.000000,89,89,89.000000,10,10,10.000000,0.428571,0.428571,0,0,0,NO
OPENJPA,openjpa-lib/src/main/java/org/apache/openjpa/lib/identifier/IdentifierUtil.java,11,57,319,1,1,319,319,319.000000,319,319,319.000000,10,10,10.000000,0.428571,0.428571,0,0,0,NO
OPENJPA,openjpa-lib/src/main/java/org/apache/openjpa/lib/jdbc/ConnectionDecorator.java,11,6,112,6,2,74,35,12.333333,36,35,6.000000,3315,1263,552.500000,192.142857,178.892857,2,0,0,NO
OPENJPA,openjpa-lib/src/main/java/org/apache/openjpa/lib/jdbc/JDBCEvent.java,11,51,279,6,3,221,157,36.833333,163,157,27.166667,3217,1263,536.166667,185.714286,181.634409,2,0,0,NO
OPENJPA,openjpa-lib/src/main/java/org/apache/openjpa/lib/jdbc/JDBCListener.java,11,15,168,5,2,129,86,25.800000,90,86,18.000000,3181,1263,636.200000,185.714286,179.795918,2,0,0,NO
OPENJPA,openjpa-lib/src/main/java/org/apache/openjpa/lib/log/AbstractLog.java,11,74,292,7,2,216,159,30.857143,140,159,20.000000,3760,1263,537.142857,185.714286,181.928571,2,0,0,NO
OPENJPA,openjpa-lib/src/main/java/org/apache/openjpa/lib/log/LogFactory.java,11,4,98,6,2,65,30,10.833333,32,30,5.333333,3315,1263,552.500000,192.142857,177.653061,2,0,0,NO
OPENJPA,openjpa-lib/src/main/java/org/apache/openjpa/lib/meta/MetaDataFilter.java,11,9,180,6,2,116,55,19.333333,52,55,8.666667,3315,1263,552.500000,192.142857,182.166667,2,0,0,NO
OPENJPA,openjpa-lib/src/main/java/org/apache/openjpa/lib/meta/MetaDataIterator.java,11,12,138,5,2,99,57,19.800000,60,57,12.000000,3181,1263,636.200000,185.714286,178.454451,2,0,0,NO
OPENJPA,openjpa-lib/src/main/java/org/apache/openjpa/lib/meta/MetaDataParser.java,11,17,197,7,3,142,84,20.285714,87,84,12.428571,3707,1263,529.571429,185.714286,179.257433,2,0,0,NO
OPENJPA,openjpa-lib/src/main/java/org/apache/openjpa/lib/meta/MetaDataSerializer.java,11,15,250,8,3,162,76,20.250000,74,76,9.250000,3757,1263,469.625000,185.714286,179.268571,2,0,0,NO
OPENJPA,openjpa-lib/src/main/java/org/apache/openjpa/lib/meta/SourceTracker.java,11,13,133,6,3,100,54,16.666667,67,54,11.166667,3196,1263,532.666667,185.714286,167.918367,2,0,0,NO
OPENJPA,openjpa-lib/src/main/java/org/apache/openjpa/lib/rop/AbstractSequentialResultList.java,11,72,234,5,2,175,130,35.000000,116,130,23.200000,3181,1263,636.200000,185.714286,181.391331,2,0,0,NO
OPENJPA,openjpa-lib/src/main/java/org/apache/openjpa/lib/rop/ResultList.java,11,11,185,8,4,126,62,15.750000,67,62,8.375000,3283,1263,410.375000,185.714286,170.051737,2,0,0,NO
OPENJPA,openjpa-lib/src/main/java/org/apache/openjpa/lib/util/BytecodeWriter.java,11,6,107,6,2,70,32,11.666667,33,32,5.500000,3315,1263,552.500000,192.142857,178.361816,2,0,0,NO
OPENJPA,openjpa-lib/src/main/java/org/apache/openjpa/lib/util/Bytes.java,11,79,529,4,4,348,167,87.000000,167,164,41.750000,2811,1544,702.750000,166.714286,87.633810,0,0,1,NO
OPENJPA,openjpa-lib/src/main/java/org/apache/openjpa/lib/util/EventManager.java,11,10,121,5,2,90,56,18.000000,59,56,11.800000,3181,1263,636.200000,185.714286,177.537190,2,0,0,NO
OPENJPA,openjpa-lib/src/main/java/org/apache/openjpa/lib/util/ParseException.java,11,21,172,8,2,113,53,14.125000,54,53,6.750000,3626,1263,453.250000,192.142857,181.555648,2,0,0,NO
OPENJPA,openjpa-lib/src/main/java/org/apache/openjpa/lib/util/ReferenceMap.java,11,10,123,5,2,88,50,17.600000,53,50,10.600000,3181,1263,636.200000,185.714286,177.600465,2,0,0,NO
OPENJPA,openjpa-lib/src/main/java/org/apache/openjpa/lib/util/Reflectable.java,11,12,93,3,3,68,25,22.666667,43,25,14.333333,1627,1544,542.333333,48.714286,42.622120,0,0,1,NO
OPENJPA,openjpa-lib/src/main/java/org/apache/openjpa/lib/util/ResourceBundleProvider.java,11,7,121,6,2,80,37,13.333333,39,37,6.500000,3315,1263,552.500000,192.142857,179.499410,2,0,0,NO
OPENJPA,openjpa-lib/src/main/java/org/apache/openjpa/lib/util/SizedMap.java,11,8,180,6,2,115,60,19.166667,50,60,8.333333,3315,1263,552.500000,192.142857,182.361905,2,0,0,NO
OPENJPA,openjpa-lib/src/main/java/org/apache/openjpa/lib/util/concurrent/ConcurrentMap.java,11,7,172,6,2,108,55,18.000000,44,55,7.333333,3315,1263,552.500000,192.142857,181.985050,2,0,0,NO
OPENJPA,openjpa-lib/src/main/java/org/apache/openjpa/lib/xml/Commentable.java,11,6,132,7,2,86,40,12.285714,40,40,5.714286,3537,1263,505.285714,192.142857,180.041126,2,0,0,NO
OPENJPA,openjpa-lib/src/main/java/org/apache/openjpa/lib/xml/ValidatingErrorHandler.java,11,15,164,6,2,105,53,17.500000,46,53,7.666667,3315,1263,552.500000,192.142857,181.743031,2,0,0,NO
OPENJPA,openjpa-persistence-jdbc/src/main/java/org/apache/openjpa/persistence/jdbc/ClassCriteria.java,11,11,298,10,2,169,53,16.900000,40,53,4.000000,4633,1263,463.300000,192.142857,182.387824,2,0,0,NO
OPENJPA,openjpa-persistence-jdbc/src/main/java/org/apache/openjpa/persistence/jdbc/Columns.java,11,12,300,10,2,170,53,17.000000,40,53,4.000000,4633,1263,463.300000,192.142857,182.390000,2,0,0,NO
OPENJPA,openjpa-persistence-jdbc/src/main/java/org/apache/openjpa/persistence/jdbc/ContainerTable.java,11,17,181,7,2,116,45,16.571429,51,42,7.285714,3938,1263,562.571429,183.857143,178.216259,1,0,0,NO
OPENJPA,openjpa-persistence-jdbc/src/main/java/org/apache/openjpa/persistence/jdbc/DataStoreIdColumn.java,11,14,316,10,2,181,53,18.100000,46,53,4.600000,4633,1263,463.300000,192.142857,182.436257,2,0,0,NO
OPENJPA,openjpa-persistence-jdbc/src/main/java/org/apache/openjpa/persistence/jdbc/DiscriminatorStrategy.java,11,10,256,11,2,147,35,13.363636,38,35,3.454545,4928,1263,448.000000,192.142857,181.464844,1,0,0,NO
OPENJPA,openjpa-persistence-jdbc/src/main/java/org/apache/openjpa/persistence/jdbc/EagerFetchMode.java,11,11,301,11,2,170,53,15.454545,39,53,3.545455,4649,1263,422.636364,192.142857,182.013289,2,0,0,NO
OPENJPA,openjpa-persistence-jdbc/src/main/java/org/apache/openjpa/persistence/jdbc/ElementClassCriteria.java,11,11,298,10,2,169,53,16.900000,40,53,4.000000,4633,1263,463.300000,192.142857,182.387824,2,0,0,NO
OPENJPA,openjpa-persistence-jdbc/src/main/java/org/apache/openjpa/persistence/jdbc/ElementColumn.java,11,19,402,9,3,228,54,25.333333,54,42,6.000000,5525,1544,613.888889,183.857143,124.754442,1,0,1,NO
OPENJPA,openjpa-persistence-jdbc/src/main/java/org/apache/openjpa/persistence/jdbc/ElementColumns.java,11,11,457,13,3,248,53,19.076923,39,53,3.000000,6236,1544,479.692308,192.142857,146.824633,2,0,1,NO
OPENJPA,openjpa-persistence-jdbc/src/main/java/org/apache/openjpa/persistence/jdbc/ElementEmbeddedMapping.java,11,15,496,12,3,271,53,22.583333,46,53,3.833333,6220,1544,518.333333,192.142857,144.026786,2,0,1,NO
OPENJPA,openjpa-persistence-jdbc/src/main/java/org/apache/openjpa/persistence/jdbc/ElementForeignKey.java,11,15,177,7,2,112,45,16.000000,47,42,6.714286,3938,1263,562.571429,183.857143,178.114609,1,0,0,NO
OPENJPA,openjpa-persistence-jdbc/src/main/java/org/apache/openjpa/persistence/jdbc/ElementIndex.java,11,13,309,10,2,176,53,17.600000,43,53,4.300000,4633,1263,463.300000,192.142857,182.415164,2,0,0,NO
OPENJPA,openjpa-persistence-jdbc/src/main/java/org/apache/openjpa/persistence/jdbc/ElementJoinColumn.java,11,18,183,7,2,118,45,16.857143,53,42,7.571429,3938,1263,562.571429,183.857143,178.265418,1,0,0,NO
OPENJPA,openjpa-persistence-jdbc/src/main/java/org/apache/openjpa/persistence/jdbc/ElementJoinColumns.java,11,11,300,10,2,170,53,17.000000,40,53,4.000000,4633,1263,463.300000,192.142857,182.390000,2,0,0,NO
OPENJPA,openjpa-persistence-jdbc/src/main/java/org/apache/openjpa/persistence/jdbc/ElementNonpolymorphic.java,11,11,300,10,2,170,53,17.000000,40,53,4.000000,4633,1263,463.300000,192.142857,182.390000,2,0,0,NO
OPENJPA,openjpa-persistence-jdbc/src/main/java/org/apache/openjpa/persistence/jdbc/ElementStrategy.java,11,11,454,13,3,246,53,18.923077,38,53,2.923077,6236,1544,479.692308,192.142857,147.352108,2,0,1,NO
OPENJPA,openjpa-persistence-jdbc/src/main/java/org/apache/openjpa/persistence/jdbc/EmbeddedMapping.java,11,15,312,10,2,179,53,17.900000,46,53,4.600000,4633,1263,463.300000,192.142857,182.418040,2,0,0,NO
OPENJPA,openjpa-persistence-jdbc/src/main/java/org/apache/openjpa/persistence/jdbc/FetchDirection.java,11,26,403,12,3,231,53,19.250000,59,53,4.916667,4757,1263,396.416667,192.142857,170.626374,2,0,0,NO
OPENJPA,openjpa-persistence-jdbc/src/main/java/org/apache/openjpa/persistence/jdbc/ForeignKey.java,11,17,324,11,3,188,53,17.090909,52,53,4.727273,4648,1263,422.545455,192.142857,181.775573,2,0,1,NO
OPENJPA,openjpa-persistence-jdbc/src/main/java/org/apache/openjpa/persistence/jdbc/ForeignKeyAction.java,11,7,219,12,2,126,30,10.500000,33,30,2.750000,4944,1263,412.000000,192.142857,179.163079,1,0,0,NO
OPENJPA,openjpa-persistence-jdbc/src/main/java/org/apache/openjpa/persistence/jdbc/Index.java,11,15,313,10,2,180,53,18.000000,47,53,4.700000,4633,1263,463.300000,192.142857,182.418987,2,0,0,NO
OPENJPA,openjpa-persistence-jdbc/src/main/java/org/apache/openjpa/persistence/jdbc/JoinSyntax.java,11,26,67,3,2,63,59,21.000000,59,59,19.666667,265,130,88.333333,126.000000,123.228145,0,0,0,NO
OPENJPA,openjpa-persistence-jdbc/src/main/java/org/apache/openjpa/persistence/jdbc/KeyClassCriteria.java,11,11,455,12,3,247,53,20.583333,39,53,3.250000,6220,1544,518.333333,192.142857,146.767347,2,0,1,NO
OPENJPA,openjpa-persistence-jdbc/src/main/java/org/apache/openjpa/persistence/jdbc/KeyColumn.java,11,19,402,9,3,228,54,25.333333,54,42,6.000000,5525,1544,613.888889,183.857143,124.754442,1,0,1,NO
OPENJPA,openjpa-persistence-jdbc/src/main/java/org/apache/openjpa/persistence/jdbc/KeyColumns.java,11,11,457,13,3,248,53,19.076923,39,53,3.000000,6236,1544,479.692308,192.142857,146.824633,2,0,1,NO
OPENJPA,openjpa-persistence-jdbc/src/main/java/org/apache/openjpa/persistence/jdbc/KeyEmbeddedMapping.java,11,15,493,12,3,269,53,22.416667,45,53,3.750000,6220,1544,518.333333,192.142857,144.495509,2,0,1,NO
OPENJPA,openjpa-persistence-jdbc/src/main/java/org/apache/openjpa/persistence/jdbc/KeyForeignKey.java,11,15,362,9,3,204,46,22.666667,46,42,5.111111,5525,1544,613.888889,183.857143,127.524467,1,0,1,NO
OPENJPA,openjpa-persistence-jdbc/src/main/java/org/apache/openjpa/persistence/jdbc/KeyIndex.java,11,13,478,12,3,260,53,21.666667,42,53,3.500000,6220,1544,518.333333,192.142857,145.901674,2,0,1,NO
OPENJPA,openjpa-persistence-jdbc/src/main/java/org/apache/openjpa/persistence/jdbc/KeyJoinColumn.java,11,18,392,9,3,222,52,24.666667,52,42,5.777778,5525,1544,613.888889,183.857143,125.393950,1,0,1,NO
OPENJPA,openjpa-persistence-jdbc/src/main/java/org/apache/openjpa/persistence/jdbc/KeyJoinColumns.java,11,11,457,13,3,248,53,19.076923,39,53,3.000000,6236,1544,479.692308,192.142857,146.824633,2,0,1,NO
OPENJPA,openjpa-persistence-jdbc/src/main/java/org/apache/openjpa/persistence/jdbc/KeyNonpolymorphic.java,11,11,454,12,3,246,53,20.500000,38,53,3.166667,6220,1544,518.333333,192.142857,147.452801,2,0,1,NO
OPENJPA,openjpa-persistence-jdbc/src/main/java/org/apache/openjpa/persistence/jdbc/KeyStrategy.java,11,11,454,13,3,246,53,18.923077,38,53,2.923077,6236,1544,479.692308,192.142857,147.352108,2,0,1,NO
OPENJPA,openjpa-persistence-jdbc/src/main/java/org/apache/openjpa/persistence/jdbc/MappingOverride.java,11,15,317,10,2,182,53,18.200000,47,53,4.700000,4633,1263,463.300000,192.142857,182.437134,2,0,0,NO
OPENJPA,openjpa-persistence-jdbc/src/main/java/org/apache/openjpa/persistence/jdbc/MappingOverrides.java,11,10,210,8,2,124,36,15.500000,38,34,4.750000,4221,1263,527.625000,185.428571,179.327211,1,0,0,NO
OPENJPA,openjpa-persistence-jdbc/src/main/java/org/apache/openjpa/persistence/jdbc/MappingTag.java,11,85,139,12,5,128,86,10.666667,117,86,9.750000,2078,1263,173.166667,182.714286,156.448099,1,0,0,NO
OPENJPA,openjpa-persistence-jdbc/src/main/java/org/apache/openjpa/persistence/jdbc/Nonpolymorphic.java,11,11,299,10,2,169,53,16.900000,39,53,3.900000,4633,1263,463.300000,192.142857,182.388915,2,0,0,NO
OPENJPA,openjpa-persistence-jdbc/src/main/java/org/apache/openjpa/persistence/jdbc/NonpolymorphicType.java,11,6,220,13,3,126,30,9.692308,32,30,2.461538,5067,1263,389.769231,192.142857,177.823377,1,0,0,NO
OPENJPA,openjpa-persistence-jdbc/src/main/java/org/apache/openjpa/persistence/jdbc/OrderColumn.java,11,16,315,10,2,182,53,18.200000,49,53,4.900000,4633,1263,463.300000,192.142857,182.420862,2,0,0,NO
OPENJPA,openjpa-persistence-jdbc/src/main/java/org/apache/openjpa/persistence/jdbc/ResultSetType.java,11,47,124,4,3,104,59,26.000000,84,59,21.000000,266,130,66.500000,126.000000,95.102535,0,0,0,NO
OPENJPA,openjpa-persistence-jdbc/src/main/java/org/apache/openjpa/persistence/jdbc/Strategy.java,11,10,260,11,2,149,35,13.545455,38,35,3.454545,4928,1263,448.000000,192.142857,181.484066,1,0,0,NO
OPENJPA,openjpa-persistence-jdbc/src/main/java/org/apache/openjpa/persistence/jdbc/SubclassFetchMode.java,11,10,212,9,2,125,36,13.888889,38,34,4.222222,4237,1263,470.777778,185.428571,178.822776,1,0,0,NO
OPENJPA,openjpa-persistence-jdbc/src/main/java/org/apache/openjpa/persistence/jdbc/Unique.java,11,14,311,10,2,178,53,17.800000,45,53,4.500000,4633,1263,463.300000,192.142857,182.417088,2,0,0,NO
OPENJPA,openjpa-persistence-jdbc/src/main/java/org/apache/openjpa/persistence/jdbc/VersionColumn.java,11,18,324,11,3,189,53,17.181818,54,53,4.909091,4643,1263,422.090909,192.142857,181.762346,2,0,1,NO
OPENJPA,openjpa-persistence-jdbc/src/main/java/org/apache/openjpa/persistence/jdbc/VersionColumns.java,11,10,210,8,2,124,36,15.500000,38,34,4.750000,4221,1263,527.625000,185.428571,179.327211,1,0,0,NO
OPENJPA,openjpa-persistence-jdbc/src/main/java/org/apache/openjpa/persistence/jdbc/VersionStrategy.java,11,10,256,11,2,147,35,13.363636,38,35,3.454545,4928,1263,448.000000,192.142857,181.464844,1,0,0,NO
OPENJPA,openjpa-persistence-jdbc/src/main/java/org/apache/openjpa/persistence/jdbc/XEmbeddedMapping.java,11,15,493,12,3,269,53,22.416667,45,53,3.750000,6220,1544,518.333333,192.142857,144.495509,2,0,1,NO
OPENJPA,openjpa-persistence-jdbc/src/main/java/org/apache/openjpa/persistence/jdbc/XJoinColumn.java,11,19,185,7,2,120,45,17.142857,55,42,7.857143,3938,1263,562.571429,183.857143,178.313514,1,0,0,NO
OPENJPA,openjpa-persistence-jdbc/src/main/java/org/apache/openjpa/persistence/jdbc/XJoinColumns.java,11,11,305,10,2,172,53,17.200000,39,53,3.900000,4633,1263,463.300000,192.142857,182.411241,2,0,0,NO
OPENJPA,openjpa-persistence-jdbc/src/main/java/org/apache/openjpa/persistence/jdbc/XMappingOverride.java,11,18,520,12,3,286,53,23.833333,52,53,4.333333,6220,1544,518.333333,192.142857,141.684890,2,0,1,NO
OPENJPA,openjpa-persistence-jdbc/src/main/java/org/apache/openjpa/persistence/jdbc/XMappingOverrides.java,11,10,405,13,3,221,37,17.000000,37,35,2.846154,6515,1544,501.153846,192.142857,143.829982,1,0,1,NO
OPENJPA,openjpa-persistence-jdbc/src/main/java/org/apache/openjpa/persistence/jdbc/XSecondaryTable.java,11,17,321,10,2,186,53,18.600000,51,53,5.100000,4633,1263,463.300000,192.142857,182.440587,2,0,0,NO
OPENJPA,openjpa-persistence-jdbc/src/main/java/org/apache/openjpa/persistence/jdbc/XSecondaryTables.java,11,10,210,8,2,124,36,15.500000,38,34,4.750000,4221,1263,527.625000,185.428571,179.327211,1,0,0,NO
OPENJPA,openjpa-persistence-jdbc/src/main/java/org/apache/openjpa/persistence/jdbc/XTable.java,11,15,318,10,2,183,53,18.300000,48,53,4.800000,4633,1263,463.300000,192.142857,182.438005,2,0,0,NO
OPENJPA,openjpa-persistence/src/main/java/org/apache/openjpa/persistence/AutoClearType.java,11,23,168,2,2,112,56,56.000000,56,56,28.000000,1674,1544,837.000000,126.000000,70.761905,0,0,1,NO
OPENJPA,openjpa-persistence/src/main/java/org/apache/openjpa/persistence/ConnectionRetainMode.java,11,26,186,3,2,123,60,41.000000,60,60,20.000000,1690,1544,563.333333,126.000000,72.539171,0,0,1,NO
OPENJPA,openjpa-persistence/src/main/java/org/apache/openjpa/persistence/DataCache.java,11,12,300,9,2,171,53,19.000000,42,53,4.666667,4157,1263,461.888889,192.142857,182.421429,2,0,0,NO
OPENJPA,openjpa-persistence/src/main/java/org/apache/openjpa/persistence/DataStoreId.java,11,12,297,9,2,169,53,18.777778,41,53,4.555556,4157,1263,461.888889,192.142857,182.407888,2,0,0,NO
OPENJPA,openjpa-persistence/src/main/java/org/apache/openjpa/persistence/Dependent.java,11,11,291,9,2,165,53,18.333333,39,53,4.333333,4157,1263,461.888889,192.142857,182.379971,2,0,0,NO
OPENJPA,openjpa-persistence/src/main/java/org/apache/openjpa/persistence/DetachStateType.java,11,26,180,2,2,120,60,60.000000,60,60,30.000000,1674,1544,837.000000,126.000000,70.761905,0,0,1,NO
OPENJPA,openjpa-persistence/src/main/java/org/apache/openjpa/persistence/DetachedState.java,11,12,297,9,2,169,53,18.777778,41,53,4.555556,4157,1263,461.888889,192.142857,182.407888,2,0,0,NO
OPENJPA,openjpa-persistence/src/main/java/org/apache/openjpa/persistence/ElementDependent.java,11,11,291,9,2,165,53,18.333333,39,53,4.333333,4157,1263,461.888889,192.142857,182.379971,2,0,0,NO
OPENJPA,openjpa-persistence/src/main/java/org/apache/openjpa/persistence/ElementType.java,11,11,296,9,2,168,53,18.666667,40,53,4.444444,4157,1263,461.888889,192.142857,182.402027,2,0,0,NO
OPENJPA,openjpa-persistence/src/main/java/org/apache/openjpa/persistence/ExternalValues.java,11,11,299,9,2,170,53,18.888889,41,53,4.555556,4157,1263,461.888889,192.142857,182.415671,2,0,0,NO
OPENJPA,openjpa-persistence/src/main/java/org/apache/openjpa/persistence/Externalizer.java,11,11,296,9,2,168,53,18.666667,40,53,4.444444,4157,1263,461.888889,192.142857,182.402027,2,0,0,NO
OPENJPA,openjpa-persistence/src/main/java/org/apache/openjpa/persistence/Factory.java,11,11,296,9,2,168,53,18.666667,40,53,4.444444,4157,1263,461.888889,192.142857,182.402027,2,0,0,NO
OPENJPA,openjpa-persistence/src/main/java/org/apache/openjpa/persistence/FetchAttribute.java,11,10,263,11,3,154,35,14.000000,45,35,4.090909,4590,1263,417.272727,192.142857,181.507333,1,0,0,NO
OPENJPA,openjpa-persistence/src/main/java/org/apache/openjpa/persistence/FetchGroup.java,11,13,216,9,3,136,36,15.111111,56,34,6.222222,3885,1263,431.666667,185.428571,179.240079,1,0,0,NO
OPENJPA,openjpa-persistence/src/main/java/org/apache/openjpa/persistence/FetchGroups.java,11,10,248,10,2,143,35,14.300000,38,35,3.800000,4452,1263,445.200000,192.142857,181.424539,1,0,0,NO
OPENJPA,openjpa-persistence/src/main/java/org/apache/openjpa/persistence/InverseLogical.java,11,11,291,9,2,165,53,18.333333,39,53,4.333333,4157,1263,461.888889,192.142857,182.379971,2,0,0,NO
OPENJPA,openjpa-persistence/src/main/java/org/apache/openjpa/persistence/KeyDependent.java,11,11,291,9,2,165,53,18.333333,39,53,4.333333,4157,1263,461.888889,192.142857,182.379971,2,0,0,NO
OPENJPA,openjpa-persistence/src/main/java/org/apache/openjpa/persistence/KeyType.java,11,11,296,9,2,168,53,18.666667,40,53,4.444444,4157,1263,461.888889,192.142857,182.402027,2,0,0,NO
OPENJPA,openjpa-persistence/src/main/java/org/apache/openjpa/persistence/LRS.java,11,11,291,9,2,165,53,18.333333,39,53,4.333333,4157,1263,461.888889,192.142857,182.379971,2,0,0,NO
OPENJPA,openjpa-persistence/src/main/java/org/apache/openjpa/persistence/LoadFetchGroup.java,11,11,299,10,4,169,53,16.900000,39,53,3.900000,3947,1263,394.700000,192.142857,182.170569,2,0,0,NO
OPENJPA,openjpa-persistence/src/main/java/org/apache/openjpa/persistence/ManagedInterface.java,11,9,321,10,2,181,53,18.100000,41,53,4.100000,4187,1263,418.700000,192.142857,177.393858,2,0,1,NO
OPENJPA,openjpa-persistence/src/main/java/org/apache/openjpa/persistence/MetaDataTag.java,11,57,259,15,7,174,76,11.600000,89,72,5.933333,3318,1263,221.200000,183.857143,176.456702,1,0,2,NO
OPENJPA,openjpa-persistence/src/main/java/org/apache/openjpa/persistence/OpenJPAEntityManagerFactorySPI.java,11,13,725,9,4,398,105,44.222222,71,102,7.888889,5059,1544,562.111111,183.857143,137.711527,1,0,1,NO
OPENJPA,openjpa-persistence/src/main/java/org/apache/openjpa/persistence/OpenJPAEntityManagerSPI.java,11,21,422,6,3,274,126,45.666667,126,104,21.000000,1766,1544,294.333333,126.000000,73.127285,0,0,1,NO
OPENJPA,openjpa-persistence/src/main/java/org/apache/openjpa/persistence/OpenJPAEntityTransaction.java,11,9,213,2,2,142,71,71.000000,71,71,35.500000,1674,1544,837.000000,126.000000,70.761905,0,0,1,NO
OPENJPA,openjpa-persistence/src/main/java/org/apache/openjpa/persistence/OpenJPAQuerySPI.java,11,9,419,11,5,232,46,21.090909,45,34,4.090909,5511,1544,501.000000,185.428571,132.728946,1,0,1,NO
OPENJPA,openjpa-persistence/src/main/java/org/apache/openjpa/persistence/PersistenceStrategy.java,11,14,248,11,4,147,41,13.363636,46,35,4.181818,3889,1263,353.545455,192.142857,178.748848,2,0,0,NO
OPENJPA,openjpa-persistence/src/main/java/org/apache/openjpa/persistence/Persistent.java,11,17,159,6,2,104,45,17.333333,49,42,8.166667,3462,1263,577.000000,183.857143,177.593890,1,0,0,NO
OPENJPA,openjpa-persistence/src/main/java/org/apache/openjpa/persistence/PersistentCollection.java,11,17,163,7,2,107,45,15.285714,51,42,7.285714,3467,1263,495.285714,183.857143,176.906223,1,0,1,NO
OPENJPA,openjpa-persistence/src/main/java/org/apache/openjpa/persistence/PersistentMap.java,11,19,171,6,2,112,49,18.666667,53,46,8.833333,3462,1263,577.000000,183.857143,178.026734,1,0,0,NO
OPENJPA,openjpa-persistence/src/main/java/org/apache/openjpa/persistence/QueryOperationType.java,11,26,177,2,2,118,59,59.000000,59,59,29.500000,1674,1544,837.000000,126.000000,70.761905,0,0,1,NO
OPENJPA,openjpa-persistence/src/main/java/org/apache/openjpa/persistence/ReadOnly.java,11,11,291,9,2,165,53,18.333333,39,53,4.333333,4157,1263,461.888889,192.142857,182.379971,2,0,0,NO
OPENJPA,openjpa-persistence/src/main/java/org/apache/openjpa/persistence/Replicated.java,11,9,474,11,4,259,53,23.545455,44,53,4.000000,5719,1544,519.909091,192.142857,135.959313,2,0,1,NO
OPENJPA,openjpa-persistence/src/main/java/org/apache/openjpa/persistence/RestoreStateType.java,11,26,180,2,2,120,60,60.000000,60,60,30.000000,1674,1544,837.000000,126.000000,70.761905,0,0,1,NO
OPENJPA,openjpa-persistence/src/main/java/org/apache/openjpa/persistence/Type.java,11,11,296,9,2,168,53,18.666667,40,53,4.444444,4157,1263,461.888889,192.142857,182.402027,2,0,0,NO
OPENJPA,openjpa-persistence/src/main/java/org/apache/openjpa/persistence/UpdateAction.java,11,5,205,10,2,118,30,11.800000,31,30,3.100000,4452,1263,445.200000,192.142857,179.475261,1,0,0,NO
OPENJPA,openjpa-persistence/src/main/java/org/apache/openjpa/persistence/criteria/AliasContext.java,11,12,84,4,1,79,67,19.750000,74,67,18.500000,123,66,30.750000,31.714286,29.198980,0,0,0,NO
OPENJPA,openjpa-persistence/src/main/java/org/apache/openjpa/persistence/criteria/CriteriaExpression.java,11,7,496,26,6,273,40,10.500000,50,30,1.923077,6016,1544,231.384615,192.142857,103.602823,1,0,2,NO
OPENJPA,openjpa-persistence/src/main/java/org/apache/openjpa/persistence/criteria/OpenJPACriteriaBuilder.java,11,20,120,4,2,117,61,29.250000,114,61,28.500000,117,93,29.250000,19.857143,17.445238,0,0,0,NO
OPENJPA,openjpa-persistence/src/main/java/org/apache/openjpa/persistence/criteria/OpenJPACriteriaQuery.java,11,7,48,3,2,48,21,16.000000,48,21,16.000000,133,93,44.333333,19.857143,17.922619,0,0,0,NO
OPENJPA,openjpa-persistence/src/main/java/org/apache/openjpa/persistence/meta/MetadataProcessor.java,11,11,83,2,2,83,65,41.500000,83,65,41.500000,78,70,39.000000,37.857143,36.741824,0,0,0,NO
OPENJPA,openjpa-persistence/src/main/java/org/apache/openjpa/persistence/query/AbsExpression.java,11,6,317,11,4,174,31,15.818182,31,30,2.818182,5807,1544,527.909091,192.142857,139.900406,1,0,1,NO
OPENJPA,openjpa-persistence/src/main/java/org/apache/openjpa/persistence/query/AbstractDomainObject.java,11,190,1144,6,2,734,395,122.333333,324,395,54.000000,1949,1544,324.833333,58.428571,49.466284,0,0,1,NO
OPENJPA,openjpa-persistence/src/main/java/org/apache/openjpa/persistence/query/AbstractVisitable.java,11,20,561,15,5,306,61,20.400000,51,61,3.400000,3328,1544,221.866667,174.857143,109.744334,0,0,3,NO
OPENJPA,openjpa-persistence/src/main/java/org/apache/openjpa/persistence/query/Aggregate.java,11,4,332,12,4,181,30,15.083333,30,30,2.500000,5887,1544,490.583333,192.142857,135.543460,1,0,1,NO
OPENJPA,openjpa-persistence/src/main/java/org/apache/openjpa/persistence/query/AllExpression.java,11,6,217,7,4,124,33,17.714286,31,19,4.428571,3007,1544,429.571429,175.285714,114.642528,0,0,1,NO
OPENJPA,openjpa-persistence/src/main/java/org/apache/openjpa/persistence/query/AndPredicate.java,11,7,217,7,4,125,33,17.857143,33,19,4.714286,3007,1544,429.571429,175.285714,114.568137,0,0,1,NO
OPENJPA,openjpa-persistence/src/main/java/org/apache/openjpa/persistence/query/AnyExpression.java,11,6,215,7,4,123,33,17.571429,31,19,4.428571,3007,1544,429.571429,175.285714,115.235216,0,0,1,NO
OPENJPA,openjpa-persistence/src/main/java/org/apache/openjpa/persistence/query/AverageExpression.java,11,6,317,11,4,174,31,15.818182,31,30,2.818182,5807,1544,527.909091,192.142857,139.900406,1,0,1,NO
OPENJPA,openjpa-persistence/src/main/java/org/apache/openjpa/persistence/query/BetweenExpression.java,11,7,224,8,4,128,33,16.000000,32,19,4.000000,3036,1544,379.500000,175.285714,112.788265,0,0,1,NO
OPENJPA,openjpa-persistence/src/main/java/org/apache/openjpa/persistence/query/CaseExpression.java,11,27,935,3,2,617,299,205.666667,299,299,99.666667,1799,1544,599.666667,43.428571,43.164553,0,0,1,NO
OPENJPA,openjpa-persistence/src/main/java/org/apache/openjpa/persistence/query/ConcatExpression.java,11,6,360,14,5,196,32,14.000000,32,30,2.285714,6289,1544,449.214286,192.142857,129.046825,1,0,2,NO
OPENJPA,openjpa-persistence/src/main/java/org/apache/openjpa/persistence/query/ConditionalOperator.java,11,5,347,12,5,189,31,15.750000,31,30,2.583333,6223,1544,518.583333,192.142857,131.800741,1,0,2,NO
OPENJPA,openjpa-persistence/src/main/java/org/apache/openjpa/persistence/query/CountExpression.java,11,6,215,7,4,123,33,17.571429,31,19,4.428571,3007,1544,429.571429,175.285714,115.304983,0,0,1,NO
OPENJPA,openjpa-persistence/src/main/java/org/apache/openjpa/persistence/query/DistinctExpression.java,11,6,217,7,4,125,33,17.857143,33,19,4.714286,3007,1544,429.571429,175.285714,114.499013,0,0,1,NO
OPENJPA,openjpa-persistence/src/main/java/org/apache/openjpa/persistence/query/DividedByExpression.java,11,6,215,7,4,123,33,17.571429,31,19,4.428571,3007,1544,429.571429,175.285714,115.304983,0,0,1,NO
OPENJPA,openjpa-persistence/src/main/java/org/apache/openjpa/persistence/query/DomainObject.java,11,11,383,3,2,255,123,85.000000,127,123,42.333333,1799,1544,599.666667,43.428571,43.171951,0,0,1,NO
OPENJPA,openjpa-persistence/src/main/java/org/apache/openjpa/persistence/query/EqualExpression.java,11,9,225,7,4,130,35,18.571429,35,19,5.000000,3007,1544,429.571429,175.285714,111.900317,0,0,1,NO
OPENJPA,openjpa-persistence/src/main/java/org/apache/openjpa/persistence/query/ExistsExpression.java,11,7,217,7,4,125,33,17.857143,33,19,4.714286,2964,1544,423.428571,175.285714,114.631336,0,0,1,NO
OPENJPA,openjpa-persistence/src/main/java/org/apache/openjpa/persistence/query/Expression.java,11,47,1604,4,2,1064,524,266.000000,524,524,131.000000,1918,1544,479.500000,43.428571,43.190061,0,0,1,NO
OPENJPA,openjpa-persistence/src/main/java/org/apache/openjpa/persistence/query/FetchJoinObject.java,11,3,390,13,6,208,30,16.000000,26,30,2.000000,5740,1544,441.538462,192.142857,129.476190,1,0,1,NO
OPENJPA,openjpa-persistence/src/main/java/org/apache/openjpa/persistence/query/FetchPath.java,11,16,402,17,5,223,61,13.117647,44,61,2.588235,3352,1544,197.176471,174.857143,104.154584,0,0,4,NO
OPENJPA,openjpa-persistence/src/main/java/org/apache/openjpa/persistence/query/GreaterEqualExpression.java,11,9,225,7,4,130,35,18.571429,35,19,5.000000,3007,1544,429.571429,175.285714,111.900317,0,0,1,NO
OPENJPA,openjpa-persistence/src/main/java/org/apache/openjpa/persistence/query/GreaterThanExpression.java,11,7,217,8,4,125,33,15.625000,33,19,4.125000,3182,1544,397.750000,175.285714,114.404872,0,0,1,NO
OPENJPA,openjpa-persistence/src/main/java/org/apache/openjpa/persistence/query/InExpression.java,11,11,121,4,2,79,37,19.750000,37,15,9.250000,1760,1544,440.000000,58.428571,46.438017,0,0,1,NO
OPENJPA,openjpa-persistence/src/main/java/org/apache/openjpa/persistence/query/IndexExpression.java,11,6,214,7,4,123,33,17.571429,32,19,4.571429,3007,1544,429.571429,175.285714,115.427904,0,0,1,NO
OPENJPA,openjpa-persistence/src/main/java/org/apache/openjpa/persistence/query/IsEmptyExpression.java,11,11,101,4,2,66,31,16.500000,31,16,7.750000,1752,1544,438.000000,58.428571,45.895332,0,0,1,NO
OPENJPA,openjpa-persistence/src/main/java/org/apache/openjpa/persistence/query/IsNullExpression.java,11,11,231,8,4,134,37,16.750000,37,19,4.625000,3036,1544,379.500000,175.285714,110.557823,0,0,1,NO
OPENJPA,openjpa-persistence/src/main/java/org/apache/openjpa/persistence/query/JoinPath.java,11,48,276,8,3,179,81,22.375000,82,78,10.250000,2043,1544,255.375000,58.428571,48.592133,0,0,1,NO
OPENJPA,openjpa-persistence/src/main/java/org/apache/openjpa/persistence/query/LengthExpression.java,11,6,213,7,4,122,33,17.428571,31,19,4.428571,3007,1544,429.571429,175.285714,115.839034,0,0,1,NO
OPENJPA,openjpa-persistence/src/main/java/org/apache/openjpa/persistence/query/LessEqualExpression.java,11,7,216,7,4,124,33,17.714286,32,19,4.571429,3007,1544,429.571429,175.285714,114.900132,0,0,1,NO
OPENJPA,openjpa-persistence/src/main/java/org/apache/openjpa/persistence/query/LessThanExpression.java,11,7,217,7,4,125,33,17.857143,33,19,4.714286,3007,1544,429.571429,175.285714,114.499013,0,0,1,NO
OPENJPA,openjpa-persistence/src/main/java/org/apache/openjpa/persistence/query/LiteralExpression.java,11,6,347,12,5,189,31,15.750000,31,30,2.583333,6223,1544,518.583333,192.142857,131.800741,1,0,2,NO
OPENJPA,openjpa-persistence/src/main/java/org/apache/openjpa/persistence/query/LowerExpression.java,11,6,213,7,4,122,33,17.428571,31,19,4.428571,3007,1544,429.571429,175.285714,115.839034,0,0,1,NO
OPENJPA,openjpa-persistence/src/main/java/org/apache/openjpa/persistence/query/MaxExpression.java,11,6,213,7,4,122,33,17.428571,31,19,4.428571,3007,1544,429.571429,175.285714,115.839034,0,0,1,NO
OPENJPA,openjpa-persistence/src/main/java/org/apache/openjpa/persistence/query/MemberOfExpression.java,11,7,216,7,4,124,33,17.714286,32,19,4.571429,3007,1544,429.571429,175.285714,114.900132,0,0,1,NO
OPENJPA,openjpa-persistence/src/main/java/org/apache/openjpa/persistence/query/MinExpression.java,11,6,213,7,4,122,33,17.428571,31,19,4.428571,3007,1544,429.571429,175.285714,115.839034,0,0,1,NO
OPENJPA,openjpa-persistence/src/main/java/org/apache/openjpa/persistence/query/MinusExpression.java,11,6,213,7,4,122,33,17.428571,31,19,4.428571,3007,1544,429.571429,175.285714,115.839034,0,0,1,NO
OPENJPA,openjpa-persistence/src/main/java/org/apache/openjpa/persistence/query/ModExpression.java,11,11,229,6,4,133,37,22.166667,37,19,6.166667,2927,1544,487.833333,175.285714,111.157829,0,0,1,NO
OPENJPA,openjpa-persistence/src/main/java/org/apache/openjpa/persistence/query/NavigationPath.java,11,34,227,6,2,149,71,24.833333,71,62,11.833333,1941,1544,323.500000,58.428571,48.148521,0,0,1,NO
OPENJPA,openjpa-persistence/src/main/java/org/apache/openjpa/persistence/query/NotEqualExpression.java,11,7,217,7,4,125,33,17.857143,33,19,4.714286,3007,1544,429.571429,175.285714,114.499013,0,0,1,NO
OPENJPA,openjpa-persistence/src/main/java/org/apache/openjpa/persistence/query/OpenJPAQueryBuilder.java,11,7,275,8,4,160,45,20.000000,45,19,5.625000,3036,1544,379.500000,175.285714,100.857662,0,0,1,NO
OPENJPA,openjpa-persistence/src/main/java/org/apache/openjpa/persistence/query/OperatorPath.java,11,30,199,5,2,131,63,26.200000,63,58,12.600000,1869,1544,373.800000,58.428571,48.214645,0,0,1,NO
OPENJPA,openjpa-persistence/src/main/java/org/apache/openjpa/persistence/query/OrPredicate.java,11,7,218,7,4,126,34,18.000000,34,19,4.857143,3007,1544,429.571429,175.285714,114.170380,0,0,1,NO
OPENJPA,openjpa-persistence/src/main/java/org/apache/openjpa/persistence/query/OrderBy.java,11,10,403,13,4,219,35,16.846154,35,35,2.692308,6552,1544,504.000000,192.142857,132.447005,1,0,1,NO
OPENJPA,openjpa-persistence/src/main/java/org/apache/openjpa/persistence/query/OrderByItem.java,11,3,390,13,6,208,30,16.000000,26,30,2.000000,5740,1544,441.538462,192.142857,129.476190,1,0,1,NO
OPENJPA,openjpa-persistence/src/main/java/org/apache/openjpa/persistence/query/PathExpression.java,11,12,351,3,2,234,117,78.000000,117,117,39.000000,1743,1544,581.000000,43.428571,43.183557,0,0,1,NO
OPENJPA,openjpa-persistence/src/main/java/org/apache/openjpa/persistence/query/PlusExpression.java,11,6,213,7,4,122,33,17.428571,31,19,4.428571,3007,1544,429.571429,175.285714,115.839034,0,0,1,NO
OPENJPA,openjpa-persistence/src/main/java/org/apache/openjpa/persistence/query/Predicate.java,11,6,159,3,2,106,53,35.333333,53,53,17.666667,1743,1544,581.000000,43.428571,43.117700,0,0,1,NO
OPENJPA,openjpa-persistence/src/main/java/org/apache/openjpa/persistence/query/PredicateOperand.java,11,60,1776,3,2,1182,588,394.000000,588,588,196.000000,1799,1544,599.666667,43.428571,43.225869,0,0,1,NO
OPENJPA,openjpa-persistence/src/main/java/org/apache/openjpa/persistence/query/QueryBuilder.java,11,6,171,2,2,114,57,57.000000,57,57,28.500000,1624,1544,812.000000,43.428571,43.238095,0,0,1,NO
OPENJPA,openjpa-persistence/src/main/java/org/apache/openjpa/persistence/query/QueryDefinition.java,11,56,1690,4,2,1126,556,281.500000,562,556,140.500000,1918,1544,479.500000,43.428571,43.203212,0,0,1,NO
OPENJPA,openjpa-persistence/src/main/java/org/apache/openjpa/persistence/query/RangeExpression.java,11,11,353,14,5,195,61,13.928571,37,61,2.642857,3126,1544,223.285714,174.857143,111.275192,0,0,4,NO
OPENJPA,openjpa-persistence/src/main/java/org/apache/openjpa/persistence/query/RootPath.java,11,29,159,7,3,110,43,15.714286,61,41,8.714286,2019,1544,288.428571,58.428571,46.816712,0,0,1,NO
OPENJPA,openjpa-persistence/src/main/java/org/apache/openjpa/persistence/query/SelectItem.java,11,5,135,2,2,90,45,45.000000,45,45,22.500000,1624,1544,812.000000,43.428571,43.238095,0,0,1,NO
OPENJPA,openjpa-persistence/src/main/java/org/apache/openjpa/persistence/query/SizeExpression.java,11,6,213,7,4,122,33,17.428571,31,19,4.428571,3007,1544,429.571429,175.285714,115.839034,0,0,1,NO
OPENJPA,openjpa-persistence/src/main/java/org/apache/openjpa/persistence/query/SomeExpression.java,11,6,213,7,4,122,33,17.428571,31,19,4.428571,3007,1544,429.571429,175.285714,115.839034,0,0,1,NO
OPENJPA,openjpa-persistence/src/main/java/org/apache/openjpa/persistence/query/SquareRootExpression.java,11,6,213,7,4,122,33,17.428571,31,19,4.428571,3007,1544,429.571429,175.285714,115.839034,0,0,1,NO
OPENJPA,openjpa-persistence/src/main/java/org/apache/openjpa/persistence/query/Subquery.java,11,3,90,4,3,58,26,14.500000,26,17,6.500000,1663,1544,415.750000,105.571429,61.876190,0,0,2,NO
OPENJPA,openjpa-persistence/src/main/java/org/apache/openjpa/persistence/query/SumExpression.java,11,6,213,7,4,122,33,17.428571,31,19,4.428571,3007,1544,429.571429,175.285714,115.839034,0,0,1,NO
OPENJPA,openjpa-persistence/src/main/java/org/apache/openjpa/persistence/query/TimesExpression.java,11,6,213,7,4,122,33,17.428571,31,19,4.428571,3007,1544,429.571429,175.285714,115.839034,0,0,1,NO
OPENJPA,openjpa-persistence/src/main/java/org/apache/openjpa/persistence/query/TrimSpec.java,11,4,393,13,6,210,30,16.153846,27,30,2.076923,5740,1544,441.538462,192.142857,128.817884,1,0,1,NO
OPENJPA,openjpa-persistence/src/main/java/org/apache/openjpa/persistence/query/TypeExpression.java,11,6,213,7,4,122,33,17.428571,31,19,4.428571,3007,1544,429.571429,175.285714,115.839034,0,0,1,NO
OPENJPA,openjpa-persistence/src/main/java/org/apache/openjpa/persistence/query/UnaryMinusExpression.java,11,6,215,7,4,124,33,17.714286,33,19,4.714286,3007,1544,429.571429,175.285714,115.020598,0,0,1,NO
OPENJPA,openjpa-persistence/src/main/java/org/apache/openjpa/persistence/query/UpperExpression.java,11,6,217,8,4,124,33,15.500000,31,19,3.875000,3044,1544,380.500000,175.285714,114.772877,0,0,1,NO
OPENJPA,openjpa-persistence/src/main/java/org/apache/openjpa/persistence/query/Visitable.java,11,8,289,8,4,170,51,21.250000,51,19,6.375000,2978,1544,372.250000,175.285714,98.668809,0,0,1,NO
OPENJPA,openjpa-persistence/src/main/java/org/apache/openjpa/persistence/query/WhenClause.java,11,25,371,12,6,213,61,17.750000,55,61,4.583333,3248,1544,270.666667,174.857143,105.199076,0,0,3,NO
OPENJPA,openjpa-slice/src/main/java/org/apache/openjpa/slice/DistributedBroker.java,11,6,408,9,4,227,60,25.222222,46,60,5.111111,4884,1544,542.666667,192.142857,105.441176,2,0,2,YES
OPENJPA,openjpa-slice/src/main/java/org/apache/openjpa/slice/DistributedBrokerFactory.java,11,6,489,13,5,268,61,20.615385,47,61,3.615385,2961,1544,227.769231,174.857143,92.200701,0,0,4,NO
OPENJPA,openjpa-slice/src/main/java/org/apache/openjpa/slice/DistributedConfiguration.java,11,19,407,6,2,267,127,44.500000,127,78,21.166667,1800,1544,300.000000,101.714286,55.929449,0,0,1,YES
OPENJPA,openjpa-slice/src/main/java/org/apache/openjpa/slice/DistributedStoreManager.java,11,7,405,9,4,223,60,24.777778,41,60,4.555556,4884,1544,542.666667,192.142857,105.910053,2,0,2,NO
OPENJPA,openjpa-slice/src/main/java/org/apache/openjpa/slice/DistributionPolicy.java,11,12,212,6,2,139,65,23.166667,66,46,11.000000,1787,1544,297.833333,101.714286,60.772237,0,0,1,NO
OPENJPA,openjpa-slice/src/main/java/org/apache/openjpa/slice/ReentrantSliceLock.java,11,21,463,12,5,260,61,21.666667,57,61,4.750000,2946,1544,245.500000,174.857143,94.912990,0,0,4,NO
OPENJPA,openjpa-slice/src/main/java/org/apache/openjpa/slice/ReplicationPolicy.java,11,11,226,6,2,145,64,24.166667,64,46,10.666667,1791,1544,298.500000,101.714286,61.024020,0,0,2,NO
OPENJPA,openjpa-slice/src/main/java/org/apache/openjpa/slice/jdbc/DistributedJDBCConfiguration.java,11,8,177,4,2,108,63,27.000000,39,63,9.750000,1615,1544,403.750000,101.714286,68.329298,0,0,2,YES
OPENJPA,openjpa-jdbc/src/main/java/org/apache/openjpa/jdbc/ant/MappingToolTask.java,12,118,299,11,4,271,211,24.636364,243,211,22.090909,2112,1263,192.000000,196.142857,178.365982,1,0,3,NO
OPENJPA,openjpa-jdbc/src/main/java/org/apache/openjpa/jdbc/ant/ReverseMappingToolTask.java,12,154,364,8,4,338,257,42.250000,312,257,39.000000,2076,1263,259.500000,196.142857,182.347331,1,0,1,NO
OPENJPA,openjpa-jdbc/src/main/java/org/apache/openjpa/jdbc/conf/FetchModeValue.java,12,21,73,3,2,63,49,21.000000,53,49,17.666667,1742,1263,580.666667,196.142857,184.019569,1,0,0,NO
OPENJPA,openjpa-jdbc/src/main/java/org/apache/openjpa/jdbc/conf/JDBCConfiguration.java,12,98,750,9,7,691,609,76.777778,632,609,70.222222,2302,1263,255.777778,196.142857,181.310286,1,0,0,NO
OPENJPA,openjpa-jdbc/src/main/java/org/apache/openjpa/jdbc/identifier/ColumnDefIdentifierRule.java,12,9,315,7,4,177,57,25.285714,39,19,5.571429,3688,1544,526.857143,162.714286,86.837188,0,0,3,YES
OPENJPA,openjpa-jdbc/src/main/java/org/apache/openjpa/jdbc/identifier/DBIdentifierUtil.java,12,34,213,1,1,213,213,213.000000,213,213,213.000000,156,156,156.000000,13.857143,13.857143,0,0,0,NO
OPENJPA,openjpa-jdbc/src/main/java/org/apache/openjpa/jdbc/identifier/DefaultIdentifierConfiguration.java,12,51,136,3,1,111,87,37.000000,86,87,28.666667,173,156,57.666667,13.857143,13.836134,0,0,0,NO
OPENJPA,openjpa-jdbc/src/main/java/org/apache/openjpa/jdbc/kernel/ConnectionInfo.java,12,9,261,9,2,148,35,16.444444,35,35,3.888889,4576,1263,508.444444,205.571429,195.172414,1,0,0,NO
OPENJPA,openjpa-jdbc/src/main/java/org/apache/openjpa/jdbc/kernel/DelegatingJDBCFetchConfiguration.java,12,224,343,9,4,320,233,35.555556,297,233,33.000000,2223,1263,247.000000,196.142857,180.306955,1,0,2,NO
OPENJPA,openjpa-jdbc/src/main/java/org/apache/openjpa/jdbc/kernel/JDBC3SavepointManager.java,12,30,87,3,2,76,62,25.333333,65,62,21.666667,1961,1263,653.666667,196.142857,185.845649,2,0,0,NO
OPENJPA,openjpa-jdbc/src/main/java/org/apache/openjpa/jdbc/kernel/JDBCFetchConfiguration.java,12,39,308,10,5,276,164,27.600000,244,164,24.400000,2239,1263,223.900000,196.142857,171.127551,1,0,2,NO
OPENJPA,openjpa-jdbc/src/main/java/org/apache/openjpa/jdbc/kernel/JDBCLockManager.java,12,10,74,3,3,64,46,21.333333,54,46,18.000000,1755,1263,585.000000,196.142857,172.355212,1,0,0,NO
OPENJPA,openjpa-jdbc/src/main/java/org/apache/openjpa/jdbc/kernel/JDBCSeq.java,12,8,277,9,2,159,35,17.666667,41,35,4.555556,4576,1263,508.444444,205.571429,195.284683,1,0,0,NO
OPENJPA,openjpa-jdbc/src/main/java/org/apache/openjpa/jdbc/kernel/JDBCStore.java,12,23,155,7,4,131,106,18.714286,107,106,15.285714,2169,1263,309.857143,196.142857,179.299539,1,0,1,NO
OPENJPA,openjpa-jdbc/src/main/java/org/apache/openjpa/jdbc/kernel/PreparedStatementManager.java,12,8,293,9,2,170,40,18.888889,47,35,5.222222,4576,1263,508.444444,205.571429,195.391029,1,0,0,NO
OPENJPA,openjpa-jdbc/src/main/java/org/apache/openjpa/jdbc/kernel/UpdateManager.java,12,6,321,8,2,182,45,22.750000,43,45,5.375000,4281,1263,535.125000,205.571429,195.790832,2,0,0,NO
OPENJPA,openjpa-jdbc/src/main/java/org/apache/openjpa/jdbc/kernel/exps/All.java,12,10,217,10,3,127,30,12.700000,37,30,3.700000,4580,1263,458.000000,205.571429,193.552337,1,0,1,NO
OPENJPA,openjpa-jdbc/src/main/java/org/apache/openjpa/jdbc/kernel/exps/Any.java,12,10,217,10,3,127,30,12.700000,37,30,3.700000,4580,1263,458.000000,205.571429,193.552337,1,0,1,NO
OPENJPA,openjpa-jdbc/src/main/java/org/apache/openjpa/jdbc/kernel/exps/BinaryOpExpState.java,12,14,69,3,2,59,31,19.666667,49,31,16.333333,1407,1263,469.000000,189.000000,176.521739,0,0,0,NO
OPENJPA,openjpa-jdbc/src/main/java/org/apache/openjpa/jdbc/kernel/exps/Exp.java,12,13,153,5,3,106,83,21.200000,59,83,11.800000,2046,1263,409.200000,196.142857,188.596639,1,0,0,NO
OPENJPA,openjpa-jdbc/src/main/java/org/apache/openjpa/jdbc/kernel/exps/ExpContext.java,12,16,76,3,2,66,38,22.000000,56,38,18.666667,1407,1263,469.000000,189.000000,177.671053,0,0,0,NO
OPENJPA,openjpa-jdbc/src/main/java/org/apache/openjpa/jdbc/kernel/exps/ExpState.java,12,11,64,3,2,54,26,18.000000,44,26,14.666667,1407,1263,469.000000,189.000000,175.546875,0,0,0,NO
OPENJPA,openjpa-jdbc/src/main/java/org/apache/openjpa/jdbc/kernel/exps/FilterValue.java,12,25,149,5,4,137,103,27.400000,125,103,25.000000,1785,1263,357.000000,196.142857,177.586769,1,0,0,NO
OPENJPA,openjpa-jdbc/src/main/java/org/apache/openjpa/jdbc/kernel/exps/GetColumn.java,12,40,103,2,2,93,80,46.500000,83,80,41.500000,1739,1263,869.500000,196.142857,187.561720,1,0,0,NO
OPENJPA,openjpa-jdbc/src/main/java/org/apache/openjpa/jdbc/kernel/exps/JDBCAggregateListener.java,12,10,65,2,2,55,42,27.500000,45,42,22.500000,1739,1263,869.500000,196.142857,182.545055,1,0,0,NO
OPENJPA,openjpa-jdbc/src/main/java/org/apache/openjpa/jdbc/kernel/exps/JDBCFilterListener.java,12,10,67,2,2,57,44,28.500000,47,44,23.500000,1739,1263,869.500000,196.142857,182.950959,1,0,0,NO
OPENJPA,openjpa-jdbc/src/main/java/org/apache/openjpa/jdbc/kernel/exps/JDBCPath.java,12,6,112,7,2,72,30,10.285714,32,30,4.571429,3791,1263,541.571429,205.571429,191.714286,2,0,0,NO
OPENJPA,openjpa-jdbc/src/main/java/org/apache/openjpa/jdbc/kernel/exps/QueryExpressionsState.java,12,9,282,10,3,159,35,15.900000,36,35,3.600000,4387,1263,438.700000,205.571429,194.374367,2,0,0,NO
OPENJPA,openjpa-jdbc/src/main/java/org/apache/openjpa/jdbc/kernel/exps/SQLEmbed.java,12,35,97,5,3,84,69,16.800000,71,69,14.200000,1952,1263,390.400000,196.142857,186.668630,1,0,0,NO
OPENJPA,openjpa-jdbc/src/main/java/org/apache/openjpa/jdbc/meta/ClassStrategy.java,12,27,139,4,3,127,112,31.750000,115,112,28.750000,2117,1263,529.250000,196.142857,187.075026,1,0,0,NO
OPENJPA,openjpa-jdbc/src/main/java/org/apache/openjpa/jdbc/meta/DiscriminatorStrategy.java,12,19,110,5,4,94,69,18.800000,78,69,15.600000,1928,1263,385.600000,196.142857,181.468831,1,0,0,NO
OPENJPA,openjpa-jdbc/src/main/java/org/apache/openjpa/jdbc/meta/Embeddable.java,12,19,111,4,3,98,82,24.500000,85,82,21.250000,2099,1263,524.750000,196.142857,188.025740,1,0,0,NO
OPENJPA,openjpa-jdbc/src/main/java/org/apache/openjpa/jdbc/meta/FieldStrategy.java,12,61,299,6,4,278,245,46.333333,257,245,42.833333,2139,1263,356.500000,196.142857,188.707597,1,0,0,NO
OPENJPA,openjpa-jdbc/src/main/java/org/apache/openjpa/jdbc/meta/JDBCOrder.java,12,11,204,8,3,127,55,15.875000,50,55,6.250000,3947,1263,493.375000,205.571429,191.953782,2,0,0,NO
OPENJPA,openjpa-jdbc/src/main/java/org/apache/openjpa/jdbc/meta/Joinable.java,12,22,115,4,3,103,86,25.750000,91,86,22.750000,1818,1263,454.500000,196.142857,187.604969,1,0,0,NO
OPENJPA,openjpa-jdbc/src/main/java/org/apache/openjpa/jdbc/meta/RelationId.java,12,6,266,10,2,152,35,15.200000,38,35,3.800000,4798,1263,479.800000,205.571429,195.145542,1,0,0,NO
OPENJPA,openjpa-jdbc/src/main/java/org/apache/openjpa/jdbc/meta/ReverseCustomizer.java,12,23,183,2,2,173,160,86.500000,163,160,81.500000,1739,1263,869.500000,196.142857,191.313037,1,0,0,NO
OPENJPA,openjpa-jdbc/src/main/java/org/apache/openjpa/jdbc/meta/Strategy.java,12,28,160,4,2,148,131,37.000000,136,131,34.000000,2000,1263,500.000000,196.142857,190.122321,1,0,0,NO
OPENJPA,openjpa-jdbc/src/main/java/org/apache/openjpa/jdbc/meta/ValueHandler.java,12,23,132,5,3,118,99,23.600000,104,99,20.800000,2138,1263,427.600000,196.142857,188.806277,1,0,0,NO
OPENJPA,openjpa-jdbc/src/main/java/org/apache/openjpa/jdbc/meta/strats/AbstractClassStrategy.java,12,45,102,2,2,92,79,46.000000,82,79,41.000000,1739,1263,869.500000,196.142857,187.477591,1,0,0,NO
OPENJPA,openjpa-jdbc/src/main/java/org/apache/openjpa/jdbc/meta/strats/AbstractDiscriminatorStrategy.java,12,49,120,4,3,108,89,27.000000,96,89,24.000000,1772,1263,443.000000,196.142857,187.672619,1,0,0,NO
OPENJPA,openjpa-jdbc/src/main/java/org/apache/openjpa/jdbc/meta/strats/AbstractStrategy.java,12,43,101,2,2,91,78,45.500000,81,78,40.500000,1739,1263,869.500000,196.142857,187.391796,1,0,0,NO
OPENJPA,openjpa-jdbc/src/main/java/org/apache/openjpa/jdbc/meta/strats/AbstractValueHandler.java,12,31,85,3,3,73,58,24.333333,61,58,20.333333,1877,1263,625.666667,196.142857,185.684034,1,0,0,NO
OPENJPA,openjpa-jdbc/src/main/java/org/apache/openjpa/jdbc/meta/strats/IdentityJoinable.java,12,49,114,6,4,100,83,16.666667,86,83,14.333333,1902,1263,317.000000,196.142857,182.926065,1,0,0,NO
OPENJPA,openjpa-jdbc/src/main/java/org/apache/openjpa/jdbc/meta/strats/LRSCollectionFieldStrategy.java,12,28,125,3,3,112,96,37.333333,99,96,33.000000,1877,1263,625.666667,196.142857,189.010286,1,0,0,NO
OPENJPA,openjpa-jdbc/src/main/java/org/apache/openjpa/jdbc/meta/strats/LRSMapFieldStrategy.java,12,41,186,3,3,169,149,56.333333,152,149,50.666667,1877,1263,625.666667,196.142857,191.294163,1,0,0,NO
OPENJPA,openjpa-jdbc/src/main/java/org/apache/openjpa/jdbc/schema/DriverDataSource.java,12,23,135,4,3,123,64,30.750000,111,64,27.750000,1795,1263,448.750000,196.142857,185.738624,1,0,0,NO
OPENJPA,openjpa-jdbc/src/main/java/org/apache/openjpa/jdbc/schema/SchemaFactory.java,12,5,398,10,3,220,55,22.000000,42,55,4.200000,4578,1263,457.800000,205.571429,195.712491,1,0,1,NO
OPENJPA,openjpa-jdbc/src/main/java/org/apache/openjpa/jdbc/schema/SchemaParser.java,12,10,85,2,2,75,62,37.500000,65,62,32.500000,1739,1263,869.500000,196.142857,185.744538,1,0,0,NO
OPENJPA,openjpa-jdbc/src/main/java/org/apache/openjpa/jdbc/schema/SchemaSerializer.java,12,13,101,2,2,91,78,45.500000,81,78,40.500000,1739,1263,869.500000,196.142857,187.391796,1,0,0,NO
OPENJPA,openjpa-jdbc/src/main/java/org/apache/openjpa/jdbc/sql/CacheDictionary.java,12,16,65,2,2,55,42,27.500000,45,42,22.500000,1739,1263,869.500000,196.142857,182.545055,1,0,0,NO
OPENJPA,openjpa-jdbc/src/main/java/org/apache/openjpa/jdbc/sql/Calendard.java,12,10,264,9,2,151,35,16.777778,38,35,4.222222,4576,1263,508.444444,205.571429,195.183442,1,0,0,NO
OPENJPA,openjpa-jdbc/src/main/java/org/apache/openjpa/jdbc/sql/Raw.java,12,10,214,9,2,126,30,14.000000,38,30,4.222222,4576,1263,508.444444,205.571429,194.414553,1,0,0,NO
OPENJPA,openjpa-jdbc/src/main/java/org/apache/openjpa/jdbc/sql/Result.java,12,181,646,7,6,629,572,89.857143,612,572,87.428571,2085,1263,297.857143,196.142857,186.611234,1,0,1,NO
OPENJPA,openjpa-jdbc/src/main/java/org/apache/openjpa/jdbc/sql/Row.java,12,163,547,3,3,535,520,178.333333,523,520,174.333333,1914,1263,638.000000,196.142857,193.493863,1,0,0,NO
OPENJPA,openjpa-jdbc/src/main/java/org/apache/openjpa/jdbc/sql/RowManager.java,12,14,94,2,2,84,71,42.000000,74,71,37.000000,1739,1263,869.500000,196.142857,186.740122,1,0,0,NO
OPENJPA,openjpa-jdbc/src/main/java/org/apache/openjpa/jdbc/sql/SQLFactory.java,12,6,296,9,2,171,40,19.000000,46,35,5.111111,4576,1263,508.444444,205.571429,195.410232,1,0,0,NO
OPENJPA,openjpa-jdbc/src/main/java/org/apache/openjpa/jdbc/sql/Select.java,12,144,864,16,7,802,668,50.125000,740,668,46.250000,2287,1263,142.937500,196.142857,177.745701,1,0,2,NO
OPENJPA,openjpa-jdbc/src/main/java/org/apache/openjpa/jdbc/sql/SelectExecutor.java,12,31,244,7,6,199,122,28.428571,154,122,22.000000,1854,1263,264.857143,196.142857,162.974239,1,0,0,NO
OPENJPA,openjpa-jdbc/src/main/java/org/apache/openjpa/jdbc/sql/Sized.java,12,9,240,10,2,138,31,13.800000,36,30,3.600000,4577,1263,457.700000,205.571429,194.783333,1,0,0,NO
OPENJPA,openjpa-jdbc/src/main/java/org/apache/openjpa/jdbc/sql/Union.java,12,12,113,3,3,89,76,29.666667,65,76,21.666667,1752,1263,584.000000,196.142857,183.896334,1,0,0,NO
OPENJPA,openjpa-kernel/src/main/java/org/apache/openjpa/ant/ApplicationIdToolTask.java,12,45,132,3,2,122,94,40.666667,112,94,37.333333,1430,1263,476.666667,190.142857,183.291126,0,0,0,NO
OPENJPA,openjpa-kernel/src/main/java/org/apache/openjpa/ant/PCEnhancerTask.java,12,37,317,7,3,204,99,29.142857,91,86,13.000000,3217,1263,459.571429,197.285714,194.251014,1,0,0,NO
OPENJPA,openjpa-kernel/src/main/java/org/apache/openjpa/conf/BrokerFactoryValue.java,12,46,403,16,3,245,47,15.312500,87,43,5.437500,3354,1263,209.625000,197.285714,191.200638,1,0,0,NO
OPENJPA,openjpa-kernel/src/main/java/org/apache/openjpa/conf/CacheMarshaller.java,12,15,283,4,2,188,92,47.000000,93,92,23.250000,1865,1544,466.250000,138.142857,82.979303,0,0,1,NO
OPENJPA,openjpa-kernel/src/main/java/org/apache/openjpa/conf/OpenJPAConfiguration.java,12,316,5115,50,10,3478,1336,69.560000,1841,1324,36.820000,4239,1263,84.780000,197.285714,177.220025,1,0,2,YES
OPENJPA,openjpa-kernel/src/main/java/org/apache/openjpa/conf/OpenJPAProductDerivation.java,12,10,471,15,5,257,53,17.133333,43,53,2.866667,5453,1544,363.533333,205.571429,168.752502,2,0,1,NO
OPENJPA,openjpa-kernel/src/main/java/org/apache/openjpa/conf/SeqValue.java,12,18,157,4,2,103,46,25.750000,49,41,12.250000,3110,1263,777.500000,197.285714,191.398544,1,0,0,NO
OPENJPA,openjpa-kernel/src/main/java/org/apache/openjpa/datacache/CacheDistributionPolicy.java,12,6,100,3,2,80,38,26.666667,60,38,20.000000,33,18,11.000000,26.857143,18.345714,0,0,0,NO
OPENJPA,openjpa-kernel/src/main/java/org/apache/openjpa/datacache/CacheStatistics.java,12,120,734,5,3,491,233,98.200000,248,233,49.600000,1733,1544,346.600000,88.857143,65.762359,0,0,2,NO
OPENJPA,openjpa-kernel/src/main/java/org/apache/openjpa/datacache/DataCache.java,12,42,931,12,7,619,258,51.583333,307,242,25.583333,3405,1263,283.750000,197.285714,184.598588,1,0,0,NO
OPENJPA,openjpa-kernel/src/main/java/org/apache/openjpa/datacache/DataCacheMode.java,12,8,60,2,1,60,59,30.000000,60,59,30.000000,29,26,14.500000,34.285714,34.285714,0,0,0,NO
OPENJPA,openjpa-kernel/src/main/java/org/apache/openjpa/datacache/DataCachePCData.java,12,7,208,8,3,125,32,15.625000,42,30,5.250000,3807,1263,475.875000,205.571429,188.898352,2,0,0,NO
OPENJPA,openjpa-kernel/src/main/java/org/apache/openjpa/datacache/ExpirationListener.java,12,4,201,8,2,117,30,14.625000,33,30,4.125000,4027,1263,503.375000,205.571429,194.156361,2,0,0,NO
OPENJPA,openjpa-kernel/src/main/java/org/apache/openjpa/datacache/QueryCache.java,12,18,476,6,2,307,138,51.166667,138,130,23.000000,3382,1263,563.666667,197.285714,195.144958,1,0,0,NO
OPENJPA,openjpa-kernel/src/main/java/org/apache/openjpa/datacache/TypesChangedListener.java,12,4,201,8,2,117,30,14.625000,33,30,4.125000,4027,1263,503.375000,205.571429,194.156361,2,0,0,NO
OPENJPA,openjpa-kernel/src/main/java/org/apache/openjpa/ee/AbstractManagedRuntime.java,12,53,110,2,1,109,68,54.500000,108,67,54.000000,29,18,14.500000,141.857143,118.110390,0,0,1,NO
OPENJPA,openjpa-kernel/src/main/java/org/apache/openjpa/enhance/AttributeTranslator.java,12,4,403,12,4,217,36,18.083333,31,30,2.583333,5927,1544,493.916667,205.571429,162.336406,2,0,1,NO
OPENJPA,openjpa-kernel/src/main/java/org/apache/openjpa/enhance/DynamicPersistenceCapable.java,12,3,298,10,3,163,30,16.300000,28,30,2.800000,5708,1544,570.800000,205.571429,158.831256,1,0,1,NO
OPENJPA,openjpa-kernel/src/main/java/org/apache/openjpa/enhance/DynamicStorage.java,12,25,441,5,2,291,138,58.200000,141,135,28.200000,3332,1263,666.400000,197.285714,195.095886,1,0,0,NO
OPENJPA,openjpa-kernel/src/main/java/org/apache/openjpa/enhance/FieldConsumer.java,12,13,239,4,2,157,72,39.250000,75,69,18.750000,3110,1263,777.500000,197.285714,193.386133,1,0,0,NO
OPENJPA,openjpa-kernel/src/main/java/org/apache/openjpa/enhance/FieldManager.java,12,4,187,8,2,107,30,13.375000,27,30,3.375000,4100,1263,512.500000,205.571429,194.110772,1,0,0,NO
OPENJPA,openjpa-kernel/src/main/java/org/apache/openjpa/enhance/FieldSupplier.java,12,13,239,4,2,157,72,39.250000,75,69,18.750000,3110,1263,777.500000,197.285714,193.386133,1,0,0,NO
OPENJPA,openjpa-kernel/src/main/java/org/apache/openjpa/enhance/ManagedInstanceProvider.java,12,4,298,10,3,163,30,16.300000,28,30,2.800000,5708,1544,570.800000,205.571429,158.831256,1,0,1,NO
OPENJPA,openjpa-kernel/src/main/java/org/apache/openjpa/enhance/PersistenceCapable.java,12,40,294,5,3,194,91,38.800000,94,87,18.800000,3119,1263,623.800000,197.285714,193.654519,1,0,0,NO
OPENJPA,openjpa-kernel/src/main/java/org/apache/openjpa/enhance/StateManager.java,12,69,880,6,4,583,282,97.166667,286,277,47.666667,3159,1263,526.500000,197.285714,195.840422,1,0,0,NO
OPENJPA,openjpa-kernel/src/main/java/org/apache/openjpa/event/AbstractLifecycleListener.java,12,60,288,5,2,198,81,39.600000,108,77,21.600000,3116,1263,623.200000,197.285714,189.838790,1,0,0,NO
OPENJPA,openjpa-kernel/src/main/java/org/apache/openjpa/event/AbstractRemoteCommitProvider.java,12,32,222,5,2,146,67,29.200000,70,63,14.000000,3332,1263,666.400000,197.285714,193.032819,1,0,0,NO
OPENJPA,openjpa-kernel/src/main/java/org/apache/openjpa/event/AbstractTransactionListener.java,12,33,239,5,2,156,70,31.200000,73,67,14.600000,3332,1263,666.400000,197.285714,193.323969,1,0,0,NO
OPENJPA,openjpa-kernel/src/main/java/org/apache/openjpa/event/AttachListener.java,12,5,249,7,2,143,40,20.428571,37,40,5.285714,3805,1263,543.571429,205.571429,195.288583,2,0,0,NO
OPENJPA,openjpa-kernel/src/main/java/org/apache/openjpa/event/BeginTransactionListener.java,12,4,226,8,2,131,35,16.375000,36,35,4.500000,4027,1263,503.375000,205.571429,194.726296,2,0,0,NO
OPENJPA,openjpa-kernel/src/main/java/org/apache/openjpa/event/BrokerFactoryEvent.java,12,18,618,11,3,337,56,30.636364,56,55,5.090909,5784,1544,525.818182,205.571429,162.448682,1,0,1,NO
OPENJPA,openjpa-kernel/src/main/java/org/apache/openjpa/event/BrokerFactoryListener.java,12,4,395,11,3,215,40,19.545455,35,40,3.181818,5493,1544,499.363636,205.571429,161.479928,2,0,1,NO
OPENJPA,openjpa-kernel/src/main/java/org/apache/openjpa/event/ClearListener.java,12,5,252,8,2,145,35,18.125000,38,35,4.750000,4100,1263,512.500000,205.571429,195.199546,1,0,0,NO
OPENJPA,openjpa-kernel/src/main/java/org/apache/openjpa/event/DeleteListener.java,12,5,252,8,2,145,35,18.125000,38,35,4.750000,4100,1263,512.500000,205.571429,195.199546,1,0,0,NO
OPENJPA,openjpa-kernel/src/main/java/org/apache/openjpa/event/DetachListener.java,12,5,249,7,2,143,40,20.428571,37,40,5.285714,3805,1263,543.571429,205.571429,195.288583,2,0,0,NO
OPENJPA,openjpa-kernel/src/main/java/org/apache/openjpa/event/DirtyListener.java,12,7,344,7,2,196,60,28.000000,48,60,6.857143,3805,1263,543.571429,205.571429,196.469684,2,0,0,NO
OPENJPA,openjpa-kernel/src/main/java/org/apache/openjpa/event/EndTransactionListener.java,12,9,249,5,2,161,70,32.200000,73,67,14.600000,3332,1263,666.400000,197.285714,193.471601,1,0,0,NO
OPENJPA,openjpa-kernel/src/main/java/org/apache/openjpa/event/ExceptionOrphanedKeyAction.java,12,14,304,8,2,173,53,21.625000,42,53,5.250000,4027,1263,503.375000,205.571429,196.065789,2,0,0,NO
OPENJPA,openjpa-kernel/src/main/java/org/apache/openjpa/event/FlushTransactionListener.java,12,5,315,8,2,179,55,22.375000,43,55,5.375000,4027,1263,503.375000,205.571429,196.184127,2,0,0,NO
OPENJPA,openjpa-kernel/src/main/java/org/apache/openjpa/event/LifecycleListener.java,12,5,197,7,2,114,32,16.285714,31,32,4.428571,3805,1263,543.571429,205.571429,194.269761,2,0,0,NO
OPENJPA,openjpa-kernel/src/main/java/org/apache/openjpa/event/LoadListener.java,12,5,252,8,2,145,35,18.125000,38,35,4.750000,4100,1263,512.500000,205.571429,195.199546,1,0,0,NO
OPENJPA,openjpa-kernel/src/main/java/org/apache/openjpa/event/NoneOrphanedKeyAction.java,12,10,245,9,2,141,35,15.666667,37,35,4.111111,4322,1263,480.222222,205.571429,195.060058,1,0,0,NO
OPENJPA,openjpa-kernel/src/main/java/org/apache/openjpa/event/OrphanedKeyAction.java,12,6,149,5,2,96,40,19.200000,43,37,8.600000,3332,1263,666.400000,197.285714,190.988495,1,0,0,NO
OPENJPA,openjpa-kernel/src/main/java/org/apache/openjpa/event/PersistListener.java,12,5,247,7,2,142,40,20.285714,37,40,5.285714,3805,1263,543.571429,205.571429,195.274725,2,0,0,NO
OPENJPA,openjpa-kernel/src/main/java/org/apache/openjpa/event/PostDeleteListener.java,12,4,409,12,3,221,40,18.416667,33,40,2.750000,5505,1544,458.750000,205.571429,160.472930,2,0,2,NO
OPENJPA,openjpa-kernel/src/main/java/org/apache/openjpa/event/PostPersistListener.java,12,4,385,9,3,209,40,23.222222,33,40,3.666667,5361,1544,595.666667,205.571429,156.962523,2,0,2,NO
OPENJPA,openjpa-kernel/src/main/java/org/apache/openjpa/event/RemoteCommitListener.java,12,7,241,6,3,151,65,25.166667,61,52,10.166667,3507,1263,584.500000,197.285714,191.555424,1,0,0,NO
OPENJPA,openjpa-kernel/src/main/java/org/apache/openjpa/event/RemoteCommitProvider.java,12,8,224,6,2,143,63,23.833333,62,55,10.333333,3346,1263,557.666667,197.285714,193.047832,1,0,0,NO
OPENJPA,openjpa-kernel/src/main/java/org/apache/openjpa/event/SingleJVMRemoteCommitProvider.java,12,24,511,8,4,288,66,36.000000,65,61,8.125000,5041,1544,630.125000,197.285714,137.042773,1,0,1,NO
OPENJPA,openjpa-kernel/src/main/java/org/apache/openjpa/event/StoreListener.java,12,5,228,7,2,133,35,19.000000,38,35,5.428571,3805,1263,543.571429,205.571429,194.811404,2,0,0,NO
OPENJPA,openjpa-kernel/src/main/java/org/apache/openjpa/event/TransactionListener.java,12,5,194,9,2,113,30,12.555556,32,30,3.555556,4028,1263,447.555556,205.571429,194.058910,2,0,0,NO
OPENJPA,openjpa-kernel/src/main/java/org/apache/openjpa/event/UpdateListener.java,12,5,434,12,3,238,42,19.833333,42,40,3.500000,5505,1544,458.750000,205.571429,155.434826,2,0,2,NO
OPENJPA,openjpa-kernel/src/main/java/org/apache/openjpa/kernel/AbstractFieldManager.java,12,66,348,4,2,230,109,57.500000,112,105,28.000000,3110,1263,777.500000,197.285714,194.577586,1,0,0,NO
OPENJPA,openjpa-kernel/src/main/java/org/apache/openjpa/kernel/AbstractLockManager.java,12,32,271,6,3,180,80,30.000000,89,75,14.833333,3146,1263,524.333333,197.285714,186.025830,1,0,0,NO
OPENJPA,openjpa-kernel/src/main/java/org/apache/openjpa/kernel/Broker.java,12,126,2239,15,6,1501,665,100.066667,763,652,50.866667,3615,1263,241.000000,197.285714,192.724622,1,0,2,NO
OPENJPA,openjpa-kernel/src/main/java/org/apache/openjpa/kernel/BrokerFactory.java,12,28,415,12,6,287,101,23.916667,159,97,13.250000,3461,1263,288.416667,197.285714,168.492255,1,0,1,NO
OPENJPA,openjpa-kernel/src/main/java/org/apache/openjpa/kernel/DataCacheRetrieveMode.java,12,5,223,9,4,128,31,14.222222,33,30,3.666667,3867,1263,429.666667,205.571429,180.409353,2,0,0,NO
OPENJPA,openjpa-kernel/src/main/java/org/apache/openjpa/kernel/DataCacheStoreMode.java,12,6,300,10,3,171,40,17.100000,42,35,4.200000,4343,1263,434.300000,205.571429,181.856190,1,0,0,NO
OPENJPA,openjpa-kernel/src/main/java/org/apache/openjpa/kernel/Extent.java,12,17,295,4,2,193,90,48.250000,91,85,22.750000,3110,1263,777.500000,197.285714,194.104116,1,0,0,NO
OPENJPA,openjpa-kernel/src/main/java/org/apache/openjpa/kernel/FindCallbacks.java,12,5,317,8,2,180,55,22.500000,43,55,5.375000,3825,1263,478.125000,205.571429,196.230735,2,0,0,NO
OPENJPA,openjpa-kernel/src/main/java/org/apache/openjpa/kernel/FinderCache.java,12,16,446,5,2,295,144,59.000000,144,144,28.800000,1858,1544,371.600000,61.285714,58.024984,0,0,1,NO
OPENJPA,openjpa-kernel/src/main/java/org/apache/openjpa/kernel/FinderQuery.java,12,8,195,2,2,130,65,65.000000,65,65,32.500000,1560,1544,780.000000,61.285714,58.142857,0,0,1,NO
OPENJPA,openjpa-kernel/src/main/java/org/apache/openjpa/kernel/LockManager.java,12,18,378,6,3,248,108,41.333333,118,103,19.666667,3159,1263,526.500000,197.285714,192.196901,1,0,0,NO
OPENJPA,openjpa-kernel/src/main/java/org/apache/openjpa/kernel/MixedLockLevels.java,12,9,322,12,3,189,40,15.750000,56,35,4.666667,4351,1263,362.583333,205.571429,175.468500,1,0,0,NO
OPENJPA,openjpa-kernel/src/main/java/org/apache/openjpa/kernel/NoneLockManager.java,12,18,300,8,3,174,53,21.750000,48,53,6.000000,3834,1263,479.250000,205.571429,192.849524,2,0,0,NO
OPENJPA,openjpa-kernel/src/main/java/org/apache/openjpa/kernel/ObjectFactory.java,12,4,333,12,4,183,31,15.250000,33,30,2.750000,5825,1544,485.416667,205.571429,147.705277,1,0,1,NO
OPENJPA,openjpa-kernel/src/main/java/org/apache/openjpa/kernel/OpCallbacks.java,12,18,189,5,2,122,52,24.400000,55,48,11.000000,3130,1263,626.000000,197.285714,192.364324,1,0,0,NO
OPENJPA,openjpa-kernel/src/main/java/org/apache/openjpa/kernel/PCData.java,12,21,378,7,4,245,108,35.000000,112,102,16.000000,3269,1263,467.000000,197.285714,192.396070,1,0,0,NO
OPENJPA,openjpa-kernel/src/main/java/org/apache/openjpa/kernel/PreparedQuery.java,12,13,342,7,2,227,110,32.428571,112,98,16.000000,1810,1544,258.571429,63.857143,58.624896,0,0,1,NO
OPENJPA,openjpa-kernel/src/main/java/org/apache/openjpa/kernel/Query.java,12,35,629,6,3,411,194,68.500000,193,187,32.166667,3344,1263,557.333333,197.285714,192.292755,1,0,0,NO
OPENJPA,openjpa-kernel/src/main/java/org/apache/openjpa/kernel/SavepointManager.java,12,5,253,9,2,146,36,16.222222,39,35,4.333333,4322,1263,480.222222,205.571429,195.127612,1,0,0,NO
OPENJPA,openjpa-kernel/src/main/java/org/apache/openjpa/kernel/Seq.java,12,15,243,4,2,158,70,39.500000,73,66,18.250000,3110,1263,777.500000,197.285714,193.439153,1,0,0,NO
OPENJPA,openjpa-kernel/src/main/java/org/apache/openjpa/kernel/StoreContext.java,12,84,1685,17,5,1094,437,64.352941,503,430,29.588235,3752,1263,220.705882,197.285714,173.508012,1,0,0,NO
OPENJPA,openjpa-kernel/src/main/java/org/apache/openjpa/kernel/StoreManager.java,12,57,1540,14,5,987,427,70.500000,434,416,31.000000,3738,1263,267.000000,197.285714,194.463729,1,0,0,NO
OPENJPA,openjpa-kernel/src/main/java/org/apache/openjpa/kernel/exps/AbstractExpressionVisitor.java,12,12,62,3,2,52,24,17.333333,42,24,14.000000,1494,1263,498.000000,191.714286,176.163594,0,0,0,NO
OPENJPA,openjpa-kernel/src/main/java/org/apache/openjpa/kernel/exps/Add.java,12,11,237,7,2,139,38,19.857143,41,35,5.857143,3805,1263,543.571429,205.571429,194.899940,2,0,0,NO
OPENJPA,openjpa-kernel/src/main/java/org/apache/openjpa/kernel/exps/AggregateListener.java,12,12,244,5,2,158,69,31.600000,72,65,14.400000,3130,1263,626.000000,197.285714,193.449063,1,0,0,NO
OPENJPA,openjpa-kernel/src/main/java/org/apache/openjpa/kernel/exps/All.java,12,27,183,4,2,121,56,30.250000,59,49,14.750000,3110,1263,777.500000,197.285714,192.220921,1,0,0,NO
OPENJPA,openjpa-kernel/src/main/java/org/apache/openjpa/kernel/exps/Any.java,12,27,180,4,2,119,55,29.750000,58,48,14.500000,3110,1263,777.500000,197.285714,192.138095,1,0,0,NO
OPENJPA,openjpa-kernel/src/main/java/org/apache/openjpa/kernel/exps/Arguments.java,12,5,197,7,2,115,30,16.428571,33,30,4.714286,3805,1263,543.571429,205.571429,194.166062,2,0,0,NO
OPENJPA,openjpa-kernel/src/main/java/org/apache/openjpa/kernel/exps/Avg.java,12,30,208,6,3,136,62,22.666667,64,56,10.666667,3223,1263,537.166667,197.285714,188.232830,1,0,0,NO
OPENJPA,openjpa-kernel/src/main/java/org/apache/openjpa/kernel/exps/Constant.java,12,4,205,8,3,119,31,14.875000,33,30,4.125000,3831,1263,478.875000,205.571429,194.112195,2,0,0,NO
OPENJPA,openjpa-kernel/src/main/java/org/apache/openjpa/kernel/exps/Count.java,12,19,395,10,3,223,55,22.300000,51,55,5.100000,4213,1263,421.300000,205.571429,195.201447,1,0,0,NO
OPENJPA,openjpa-kernel/src/main/java/org/apache/openjpa/kernel/exps/Divide.java,12,11,240,7,2,141,39,20.142857,42,35,6.000000,3805,1263,543.571429,205.571429,194.928571,2,0,0,NO
OPENJPA,openjpa-kernel/src/main/java/org/apache/openjpa/kernel/exps/EndsWithExpression.java,12,12,275,7,2,158,45,22.571429,41,45,5.857143,3805,1263,543.571429,205.571429,195.668571,2,0,0,NO
OPENJPA,openjpa-kernel/src/main/java/org/apache/openjpa/kernel/exps/EqualExpression.java,12,11,239,7,2,140,39,20.000000,41,35,5.857143,3805,1263,543.571429,205.571429,194.918111,2,0,0,NO
OPENJPA,openjpa-kernel/src/main/java/org/apache/openjpa/kernel/exps/Expression.java,12,6,208,10,3,122,30,12.200000,36,30,3.600000,4217,1263,421.700000,205.571429,192.842720,1,0,0,NO
OPENJPA,openjpa-kernel/src/main/java/org/apache/openjpa/kernel/exps/ExpressionParser.java,12,14,204,4,2,134,61,33.500000,64,57,16.000000,3110,1263,777.500000,197.285714,192.733193,1,0,0,NO
OPENJPA,openjpa-kernel/src/main/java/org/apache/openjpa/kernel/exps/ExpressionVisitor.java,12,7,69,3,2,59,31,19.666667,49,31,16.333333,1494,1263,498.000000,191.714286,177.741201,0,0,0,NO
OPENJPA,openjpa-kernel/src/main/java/org/apache/openjpa/kernel/exps/FilterListener.java,12,12,317,5,2,203,89,40.600000,89,82,17.800000,3130,1263,626.000000,197.285714,194.298783,1,0,0,NO
OPENJPA,openjpa-kernel/src/main/java/org/apache/openjpa/kernel/exps/GreaterThanEqualExpression.java,12,12,280,7,2,161,45,23.000000,42,45,6.000000,3805,1263,543.571429,205.571429,195.694898,2,0,0,NO
OPENJPA,openjpa-kernel/src/main/java/org/apache/openjpa/kernel/exps/GreaterThanExpression.java,12,12,280,7,2,161,45,23.000000,42,45,6.000000,3805,1263,543.571429,205.571429,195.694898,2,0,0,NO
OPENJPA,openjpa-kernel/src/main/java/org/apache/openjpa/kernel/exps/Index.java,12,15,325,8,3,186,53,23.250000,47,53,5.875000,3824,1263,478.000000,205.571429,187.350330,2,0,0,NO
OPENJPA,openjpa-kernel/src/main/java/org/apache/openjpa/kernel/exps/LessThanEqualExpression.java,12,12,280,7,2,161,45,23.000000,42,45,6.000000,3805,1263,543.571429,205.571429,195.694898,2,0,0,NO
OPENJPA,openjpa-kernel/src/main/java/org/apache/openjpa/kernel/exps/LessThanExpression.java,12,12,280,7,2,161,45,23.000000,42,45,6.000000,3805,1263,543.571429,205.571429,195.694898,2,0,0,NO
OPENJPA,openjpa-kernel/src/main/java/org/apache/openjpa/kernel/exps/Literal.java,12,18,359,12,5,208,60,17.333333,57,60,4.750000,3866,1263,322.166667,205.571429,193.883406,2,0,0,NO
OPENJPA,openjpa-kernel/src/main/java/org/apache/openjpa/kernel/exps/Max.java,12,22,171,4,2,112,50,28.000000,53,46,13.250000,3110,1263,777.500000,197.285714,191.873016,1,0,0,NO
OPENJPA,openjpa-kernel/src/main/java/org/apache/openjpa/kernel/exps/Min.java,12,22,171,4,2,112,50,28.000000,53,46,13.250000,3110,1263,777.500000,197.285714,191.873016,1,0,0,NO
OPENJPA,openjpa-kernel/src/main/java/org/apache/openjpa/kernel/exps/Mod.java,12,11,240,7,2,141,39,20.142857,42,35,6.000000,3805,1263,543.571429,205.571429,194.928571,2,0,0,NO
OPENJPA,openjpa-kernel/src/main/java/org/apache/openjpa/kernel/exps/Multiply.java,12,11,278,7,2,160,45,22.857143,42,45,6.000000,3805,1263,543.571429,205.571429,195.684995,2,0,0,NO
OPENJPA,openjpa-kernel/src/main/java/org/apache/openjpa/kernel/exps/NotEqualExpression.java,12,11,239,7,2,140,39,20.000000,41,35,5.857143,3805,1263,543.571429,205.571429,194.918111,2,0,0,NO
OPENJPA,openjpa-kernel/src/main/java/org/apache/openjpa/kernel/exps/Parameter.java,12,6,221,9,4,130,36,14.444444,39,30,4.333333,3892,1263,432.444444,205.571429,192.017453,2,0,0,NO
OPENJPA,openjpa-kernel/src/main/java/org/apache/openjpa/kernel/exps/Path.java,12,15,417,13,5,250,55,19.230769,83,55,6.384615,4267,1263,328.230769,205.571429,186.734841,1,0,1,NO
OPENJPA,openjpa-kernel/src/main/java/org/apache/openjpa/kernel/exps/Resolver.java,12,10,190,5,2,126,51,25.200000,62,48,12.400000,3120,1263,624.000000,197.285714,189.022556,1,0,0,NO
OPENJPA,openjpa-kernel/src/main/java/org/apache/openjpa/kernel/exps/Size.java,12,19,164,6,3,106,46,17.666667,48,42,8.000000,3223,1263,537.166667,197.285714,183.506098,1,0,0,NO
OPENJPA,openjpa-kernel/src/main/java/org/apache/openjpa/kernel/exps/StartsWithExpression.java,12,12,275,7,2,158,45,22.571429,41,45,5.857143,3805,1263,543.571429,205.571429,195.668571,2,0,0,NO
OPENJPA,openjpa-kernel/src/main/java/org/apache/openjpa/kernel/exps/Subquery.java,12,9,273,12,4,162,37,13.500000,51,35,4.250000,4389,1263,365.750000,205.571429,188.163265,1,0,1,NO
OPENJPA,openjpa-kernel/src/main/java/org/apache/openjpa/kernel/exps/Subtract.java,12,11,278,7,2,160,45,22.857143,42,45,6.000000,3805,1263,543.571429,205.571429,195.684995,2,0,0,NO
OPENJPA,openjpa-kernel/src/main/java/org/apache/openjpa/kernel/exps/Sum.java,12,31,204,6,3,134,62,22.333333,64,55,10.666667,3223,1263,537.166667,197.285714,189.927171,1,0,0,NO
OPENJPA,openjpa-kernel/src/main/java/org/apache/openjpa/kernel/exps/Value.java,12,19,231,11,6,163,55,14.818182,95,52,8.636364,3339,1263,303.545455,197.285714,179.730365,1,0,1,NO
OPENJPA,openjpa-kernel/src/main/java/org/apache/openjpa/kernel/jpql/SimpleNode.java,12,7,220,9,2,127,31,14.111111,34,30,3.777778,4101,1263,455.666667,205.571429,194.651948,1,0,0,NO
OPENJPA,openjpa-kernel/src/main/java/org/apache/openjpa/meta/MetaDataContext.java,12,4,196,7,2,114,30,16.285714,32,30,4.571429,3805,1263,543.571429,205.571429,194.150875,2,0,0,NO
OPENJPA,openjpa-kernel/src/main/java/org/apache/openjpa/meta/MetaDataDefaults.java,12,22,344,17,6,237,64,13.941176,130,60,7.647059,3300,1263,194.117647,197.285714,166.874585,1,0,3,NO
OPENJPA,openjpa-kernel/src/main/java/org/apache/openjpa/meta/MetaDataFactory.java,12,35,518,9,6,353,138,39.222222,188,134,20.888889,3191,1263,354.555556,197.285714,180.133480,1,0,0,YES
OPENJPA,openjpa-kernel/src/main/java/org/apache/openjpa/meta/Order.java,12,10,338,8,2,195,55,24.375000,52,55,6.500000,3844,1263,480.500000,205.571429,196.082418,2,0,0,NO
OPENJPA,openjpa-kernel/src/main/java/org/apache/openjpa/meta/ValueMetaData.java,12,50,1027,11,5,678,300,61.636364,329,296,29.909091,3489,1263,317.181818,197.285714,190.241341,1,0,0,NO
OPENJPA,openjpa-kernel/src/main/java/org/apache/openjpa/util/ChangeTracker.java,12,12,305,4,2,197,86,49.250000,89,83,22.250000,3110,1263,777.500000,197.285714,194.194379,1,0,0,NO
OPENJPA,openjpa-kernel/src/main/java/org/apache/openjpa/util/ClassResolver.java,12,5,158,6,3,101,43,16.833333,44,39,7.333333,3343,1263,557.166667,197.285714,188.154611,1,0,0,NO
OPENJPA,openjpa-kernel/src/main/java/org/apache/openjpa/util/ClassResolverImpl.java,12,30,227,10,5,147,59,14.700000,67,53,6.700000,3625,1263,362.500000,197.285714,181.553807,1,0,1,NO
OPENJPA,openjpa-kernel/src/main/java/org/apache/openjpa/util/CollectionChangeTracker.java,12,6,303,7,2,172,55,24.571429,41,55,5.857143,3805,1263,543.571429,205.571429,196.191891,2,0,0,NO
OPENJPA,openjpa-kernel/src/main/java/org/apache/openjpa/util/ExceptionInfo.java,12,18,276,8,3,181,80,22.625000,86,77,10.750000,3348,1263,418.500000,197.285714,191.940476,1,0,0,NO
OPENJPA,openjpa-kernel/src/main/java/org/apache/openjpa/util/GeneralException.java,12,25,325,9,2,191,53,21.222222,57,53,6.333333,3935,1263,437.222222,205.571429,195.203516,2,0,0,NO
OPENJPA,openjpa-kernel/src/main/java/org/apache/openjpa/util/InternalException.java,12,31,342,9,2,203,53,22.555556,64,53,7.111111,4116,1263,457.333333,205.571429,196.046366,2,0,0,NO
OPENJPA,openjpa-kernel/src/main/java/org/apache/openjpa/util/LRSProxy.java,12,4,198,9,2,114,30,12.666667,30,30,3.333333,4322,1263,480.222222,205.571429,194.210678,1,0,0,NO
OPENJPA,openjpa-kernel/src/main/java/org/apache/openjpa/util/MapChangeTracker.java,12,9,214,5,2,138,59,27.600000,62,55,12.400000,3160,1263,632.000000,197.285714,192.927236,1,0,0,NO
OPENJPA,openjpa-kernel/src/main/java/org/apache/openjpa/util/Proxy.java,12,9,211,5,3,136,59,27.200000,61,55,12.200000,3151,1263,630.200000,197.285714,192.668923,1,0,0,NO
OPENJPA,openjpa-kernel/src/main/java/org/apache/openjpa/util/ProxyBean.java,12,5,213,8,3,124,31,15.500000,35,30,4.375000,3846,1263,480.750000,205.571429,193.289738,2,0,0,NO
OPENJPA,openjpa-kernel/src/main/java/org/apache/openjpa/util/ProxyCalendar.java,12,5,234,9,3,134,35,14.888889,34,35,3.777778,3851,1263,427.888889,205.571429,193.664225,2,0,0,NO
OPENJPA,openjpa-kernel/src/main/java/org/apache/openjpa/util/ProxyCollection.java,12,9,170,6,4,106,41,17.666667,42,36,7.000000,3164,1263,527.333333,197.285714,187.072269,1,0,1,NO
OPENJPA,openjpa-kernel/src/main/java/org/apache/openjpa/util/ProxyDate.java,12,5,204,8,3,119,31,14.875000,34,30,4.250000,3846,1263,480.750000,205.571429,194.058824,2,0,0,NO
OPENJPA,openjpa-kernel/src/main/java/org/apache/openjpa/util/ProxyManager.java,12,22,466,7,4,291,119,41.571429,116,116,16.571429,3386,1263,483.714286,197.285714,190.368486,1,0,1,NO
OPENJPA,openjpa-kernel/src/main/java/org/apache/openjpa/util/ProxyMap.java,12,10,169,6,4,108,40,18.000000,47,36,7.833333,3164,1263,527.333333,197.285714,186.887574,1,0,1,NO
OPENJPA,openjpa-kernel/src/main/java/org/apache/openjpa/util/RuntimeExceptionTranslator.java,12,6,220,7,2,128,35,18.285714,36,35,5.142857,3805,1263,543.571429,205.571429,194.724675,2,0,0,NO
OPENJPA,openjpa-kernel/src/main/java/org/apache/openjpa/util/StoreException.java,12,30,377,14,5,220,53,15.714286,63,53,4.500000,4176,1263,298.285714,205.571429,185.749905,2,0,2,NO
OPENJPA,openjpa-kernel/src/main/java/org/apache/openjpa/util/UnsupportedException.java,12,23,336,9,2,195,53,21.666667,54,53,6.000000,4116,1263,457.333333,205.571429,196.073554,2,0,0,NO
OPENJPA,openjpa-kernel/src/main/java/org/apache/openjpa/util/UserException.java,12,31,343,10,2,204,53,20.400000,65,53,6.500000,4122,1263,412.200000,205.571429,195.847564,2,0,1,NO
OPENJPA,openjpa-kernel/src/main/java/org/apache/openjpa/util/WrappedException.java,12,24,387,12,5,222,53,18.500000,57,53,4.750000,4132,1263,344.333333,205.571429,171.878922,2,0,0,NO
OPENJPA,openjpa-kernel/src/main/java/org/apache/openjpa/validation/ValidationUnavailableException.java,12,20,396,15,7,220,31,14.666667,44,30,2.933333,6243,1544,416.200000,205.571429,132.805916,1,0,2,NO
OPENJPA,openjpa-kernel/src/main/java/org/apache/openjpa/validation/Validator.java,12,9,89,2,2,82,78,41.000000,75,78,37.500000,10,9,5.000000,48.428571,47.739968,0,0,0,NO
OPENJPA,openjpa-lib/src/main/java/org/apache/openjpa/lib/conf/Configurable.java,12,6,105,5,2,75,42,15.000000,45,42,9.000000,3181,1263,636.200000,199.142857,189.755102,2,0,0,NO
OPENJPA,openjpa-lib/src/main/java/org/apache/openjpa/lib/conf/ConfigurationProvider.java,12,8,303,10,4,179,71,17.900000,55,71,5.500000,3499,1263,349.900000,199.142857,187.497407,2,0,0,NO
OPENJPA,openjpa-lib/src/main/java/org/apache/openjpa/lib/conf/GenericConfigurable.java,12,5,123,6,2,82,39,13.666667,41,39,6.833333,3186,1263,531.000000,199.142857,190.826945,2,0,0,NO
OPENJPA,openjpa-lib/src/main/java/org/apache/openjpa/lib/conf/ValueListener.java,12,4,102,6,2,67,31,11.166667,32,31,5.333333,3315,1263,552.500000,205.571429,191.457983,2,0,0,NO
OPENJPA,openjpa-lib/src/main/java/org/apache/openjpa/lib/encryption/EncryptionProvider.java,12,5,49,1,1,49,49,49.000000,49,49,49.000000,8,8,8.000000,37.428571,37.428571,0,0,0,NO
OPENJPA,openjpa-lib/src/main/java/org/apache/openjpa/lib/graph/GraphVisitor.java,12,6,533,9,3,290,60,32.222222,47,60,5.222222,5360,1544,595.555556,205.571429,163.540070,2,0,1,NO
OPENJPA,openjpa-lib/src/main/java/org/apache/openjpa/lib/graph/NodeInfo.java,12,8,393,11,4,214,36,19.454545,35,30,3.181818,5863,1544,533.000000,205.571429,161.069066,2,0,1,NO
OPENJPA,openjpa-lib/src/main/java/org/apache/openjpa/lib/identifier/Identifier.java,12,6,307,14,5,168,30,12.000000,29,30,2.071429,6406,1544,457.571429,205.571429,150.939507,1,0,1,NO
OPENJPA,openjpa-lib/src/main/java/org/apache/openjpa/lib/identifier/IdentifierConfiguration.java,12,16,98,2,1,98,89,49.000000,98,89,49.000000,17,10,8.500000,13.857143,13.804665,0,0,0,NO
OPENJPA,openjpa-lib/src/main/java/org/apache/openjpa/lib/identifier/IdentifierUtil.java,12,58,326,2,1,326,319,163.000000,326,319,163.000000,18,10,9.000000,13.857143,13.841805,0,0,0,NO
OPENJPA,openjpa-lib/src/main/java/org/apache/openjpa/lib/jdbc/ConnectionDecorator.java,12,6,112,6,2,74,35,12.333333,36,35,6.000000,3315,1263,552.500000,205.571429,192.321429,2,0,0,NO
OPENJPA,openjpa-lib/src/main/java/org/apache/openjpa/lib/jdbc/JDBCEvent.java,12,51,279,6,3,221,157,36.833333,163,157,27.166667,3217,1263,536.166667,199.142857,195.062980,2,0,0,NO
OPENJPA,openjpa-lib/src/main/java/org/apache/openjpa/lib/jdbc/JDBCListener.java,12,15,168,5,2,129,86,25.800000,90,86,18.000000,3181,1263,636.200000,199.142857,193.224490,2,0,0,NO
OPENJPA,openjpa-lib/src/main/java/org/apache/openjpa/lib/log/AbstractLog.java,12,74,292,7,2,216,159,30.857143,140,159,20.000000,3760,1263,537.142857,199.142857,195.357143,2,0,0,NO
OPENJPA,openjpa-lib/src/main/java/org/apache/openjpa/lib/log/LogFactory.java,12,4,98,6,2,65,30,10.833333,32,30,5.333333,3315,1263,552.500000,205.571429,191.081633,2,0,0,NO
OPENJPA,openjpa-lib/src/main/java/org/apache/openjpa/lib/meta/MetaDataFilter.java,12,9,180,6,2,116,55,19.333333,52,55,8.666667,3315,1263,552.500000,205.571429,195.595238,2,0,0,NO
OPENJPA,openjpa-lib/src/main/java/org/apache/openjpa/lib/meta/MetaDataIterator.java,12,12,138,5,2,99,57,19.800000,60,57,12.000000,3181,1263,636.200000,199.142857,191.883023,2,0,0,NO
OPENJPA,openjpa-lib/src/main/java/org/apache/openjpa/lib/meta/MetaDataParser.java,12,17,197,7,3,142,84,20.285714,87,84,12.428571,3707,1263,529.571429,199.142857,192.686004,2,0,0,NO
OPENJPA,openjpa-lib/src/main/java/org/apache/openjpa/lib/meta/MetaDataSerializer.java,12,15,250,8,3,162,76,20.250000,74,76,9.250000,3757,1263,469.625000,199.142857,192.697143,2,0,0,NO
OPENJPA,openjpa-lib/src/main/java/org/apache/openjpa/lib/meta/SourceTracker.java,12,13,133,6,3,100,54,16.666667,67,54,11.166667,3196,1263,532.666667,199.142857,181.346939,2,0,0,NO
OPENJPA,openjpa-lib/src/main/java/org/apache/openjpa/lib/rop/AbstractSequentialResultList.java,12,72,234,5,2,175,130,35.000000,116,130,23.200000,3181,1263,636.200000,199.142857,194.819902,2,0,0,NO
OPENJPA,openjpa-lib/src/main/java/org/apache/openjpa/lib/rop/ResultList.java,12,11,185,8,4,126,62,15.750000,67,62,8.375000,3283,1263,410.375000,199.142857,183.480309,2,0,0,NO
OPENJPA,openjpa-lib/src/main/java/org/apache/openjpa/lib/util/BytecodeWriter.java,12,6,107,6,2,70,32,11.666667,33,32,5.500000,3315,1263,552.500000,205.571429,191.790387,2,0,0,NO
OPENJPA,openjpa-lib/src/main/java/org/apache/openjpa/lib/util/Bytes.java,12,79,529,4,4,348,167,87.000000,167,164,41.750000,2811,1544,702.750000,180.142857,101.062382,0,0,1,NO
OPENJPA,openjpa-lib/src/main/java/org/apache/openjpa/lib/util/Clearable.java,12,4,107,8,3,68,30,8.500000,29,30,3.625000,3324,1263,415.500000,205.571429,171.802403,2,0,0,NO
OPENJPA,openjpa-lib/src/main/java/org/apache/openjpa/lib/util/EventManager.java,12,10,121,5,2,90,56,18.000000,59,56,11.800000,3181,1263,636.200000,199.142857,190.965762,2,0,0,NO
OPENJPA,openjpa-lib/src/main/java/org/apache/openjpa/lib/util/ParseException.java,12,21,172,8,2,113,53,14.125000,54,53,6.750000,3626,1263,453.250000,205.571429,194.984219,2,0,0,NO
OPENJPA,openjpa-lib/src/main/java/org/apache/openjpa/lib/util/ReferenceMap.java,12,10,123,5,2,88,50,17.600000,53,50,10.600000,3181,1263,636.200000,199.142857,191.029036,2,0,0,NO
OPENJPA,openjpa-lib/src/main/java/org/apache/openjpa/lib/util/Reflectable.java,12,12,93,3,3,68,25,22.666667,43,25,14.333333,1627,1544,542.333333,62.142857,56.050691,0,0,1,NO
OPENJPA,openjpa-lib/src/main/java/org/apache/openjpa/lib/util/ResourceBundleProvider.java,12,7,121,6,2,80,37,13.333333,39,37,6.500000,3315,1263,552.500000,205.571429,192.927981,2,0,0,NO
OPENJPA,openjpa-lib/src/main/java/org/apache/openjpa/lib/util/SizedMap.java,12,8,180,6,2,115,60,19.166667,50,60,8.333333,3315,1263,552.500000,205.571429,195.790476,2,0,0,NO
OPENJPA,openjpa-lib/src/main/java/org/apache/openjpa/lib/util/concurrent/ConcurrentMap.java,12,7,172,6,2,108,55,18.000000,44,55,7.333333,3315,1263,552.500000,205.571429,195.413621,2,0,0,NO
OPENJPA,openjpa-lib/src/main/java/org/apache/openjpa/lib/xml/Commentable.java,12,6,132,7,2,86,40,12.285714,40,40,5.714286,3537,1263,505.285714,205.571429,193.469697,2,0,0,NO
OPENJPA,openjpa-lib/src/main/java/org/apache/openjpa/lib/xml/ValidatingErrorHandler.java,12,15,164,6,2,105,53,17.500000,46,53,7.666667,3315,1263,552.500000,205.571429,195.171603,2,0,0,NO
OPENJPA,openjpa-persistence-jdbc/src/main/java/org/apache/openjpa/persistence/jdbc/ClassCriteria.java,12,11,298,10,2,169,53,16.900000,40,53,4.000000,4633,1263,463.300000,205.571429,195.816395,2,0,0,NO
OPENJPA,openjpa-persistence-jdbc/src/main/java/org/apache/openjpa/persistence/jdbc/Columns.java,12,12,300,10,2,170,53,17.000000,40,53,4.000000,4633,1263,463.300000,205.571429,195.818571,2,0,0,NO
OPENJPA,openjpa-persistence-jdbc/src/main/java/org/apache/openjpa/persistence/jdbc/ContainerTable.java,12,17,181,7,2,116,45,16.571429,51,42,7.285714,3938,1263,562.571429,197.285714,191.644830,1,0,0,NO
OPENJPA,openjpa-persistence-jdbc/src/main/java/org/apache/openjpa/persistence/jdbc/DataStoreIdColumn.java,12,14,316,10,2,181,53,18.100000,46,53,4.600000,4633,1263,463.300000,205.571429,195.864828,2,0,0,NO
OPENJPA,openjpa-persistence-jdbc/src/main/java/org/apache/openjpa/persistence/jdbc/DiscriminatorStrategy.java,12,10,256,11,2,147,35,13.363636,38,35,3.454545,4928,1263,448.000000,205.571429,194.893415,1,0,0,NO
OPENJPA,openjpa-persistence-jdbc/src/main/java/org/apache/openjpa/persistence/jdbc/EagerFetchMode.java,12,11,301,11,2,170,53,15.454545,39,53,3.545455,4649,1263,422.636364,205.571429,195.441860,2,0,0,NO
OPENJPA,openjpa-persistence-jdbc/src/main/java/org/apache/openjpa/persistence/jdbc/ElementClassCriteria.java,12,11,298,10,2,169,53,16.900000,40,53,4.000000,4633,1263,463.300000,205.571429,195.816395,2,0,0,NO
OPENJPA,openjpa-persistence-jdbc/src/main/java/org/apache/openjpa/persistence/jdbc/ElementColumn.java,12,19,402,9,3,228,54,25.333333,54,42,6.000000,5525,1544,613.888889,197.285714,138.183014,1,0,1,NO
OPENJPA,openjpa-persistence-jdbc/src/main/java/org/apache/openjpa/persistence/jdbc/ElementColumns.java,12,11,457,13,3,248,53,19.076923,39,53,3.000000,6236,1544,479.692308,205.571429,160.253204,2,0,1,NO
OPENJPA,openjpa-persistence-jdbc/src/main/java/org/apache/openjpa/persistence/jdbc/ElementEmbeddedMapping.java,12,15,496,12,3,271,53,22.583333,46,53,3.833333,6220,1544,518.333333,205.571429,157.455357,2,0,1,NO
OPENJPA,openjpa-persistence-jdbc/src/main/java/org/apache/openjpa/persistence/jdbc/ElementForeignKey.java,12,15,177,7,2,112,45,16.000000,47,42,6.714286,3938,1263,562.571429,197.285714,191.543180,1,0,0,NO
OPENJPA,openjpa-persistence-jdbc/src/main/java/org/apache/openjpa/persistence/jdbc/ElementIndex.java,12,13,309,10,2,176,53,17.600000,43,53,4.300000,4633,1263,463.300000,205.571429,195.843736,2,0,0,NO
OPENJPA,openjpa-persistence-jdbc/src/main/java/org/apache/openjpa/persistence/jdbc/ElementJoinColumn.java,12,18,183,7,2,118,45,16.857143,53,42,7.571429,3938,1263,562.571429,197.285714,191.693989,1,0,0,NO
OPENJPA,openjpa-persistence-jdbc/src/main/java/org/apache/openjpa/persistence/jdbc/ElementJoinColumns.java,12,11,300,10,2,170,53,17.000000,40,53,4.000000,4633,1263,463.300000,205.571429,195.818571,2,0,0,NO
OPENJPA,openjpa-persistence-jdbc/src/main/java/org/apache/openjpa/persistence/jdbc/ElementNonpolymorphic.java,12,11,300,10,2,170,53,17.000000,40,53,4.000000,4633,1263,463.300000,205.571429,195.818571,2,0,0,NO
OPENJPA,openjpa-persistence-jdbc/src/main/java/org/apache/openjpa/persistence/jdbc/ElementStrategy.java,12,11,454,13,3,246,53,18.923077,38,53,2.923077,6236,1544,479.692308,205.571429,160.780680,2,0,1,NO
OPENJPA,openjpa-persistence-jdbc/src/main/java/org/apache/openjpa/persistence/jdbc/EmbeddedMapping.java,12,15,312,10,2,179,53,17.900000,46,53,4.600000,4633,1263,463.300000,205.571429,195.846612,2,0,0,NO
OPENJPA,openjpa-persistence-jdbc/src/main/java/org/apache/openjpa/persistence/jdbc/FetchDirection.java,12,26,403,12,3,231,53,19.250000,59,53,4.916667,4757,1263,396.416667,205.571429,184.054945,2,0,0,NO
OPENJPA,openjpa-persistence-jdbc/src/main/java/org/apache/openjpa/persistence/jdbc/ForeignKey.java,12,17,324,11,3,188,53,17.090909,52,53,4.727273,4648,1263,422.545455,205.571429,195.204145,2,0,1,NO
OPENJPA,openjpa-persistence-jdbc/src/main/java/org/apache/openjpa/persistence/jdbc/ForeignKeyAction.java,12,7,219,12,2,126,30,10.500000,33,30,2.750000,4944,1263,412.000000,205.571429,192.591650,1,0,0,NO
OPENJPA,openjpa-persistence-jdbc/src/main/java/org/apache/openjpa/persistence/jdbc/Index.java,12,15,313,10,2,180,53,18.000000,47,53,4.700000,4633,1263,463.300000,205.571429,195.847558,2,0,0,NO
OPENJPA,openjpa-persistence-jdbc/src/main/java/org/apache/openjpa/persistence/jdbc/JoinSyntax.java,12,26,67,3,2,63,59,21.000000,59,59,19.666667,265,130,88.333333,139.428571,136.656716,0,0,0,NO
OPENJPA,openjpa-persistence-jdbc/src/main/java/org/apache/openjpa/persistence/jdbc/KeyClassCriteria.java,12,11,455,12,3,247,53,20.583333,39,53,3.250000,6220,1544,518.333333,205.571429,160.195918,2,0,1,NO
OPENJPA,openjpa-persistence-jdbc/src/main/java/org/apache/openjpa/persistence/jdbc/KeyColumn.java,12,19,402,9,3,228,54,25.333333,54,42,6.000000,5525,1544,613.888889,197.285714,138.183014,1,0,1,NO
OPENJPA,openjpa-persistence-jdbc/src/main/java/org/apache/openjpa/persistence/jdbc/KeyColumns.java,12,11,457,13,3,248,53,19.076923,39,53,3.000000,6236,1544,479.692308,205.571429,160.253204,2,0,1,NO
OPENJPA,openjpa-persistence-jdbc/src/main/java/org/apache/openjpa/persistence/jdbc/KeyEmbeddedMapping.java,12,15,493,12,3,269,53,22.416667,45,53,3.750000,6220,1544,518.333333,205.571429,157.924080,2,0,1,NO
OPENJPA,openjpa-persistence-jdbc/src/main/java/org/apache/openjpa/persistence/jdbc/KeyForeignKey.java,12,15,362,9,3,204,46,22.666667,46,42,5.111111,5525,1544,613.888889,197.285714,140.953039,1,0,1,NO
OPENJPA,openjpa-persistence-jdbc/src/main/java/org/apache/openjpa/persistence/jdbc/KeyIndex.java,12,13,478,12,3,260,53,21.666667,42,53,3.500000,6220,1544,518.333333,205.571429,159.330245,2,0,1,NO
OPENJPA,openjpa-persistence-jdbc/src/main/java/org/apache/openjpa/persistence/jdbc/KeyJoinColumn.java,12,18,392,9,3,222,52,24.666667,52,42,5.777778,5525,1544,613.888889,197.285714,138.822522,1,0,1,NO
OPENJPA,openjpa-persistence-jdbc/src/main/java/org/apache/openjpa/persistence/jdbc/KeyJoinColumns.java,12,11,457,13,3,248,53,19.076923,39,53,3.000000,6236,1544,479.692308,205.571429,160.253204,2,0,1,NO
OPENJPA,openjpa-persistence-jdbc/src/main/java/org/apache/openjpa/persistence/jdbc/KeyNonpolymorphic.java,12,11,454,12,3,246,53,20.500000,38,53,3.166667,6220,1544,518.333333,205.571429,160.881372,2,0,1,NO
OPENJPA,openjpa-persistence-jdbc/src/main/java/org/apache/openjpa/persistence/jdbc/KeyStrategy.java,12,11,454,13,3,246,53,18.923077,38,53,2.923077,6236,1544,479.692308,205.571429,160.780680,2,0,1,NO
OPENJPA,openjpa-persistence-jdbc/src/main/java/org/apache/openjpa/persistence/jdbc/MappingOverride.java,12,15,317,10,2,182,53,18.200000,47,53,4.700000,4633,1263,463.300000,205.571429,195.865705,2,0,0,NO
OPENJPA,openjpa-persistence-jdbc/src/main/java/org/apache/openjpa/persistence/jdbc/MappingOverrides.java,12,10,210,8,2,124,36,15.500000,38,34,4.750000,4221,1263,527.625000,198.857143,192.755782,1,0,0,NO
OPENJPA,openjpa-persistence-jdbc/src/main/java/org/apache/openjpa/persistence/jdbc/MappingTag.java,12,85,139,12,5,128,86,10.666667,117,86,9.750000,2078,1263,173.166667,196.142857,169.876670,1,0,0,NO
OPENJPA,openjpa-persistence-jdbc/src/main/java/org/apache/openjpa/persistence/jdbc/Nonpolymorphic.java,12,11,299,10,2,169,53,16.900000,39,53,3.900000,4633,1263,463.300000,205.571429,195.817487,2,0,0,NO
OPENJPA,openjpa-persistence-jdbc/src/main/java/org/apache/openjpa/persistence/jdbc/NonpolymorphicType.java,12,6,220,13,3,126,30,9.692308,32,30,2.461538,5067,1263,389.769231,205.571429,191.251948,1,0,0,NO
OPENJPA,openjpa-persistence-jdbc/src/main/java/org/apache/openjpa/persistence/jdbc/OrderColumn.java,12,16,315,10,2,182,53,18.200000,49,53,4.900000,4633,1263,463.300000,205.571429,195.849433,2,0,0,NO
OPENJPA,openjpa-persistence-jdbc/src/main/java/org/apache/openjpa/persistence/jdbc/ResultSetType.java,12,47,124,4,3,104,59,26.000000,84,59,21.000000,266,130,66.500000,139.428571,108.531106,0,0,0,NO
OPENJPA,openjpa-persistence-jdbc/src/main/java/org/apache/openjpa/persistence/jdbc/Strategy.java,12,10,260,11,2,149,35,13.545455,38,35,3.454545,4928,1263,448.000000,205.571429,194.912637,1,0,0,NO
OPENJPA,openjpa-persistence-jdbc/src/main/java/org/apache/openjpa/persistence/jdbc/SubclassFetchMode.java,12,10,212,9,2,125,36,13.888889,38,34,4.222222,4237,1263,470.777778,198.857143,192.251348,1,0,0,NO
OPENJPA,openjpa-persistence-jdbc/src/main/java/org/apache/openjpa/persistence/jdbc/Unique.java,12,14,311,10,2,178,53,17.800000,45,53,4.500000,4633,1263,463.300000,205.571429,195.845659,2,0,0,NO
OPENJPA,openjpa-persistence-jdbc/src/main/java/org/apache/openjpa/persistence/jdbc/VersionColumn.java,12,18,324,11,3,189,53,17.181818,54,53,4.909091,4643,1263,422.090909,205.571429,195.190917,2,0,1,NO
OPENJPA,openjpa-persistence-jdbc/src/main/java/org/apache/openjpa/persistence/jdbc/VersionColumns.java,12,10,210,8,2,124,36,15.500000,38,34,4.750000,4221,1263,527.625000,198.857143,192.755782,1,0,0,NO
OPENJPA,openjpa-persistence-jdbc/src/main/java/org/apache/openjpa/persistence/jdbc/VersionStrategy.java,12,10,256,11,2,147,35,13.363636,38,35,3.454545,4928,1263,448.000000,205.571429,194.893415,1,0,0,NO
OPENJPA,openjpa-persistence-jdbc/src/main/java/org/apache/openjpa/persistence/jdbc/XEmbeddedMapping.java,12,15,493,12,3,269,53,22.416667,45,53,3.750000,6220,1544,518.333333,205.571429,157.924080,2,0,1,NO
OPENJPA,openjpa-persistence-jdbc/src/main/java/org/apache/openjpa/persistence/jdbc/XJoinColumn.java,12,19,185,7,2,120,45,17.142857,55,42,7.857143,3938,1263,562.571429,197.285714,191.742085,1,0,0,NO
OPENJPA,openjpa-persistence-jdbc/src/main/java/org/apache/openjpa/persistence/jdbc/XJoinColumns.java,12,11,305,10,2,172,53,17.200000,39,53,3.900000,4633,1263,463.300000,205.571429,195.839813,2,0,0,NO
OPENJPA,openjpa-persistence-jdbc/src/main/java/org/apache/openjpa/persistence/jdbc/XMappingOverride.java,12,18,520,12,3,286,53,23.833333,52,53,4.333333,6220,1544,518.333333,205.571429,155.113462,2,0,1,NO
OPENJPA,openjpa-persistence-jdbc/src/main/java/org/apache/openjpa/persistence/jdbc/XMappingOverrides.java,12,10,405,13,3,221,37,17.000000,37,35,2.846154,6515,1544,501.153846,205.571429,157.258554,1,0,1,NO
OPENJPA,openjpa-persistence-jdbc/src/main/java/org/apache/openjpa/persistence/jdbc/XSecondaryTable.java,12,17,321,10,2,186,53,18.600000,51,53,5.100000,4633,1263,463.300000,205.571429,195.869159,2,0,0,NO
OPENJPA,openjpa-persistence-jdbc/src/main/java/org/apache/openjpa/persistence/jdbc/XSecondaryTables.java,12,10,210,8,2,124,36,15.500000,38,34,4.750000,4221,1263,527.625000,198.857143,192.755782,1,0,0,NO
OPENJPA,openjpa-persistence-jdbc/src/main/java/org/apache/openjpa/persistence/jdbc/XTable.java,12,15,318,10,2,183,53,18.300000,48,53,4.800000,4633,1263,463.300000,205.571429,195.866577,2,0,0,NO
OPENJPA,openjpa-persistence/src/main/java/org/apache/openjpa/persistence/AutoClearType.java,12,23,168,2,2,112,56,56.000000,56,56,28.000000,1674,1544,837.000000,139.428571,84.190476,0,0,1,NO
OPENJPA,openjpa-persistence/src/main/java/org/apache/openjpa/persistence/ConnectionRetainMode.java,12,26,186,3,2,123,60,41.000000,60,60,20.000000,1690,1544,563.333333,139.428571,85.967742,0,0,1,NO
OPENJPA,openjpa-persistence/src/main/java/org/apache/openjpa/persistence/DataCache.java,12,12,300,9,2,171,53,19.000000,42,53,4.666667,4157,1263,461.888889,205.571429,195.850000,2,0,0,NO
OPENJPA,openjpa-persistence/src/main/java/org/apache/openjpa/persistence/DataStoreId.java,12,12,297,9,2,169,53,18.777778,41,53,4.555556,4157,1263,461.888889,205.571429,195.836460,2,0,0,NO
OPENJPA,openjpa-persistence/src/main/java/org/apache/openjpa/persistence/Dependent.java,12,11,291,9,2,165,53,18.333333,39,53,4.333333,4157,1263,461.888889,205.571429,195.808542,2,0,0,NO
OPENJPA,openjpa-persistence/src/main/java/org/apache/openjpa/persistence/DetachStateType.java,12,26,180,2,2,120,60,60.000000,60,60,30.000000,1674,1544,837.000000,139.428571,84.190476,0,0,1,NO
OPENJPA,openjpa-persistence/src/main/java/org/apache/openjpa/persistence/DetachedState.java,12,12,297,9,2,169,53,18.777778,41,53,4.555556,4157,1263,461.888889,205.571429,195.836460,2,0,0,NO
OPENJPA,openjpa-persistence/src/main/java/org/apache/openjpa/persistence/ElementDependent.java,12,11,291,9,2,165,53,18.333333,39,53,4.333333,4157,1263,461.888889,205.571429,195.808542,2,0,0,NO
OPENJPA,openjpa-persistence/src/main/java/org/apache/openjpa/persistence/ElementType.java,12,11,296,9,2,168,53,18.666667,40,53,4.444444,4157,1263,461.888889,205.571429,195.830598,2,0,0,NO
OPENJPA,openjpa-persistence/src/main/java/org/apache/openjpa/persistence/ExternalValues.java,12,11,299,9,2,170,53,18.888889,41,53,4.555556,4157,1263,461.888889,205.571429,195.844243,2,0,0,NO
OPENJPA,openjpa-persistence/src/main/java/org/apache/openjpa/persistence/Externalizer.java,12,11,296,9,2,168,53,18.666667,40,53,4.444444,4157,1263,461.888889,205.571429,195.830598,2,0,0,NO
OPENJPA,openjpa-persistence/src/main/java/org/apache/openjpa/persistence/Factory.java,12,11,296,9,2,168,53,18.666667,40,53,4.444444,4157,1263,461.888889,205.571429,195.830598,2,0,0,NO
OPENJPA,openjpa-persistence/src/main/java/org/apache/openjpa/persistence/FetchAttribute.java,12,10,263,11,3,154,35,14.000000,45,35,4.090909,4590,1263,417.272727,205.571429,194.935904,1,0,0,NO
OPENJPA,openjpa-persistence/src/main/java/org/apache/openjpa/persistence/FetchGroup.java,12,13,216,9,3,136,36,15.111111,56,34,6.222222,3885,1263,431.666667,198.857143,192.668651,1,0,0,NO
OPENJPA,openjpa-persistence/src/main/java/org/apache/openjpa/persistence/FetchGroups.java,12,10,248,10,2,143,35,14.300000,38,35,3.800000,4452,1263,445.200000,205.571429,194.853111,1,0,0,NO
OPENJPA,openjpa-persistence/src/main/java/org/apache/openjpa/persistence/InverseLogical.java,12,11,291,9,2,165,53,18.333333,39,53,4.333333,4157,1263,461.888889,205.571429,195.808542,2,0,0,NO
OPENJPA,openjpa-persistence/src/main/java/org/apache/openjpa/persistence/KeyDependent.java,12,11,291,9,2,165,53,18.333333,39,53,4.333333,4157,1263,461.888889,205.571429,195.808542,2,0,0,NO
OPENJPA,openjpa-persistence/src/main/java/org/apache/openjpa/persistence/KeyType.java,12,11,296,9,2,168,53,18.666667,40,53,4.444444,4157,1263,461.888889,205.571429,195.830598,2,0,0,NO
OPENJPA,openjpa-persistence/src/main/java/org/apache/openjpa/persistence/LRS.java,12,11,291,9,2,165,53,18.333333,39,53,4.333333,4157,1263,461.888889,205.571429,195.808542,2,0,0,NO
OPENJPA,openjpa-persistence/src/main/java/org/apache/openjpa/persistence/LoadFetchGroup.java,12,11,299,10,4,169,53,16.900000,39,53,3.900000,3947,1263,394.700000,205.571429,195.599140,2,0,0,NO
OPENJPA,openjpa-persistence/src/main/java/org/apache/openjpa/persistence/ManagedInterface.java,12,9,321,10,2,181,53,18.100000,41,53,4.100000,4187,1263,418.700000,205.571429,190.822430,2,0,1,NO
OPENJPA,openjpa-persistence/src/main/java/org/apache/openjpa/persistence/MetaDataTag.java,12,57,259,15,7,174,76,11.600000,89,72,5.933333,3318,1263,221.200000,197.285714,189.885273,1,0,2,NO
OPENJPA,openjpa-persistence/src/main/java/org/apache/openjpa/persistence/OpenJPAEntityManagerFactorySPI.java,12,13,725,9,4,398,105,44.222222,71,102,7.888889,5059,1544,562.111111,197.285714,151.140099,1,0,1,NO
OPENJPA,openjpa-persistence/src/main/java/org/apache/openjpa/persistence/OpenJPAEntityManagerSPI.java,12,21,422,6,3,274,126,45.666667,126,104,21.000000,1766,1544,294.333333,139.428571,86.555856,0,0,1,NO
OPENJPA,openjpa-persistence/src/main/java/org/apache/openjpa/persistence/OpenJPAEntityTransaction.java,12,9,213,2,2,142,71,71.000000,71,71,35.500000,1674,1544,837.000000,139.428571,84.190476,0,0,1,NO
OPENJPA,openjpa-persistence/src/main/java/org/apache/openjpa/persistence/OpenJPAQuerySPI.java,12,9,419,11,5,232,46,21.090909,45,34,4.090909,5511,1544,501.000000,198.857143,146.157518,1,0,1,NO
OPENJPA,openjpa-persistence/src/main/java/org/apache/openjpa/persistence/PersistenceStrategy.java,12,14,248,11,4,147,41,13.363636,46,35,4.181818,3889,1263,353.545455,205.571429,192.177419,2,0,0,NO
OPENJPA,openjpa-persistence/src/main/java/org/apache/openjpa/persistence/Persistent.java,12,17,159,6,2,104,45,17.333333,49,42,8.166667,3462,1263,577.000000,197.285714,191.022462,1,0,0,NO
OPENJPA,openjpa-persistence/src/main/java/org/apache/openjpa/persistence/PersistentCollection.java,12,17,163,7,2,107,45,15.285714,51,42,7.285714,3467,1263,495.285714,197.285714,190.334794,1,0,1,NO
OPENJPA,openjpa-persistence/src/main/java/org/apache/openjpa/persistence/PersistentMap.java,12,19,171,6,2,112,49,18.666667,53,46,8.833333,3462,1263,577.000000,197.285714,191.455305,1,0,0,NO
OPENJPA,openjpa-persistence/src/main/java/org/apache/openjpa/persistence/QueryOperationType.java,12,26,177,2,2,118,59,59.000000,59,59,29.500000,1674,1544,837.000000,139.428571,84.190476,0,0,1,NO
OPENJPA,openjpa-persistence/src/main/java/org/apache/openjpa/persistence/ReadOnly.java,12,11,291,9,2,165,53,18.333333,39,53,4.333333,4157,1263,461.888889,205.571429,195.808542,2,0,0,NO
OPENJPA,openjpa-persistence/src/main/java/org/apache/openjpa/persistence/Replicated.java,12,9,474,11,4,259,53,23.545455,44,53,4.000000,5719,1544,519.909091,205.571429,149.387884,2,0,1,YES
OPENJPA,openjpa-persistence/src/main/java/org/apache/openjpa/persistence/RestoreStateType.java,12,26,180,2,2,120,60,60.000000,60,60,30.000000,1674,1544,837.000000,139.428571,84.190476,0,0,1,NO
OPENJPA,openjpa-persistence/src/main/java/org/apache/openjpa/persistence/Type.java,12,11,296,9,2,168,53,18.666667,40,53,4.444444,4157,1263,461.888889,205.571429,195.830598,2,0,0,NO
OPENJPA,openjpa-persistence/src/main/java/org/apache/openjpa/persistence/UpdateAction.java,12,5,205,10,2,118,30,11.800000,31,30,3.100000,4452,1263,445.200000,205.571429,192.903833,1,0,0,NO
OPENJPA,openjpa-persistence/src/main/java/org/apache/openjpa/persistence/criteria/AliasContext.java,12,12,84,4,1,79,67,19.750000,74,67,18.500000,123,66,30.750000,45.142857,42.627551,0,0,0,NO
OPENJPA,openjpa-persistence/src/main/java/org/apache/openjpa/persistence/criteria/CriteriaExpression.java,12,7,496,26,6,273,40,10.500000,50,30,1.923077,6016,1544,231.384615,205.571429,117.031394,1,0,2,NO
OPENJPA,openjpa-persistence/src/main/java/org/apache/openjpa/persistence/criteria/OpenJPACriteriaBuilder.java,12,20,120,4,2,117,61,29.250000,114,61,28.500000,117,93,29.250000,33.285714,30.873810,0,0,0,NO
OPENJPA,openjpa-persistence/src/main/java/org/apache/openjpa/persistence/criteria/OpenJPACriteriaQuery.java,12,7,48,3,2,48,21,16.000000,48,21,16.000000,133,93,44.333333,33.285714,31.351190,0,0,0,NO
OPENJPA,openjpa-persistence/src/main/java/org/apache/openjpa/persistence/meta/MetadataProcessor.java,12,11,83,2,2,83,65,41.500000,83,65,41.500000,78,70,39.000000,51.285714,50.170396,0,0,0,NO
OPENJPA,openjpa-persistence/src/main/java/org/apache/openjpa/persistence/osgi/BundleDelegatingClassLoader.java,12,24,57,1,1,57,57,57.000000,57,57,57.000000,6,6,6.000000,5.857143,5.857143,0,0,1,NO
OPENJPA,openjpa-persistence/src/main/java/org/apache/openjpa/persistence/query/AbsExpression.java,12,6,317,11,4,174,31,15.818182,31,30,2.818182,5807,1544,527.909091,205.571429,153.328977,1,0,1,NO
OPENJPA,openjpa-persistence/src/main/java/org/apache/openjpa/persistence/query/AbstractDomainObject.java,12,190,1144,6,2,734,395,122.333333,324,395,54.000000,1949,1544,324.833333,71.857143,62.894855,0,0,1,NO
OPENJPA,openjpa-persistence/src/main/java/org/apache/openjpa/persistence/query/AbstractVisitable.java,12,20,561,15,5,306,61,20.400000,51,61,3.400000,3328,1544,221.866667,188.285714,123.172906,0,0,3,NO
OPENJPA,openjpa-persistence/src/main/java/org/apache/openjpa/persistence/query/Aggregate.java,12,4,332,12,4,181,30,15.083333,30,30,2.500000,5887,1544,490.583333,205.571429,148.972031,1,0,1,NO
OPENJPA,openjpa-persistence/src/main/java/org/apache/openjpa/persistence/query/AllExpression.java,12,6,217,7,4,124,33,17.714286,31,19,4.428571,3007,1544,429.571429,188.714286,128.071099,0,0,1,NO
OPENJPA,openjpa-persistence/src/main/java/org/apache/openjpa/persistence/query/AndPredicate.java,12,7,217,7,4,125,33,17.857143,33,19,4.714286,3007,1544,429.571429,188.714286,127.996708,0,0,1,NO
OPENJPA,openjpa-persistence/src/main/java/org/apache/openjpa/persistence/query/AnyExpression.java,12,6,215,7,4,123,33,17.571429,31,19,4.428571,3007,1544,429.571429,188.714286,128.663787,0,0,1,NO
OPENJPA,openjpa-persistence/src/main/java/org/apache/openjpa/persistence/query/AverageExpression.java,12,6,317,11,4,174,31,15.818182,31,30,2.818182,5807,1544,527.909091,205.571429,153.328977,1,0,1,NO
OPENJPA,openjpa-persistence/src/main/java/org/apache/openjpa/persistence/query/BetweenExpression.java,12,7,224,8,4,128,33,16.000000,32,19,4.000000,3036,1544,379.500000,188.714286,126.216837,0,0,1,NO
OPENJPA,openjpa-persistence/src/main/java/org/apache/openjpa/persistence/query/CaseExpression.java,12,27,935,3,2,617,299,205.666667,299,299,99.666667,1799,1544,599.666667,56.857143,56.593125,0,0,1,NO
OPENJPA,openjpa-persistence/src/main/java/org/apache/openjpa/persistence/query/ConcatExpression.java,12,6,360,14,5,196,32,14.000000,32,30,2.285714,6289,1544,449.214286,205.571429,142.475397,1,0,2,NO
OPENJPA,openjpa-persistence/src/main/java/org/apache/openjpa/persistence/query/ConditionalOperator.java,12,5,347,12,5,189,31,15.750000,31,30,2.583333,6223,1544,518.583333,205.571429,145.229312,1,0,2,NO
OPENJPA,openjpa-persistence/src/main/java/org/apache/openjpa/persistence/query/CountExpression.java,12,6,215,7,4,123,33,17.571429,31,19,4.428571,3007,1544,429.571429,188.714286,128.733555,0,0,1,NO
OPENJPA,openjpa-persistence/src/main/java/org/apache/openjpa/persistence/query/DistinctExpression.java,12,6,217,7,4,125,33,17.857143,33,19,4.714286,3007,1544,429.571429,188.714286,127.927584,0,0,1,NO
OPENJPA,openjpa-persistence/src/main/java/org/apache/openjpa/persistence/query/DividedByExpression.java,12,6,215,7,4,123,33,17.571429,31,19,4.428571,3007,1544,429.571429,188.714286,128.733555,0,0,1,NO
OPENJPA,openjpa-persistence/src/main/java/org/apache/openjpa/persistence/query/DomainObject.java,12,11,383,3,2,255,123,85.000000,127,123,42.333333,1799,1544,599.666667,56.857143,56.600522,0,0,1,NO
OPENJPA,openjpa-persistence/src/main/java/org/apache/openjpa/persistence/query/EqualExpression.java,12,9,225,7,4,130,35,18.571429,35,19,5.000000,3007,1544,429.571429,188.714286,125.328889,0,0,1,NO
OPENJPA,openjpa-persistence/src/main/java/org/apache/openjpa/persistence/query/ExistsExpression.java,12,7,217,7,4,125,33,17.857143,33,19,4.714286,2964,1544,423.428571,188.714286,128.059908,0,0,1,NO
OPENJPA,openjpa-persistence/src/main/java/org/apache/openjpa/persistence/query/Expression.java,12,47,1604,4,2,1064,524,266.000000,524,524,131.000000,1918,1544,479.500000,56.857143,56.618632,0,0,1,NO
OPENJPA,openjpa-persistence/src/main/java/org/apache/openjpa/persistence/query/FetchJoinObject.java,12,3,390,13,6,208,30,16.000000,26,30,2.000000,5740,1544,441.538462,205.571429,142.904762,1,0,1,NO
OPENJPA,openjpa-persistence/src/main/java/org/apache/openjpa/persistence/query/FetchPath.java,12,16,402,17,5,223,61,13.117647,44,61,2.588235,3352,1544,197.176471,188.285714,117.583156,0,0,4,NO
OPENJPA,openjpa-persistence/src/main/java/org/apache/openjpa/persistence/query/GreaterEqualExpression.java,12,9,225,7,4,130,35,18.571429,35,19,5.000000,3007,1544,429.571429,188.714286,125.328889,0,0,1,NO
OPENJPA,openjpa-persistence/src/main/java/org/apache/openjpa/persistence/query/GreaterThanExpression.java,12,7,217,8,4,125,33,15.625000,33,19,4.125000,3182,1544,397.750000,188.714286,127.833443,0,0,1,NO
OPENJPA,openjpa-persistence/src/main/java/org/apache/openjpa/persistence/query/InExpression.java,12,11,121,4,2,79,37,19.750000,37,15,9.250000,1760,1544,440.000000,71.857143,59.866588,0,0,1,NO
OPENJPA,openjpa-persistence/src/main/java/org/apache/openjpa/persistence/query/IndexExpression.java,12,6,214,7,4,123,33,17.571429,32,19,4.571429,3007,1544,429.571429,188.714286,128.856475,0,0,1,NO
OPENJPA,openjpa-persistence/src/main/java/org/apache/openjpa/persistence/query/IsEmptyExpression.java,12,11,101,4,2,66,31,16.500000,31,16,7.750000,1752,1544,438.000000,71.857143,59.323904,0,0,1,NO
OPENJPA,openjpa-persistence/src/main/java/org/apache/openjpa/persistence/query/IsNullExpression.java,12,11,231,8,4,134,37,16.750000,37,19,4.625000,3036,1544,379.500000,188.714286,123.986395,0,0,1,NO
OPENJPA,openjpa-persistence/src/main/java/org/apache/openjpa/persistence/query/JoinPath.java,12,48,276,8,3,179,81,22.375000,82,78,10.250000,2043,1544,255.375000,71.857143,62.020704,0,0,1,NO
OPENJPA,openjpa-persistence/src/main/java/org/apache/openjpa/persistence/query/LengthExpression.java,12,6,213,7,4,122,33,17.428571,31,19,4.428571,3007,1544,429.571429,188.714286,129.267606,0,0,1,NO
OPENJPA,openjpa-persistence/src/main/java/org/apache/openjpa/persistence/query/LessEqualExpression.java,12,7,216,7,4,124,33,17.714286,32,19,4.571429,3007,1544,429.571429,188.714286,128.328704,0,0,1,NO
OPENJPA,openjpa-persistence/src/main/java/org/apache/openjpa/persistence/query/LessThanExpression.java,12,7,217,7,4,125,33,17.857143,33,19,4.714286,3007,1544,429.571429,188.714286,127.927584,0,0,1,NO
OPENJPA,openjpa-persistence/src/main/java/org/apache/openjpa/persistence/query/LiteralExpression.java,12,6,347,12,5,189,31,15.750000,31,30,2.583333,6223,1544,518.583333,205.571429,145.229312,1,0,2,NO
OPENJPA,openjpa-persistence/src/main/java/org/apache/openjpa/persistence/query/LowerExpression.java,12,6,213,7,4,122,33,17.428571,31,19,4.428571,3007,1544,429.571429,188.714286,129.267606,0,0,1,NO
OPENJPA,openjpa-persistence/src/main/java/org/apache/openjpa/persistence/query/MaxExpression.java,12,6,213,7,4,122,33,17.428571,31,19,4.428571,3007,1544,429.571429,188.714286,129.267606,0,0,1,NO
OPENJPA,openjpa-persistence/src/main/java/org/apache/openjpa/persistence/query/MemberOfExpression.java,12,7,216,7,4,124,33,17.714286,32,19,4.571429,3007,1544,429.571429,188.714286,128.328704,0,0,1,NO
OPENJPA,openjpa-persistence/src/main/java/org/apache/openjpa/persistence/query/MinExpression.java,12,6,213,7,4,122,33,17.428571,31,19,4.428571,3007,1544,429.571429,188.714286,129.267606,0,0,1,NO
OPENJPA,openjpa-persistence/src/main/java/org/apache/openjpa/persistence/query/MinusExpression.java,12,6,213,7,4,122,33,17.428571,31,19,4.428571,3007,1544,429.571429,188.714286,129.267606,0,0,1,NO
OPENJPA,openjpa-persistence/src/main/java/org/apache/openjpa/persistence/query/ModExpression.java,12,11,229,6,4,133,37,22.166667,37,19,6.166667,2927,1544,487.833333,188.714286,124.586400,0,0,1,NO
OPENJPA,openjpa-persistence/src/main/java/org/apache/openjpa/persistence/query/NavigationPath.java,12,34,227,6,2,149,71,24.833333,71,62,11.833333,1941,1544,323.500000,71.857143,61.577093,0,0,1,NO
OPENJPA,openjpa-persistence/src/main/java/org/apache/openjpa/persistence/query/NotEqualExpression.java,12,7,217,7,4,125,33,17.857143,33,19,4.714286,3007,1544,429.571429,188.714286,127.927584,0,0,1,NO
OPENJPA,openjpa-persistence/src/main/java/org/apache/openjpa/persistence/query/OpenJPAQueryBuilder.java,12,7,275,8,4,160,45,20.000000,45,19,5.625000,3036,1544,379.500000,188.714286,114.286234,0,0,1,NO
OPENJPA,openjpa-persistence/src/main/java/org/apache/openjpa/persistence/query/OperatorPath.java,12,30,199,5,2,131,63,26.200000,63,58,12.600000,1869,1544,373.800000,71.857143,61.643216,0,0,1,NO
OPENJPA,openjpa-persistence/src/main/java/org/apache/openjpa/persistence/query/OrPredicate.java,12,7,218,7,4,126,34,18.000000,34,19,4.857143,3007,1544,429.571429,188.714286,127.598952,0,0,1,NO
OPENJPA,openjpa-persistence/src/main/java/org/apache/openjpa/persistence/query/OrderBy.java,12,10,403,13,4,219,35,16.846154,35,35,2.692308,6552,1544,504.000000,205.571429,145.875576,1,0,1,NO
OPENJPA,openjpa-persistence/src/main/java/org/apache/openjpa/persistence/query/OrderByItem.java,12,3,390,13,6,208,30,16.000000,26,30,2.000000,5740,1544,441.538462,205.571429,142.904762,1,0,1,NO
OPENJPA,openjpa-persistence/src/main/java/org/apache/openjpa/persistence/query/PathExpression.java,12,12,351,3,2,234,117,78.000000,117,117,39.000000,1743,1544,581.000000,56.857143,56.612129,0,0,1,NO
OPENJPA,openjpa-persistence/src/main/java/org/apache/openjpa/persistence/query/PlusExpression.java,12,6,213,7,4,122,33,17.428571,31,19,4.428571,3007,1544,429.571429,188.714286,129.267606,0,0,1,NO
OPENJPA,openjpa-persistence/src/main/java/org/apache/openjpa/persistence/query/Predicate.java,12,6,159,3,2,106,53,35.333333,53,53,17.666667,1743,1544,581.000000,56.857143,56.546271,0,0,1,NO
OPENJPA,openjpa-persistence/src/main/java/org/apache/openjpa/persistence/query/PredicateOperand.java,12,60,1776,3,2,1182,588,394.000000,588,588,196.000000,1799,1544,599.666667,56.857143,56.654440,0,0,1,NO
OPENJPA,openjpa-persistence/src/main/java/org/apache/openjpa/persistence/query/QueryBuilder.java,12,6,171,2,2,114,57,57.000000,57,57,28.500000,1624,1544,812.000000,56.857143,56.666667,0,0,1,NO
OPENJPA,openjpa-persistence/src/main/java/org/apache/openjpa/persistence/query/QueryDefinition.java,12,56,1690,4,2,1126,556,281.500000,562,556,140.500000,1918,1544,479.500000,56.857143,56.631784,0,0,1,NO
OPENJPA,openjpa-persistence/src/main/java/org/apache/openjpa/persistence/query/RangeExpression.java,12,11,353,14,5,195,61,13.928571,37,61,2.642857,3126,1544,223.285714,188.285714,124.703764,0,0,4,NO
OPENJPA,openjpa-persistence/src/main/java/org/apache/openjpa/persistence/query/RootPath.java,12,29,159,7,3,110,43,15.714286,61,41,8.714286,2019,1544,288.428571,71.857143,60.245283,0,0,1,NO
OPENJPA,openjpa-persistence/src/main/java/org/apache/openjpa/persistence/query/SelectItem.java,12,5,135,2,2,90,45,45.000000,45,45,22.500000,1624,1544,812.000000,56.857143,56.666667,0,0,1,NO
OPENJPA,openjpa-persistence/src/main/java/org/apache/openjpa/persistence/query/SizeExpression.java,12,6,213,7,4,122,33,17.428571,31,19,4.428571,3007,1544,429.571429,188.714286,129.267606,0,0,1,NO
OPENJPA,openjpa-persistence/src/main/java/org/apache/openjpa/persistence/query/SomeExpression.java,12,6,213,7,4,122,33,17.428571,31,19,4.428571,3007,1544,429.571429,188.714286,129.267606,0,0,1,NO
OPENJPA,openjpa-persistence/src/main/java/org/apache/openjpa/persistence/query/SquareRootExpression.java,12,6,213,7,4,122,33,17.428571,31,19,4.428571,3007,1544,429.571429,188.714286,129.267606,0,0,1,NO
OPENJPA,openjpa-persistence/src/main/java/org/apache/openjpa/persistence/query/Subquery.java,12,3,90,4,3,58,26,14.500000,26,17,6.500000,1663,1544,415.750000,119.000000,75.304762,0,0,2,NO
OPENJPA,openjpa-persistence/src/main/java/org/apache/openjpa/persistence/query/SumExpression.java,12,6,213,7,4,122,33,17.428571,31,19,4.428571,3007,1544,429.571429,188.714286,129.267606,0,0,1,NO
OPENJPA,openjpa-persistence/src/main/java/org/apache/openjpa/persistence/query/TimesExpression.java,12,6,213,7,4,122,33,17.428571,31,19,4.428571,3007,1544,429.571429,188.714286,129.267606,0,0,1,NO
OPENJPA,openjpa-persistence/src/main/java/org/apache/openjpa/persistence/query/TrimSpec.java,12,4,393,13,6,210,30,16.153846,27,30,2.076923,5740,1544,441.538462,205.571429,142.246456,1,0,1,NO
OPENJPA,openjpa-persistence/src/main/java/org/apache/openjpa/persistence/query/TypeExpression.java,12,6,213,7,4,122,33,17.428571,31,19,4.428571,3007,1544,429.571429,188.714286,129.267606,0,0,1,NO
OPENJPA,openjpa-persistence/src/main/java/org/apache/openjpa/persistence/query/UnaryMinusExpression.java,12,6,215,7,4,124,33,17.714286,33,19,4.714286,3007,1544,429.571429,188.714286,128.449169,0,0,1,NO
OPENJPA,openjpa-persistence/src/main/java/org/apache/openjpa/persistence/query/UpperExpression.java,12,6,217,8,4,124,33,15.500000,31,19,3.875000,3044,1544,380.500000,188.714286,128.201448,0,0,1,NO
OPENJPA,openjpa-persistence/src/main/java/org/apache/openjpa/persistence/query/Visitable.java,12,8,289,8,4,170,51,21.250000,51,19,6.375000,2978,1544,372.250000,188.714286,112.097380,0,0,1,NO
OPENJPA,openjpa-persistence/src/main/java/org/apache/openjpa/persistence/query/WhenClause.java,12,25,371,12,6,213,61,17.750000,55,61,4.583333,3248,1544,270.666667,188.285714,118.627647,0,0,3,NO
OPENJPA,openjpa-slice/src/main/java/org/apache/openjpa/slice/DistributedBroker.java,12,6,408,9,4,227,60,25.222222,46,60,5.111111,4884,1544,542.666667,205.571429,118.869748,2,0,2,YES
OPENJPA,openjpa-slice/src/main/java/org/apache/openjpa/slice/DistributedBrokerFactory.java,12,6,489,13,5,268,61,20.615385,47,61,3.615385,2961,1544,227.769231,188.285714,105.629273,0,0,4,NO
OPENJPA,openjpa-slice/src/main/java/org/apache/openjpa/slice/DistributedConfiguration.java,12,19,407,6,2,267,127,44.500000,127,78,21.166667,1800,1544,300.000000,115.142857,69.358020,0,0,1,YES
OPENJPA,openjpa-slice/src/main/java/org/apache/openjpa/slice/DistributedStoreManager.java,12,7,405,9,4,223,60,24.777778,41,60,4.555556,4884,1544,542.666667,205.571429,119.338624,2,0,2,NO
OPENJPA,openjpa-slice/src/main/java/org/apache/openjpa/slice/DistributionPolicy.java,12,12,212,6,2,139,65,23.166667,66,46,11.000000,1787,1544,297.833333,115.142857,74.200809,0,0,1,NO
OPENJPA,openjpa-slice/src/main/java/org/apache/openjpa/slice/ReentrantSliceLock.java,12,21,463,12,5,260,61,21.666667,57,61,4.750000,2946,1544,245.500000,188.285714,108.341561,0,0,4,NO
OPENJPA,openjpa-slice/src/main/java/org/apache/openjpa/slice/ReplicationPolicy.java,12,11,226,6,2,145,64,24.166667,64,46,10.666667,1791,1544,298.500000,115.142857,74.452592,0,0,2,YES
OPENJPA,openjpa-slice/src/main/java/org/apache/openjpa/slice/jdbc/DistributedJDBCConfiguration.java,12,8,177,4,2,108,63,27.000000,39,63,9.750000,1615,1544,403.750000,115.142857,81.757869,0,0,2,YES
