"ReleaseIndex","Version","CommitId","SonarAnalysisKey","SonarRevision","FQCN","Class","NSmells"
"36","4.1.1","9d2f5f8c35691c3542606bea1d23b916bcbeda8d","1881d68c-2c8f-452b-8c6e-ee46e0c4e2cc","9a3db3eb463ab40a45485eec284d5e107a6a1f34","org.apache.openjpa.abstractstore.AbstractStoreBrokerFactory","openjpa-kernel/src/main/java/org/apache/openjpa/abstractstore/AbstractStoreBrokerFactory.java","3"
"36","4.1.1","9d2f5f8c35691c3542606bea1d23b916bcbeda8d","1881d68c-2c8f-452b-8c6e-ee46e0c4e2cc","9a3db3eb463ab40a45485eec284d5e107a6a1f34","org.apache.openjpa.abstractstore.AbstractStoreManager","openjpa-kernel/src/main/java/org/apache/openjpa/abstractstore/AbstractStoreManager.java","5"
"36","4.1.1","9d2f5f8c35691c3542606bea1d23b916bcbeda8d","1881d68c-2c8f-452b-8c6e-ee46e0c4e2cc","9a3db3eb463ab40a45485eec284d5e107a6a1f34","org.apache.openjpa.ant.ApplicationIdToolTask","openjpa-kernel/src/main/java/org/apache/openjpa/ant/ApplicationIdToolTask.java","0"
"36","4.1.1","9d2f5f8c35691c3542606bea1d23b916bcbeda8d","1881d68c-2c8f-452b-8c6e-ee46e0c4e2cc","9a3db3eb463ab40a45485eec284d5e107a6a1f34","org.apache.openjpa.ant.MetaDataToolTask","openjpa-kernel/src/main/java/org/apache/openjpa/ant/MetaDataToolTask.java","2"
"36","4.1.1","9d2f5f8c35691c3542606bea1d23b916bcbeda8d","1881d68c-2c8f-452b-8c6e-ee46e0c4e2cc","9a3db3eb463ab40a45485eec284d5e107a6a1f34","org.apache.openjpa.ant.PCEnhancerTask","openjpa-kernel/src/main/java/org/apache/openjpa/ant/PCEnhancerTask.java","0"
"36","4.1.1","9d2f5f8c35691c3542606bea1d23b916bcbeda8d","1881d68c-2c8f-452b-8c6e-ee46e0c4e2cc","9a3db3eb463ab40a45485eec284d5e107a6a1f34","org.apache.openjpa.audit.AuditLogger","openjpa-kernel/src/main/java/org/apache/openjpa/audit/AuditLogger.java","9"
"36","4.1.1","9d2f5f8c35691c3542606bea1d23b916bcbeda8d","1881d68c-2c8f-452b-8c6e-ee46e0c4e2cc","9a3db3eb463ab40a45485eec284d5e107a6a1f34","org.apache.openjpa.audit.Auditable","openjpa-kernel/src/main/java/org/apache/openjpa/audit/Auditable.java","0"
"36","4.1.1","9d2f5f8c35691c3542606bea1d23b916bcbeda8d","1881d68c-2c8f-452b-8c6e-ee46e0c4e2cc","9a3db3eb463ab40a45485eec284d5e107a6a1f34","org.apache.openjpa.audit.AuditableOperation","openjpa-kernel/src/main/java/org/apache/openjpa/audit/AuditableOperation.java","0"
"36","4.1.1","9d2f5f8c35691c3542606bea1d23b916bcbeda8d","1881d68c-2c8f-452b-8c6e-ee46e0c4e2cc","9a3db3eb463ab40a45485eec284d5e107a6a1f34","org.apache.openjpa.audit.Auditor","openjpa-kernel/src/main/java/org/apache/openjpa/audit/Auditor.java","0"
"36","4.1.1","9d2f5f8c35691c3542606bea1d23b916bcbeda8d","1881d68c-2c8f-452b-8c6e-ee46e0c4e2cc","9a3db3eb463ab40a45485eec284d5e107a6a1f34","org.apache.openjpa.conf.AutoDetachValue","openjpa-kernel/src/main/java/org/apache/openjpa/conf/AutoDetachValue.java","3"
"36","4.1.1","9d2f5f8c35691c3542606bea1d23b916bcbeda8d","1881d68c-2c8f-452b-8c6e-ee46e0c4e2cc","9a3db3eb463ab40a45485eec284d5e107a6a1f34","org.apache.openjpa.conf.BrokerFactoryValue","openjpa-kernel/src/main/java/org/apache/openjpa/conf/BrokerFactoryValue.java","0"
"36","4.1.1","9d2f5f8c35691c3542606bea1d23b916bcbeda8d","1881d68c-2c8f-452b-8c6e-ee46e0c4e2cc","9a3db3eb463ab40a45485eec284d5e107a6a1f34","org.apache.openjpa.conf.BrokerValue","openjpa-kernel/src/main/java/org/apache/openjpa/conf/BrokerValue.java","2"
"36","4.1.1","9d2f5f8c35691c3542606bea1d23b916bcbeda8d","1881d68c-2c8f-452b-8c6e-ee46e0c4e2cc","9a3db3eb463ab40a45485eec284d5e107a6a1f34","org.apache.openjpa.conf.CacheMarshaller","openjpa-kernel/src/main/java/org/apache/openjpa/conf/CacheMarshaller.java","0"
"36","4.1.1","9d2f5f8c35691c3542606bea1d23b916bcbeda8d","1881d68c-2c8f-452b-8c6e-ee46e0c4e2cc","9a3db3eb463ab40a45485eec284d5e107a6a1f34","org.apache.openjpa.conf.CacheMarshallerImpl","openjpa-kernel/src/main/java/org/apache/openjpa/conf/CacheMarshallerImpl.java","13"
"36","4.1.1","9d2f5f8c35691c3542606bea1d23b916bcbeda8d","1881d68c-2c8f-452b-8c6e-ee46e0c4e2cc","9a3db3eb463ab40a45485eec284d5e107a6a1f34","org.apache.openjpa.conf.CacheMarshallersValue","openjpa-kernel/src/main/java/org/apache/openjpa/conf/CacheMarshallersValue.java","5"
"36","4.1.1","9d2f5f8c35691c3542606bea1d23b916bcbeda8d","1881d68c-2c8f-452b-8c6e-ee46e0c4e2cc","9a3db3eb463ab40a45485eec284d5e107a6a1f34","org.apache.openjpa.conf.CallbackOptions","openjpa-kernel/src/main/java/org/apache/openjpa/conf/CallbackOptions.java","3"
"36","4.1.1","9d2f5f8c35691c3542606bea1d23b916bcbeda8d","1881d68c-2c8f-452b-8c6e-ee46e0c4e2cc","9a3db3eb463ab40a45485eec284d5e107a6a1f34","org.apache.openjpa.conf.Compatibility","openjpa-kernel/src/main/java/org/apache/openjpa/conf/Compatibility.java","31"
"36","4.1.1","9d2f5f8c35691c3542606bea1d23b916bcbeda8d","1881d68c-2c8f-452b-8c6e-ee46e0c4e2cc","9a3db3eb463ab40a45485eec284d5e107a6a1f34","org.apache.openjpa.conf.DetachOptions","openjpa-kernel/src/main/java/org/apache/openjpa/conf/DetachOptions.java","6"
"36","4.1.1","9d2f5f8c35691c3542606bea1d23b916bcbeda8d","1881d68c-2c8f-452b-8c6e-ee46e0c4e2cc","9a3db3eb463ab40a45485eec284d5e107a6a1f34","org.apache.openjpa.conf.MetaDataCacheMaintenance","openjpa-kernel/src/main/java/org/apache/openjpa/conf/MetaDataCacheMaintenance.java","3"
"36","4.1.1","9d2f5f8c35691c3542606bea1d23b916bcbeda8d","1881d68c-2c8f-452b-8c6e-ee46e0c4e2cc","9a3db3eb463ab40a45485eec284d5e107a6a1f34","org.apache.openjpa.conf.MetaDataRepositoryValue","openjpa-kernel/src/main/java/org/apache/openjpa/conf/MetaDataRepositoryValue.java","0"
"36","4.1.1","9d2f5f8c35691c3542606bea1d23b916bcbeda8d","1881d68c-2c8f-452b-8c6e-ee46e0c4e2cc","9a3db3eb463ab40a45485eec284d5e107a6a1f34","org.apache.openjpa.conf.NoOpCacheMarshaller","openjpa-kernel/src/main/java/org/apache/openjpa/conf/NoOpCacheMarshaller.java","2"
"36","4.1.1","9d2f5f8c35691c3542606bea1d23b916bcbeda8d","1881d68c-2c8f-452b-8c6e-ee46e0c4e2cc","9a3db3eb463ab40a45485eec284d5e107a6a1f34","org.apache.openjpa.conf.OpenJPAConfiguration","openjpa-kernel/src/main/java/org/apache/openjpa/conf/OpenJPAConfiguration.java","0"
"36","4.1.1","9d2f5f8c35691c3542606bea1d23b916bcbeda8d","1881d68c-2c8f-452b-8c6e-ee46e0c4e2cc","9a3db3eb463ab40a45485eec284d5e107a6a1f34","org.apache.openjpa.conf.OpenJPAConfigurationImpl","openjpa-kernel/src/main/java/org/apache/openjpa/conf/OpenJPAConfigurationImpl.java","107"
"36","4.1.1","9d2f5f8c35691c3542606bea1d23b916bcbeda8d","1881d68c-2c8f-452b-8c6e-ee46e0c4e2cc","9a3db3eb463ab40a45485eec284d5e107a6a1f34","org.apache.openjpa.conf.OpenJPAProductDerivation","openjpa-kernel/src/main/java/org/apache/openjpa/conf/OpenJPAProductDerivation.java","0"
"36","4.1.1","9d2f5f8c35691c3542606bea1d23b916bcbeda8d","1881d68c-2c8f-452b-8c6e-ee46e0c4e2cc","9a3db3eb463ab40a45485eec284d5e107a6a1f34","org.apache.openjpa.conf.OpenJPAVersion","openjpa-kernel/src/main/java/org/apache/openjpa/conf/OpenJPAVersion.java","3"
"36","4.1.1","9d2f5f8c35691c3542606bea1d23b916bcbeda8d","1881d68c-2c8f-452b-8c6e-ee46e0c4e2cc","9a3db3eb463ab40a45485eec284d5e107a6a1f34","org.apache.openjpa.conf.OpenJPAVersionAndConfigurationTypeValidationPolicy","openjpa-kernel/src/main/java/org/apache/openjpa/conf/OpenJPAVersionAndConfigurationTypeValidationPolicy.java","2"
"36","4.1.1","9d2f5f8c35691c3542606bea1d23b916bcbeda8d","1881d68c-2c8f-452b-8c6e-ee46e0c4e2cc","9a3db3eb463ab40a45485eec284d5e107a6a1f34","org.apache.openjpa.conf.QueryCompilationCacheValue","openjpa-kernel/src/main/java/org/apache/openjpa/conf/QueryCompilationCacheValue.java","1"
"36","4.1.1","9d2f5f8c35691c3542606bea1d23b916bcbeda8d","1881d68c-2c8f-452b-8c6e-ee46e0c4e2cc","9a3db3eb463ab40a45485eec284d5e107a6a1f34","org.apache.openjpa.conf.RemoteCommitProviderValue","openjpa-kernel/src/main/java/org/apache/openjpa/conf/RemoteCommitProviderValue.java","3"
"36","4.1.1","9d2f5f8c35691c3542606bea1d23b916bcbeda8d","1881d68c-2c8f-452b-8c6e-ee46e0c4e2cc","9a3db3eb463ab40a45485eec284d5e107a6a1f34","org.apache.openjpa.conf.SchemaGenerationAction","openjpa-kernel/src/main/java/org/apache/openjpa/conf/SchemaGenerationAction.java","1"
"36","4.1.1","9d2f5f8c35691c3542606bea1d23b916bcbeda8d","1881d68c-2c8f-452b-8c6e-ee46e0c4e2cc","9a3db3eb463ab40a45485eec284d5e107a6a1f34","org.apache.openjpa.conf.SchemaGenerationSource","openjpa-kernel/src/main/java/org/apache/openjpa/conf/SchemaGenerationSource.java","1"
"36","4.1.1","9d2f5f8c35691c3542606bea1d23b916bcbeda8d","1881d68c-2c8f-452b-8c6e-ee46e0c4e2cc","9a3db3eb463ab40a45485eec284d5e107a6a1f34","org.apache.openjpa.conf.SeqValue","openjpa-kernel/src/main/java/org/apache/openjpa/conf/SeqValue.java","0"
"36","4.1.1","9d2f5f8c35691c3542606bea1d23b916bcbeda8d","1881d68c-2c8f-452b-8c6e-ee46e0c4e2cc","9a3db3eb463ab40a45485eec284d5e107a6a1f34","org.apache.openjpa.conf.Specification","openjpa-kernel/src/main/java/org/apache/openjpa/conf/Specification.java","6"
"36","4.1.1","9d2f5f8c35691c3542606bea1d23b916bcbeda8d","1881d68c-2c8f-452b-8c6e-ee46e0c4e2cc","9a3db3eb463ab40a45485eec284d5e107a6a1f34","org.apache.openjpa.conf.SpecificationPlugin","openjpa-kernel/src/main/java/org/apache/openjpa/conf/SpecificationPlugin.java","2"
"36","4.1.1","9d2f5f8c35691c3542606bea1d23b916bcbeda8d","1881d68c-2c8f-452b-8c6e-ee46e0c4e2cc","9a3db3eb463ab40a45485eec284d5e107a6a1f34","org.apache.openjpa.datacache.AbstractDataCache","openjpa-kernel/src/main/java/org/apache/openjpa/datacache/AbstractDataCache.java","14"
"36","4.1.1","9d2f5f8c35691c3542606bea1d23b916bcbeda8d","1881d68c-2c8f-452b-8c6e-ee46e0c4e2cc","9a3db3eb463ab40a45485eec284d5e107a6a1f34","org.apache.openjpa.datacache.AbstractQueryCache","openjpa-kernel/src/main/java/org/apache/openjpa/datacache/AbstractQueryCache.java","9"
"36","4.1.1","9d2f5f8c35691c3542606bea1d23b916bcbeda8d","1881d68c-2c8f-452b-8c6e-ee46e0c4e2cc","9a3db3eb463ab40a45485eec284d5e107a6a1f34","org.apache.openjpa.datacache.CacheDistributionPolicy","openjpa-kernel/src/main/java/org/apache/openjpa/datacache/CacheDistributionPolicy.java","0"
"36","4.1.1","9d2f5f8c35691c3542606bea1d23b916bcbeda8d","1881d68c-2c8f-452b-8c6e-ee46e0c4e2cc","9a3db3eb463ab40a45485eec284d5e107a6a1f34","org.apache.openjpa.datacache.CacheStatistics","openjpa-kernel/src/main/java/org/apache/openjpa/datacache/CacheStatistics.java","12"
"36","4.1.1","9d2f5f8c35691c3542606bea1d23b916bcbeda8d","1881d68c-2c8f-452b-8c6e-ee46e0c4e2cc","9a3db3eb463ab40a45485eec284d5e107a6a1f34","org.apache.openjpa.datacache.CacheStatisticsImpl","openjpa-kernel/src/main/java/org/apache/openjpa/datacache/CacheStatisticsImpl.java","0"
"36","4.1.1","9d2f5f8c35691c3542606bea1d23b916bcbeda8d","1881d68c-2c8f-452b-8c6e-ee46e0c4e2cc","9a3db3eb463ab40a45485eec284d5e107a6a1f34","org.apache.openjpa.datacache.CacheStatisticsSPI","openjpa-kernel/src/main/java/org/apache/openjpa/datacache/CacheStatisticsSPI.java","0"
"36","4.1.1","9d2f5f8c35691c3542606bea1d23b916bcbeda8d","1881d68c-2c8f-452b-8c6e-ee46e0c4e2cc","9a3db3eb463ab40a45485eec284d5e107a6a1f34","org.apache.openjpa.datacache.Caches","openjpa-kernel/src/main/java/org/apache/openjpa/datacache/Caches.java","2"
"36","4.1.1","9d2f5f8c35691c3542606bea1d23b916bcbeda8d","1881d68c-2c8f-452b-8c6e-ee46e0c4e2cc","9a3db3eb463ab40a45485eec284d5e107a6a1f34","org.apache.openjpa.datacache.ClearableScheduler","openjpa-kernel/src/main/java/org/apache/openjpa/datacache/ClearableScheduler.java","7"
"36","4.1.1","9d2f5f8c35691c3542606bea1d23b916bcbeda8d","1881d68c-2c8f-452b-8c6e-ee46e0c4e2cc","9a3db3eb463ab40a45485eec284d5e107a6a1f34","org.apache.openjpa.datacache.ConcurrentDataCache","openjpa-kernel/src/main/java/org/apache/openjpa/datacache/ConcurrentDataCache.java","6"
"36","4.1.1","9d2f5f8c35691c3542606bea1d23b916bcbeda8d","1881d68c-2c8f-452b-8c6e-ee46e0c4e2cc","9a3db3eb463ab40a45485eec284d5e107a6a1f34","org.apache.openjpa.datacache.ConcurrentQueryCache","openjpa-kernel/src/main/java/org/apache/openjpa/datacache/ConcurrentQueryCache.java","6"
"36","4.1.1","9d2f5f8c35691c3542606bea1d23b916bcbeda8d","1881d68c-2c8f-452b-8c6e-ee46e0c4e2cc","9a3db3eb463ab40a45485eec284d5e107a6a1f34","org.apache.openjpa.datacache.DataCache","openjpa-kernel/src/main/java/org/apache/openjpa/datacache/DataCache.java","0"
"36","4.1.1","9d2f5f8c35691c3542606bea1d23b916bcbeda8d","1881d68c-2c8f-452b-8c6e-ee46e0c4e2cc","9a3db3eb463ab40a45485eec284d5e107a6a1f34","org.apache.openjpa.datacache.DataCacheManager","openjpa-kernel/src/main/java/org/apache/openjpa/datacache/DataCacheManager.java","0"
"36","4.1.1","9d2f5f8c35691c3542606bea1d23b916bcbeda8d","1881d68c-2c8f-452b-8c6e-ee46e0c4e2cc","9a3db3eb463ab40a45485eec284d5e107a6a1f34","org.apache.openjpa.datacache.DataCacheManagerImpl","openjpa-kernel/src/main/java/org/apache/openjpa/datacache/DataCacheManagerImpl.java","13"
"36","4.1.1","9d2f5f8c35691c3542606bea1d23b916bcbeda8d","1881d68c-2c8f-452b-8c6e-ee46e0c4e2cc","9a3db3eb463ab40a45485eec284d5e107a6a1f34","org.apache.openjpa.datacache.DataCacheMode","openjpa-kernel/src/main/java/org/apache/openjpa/datacache/DataCacheMode.java","0"
"36","4.1.1","9d2f5f8c35691c3542606bea1d23b916bcbeda8d","1881d68c-2c8f-452b-8c6e-ee46e0c4e2cc","9a3db3eb463ab40a45485eec284d5e107a6a1f34","org.apache.openjpa.datacache.DataCachePCData","openjpa-kernel/src/main/java/org/apache/openjpa/datacache/DataCachePCData.java","0"
"36","4.1.1","9d2f5f8c35691c3542606bea1d23b916bcbeda8d","1881d68c-2c8f-452b-8c6e-ee46e0c4e2cc","9a3db3eb463ab40a45485eec284d5e107a6a1f34","org.apache.openjpa.datacache.DataCachePCDataGenerator","openjpa-kernel/src/main/java/org/apache/openjpa/datacache/DataCachePCDataGenerator.java","14"
"36","4.1.1","9d2f5f8c35691c3542606bea1d23b916bcbeda8d","1881d68c-2c8f-452b-8c6e-ee46e0c4e2cc","9a3db3eb463ab40a45485eec284d5e107a6a1f34","org.apache.openjpa.datacache.DataCachePCDataImpl","openjpa-kernel/src/main/java/org/apache/openjpa/datacache/DataCachePCDataImpl.java","1"
"36","4.1.1","9d2f5f8c35691c3542606bea1d23b916bcbeda8d","1881d68c-2c8f-452b-8c6e-ee46e0c4e2cc","9a3db3eb463ab40a45485eec284d5e107a6a1f34","org.apache.openjpa.datacache.DataCacheStoreManager","openjpa-kernel/src/main/java/org/apache/openjpa/datacache/DataCacheStoreManager.java","19"
"36","4.1.1","9d2f5f8c35691c3542606bea1d23b916bcbeda8d","1881d68c-2c8f-452b-8c6e-ee46e0c4e2cc","9a3db3eb463ab40a45485eec284d5e107a6a1f34","org.apache.openjpa.datacache.DefaultCacheDistributionPolicy","openjpa-kernel/src/main/java/org/apache/openjpa/datacache/DefaultCacheDistributionPolicy.java","3"
"36","4.1.1","9d2f5f8c35691c3542606bea1d23b916bcbeda8d","1881d68c-2c8f-452b-8c6e-ee46e0c4e2cc","9a3db3eb463ab40a45485eec284d5e107a6a1f34","org.apache.openjpa.datacache.DelegatingDataCache","openjpa-kernel/src/main/java/org/apache/openjpa/datacache/DelegatingDataCache.java","5"
"36","4.1.1","9d2f5f8c35691c3542606bea1d23b916bcbeda8d","1881d68c-2c8f-452b-8c6e-ee46e0c4e2cc","9a3db3eb463ab40a45485eec284d5e107a6a1f34","org.apache.openjpa.datacache.DelegatingQueryCache","openjpa-kernel/src/main/java/org/apache/openjpa/datacache/DelegatingQueryCache.java","6"
"36","4.1.1","9d2f5f8c35691c3542606bea1d23b916bcbeda8d","1881d68c-2c8f-452b-8c6e-ee46e0c4e2cc","9a3db3eb463ab40a45485eec284d5e107a6a1f34","org.apache.openjpa.datacache.ExpirationEvent","openjpa-kernel/src/main/java/org/apache/openjpa/datacache/ExpirationEvent.java","3"
"36","4.1.1","9d2f5f8c35691c3542606bea1d23b916bcbeda8d","1881d68c-2c8f-452b-8c6e-ee46e0c4e2cc","9a3db3eb463ab40a45485eec284d5e107a6a1f34","org.apache.openjpa.datacache.ExpirationListener","openjpa-kernel/src/main/java/org/apache/openjpa/datacache/ExpirationListener.java","0"
"36","4.1.1","9d2f5f8c35691c3542606bea1d23b916bcbeda8d","1881d68c-2c8f-452b-8c6e-ee46e0c4e2cc","9a3db3eb463ab40a45485eec284d5e107a6a1f34","org.apache.openjpa.datacache.PartitionedDataCache","openjpa-kernel/src/main/java/org/apache/openjpa/datacache/PartitionedDataCache.java","8"
"36","4.1.1","9d2f5f8c35691c3542606bea1d23b916bcbeda8d","1881d68c-2c8f-452b-8c6e-ee46e0c4e2cc","9a3db3eb463ab40a45485eec284d5e107a6a1f34","org.apache.openjpa.datacache.QueryCache","openjpa-kernel/src/main/java/org/apache/openjpa/datacache/QueryCache.java","0"
"36","4.1.1","9d2f5f8c35691c3542606bea1d23b916bcbeda8d","1881d68c-2c8f-452b-8c6e-ee46e0c4e2cc","9a3db3eb463ab40a45485eec284d5e107a6a1f34","org.apache.openjpa.datacache.QueryCacheStoreQuery","openjpa-kernel/src/main/java/org/apache/openjpa/datacache/QueryCacheStoreQuery.java","34"
"36","4.1.1","9d2f5f8c35691c3542606bea1d23b916bcbeda8d","1881d68c-2c8f-452b-8c6e-ee46e0c4e2cc","9a3db3eb463ab40a45485eec284d5e107a6a1f34","org.apache.openjpa.datacache.QueryKey","openjpa-kernel/src/main/java/org/apache/openjpa/datacache/QueryKey.java","20"
"36","4.1.1","9d2f5f8c35691c3542606bea1d23b916bcbeda8d","1881d68c-2c8f-452b-8c6e-ee46e0c4e2cc","9a3db3eb463ab40a45485eec284d5e107a6a1f34","org.apache.openjpa.datacache.QueryResult","openjpa-kernel/src/main/java/org/apache/openjpa/datacache/QueryResult.java","3"
"36","4.1.1","9d2f5f8c35691c3542606bea1d23b916bcbeda8d","1881d68c-2c8f-452b-8c6e-ee46e0c4e2cc","9a3db3eb463ab40a45485eec284d5e107a6a1f34","org.apache.openjpa.datacache.TypeBasedCacheDistributionPolicy","openjpa-kernel/src/main/java/org/apache/openjpa/datacache/TypeBasedCacheDistributionPolicy.java","2"
"36","4.1.1","9d2f5f8c35691c3542606bea1d23b916bcbeda8d","1881d68c-2c8f-452b-8c6e-ee46e0c4e2cc","9a3db3eb463ab40a45485eec284d5e107a6a1f34","org.apache.openjpa.datacache.TypesChangedEvent","openjpa-kernel/src/main/java/org/apache/openjpa/datacache/TypesChangedEvent.java","2"
"36","4.1.1","9d2f5f8c35691c3542606bea1d23b916bcbeda8d","1881d68c-2c8f-452b-8c6e-ee46e0c4e2cc","9a3db3eb463ab40a45485eec284d5e107a6a1f34","org.apache.openjpa.datacache.TypesChangedListener","openjpa-kernel/src/main/java/org/apache/openjpa/datacache/TypesChangedListener.java","0"
"36","4.1.1","9d2f5f8c35691c3542606bea1d23b916bcbeda8d","1881d68c-2c8f-452b-8c6e-ee46e0c4e2cc","9a3db3eb463ab40a45485eec284d5e107a6a1f34","org.apache.openjpa.ee.AbstractManagedRuntime","openjpa-kernel/src/main/java/org/apache/openjpa/ee/AbstractManagedRuntime.java","0"
"36","4.1.1","9d2f5f8c35691c3542606bea1d23b916bcbeda8d","1881d68c-2c8f-452b-8c6e-ee46e0c4e2cc","9a3db3eb463ab40a45485eec284d5e107a6a1f34","org.apache.openjpa.ee.AutomaticManagedRuntime","openjpa-kernel/src/main/java/org/apache/openjpa/ee/AutomaticManagedRuntime.java","25"
"36","4.1.1","9d2f5f8c35691c3542606bea1d23b916bcbeda8d","1881d68c-2c8f-452b-8c6e-ee46e0c4e2cc","9a3db3eb463ab40a45485eec284d5e107a6a1f34","org.apache.openjpa.ee.InvocationManagedRuntime","openjpa-kernel/src/main/java/org/apache/openjpa/ee/InvocationManagedRuntime.java","7"
"36","4.1.1","9d2f5f8c35691c3542606bea1d23b916bcbeda8d","1881d68c-2c8f-452b-8c6e-ee46e0c4e2cc","9a3db3eb463ab40a45485eec284d5e107a6a1f34","org.apache.openjpa.ee.JNDIManagedRuntime","openjpa-kernel/src/main/java/org/apache/openjpa/ee/JNDIManagedRuntime.java","2"
"36","4.1.1","9d2f5f8c35691c3542606bea1d23b916bcbeda8d","1881d68c-2c8f-452b-8c6e-ee46e0c4e2cc","9a3db3eb463ab40a45485eec284d5e107a6a1f34","org.apache.openjpa.ee.ManagedRuntime","openjpa-kernel/src/main/java/org/apache/openjpa/ee/ManagedRuntime.java","4"
"36","4.1.1","9d2f5f8c35691c3542606bea1d23b916bcbeda8d","1881d68c-2c8f-452b-8c6e-ee46e0c4e2cc","9a3db3eb463ab40a45485eec284d5e107a6a1f34","org.apache.openjpa.ee.OSGiManagedRuntime","openjpa-kernel/src/main/java/org/apache/openjpa/ee/OSGiManagedRuntime.java","5"
"36","4.1.1","9d2f5f8c35691c3542606bea1d23b916bcbeda8d","1881d68c-2c8f-452b-8c6e-ee46e0c4e2cc","9a3db3eb463ab40a45485eec284d5e107a6a1f34","org.apache.openjpa.ee.RegistryManagedRuntime","openjpa-kernel/src/main/java/org/apache/openjpa/ee/RegistryManagedRuntime.java","3"
"36","4.1.1","9d2f5f8c35691c3542606bea1d23b916bcbeda8d","1881d68c-2c8f-452b-8c6e-ee46e0c4e2cc","9a3db3eb463ab40a45485eec284d5e107a6a1f34","org.apache.openjpa.ee.SunOneManagedRuntime","openjpa-kernel/src/main/java/org/apache/openjpa/ee/SunOneManagedRuntime.java","3"
"36","4.1.1","9d2f5f8c35691c3542606bea1d23b916bcbeda8d","1881d68c-2c8f-452b-8c6e-ee46e0c4e2cc","9a3db3eb463ab40a45485eec284d5e107a6a1f34","org.apache.openjpa.ee.WASManagedRuntime","openjpa-kernel/src/main/java/org/apache/openjpa/ee/WASManagedRuntime.java","6"
"36","4.1.1","9d2f5f8c35691c3542606bea1d23b916bcbeda8d","1881d68c-2c8f-452b-8c6e-ee46e0c4e2cc","9a3db3eb463ab40a45485eec284d5e107a6a1f34","org.apache.openjpa.ee.WASRegistryManagedRuntime","openjpa-kernel/src/main/java/org/apache/openjpa/ee/WASRegistryManagedRuntime.java","3"
"36","4.1.1","9d2f5f8c35691c3542606bea1d23b916bcbeda8d","1881d68c-2c8f-452b-8c6e-ee46e0c4e2cc","9a3db3eb463ab40a45485eec284d5e107a6a1f34","org.apache.openjpa.ee.WLSManagedRuntime","openjpa-kernel/src/main/java/org/apache/openjpa/ee/WLSManagedRuntime.java","3"
"36","4.1.1","9d2f5f8c35691c3542606bea1d23b916bcbeda8d","1881d68c-2c8f-452b-8c6e-ee46e0c4e2cc","9a3db3eb463ab40a45485eec284d5e107a6a1f34","org.apache.openjpa.enhance.ApplicationIdTool","openjpa-kernel/src/main/java/org/apache/openjpa/enhance/ApplicationIdTool.java","45"
"36","4.1.1","9d2f5f8c35691c3542606bea1d23b916bcbeda8d","1881d68c-2c8f-452b-8c6e-ee46e0c4e2cc","9a3db3eb463ab40a45485eec284d5e107a6a1f34","org.apache.openjpa.enhance.AttributeTranslator","openjpa-kernel/src/main/java/org/apache/openjpa/enhance/AttributeTranslator.java","0"
"36","4.1.1","9d2f5f8c35691c3542606bea1d23b916bcbeda8d","1881d68c-2c8f-452b-8c6e-ee46e0c4e2cc","9a3db3eb463ab40a45485eec284d5e107a6a1f34","org.apache.openjpa.enhance.ClassRedefiner","openjpa-kernel/src/main/java/org/apache/openjpa/enhance/ClassRedefiner.java","1"
"36","4.1.1","9d2f5f8c35691c3542606bea1d23b916bcbeda8d","1881d68c-2c8f-452b-8c6e-ee46e0c4e2cc","9a3db3eb463ab40a45485eec284d5e107a6a1f34","org.apache.openjpa.enhance.CodeGenerator","openjpa-kernel/src/main/java/org/apache/openjpa/enhance/CodeGenerator.java","25"
"36","4.1.1","9d2f5f8c35691c3542606bea1d23b916bcbeda8d","1881d68c-2c8f-452b-8c6e-ee46e0c4e2cc","9a3db3eb463ab40a45485eec284d5e107a6a1f34","org.apache.openjpa.enhance.DynamicPersistenceCapable","openjpa-kernel/src/main/java/org/apache/openjpa/enhance/DynamicPersistenceCapable.java","0"
"36","4.1.1","9d2f5f8c35691c3542606bea1d23b916bcbeda8d","1881d68c-2c8f-452b-8c6e-ee46e0c4e2cc","9a3db3eb463ab40a45485eec284d5e107a6a1f34","org.apache.openjpa.enhance.DynamicStorage","openjpa-kernel/src/main/java/org/apache/openjpa/enhance/DynamicStorage.java","0"
"36","4.1.1","9d2f5f8c35691c3542606bea1d23b916bcbeda8d","1881d68c-2c8f-452b-8c6e-ee46e0c4e2cc","9a3db3eb463ab40a45485eec284d5e107a6a1f34","org.apache.openjpa.enhance.DynamicStorageGenerator","openjpa-kernel/src/main/java/org/apache/openjpa/enhance/DynamicStorageGenerator.java","17"
"36","4.1.1","9d2f5f8c35691c3542606bea1d23b916bcbeda8d","1881d68c-2c8f-452b-8c6e-ee46e0c4e2cc","9a3db3eb463ab40a45485eec284d5e107a6a1f34","org.apache.openjpa.enhance.FieldConsumer","openjpa-kernel/src/main/java/org/apache/openjpa/enhance/FieldConsumer.java","0"
"36","4.1.1","9d2f5f8c35691c3542606bea1d23b916bcbeda8d","1881d68c-2c8f-452b-8c6e-ee46e0c4e2cc","9a3db3eb463ab40a45485eec284d5e107a6a1f34","org.apache.openjpa.enhance.FieldManager","openjpa-kernel/src/main/java/org/apache/openjpa/enhance/FieldManager.java","0"
"36","4.1.1","9d2f5f8c35691c3542606bea1d23b916bcbeda8d","1881d68c-2c8f-452b-8c6e-ee46e0c4e2cc","9a3db3eb463ab40a45485eec284d5e107a6a1f34","org.apache.openjpa.enhance.FieldSupplier","openjpa-kernel/src/main/java/org/apache/openjpa/enhance/FieldSupplier.java","0"
"36","4.1.1","9d2f5f8c35691c3542606bea1d23b916bcbeda8d","1881d68c-2c8f-452b-8c6e-ee46e0c4e2cc","9a3db3eb463ab40a45485eec284d5e107a6a1f34","org.apache.openjpa.enhance.InstrumentationFactory","openjpa-kernel/src/main/java/org/apache/openjpa/enhance/InstrumentationFactory.java","17"
"36","4.1.1","9d2f5f8c35691c3542606bea1d23b916bcbeda8d","1881d68c-2c8f-452b-8c6e-ee46e0c4e2cc","9a3db3eb463ab40a45485eec284d5e107a6a1f34","org.apache.openjpa.enhance.ManagedClassSubclasser","openjpa-kernel/src/main/java/org/apache/openjpa/enhance/ManagedClassSubclasser.java","11"
"36","4.1.1","9d2f5f8c35691c3542606bea1d23b916bcbeda8d","1881d68c-2c8f-452b-8c6e-ee46e0c4e2cc","9a3db3eb463ab40a45485eec284d5e107a6a1f34","org.apache.openjpa.enhance.ManagedInstanceProvider","openjpa-kernel/src/main/java/org/apache/openjpa/enhance/ManagedInstanceProvider.java","0"
"36","4.1.1","9d2f5f8c35691c3542606bea1d23b916bcbeda8d","1881d68c-2c8f-452b-8c6e-ee46e0c4e2cc","9a3db3eb463ab40a45485eec284d5e107a6a1f34","org.apache.openjpa.enhance.PCClassFileTransformer","openjpa-kernel/src/main/java/org/apache/openjpa/enhance/PCClassFileTransformer.java","15"
"36","4.1.1","9d2f5f8c35691c3542606bea1d23b916bcbeda8d","1881d68c-2c8f-452b-8c6e-ee46e0c4e2cc","9a3db3eb463ab40a45485eec284d5e107a6a1f34","org.apache.openjpa.enhance.PCDataGenerator","openjpa-kernel/src/main/java/org/apache/openjpa/enhance/PCDataGenerator.java","67"
"36","4.1.1","9d2f5f8c35691c3542606bea1d23b916bcbeda8d","1881d68c-2c8f-452b-8c6e-ee46e0c4e2cc","9a3db3eb463ab40a45485eec284d5e107a6a1f34","org.apache.openjpa.enhance.PCEnhancer","openjpa-kernel/src/main/java/org/apache/openjpa/enhance/PCEnhancer.java","190"
"36","4.1.1","9d2f5f8c35691c3542606bea1d23b916bcbeda8d","1881d68c-2c8f-452b-8c6e-ee46e0c4e2cc","9a3db3eb463ab40a45485eec284d5e107a6a1f34","org.apache.openjpa.enhance.PCEnhancerAgent","openjpa-kernel/src/main/java/org/apache/openjpa/enhance/PCEnhancerAgent.java","1"
"36","4.1.1","9d2f5f8c35691c3542606bea1d23b916bcbeda8d","1881d68c-2c8f-452b-8c6e-ee46e0c4e2cc","9a3db3eb463ab40a45485eec284d5e107a6a1f34","org.apache.openjpa.enhance.PCRegistry","openjpa-kernel/src/main/java/org/apache/openjpa/enhance/PCRegistry.java","1"
"36","4.1.1","9d2f5f8c35691c3542606bea1d23b916bcbeda8d","1881d68c-2c8f-452b-8c6e-ee46e0c4e2cc","9a3db3eb463ab40a45485eec284d5e107a6a1f34","org.apache.openjpa.enhance.PCSubclassValidator","openjpa-kernel/src/main/java/org/apache/openjpa/enhance/PCSubclassValidator.java","1"
"36","4.1.1","9d2f5f8c35691c3542606bea1d23b916bcbeda8d","1881d68c-2c8f-452b-8c6e-ee46e0c4e2cc","9a3db3eb463ab40a45485eec284d5e107a6a1f34","org.apache.openjpa.enhance.PersistenceCapable","openjpa-kernel/src/main/java/org/apache/openjpa/enhance/PersistenceCapable.java","0"
"36","4.1.1","9d2f5f8c35691c3542606bea1d23b916bcbeda8d","1881d68c-2c8f-452b-8c6e-ee46e0c4e2cc","9a3db3eb463ab40a45485eec284d5e107a6a1f34","org.apache.openjpa.enhance.RedefinitionHelper","openjpa-kernel/src/main/java/org/apache/openjpa/enhance/RedefinitionHelper.java","3"
"36","4.1.1","9d2f5f8c35691c3542606bea1d23b916bcbeda8d","1881d68c-2c8f-452b-8c6e-ee46e0c4e2cc","9a3db3eb463ab40a45485eec284d5e107a6a1f34","org.apache.openjpa.enhance.ReflectingPersistenceCapable","openjpa-kernel/src/main/java/org/apache/openjpa/enhance/ReflectingPersistenceCapable.java","3"
"36","4.1.1","9d2f5f8c35691c3542606bea1d23b916bcbeda8d","1881d68c-2c8f-452b-8c6e-ee46e0c4e2cc","9a3db3eb463ab40a45485eec284d5e107a6a1f34","org.apache.openjpa.enhance.Reflection","openjpa-kernel/src/main/java/org/apache/openjpa/enhance/Reflection.java","39"
"36","4.1.1","9d2f5f8c35691c3542606bea1d23b916bcbeda8d","1881d68c-2c8f-452b-8c6e-ee46e0c4e2cc","9a3db3eb463ab40a45485eec284d5e107a6a1f34","org.apache.openjpa.enhance.RuntimeUnenhancedClassesModes","openjpa-kernel/src/main/java/org/apache/openjpa/enhance/RuntimeUnenhancedClassesModes.java","1"
"36","4.1.1","9d2f5f8c35691c3542606bea1d23b916bcbeda8d","1881d68c-2c8f-452b-8c6e-ee46e0c4e2cc","9a3db3eb463ab40a45485eec284d5e107a6a1f34","org.apache.openjpa.enhance.StateManager","openjpa-kernel/src/main/java/org/apache/openjpa/enhance/StateManager.java","0"
"36","4.1.1","9d2f5f8c35691c3542606bea1d23b916bcbeda8d","1881d68c-2c8f-452b-8c6e-ee46e0c4e2cc","9a3db3eb463ab40a45485eec284d5e107a6a1f34","org.apache.openjpa.enhance.stats.FetchStatisticsAuxEnhancer","openjpa-tools/openjpa-fetch-statistics/src/main/java/org/apache/openjpa/enhance/stats/FetchStatisticsAuxEnhancer.java","4"
"36","4.1.1","9d2f5f8c35691c3542606bea1d23b916bcbeda8d","1881d68c-2c8f-452b-8c6e-ee46e0c4e2cc","9a3db3eb463ab40a45485eec284d5e107a6a1f34","org.apache.openjpa.enhance.stats.FetchStatsCollector","openjpa-tools/openjpa-fetch-statistics/src/main/java/org/apache/openjpa/enhance/stats/FetchStatsCollector.java","5"
"36","4.1.1","9d2f5f8c35691c3542606bea1d23b916bcbeda8d","1881d68c-2c8f-452b-8c6e-ee46e0c4e2cc","9a3db3eb463ab40a45485eec284d5e107a6a1f34","org.apache.openjpa.event.AbstractLifecycleListener","openjpa-kernel/src/main/java/org/apache/openjpa/event/AbstractLifecycleListener.java","0"
"36","4.1.1","9d2f5f8c35691c3542606bea1d23b916bcbeda8d","1881d68c-2c8f-452b-8c6e-ee46e0c4e2cc","9a3db3eb463ab40a45485eec284d5e107a6a1f34","org.apache.openjpa.event.AbstractRemoteCommitProvider","openjpa-kernel/src/main/java/org/apache/openjpa/event/AbstractRemoteCommitProvider.java","0"
"36","4.1.1","9d2f5f8c35691c3542606bea1d23b916bcbeda8d","1881d68c-2c8f-452b-8c6e-ee46e0c4e2cc","9a3db3eb463ab40a45485eec284d5e107a6a1f34","org.apache.openjpa.event.AbstractTransactionListener","openjpa-kernel/src/main/java/org/apache/openjpa/event/AbstractTransactionListener.java","0"
"36","4.1.1","9d2f5f8c35691c3542606bea1d23b916bcbeda8d","1881d68c-2c8f-452b-8c6e-ee46e0c4e2cc","9a3db3eb463ab40a45485eec284d5e107a6a1f34","org.apache.openjpa.event.AttachListener","openjpa-kernel/src/main/java/org/apache/openjpa/event/AttachListener.java","0"
"36","4.1.1","9d2f5f8c35691c3542606bea1d23b916bcbeda8d","1881d68c-2c8f-452b-8c6e-ee46e0c4e2cc","9a3db3eb463ab40a45485eec284d5e107a6a1f34","org.apache.openjpa.event.BeanLifecycleCallbacks","openjpa-kernel/src/main/java/org/apache/openjpa/event/BeanLifecycleCallbacks.java","5"
"36","4.1.1","9d2f5f8c35691c3542606bea1d23b916bcbeda8d","1881d68c-2c8f-452b-8c6e-ee46e0c4e2cc","9a3db3eb463ab40a45485eec284d5e107a6a1f34","org.apache.openjpa.event.BeginTransactionListener","openjpa-kernel/src/main/java/org/apache/openjpa/event/BeginTransactionListener.java","0"
"36","4.1.1","9d2f5f8c35691c3542606bea1d23b916bcbeda8d","1881d68c-2c8f-452b-8c6e-ee46e0c4e2cc","9a3db3eb463ab40a45485eec284d5e107a6a1f34","org.apache.openjpa.event.BrokerFactoryEvent","openjpa-kernel/src/main/java/org/apache/openjpa/event/BrokerFactoryEvent.java","0"
"36","4.1.1","9d2f5f8c35691c3542606bea1d23b916bcbeda8d","1881d68c-2c8f-452b-8c6e-ee46e0c4e2cc","9a3db3eb463ab40a45485eec284d5e107a6a1f34","org.apache.openjpa.event.BrokerFactoryEventManager","openjpa-kernel/src/main/java/org/apache/openjpa/event/BrokerFactoryEventManager.java","1"
"36","4.1.1","9d2f5f8c35691c3542606bea1d23b916bcbeda8d","1881d68c-2c8f-452b-8c6e-ee46e0c4e2cc","9a3db3eb463ab40a45485eec284d5e107a6a1f34","org.apache.openjpa.event.BrokerFactoryListener","openjpa-kernel/src/main/java/org/apache/openjpa/event/BrokerFactoryListener.java","0"
"36","4.1.1","9d2f5f8c35691c3542606bea1d23b916bcbeda8d","1881d68c-2c8f-452b-8c6e-ee46e0c4e2cc","9a3db3eb463ab40a45485eec284d5e107a6a1f34","org.apache.openjpa.event.CallbackModes","openjpa-kernel/src/main/java/org/apache/openjpa/event/CallbackModes.java","1"
"36","4.1.1","9d2f5f8c35691c3542606bea1d23b916bcbeda8d","1881d68c-2c8f-452b-8c6e-ee46e0c4e2cc","9a3db3eb463ab40a45485eec284d5e107a6a1f34","org.apache.openjpa.event.ClearListener","openjpa-kernel/src/main/java/org/apache/openjpa/event/ClearListener.java","0"
"36","4.1.1","9d2f5f8c35691c3542606bea1d23b916bcbeda8d","1881d68c-2c8f-452b-8c6e-ee46e0c4e2cc","9a3db3eb463ab40a45485eec284d5e107a6a1f34","org.apache.openjpa.event.DeleteListener","openjpa-kernel/src/main/java/org/apache/openjpa/event/DeleteListener.java","0"
"36","4.1.1","9d2f5f8c35691c3542606bea1d23b916bcbeda8d","1881d68c-2c8f-452b-8c6e-ee46e0c4e2cc","9a3db3eb463ab40a45485eec284d5e107a6a1f34","org.apache.openjpa.event.DetachListener","openjpa-kernel/src/main/java/org/apache/openjpa/event/DetachListener.java","0"
"36","4.1.1","9d2f5f8c35691c3542606bea1d23b916bcbeda8d","1881d68c-2c8f-452b-8c6e-ee46e0c4e2cc","9a3db3eb463ab40a45485eec284d5e107a6a1f34","org.apache.openjpa.event.DirtyListener","openjpa-kernel/src/main/java/org/apache/openjpa/event/DirtyListener.java","0"
"36","4.1.1","9d2f5f8c35691c3542606bea1d23b916bcbeda8d","1881d68c-2c8f-452b-8c6e-ee46e0c4e2cc","9a3db3eb463ab40a45485eec284d5e107a6a1f34","org.apache.openjpa.event.DynamicTCPRemoteCommitProvider","openjpa-kernel/src/main/java/org/apache/openjpa/event/DynamicTCPRemoteCommitProvider.java","3"
"36","4.1.1","9d2f5f8c35691c3542606bea1d23b916bcbeda8d","1881d68c-2c8f-452b-8c6e-ee46e0c4e2cc","9a3db3eb463ab40a45485eec284d5e107a6a1f34","org.apache.openjpa.event.EndTransactionListener","openjpa-kernel/src/main/java/org/apache/openjpa/event/EndTransactionListener.java","0"
"36","4.1.1","9d2f5f8c35691c3542606bea1d23b916bcbeda8d","1881d68c-2c8f-452b-8c6e-ee46e0c4e2cc","9a3db3eb463ab40a45485eec284d5e107a6a1f34","org.apache.openjpa.event.ExceptionOrphanedKeyAction","openjpa-kernel/src/main/java/org/apache/openjpa/event/ExceptionOrphanedKeyAction.java","0"
"36","4.1.1","9d2f5f8c35691c3542606bea1d23b916bcbeda8d","1881d68c-2c8f-452b-8c6e-ee46e0c4e2cc","9a3db3eb463ab40a45485eec284d5e107a6a1f34","org.apache.openjpa.event.FlushTransactionListener","openjpa-kernel/src/main/java/org/apache/openjpa/event/FlushTransactionListener.java","0"
"36","4.1.1","9d2f5f8c35691c3542606bea1d23b916bcbeda8d","1881d68c-2c8f-452b-8c6e-ee46e0c4e2cc","9a3db3eb463ab40a45485eec284d5e107a6a1f34","org.apache.openjpa.event.JMSRemoteCommitProvider","openjpa-kernel/src/main/java/org/apache/openjpa/event/JMSRemoteCommitProvider.java","11"
"36","4.1.1","9d2f5f8c35691c3542606bea1d23b916bcbeda8d","1881d68c-2c8f-452b-8c6e-ee46e0c4e2cc","9a3db3eb463ab40a45485eec284d5e107a6a1f34","org.apache.openjpa.event.LifecycleCallbacks","openjpa-kernel/src/main/java/org/apache/openjpa/event/LifecycleCallbacks.java","1"
"36","4.1.1","9d2f5f8c35691c3542606bea1d23b916bcbeda8d","1881d68c-2c8f-452b-8c6e-ee46e0c4e2cc","9a3db3eb463ab40a45485eec284d5e107a6a1f34","org.apache.openjpa.event.LifecycleEvent","openjpa-kernel/src/main/java/org/apache/openjpa/event/LifecycleEvent.java","4"
"36","4.1.1","9d2f5f8c35691c3542606bea1d23b916bcbeda8d","1881d68c-2c8f-452b-8c6e-ee46e0c4e2cc","9a3db3eb463ab40a45485eec284d5e107a6a1f34","org.apache.openjpa.event.LifecycleEventManager","openjpa-kernel/src/main/java/org/apache/openjpa/event/LifecycleEventManager.java","16"
"36","4.1.1","9d2f5f8c35691c3542606bea1d23b916bcbeda8d","1881d68c-2c8f-452b-8c6e-ee46e0c4e2cc","9a3db3eb463ab40a45485eec284d5e107a6a1f34","org.apache.openjpa.event.LifecycleListener","openjpa-kernel/src/main/java/org/apache/openjpa/event/LifecycleListener.java","0"
"36","4.1.1","9d2f5f8c35691c3542606bea1d23b916bcbeda8d","1881d68c-2c8f-452b-8c6e-ee46e0c4e2cc","9a3db3eb463ab40a45485eec284d5e107a6a1f34","org.apache.openjpa.event.LoadListener","openjpa-kernel/src/main/java/org/apache/openjpa/event/LoadListener.java","0"
"36","4.1.1","9d2f5f8c35691c3542606bea1d23b916bcbeda8d","1881d68c-2c8f-452b-8c6e-ee46e0c4e2cc","9a3db3eb463ab40a45485eec284d5e107a6a1f34","org.apache.openjpa.event.LogOrphanedKeyAction","openjpa-kernel/src/main/java/org/apache/openjpa/event/LogOrphanedKeyAction.java","3"
"36","4.1.1","9d2f5f8c35691c3542606bea1d23b916bcbeda8d","1881d68c-2c8f-452b-8c6e-ee46e0c4e2cc","9a3db3eb463ab40a45485eec284d5e107a6a1f34","org.apache.openjpa.event.MethodLifecycleCallbacks","openjpa-kernel/src/main/java/org/apache/openjpa/event/MethodLifecycleCallbacks.java","3"
"36","4.1.1","9d2f5f8c35691c3542606bea1d23b916bcbeda8d","1881d68c-2c8f-452b-8c6e-ee46e0c4e2cc","9a3db3eb463ab40a45485eec284d5e107a6a1f34","org.apache.openjpa.event.NoneOrphanedKeyAction","openjpa-kernel/src/main/java/org/apache/openjpa/event/NoneOrphanedKeyAction.java","0"
"36","4.1.1","9d2f5f8c35691c3542606bea1d23b916bcbeda8d","1881d68c-2c8f-452b-8c6e-ee46e0c4e2cc","9a3db3eb463ab40a45485eec284d5e107a6a1f34","org.apache.openjpa.event.OrphanedKeyAction","openjpa-kernel/src/main/java/org/apache/openjpa/event/OrphanedKeyAction.java","0"
"36","4.1.1","9d2f5f8c35691c3542606bea1d23b916bcbeda8d","1881d68c-2c8f-452b-8c6e-ee46e0c4e2cc","9a3db3eb463ab40a45485eec284d5e107a6a1f34","org.apache.openjpa.event.PersistListener","openjpa-kernel/src/main/java/org/apache/openjpa/event/PersistListener.java","0"
"36","4.1.1","9d2f5f8c35691c3542606bea1d23b916bcbeda8d","1881d68c-2c8f-452b-8c6e-ee46e0c4e2cc","9a3db3eb463ab40a45485eec284d5e107a6a1f34","org.apache.openjpa.event.PostDeleteListener","openjpa-kernel/src/main/java/org/apache/openjpa/event/PostDeleteListener.java","0"
"36","4.1.1","9d2f5f8c35691c3542606bea1d23b916bcbeda8d","1881d68c-2c8f-452b-8c6e-ee46e0c4e2cc","9a3db3eb463ab40a45485eec284d5e107a6a1f34","org.apache.openjpa.event.PostPersistListener","openjpa-kernel/src/main/java/org/apache/openjpa/event/PostPersistListener.java","0"
"36","4.1.1","9d2f5f8c35691c3542606bea1d23b916bcbeda8d","1881d68c-2c8f-452b-8c6e-ee46e0c4e2cc","9a3db3eb463ab40a45485eec284d5e107a6a1f34","org.apache.openjpa.event.RemoteCommitEvent","openjpa-kernel/src/main/java/org/apache/openjpa/event/RemoteCommitEvent.java","16"
"36","4.1.1","9d2f5f8c35691c3542606bea1d23b916bcbeda8d","1881d68c-2c8f-452b-8c6e-ee46e0c4e2cc","9a3db3eb463ab40a45485eec284d5e107a6a1f34","org.apache.openjpa.event.RemoteCommitEventManager","openjpa-kernel/src/main/java/org/apache/openjpa/event/RemoteCommitEventManager.java","11"
"36","4.1.1","9d2f5f8c35691c3542606bea1d23b916bcbeda8d","1881d68c-2c8f-452b-8c6e-ee46e0c4e2cc","9a3db3eb463ab40a45485eec284d5e107a6a1f34","org.apache.openjpa.event.RemoteCommitListener","openjpa-kernel/src/main/java/org/apache/openjpa/event/RemoteCommitListener.java","0"
"36","4.1.1","9d2f5f8c35691c3542606bea1d23b916bcbeda8d","1881d68c-2c8f-452b-8c6e-ee46e0c4e2cc","9a3db3eb463ab40a45485eec284d5e107a6a1f34","org.apache.openjpa.event.RemoteCommitProvider","openjpa-kernel/src/main/java/org/apache/openjpa/event/RemoteCommitProvider.java","0"
"36","4.1.1","9d2f5f8c35691c3542606bea1d23b916bcbeda8d","1881d68c-2c8f-452b-8c6e-ee46e0c4e2cc","9a3db3eb463ab40a45485eec284d5e107a6a1f34","org.apache.openjpa.event.SingleJVMRemoteCommitProvider","openjpa-kernel/src/main/java/org/apache/openjpa/event/SingleJVMRemoteCommitProvider.java","0"
"36","4.1.1","9d2f5f8c35691c3542606bea1d23b916bcbeda8d","1881d68c-2c8f-452b-8c6e-ee46e0c4e2cc","9a3db3eb463ab40a45485eec284d5e107a6a1f34","org.apache.openjpa.event.StoreListener","openjpa-kernel/src/main/java/org/apache/openjpa/event/StoreListener.java","0"
"36","4.1.1","9d2f5f8c35691c3542606bea1d23b916bcbeda8d","1881d68c-2c8f-452b-8c6e-ee46e0c4e2cc","9a3db3eb463ab40a45485eec284d5e107a6a1f34","org.apache.openjpa.event.TCPRemoteCommitProvider","openjpa-kernel/src/main/java/org/apache/openjpa/event/TCPRemoteCommitProvider.java","44"
"36","4.1.1","9d2f5f8c35691c3542606bea1d23b916bcbeda8d","1881d68c-2c8f-452b-8c6e-ee46e0c4e2cc","9a3db3eb463ab40a45485eec284d5e107a6a1f34","org.apache.openjpa.event.TransactionEvent","openjpa-kernel/src/main/java/org/apache/openjpa/event/TransactionEvent.java","13"
"36","4.1.1","9d2f5f8c35691c3542606bea1d23b916bcbeda8d","1881d68c-2c8f-452b-8c6e-ee46e0c4e2cc","9a3db3eb463ab40a45485eec284d5e107a6a1f34","org.apache.openjpa.event.TransactionEventManager","openjpa-kernel/src/main/java/org/apache/openjpa/event/TransactionEventManager.java","5"
"36","4.1.1","9d2f5f8c35691c3542606bea1d23b916bcbeda8d","1881d68c-2c8f-452b-8c6e-ee46e0c4e2cc","9a3db3eb463ab40a45485eec284d5e107a6a1f34","org.apache.openjpa.event.TransactionListener","openjpa-kernel/src/main/java/org/apache/openjpa/event/TransactionListener.java","0"
"36","4.1.1","9d2f5f8c35691c3542606bea1d23b916bcbeda8d","1881d68c-2c8f-452b-8c6e-ee46e0c4e2cc","9a3db3eb463ab40a45485eec284d5e107a6a1f34","org.apache.openjpa.event.UpdateListener","openjpa-kernel/src/main/java/org/apache/openjpa/event/UpdateListener.java","0"
"36","4.1.1","9d2f5f8c35691c3542606bea1d23b916bcbeda8d","1881d68c-2c8f-452b-8c6e-ee46e0c4e2cc","9a3db3eb463ab40a45485eec284d5e107a6a1f34","org.apache.openjpa.event.kubernetes.KubernetesTCPRemoteCommitProvider","openjpa-kubernetes/src/main/java/org/apache/openjpa/event/kubernetes/KubernetesTCPRemoteCommitProvider.java","2"
"36","4.1.1","9d2f5f8c35691c3542606bea1d23b916bcbeda8d","1881d68c-2c8f-452b-8c6e-ee46e0c4e2cc","9a3db3eb463ab40a45485eec284d5e107a6a1f34","org.apache.openjpa.instrumentation.AbstractDataCacheInstrument","openjpa-kernel/src/main/java/org/apache/openjpa/instrumentation/AbstractDataCacheInstrument.java","4"
"36","4.1.1","9d2f5f8c35691c3542606bea1d23b916bcbeda8d","1881d68c-2c8f-452b-8c6e-ee46e0c4e2cc","9a3db3eb463ab40a45485eec284d5e107a6a1f34","org.apache.openjpa.instrumentation.AbstractPreparedQueryCacheInstrument","openjpa-kernel/src/main/java/org/apache/openjpa/instrumentation/AbstractPreparedQueryCacheInstrument.java","4"
"36","4.1.1","9d2f5f8c35691c3542606bea1d23b916bcbeda8d","1881d68c-2c8f-452b-8c6e-ee46e0c4e2cc","9a3db3eb463ab40a45485eec284d5e107a6a1f34","org.apache.openjpa.instrumentation.AbstractQueryCacheInstrument","openjpa-kernel/src/main/java/org/apache/openjpa/instrumentation/AbstractQueryCacheInstrument.java","5"
"36","4.1.1","9d2f5f8c35691c3542606bea1d23b916bcbeda8d","1881d68c-2c8f-452b-8c6e-ee46e0c4e2cc","9a3db3eb463ab40a45485eec284d5e107a6a1f34","org.apache.openjpa.instrumentation.DataCacheInstrument","openjpa-kernel/src/main/java/org/apache/openjpa/instrumentation/DataCacheInstrument.java","0"
"36","4.1.1","9d2f5f8c35691c3542606bea1d23b916bcbeda8d","1881d68c-2c8f-452b-8c6e-ee46e0c4e2cc","9a3db3eb463ab40a45485eec284d5e107a6a1f34","org.apache.openjpa.instrumentation.InstrumentationManager","openjpa-kernel/src/main/java/org/apache/openjpa/instrumentation/InstrumentationManager.java","0"
"36","4.1.1","9d2f5f8c35691c3542606bea1d23b916bcbeda8d","1881d68c-2c8f-452b-8c6e-ee46e0c4e2cc","9a3db3eb463ab40a45485eec284d5e107a6a1f34","org.apache.openjpa.instrumentation.InstrumentationManagerImpl","openjpa-kernel/src/main/java/org/apache/openjpa/instrumentation/InstrumentationManagerImpl.java","4"
"36","4.1.1","9d2f5f8c35691c3542606bea1d23b916bcbeda8d","1881d68c-2c8f-452b-8c6e-ee46e0c4e2cc","9a3db3eb463ab40a45485eec284d5e107a6a1f34","org.apache.openjpa.instrumentation.PreparedQueryCacheInstrument","openjpa-kernel/src/main/java/org/apache/openjpa/instrumentation/PreparedQueryCacheInstrument.java","0"
"36","4.1.1","9d2f5f8c35691c3542606bea1d23b916bcbeda8d","1881d68c-2c8f-452b-8c6e-ee46e0c4e2cc","9a3db3eb463ab40a45485eec284d5e107a6a1f34","org.apache.openjpa.instrumentation.QueryCacheInstrument","openjpa-kernel/src/main/java/org/apache/openjpa/instrumentation/QueryCacheInstrument.java","0"
"36","4.1.1","9d2f5f8c35691c3542606bea1d23b916bcbeda8d","1881d68c-2c8f-452b-8c6e-ee46e0c4e2cc","9a3db3eb463ab40a45485eec284d5e107a6a1f34","org.apache.openjpa.instrumentation.jmx.DataCacheJMXInstrument","openjpa-kernel/src/main/java/org/apache/openjpa/instrumentation/jmx/DataCacheJMXInstrument.java","3"
"36","4.1.1","9d2f5f8c35691c3542606bea1d23b916bcbeda8d","1881d68c-2c8f-452b-8c6e-ee46e0c4e2cc","9a3db3eb463ab40a45485eec284d5e107a6a1f34","org.apache.openjpa.instrumentation.jmx.DataCacheJMXInstrumentMBean","openjpa-kernel/src/main/java/org/apache/openjpa/instrumentation/jmx/DataCacheJMXInstrumentMBean.java","0"
"36","4.1.1","9d2f5f8c35691c3542606bea1d23b916bcbeda8d","1881d68c-2c8f-452b-8c6e-ee46e0c4e2cc","9a3db3eb463ab40a45485eec284d5e107a6a1f34","org.apache.openjpa.instrumentation.jmx.JMXInstrument","openjpa-kernel/src/main/java/org/apache/openjpa/instrumentation/jmx/JMXInstrument.java","0"
"36","4.1.1","9d2f5f8c35691c3542606bea1d23b916bcbeda8d","1881d68c-2c8f-452b-8c6e-ee46e0c4e2cc","9a3db3eb463ab40a45485eec284d5e107a6a1f34","org.apache.openjpa.instrumentation.jmx.JMXProvider","openjpa-kernel/src/main/java/org/apache/openjpa/instrumentation/jmx/JMXProvider.java","7"
"36","4.1.1","9d2f5f8c35691c3542606bea1d23b916bcbeda8d","1881d68c-2c8f-452b-8c6e-ee46e0c4e2cc","9a3db3eb463ab40a45485eec284d5e107a6a1f34","org.apache.openjpa.instrumentation.jmx.PreparedQueryCacheJMXInstrument","openjpa-kernel/src/main/java/org/apache/openjpa/instrumentation/jmx/PreparedQueryCacheJMXInstrument.java","2"
"36","4.1.1","9d2f5f8c35691c3542606bea1d23b916bcbeda8d","1881d68c-2c8f-452b-8c6e-ee46e0c4e2cc","9a3db3eb463ab40a45485eec284d5e107a6a1f34","org.apache.openjpa.instrumentation.jmx.PreparedQueryCacheJMXInstrumentMBean","openjpa-kernel/src/main/java/org/apache/openjpa/instrumentation/jmx/PreparedQueryCacheJMXInstrumentMBean.java","0"
"36","4.1.1","9d2f5f8c35691c3542606bea1d23b916bcbeda8d","1881d68c-2c8f-452b-8c6e-ee46e0c4e2cc","9a3db3eb463ab40a45485eec284d5e107a6a1f34","org.apache.openjpa.instrumentation.jmx.QueryCacheJMXInstrument","openjpa-kernel/src/main/java/org/apache/openjpa/instrumentation/jmx/QueryCacheJMXInstrument.java","2"
"36","4.1.1","9d2f5f8c35691c3542606bea1d23b916bcbeda8d","1881d68c-2c8f-452b-8c6e-ee46e0c4e2cc","9a3db3eb463ab40a45485eec284d5e107a6a1f34","org.apache.openjpa.instrumentation.jmx.QueryCacheJMXInstrumentMBean","openjpa-kernel/src/main/java/org/apache/openjpa/instrumentation/jmx/QueryCacheJMXInstrumentMBean.java","0"
"36","4.1.1","9d2f5f8c35691c3542606bea1d23b916bcbeda8d","1881d68c-2c8f-452b-8c6e-ee46e0c4e2cc","9a3db3eb463ab40a45485eec284d5e107a6a1f34","org.apache.openjpa.jdbc.ant.MappingToolTask","openjpa-jdbc/src/main/java/org/apache/openjpa/jdbc/ant/MappingToolTask.java","0"
"36","4.1.1","9d2f5f8c35691c3542606bea1d23b916bcbeda8d","1881d68c-2c8f-452b-8c6e-ee46e0c4e2cc","9a3db3eb463ab40a45485eec284d5e107a6a1f34","org.apache.openjpa.jdbc.ant.ReverseMappingToolTask","openjpa-jdbc/src/main/java/org/apache/openjpa/jdbc/ant/ReverseMappingToolTask.java","0"
"36","4.1.1","9d2f5f8c35691c3542606bea1d23b916bcbeda8d","1881d68c-2c8f-452b-8c6e-ee46e0c4e2cc","9a3db3eb463ab40a45485eec284d5e107a6a1f34","org.apache.openjpa.jdbc.ant.SchemaToolTask","openjpa-jdbc/src/main/java/org/apache/openjpa/jdbc/ant/SchemaToolTask.java","1"
"36","4.1.1","9d2f5f8c35691c3542606bea1d23b916bcbeda8d","1881d68c-2c8f-452b-8c6e-ee46e0c4e2cc","9a3db3eb463ab40a45485eec284d5e107a6a1f34","org.apache.openjpa.jdbc.conf.FetchModeValue","openjpa-jdbc/src/main/java/org/apache/openjpa/jdbc/conf/FetchModeValue.java","0"
"36","4.1.1","9d2f5f8c35691c3542606bea1d23b916bcbeda8d","1881d68c-2c8f-452b-8c6e-ee46e0c4e2cc","9a3db3eb463ab40a45485eec284d5e107a6a1f34","org.apache.openjpa.jdbc.conf.JDBCConfiguration","openjpa-jdbc/src/main/java/org/apache/openjpa/jdbc/conf/JDBCConfiguration.java","0"
"36","4.1.1","9d2f5f8c35691c3542606bea1d23b916bcbeda8d","1881d68c-2c8f-452b-8c6e-ee46e0c4e2cc","9a3db3eb463ab40a45485eec284d5e107a6a1f34","org.apache.openjpa.jdbc.conf.JDBCConfigurationImpl","openjpa-jdbc/src/main/java/org/apache/openjpa/jdbc/conf/JDBCConfigurationImpl.java","28"
"36","4.1.1","9d2f5f8c35691c3542606bea1d23b916bcbeda8d","1881d68c-2c8f-452b-8c6e-ee46e0c4e2cc","9a3db3eb463ab40a45485eec284d5e107a6a1f34","org.apache.openjpa.jdbc.conf.JDBCProductDerivation","openjpa-jdbc/src/main/java/org/apache/openjpa/jdbc/conf/JDBCProductDerivation.java","0"
"36","4.1.1","9d2f5f8c35691c3542606bea1d23b916bcbeda8d","1881d68c-2c8f-452b-8c6e-ee46e0c4e2cc","9a3db3eb463ab40a45485eec284d5e107a6a1f34","org.apache.openjpa.jdbc.conf.JDBCSeqValue","openjpa-jdbc/src/main/java/org/apache/openjpa/jdbc/conf/JDBCSeqValue.java","2"
"36","4.1.1","9d2f5f8c35691c3542606bea1d23b916bcbeda8d","1881d68c-2c8f-452b-8c6e-ee46e0c4e2cc","9a3db3eb463ab40a45485eec284d5e107a6a1f34","org.apache.openjpa.jdbc.conf.MappingFactoryValue","openjpa-jdbc/src/main/java/org/apache/openjpa/jdbc/conf/MappingFactoryValue.java","4"
"36","4.1.1","9d2f5f8c35691c3542606bea1d23b916bcbeda8d","1881d68c-2c8f-452b-8c6e-ee46e0c4e2cc","9a3db3eb463ab40a45485eec284d5e107a6a1f34","org.apache.openjpa.jdbc.conf.MappingRepositoryValue","openjpa-jdbc/src/main/java/org/apache/openjpa/jdbc/conf/MappingRepositoryValue.java","2"
"36","4.1.1","9d2f5f8c35691c3542606bea1d23b916bcbeda8d","1881d68c-2c8f-452b-8c6e-ee46e0c4e2cc","9a3db3eb463ab40a45485eec284d5e107a6a1f34","org.apache.openjpa.jdbc.identifier.ColumnDefIdentifierRule","openjpa-jdbc/src/main/java/org/apache/openjpa/jdbc/identifier/ColumnDefIdentifierRule.java","0"
"36","4.1.1","9d2f5f8c35691c3542606bea1d23b916bcbeda8d","1881d68c-2c8f-452b-8c6e-ee46e0c4e2cc","9a3db3eb463ab40a45485eec284d5e107a6a1f34","org.apache.openjpa.jdbc.identifier.ColumnIdentifierRule","openjpa-jdbc/src/main/java/org/apache/openjpa/jdbc/identifier/ColumnIdentifierRule.java","0"
"36","4.1.1","9d2f5f8c35691c3542606bea1d23b916bcbeda8d","1881d68c-2c8f-452b-8c6e-ee46e0c4e2cc","9a3db3eb463ab40a45485eec284d5e107a6a1f34","org.apache.openjpa.jdbc.identifier.DBIdentifier","openjpa-jdbc/src/main/java/org/apache/openjpa/jdbc/identifier/DBIdentifier.java","10"
"36","4.1.1","9d2f5f8c35691c3542606bea1d23b916bcbeda8d","1881d68c-2c8f-452b-8c6e-ee46e0c4e2cc","9a3db3eb463ab40a45485eec284d5e107a6a1f34","org.apache.openjpa.jdbc.identifier.DBIdentifierRule","openjpa-jdbc/src/main/java/org/apache/openjpa/jdbc/identifier/DBIdentifierRule.java","1"
"36","4.1.1","9d2f5f8c35691c3542606bea1d23b916bcbeda8d","1881d68c-2c8f-452b-8c6e-ee46e0c4e2cc","9a3db3eb463ab40a45485eec284d5e107a6a1f34","org.apache.openjpa.jdbc.identifier.DBIdentifierUtil","openjpa-jdbc/src/main/java/org/apache/openjpa/jdbc/identifier/DBIdentifierUtil.java","0"
"36","4.1.1","9d2f5f8c35691c3542606bea1d23b916bcbeda8d","1881d68c-2c8f-452b-8c6e-ee46e0c4e2cc","9a3db3eb463ab40a45485eec284d5e107a6a1f34","org.apache.openjpa.jdbc.identifier.DBIdentifierUtilImpl","openjpa-jdbc/src/main/java/org/apache/openjpa/jdbc/identifier/DBIdentifierUtilImpl.java","7"
"36","4.1.1","9d2f5f8c35691c3542606bea1d23b916bcbeda8d","1881d68c-2c8f-452b-8c6e-ee46e0c4e2cc","9a3db3eb463ab40a45485eec284d5e107a6a1f34","org.apache.openjpa.jdbc.identifier.DefaultIdentifierConfiguration","openjpa-jdbc/src/main/java/org/apache/openjpa/jdbc/identifier/DefaultIdentifierConfiguration.java","0"
"36","4.1.1","9d2f5f8c35691c3542606bea1d23b916bcbeda8d","1881d68c-2c8f-452b-8c6e-ee46e0c4e2cc","9a3db3eb463ab40a45485eec284d5e107a6a1f34","org.apache.openjpa.jdbc.identifier.Normalizer","openjpa-jdbc/src/main/java/org/apache/openjpa/jdbc/identifier/Normalizer.java","2"
"36","4.1.1","9d2f5f8c35691c3542606bea1d23b916bcbeda8d","1881d68c-2c8f-452b-8c6e-ee46e0c4e2cc","9a3db3eb463ab40a45485eec284d5e107a6a1f34","org.apache.openjpa.jdbc.identifier.QualifiedDBIdentifier","openjpa-jdbc/src/main/java/org/apache/openjpa/jdbc/identifier/QualifiedDBIdentifier.java","9"
"36","4.1.1","9d2f5f8c35691c3542606bea1d23b916bcbeda8d","1881d68c-2c8f-452b-8c6e-ee46e0c4e2cc","9a3db3eb463ab40a45485eec284d5e107a6a1f34","org.apache.openjpa.jdbc.kernel.AbstractJDBCSavepointManager","openjpa-jdbc/src/main/java/org/apache/openjpa/jdbc/kernel/AbstractJDBCSavepointManager.java","3"
"36","4.1.1","9d2f5f8c35691c3542606bea1d23b916bcbeda8d","1881d68c-2c8f-452b-8c6e-ee46e0c4e2cc","9a3db3eb463ab40a45485eec284d5e107a6a1f34","org.apache.openjpa.jdbc.kernel.AbstractJDBCSeq","openjpa-jdbc/src/main/java/org/apache/openjpa/jdbc/kernel/AbstractJDBCSeq.java","7"
"36","4.1.1","9d2f5f8c35691c3542606bea1d23b916bcbeda8d","1881d68c-2c8f-452b-8c6e-ee46e0c4e2cc","9a3db3eb463ab40a45485eec284d5e107a6a1f34","org.apache.openjpa.jdbc.kernel.AbstractUpdateManager","openjpa-jdbc/src/main/java/org/apache/openjpa/jdbc/kernel/AbstractUpdateManager.java","9"
"36","4.1.1","9d2f5f8c35691c3542606bea1d23b916bcbeda8d","1881d68c-2c8f-452b-8c6e-ee46e0c4e2cc","9a3db3eb463ab40a45485eec284d5e107a6a1f34","org.apache.openjpa.jdbc.kernel.BatchingConstraintUpdateManager","openjpa-jdbc/src/main/java/org/apache/openjpa/jdbc/kernel/BatchingConstraintUpdateManager.java","0"
"36","4.1.1","9d2f5f8c35691c3542606bea1d23b916bcbeda8d","1881d68c-2c8f-452b-8c6e-ee46e0c4e2cc","9a3db3eb463ab40a45485eec284d5e107a6a1f34","org.apache.openjpa.jdbc.kernel.BatchingOperationOrderUpdateManager","openjpa-jdbc/src/main/java/org/apache/openjpa/jdbc/kernel/BatchingOperationOrderUpdateManager.java","0"
"36","4.1.1","9d2f5f8c35691c3542606bea1d23b916bcbeda8d","1881d68c-2c8f-452b-8c6e-ee46e0c4e2cc","9a3db3eb463ab40a45485eec284d5e107a6a1f34","org.apache.openjpa.jdbc.kernel.BatchingPreparedStatementManagerImpl","openjpa-jdbc/src/main/java/org/apache/openjpa/jdbc/kernel/BatchingPreparedStatementManagerImpl.java","14"
"36","4.1.1","9d2f5f8c35691c3542606bea1d23b916bcbeda8d","1881d68c-2c8f-452b-8c6e-ee46e0c4e2cc","9a3db3eb463ab40a45485eec284d5e107a6a1f34","org.apache.openjpa.jdbc.kernel.ClassTableJDBCSeq","openjpa-jdbc/src/main/java/org/apache/openjpa/jdbc/kernel/ClassTableJDBCSeq.java","16"
"36","4.1.1","9d2f5f8c35691c3542606bea1d23b916bcbeda8d","1881d68c-2c8f-452b-8c6e-ee46e0c4e2cc","9a3db3eb463ab40a45485eec284d5e107a6a1f34","org.apache.openjpa.jdbc.kernel.ConnectionInfo","openjpa-jdbc/src/main/java/org/apache/openjpa/jdbc/kernel/ConnectionInfo.java","0"
"36","4.1.1","9d2f5f8c35691c3542606bea1d23b916bcbeda8d","1881d68c-2c8f-452b-8c6e-ee46e0c4e2cc","9a3db3eb463ab40a45485eec284d5e107a6a1f34","org.apache.openjpa.jdbc.kernel.ConstraintUpdateManager","openjpa-jdbc/src/main/java/org/apache/openjpa/jdbc/kernel/ConstraintUpdateManager.java","7"
"36","4.1.1","9d2f5f8c35691c3542606bea1d23b916bcbeda8d","1881d68c-2c8f-452b-8c6e-ee46e0c4e2cc","9a3db3eb463ab40a45485eec284d5e107a6a1f34","org.apache.openjpa.jdbc.kernel.DelegatingJDBCFetchConfiguration","openjpa-jdbc/src/main/java/org/apache/openjpa/jdbc/kernel/DelegatingJDBCFetchConfiguration.java","0"
"36","4.1.1","9d2f5f8c35691c3542606bea1d23b916bcbeda8d","1881d68c-2c8f-452b-8c6e-ee46e0c4e2cc","9a3db3eb463ab40a45485eec284d5e107a6a1f34","org.apache.openjpa.jdbc.kernel.EagerFetchModes","openjpa-jdbc/src/main/java/org/apache/openjpa/jdbc/kernel/EagerFetchModes.java","1"
"36","4.1.1","9d2f5f8c35691c3542606bea1d23b916bcbeda8d","1881d68c-2c8f-452b-8c6e-ee46e0c4e2cc","9a3db3eb463ab40a45485eec284d5e107a6a1f34","org.apache.openjpa.jdbc.kernel.FinderCacheImpl","openjpa-jdbc/src/main/java/org/apache/openjpa/jdbc/kernel/FinderCacheImpl.java","11"
"36","4.1.1","9d2f5f8c35691c3542606bea1d23b916bcbeda8d","1881d68c-2c8f-452b-8c6e-ee46e0c4e2cc","9a3db3eb463ab40a45485eec284d5e107a6a1f34","org.apache.openjpa.jdbc.kernel.FinderQueryImpl","openjpa-jdbc/src/main/java/org/apache/openjpa/jdbc/kernel/FinderQueryImpl.java","10"
"36","4.1.1","9d2f5f8c35691c3542606bea1d23b916bcbeda8d","1881d68c-2c8f-452b-8c6e-ee46e0c4e2cc","9a3db3eb463ab40a45485eec284d5e107a6a1f34","org.apache.openjpa.jdbc.kernel.GenericResultObjectProvider","openjpa-jdbc/src/main/java/org/apache/openjpa/jdbc/kernel/GenericResultObjectProvider.java","6"
"36","4.1.1","9d2f5f8c35691c3542606bea1d23b916bcbeda8d","1881d68c-2c8f-452b-8c6e-ee46e0c4e2cc","9a3db3eb463ab40a45485eec284d5e107a6a1f34","org.apache.openjpa.jdbc.kernel.InstanceResultObjectProvider","openjpa-jdbc/src/main/java/org/apache/openjpa/jdbc/kernel/InstanceResultObjectProvider.java","2"
"36","4.1.1","9d2f5f8c35691c3542606bea1d23b916bcbeda8d","1881d68c-2c8f-452b-8c6e-ee46e0c4e2cc","9a3db3eb463ab40a45485eec284d5e107a6a1f34","org.apache.openjpa.jdbc.kernel.JDBC3SavepointManager","openjpa-jdbc/src/main/java/org/apache/openjpa/jdbc/kernel/JDBC3SavepointManager.java","0"
"36","4.1.1","9d2f5f8c35691c3542606bea1d23b916bcbeda8d","1881d68c-2c8f-452b-8c6e-ee46e0c4e2cc","9a3db3eb463ab40a45485eec284d5e107a6a1f34","org.apache.openjpa.jdbc.kernel.JDBCBrokerFactory","openjpa-jdbc/src/main/java/org/apache/openjpa/jdbc/kernel/JDBCBrokerFactory.java","5"
"36","4.1.1","9d2f5f8c35691c3542606bea1d23b916bcbeda8d","1881d68c-2c8f-452b-8c6e-ee46e0c4e2cc","9a3db3eb463ab40a45485eec284d5e107a6a1f34","org.apache.openjpa.jdbc.kernel.JDBCFetchConfiguration","openjpa-jdbc/src/main/java/org/apache/openjpa/jdbc/kernel/JDBCFetchConfiguration.java","0"
"36","4.1.1","9d2f5f8c35691c3542606bea1d23b916bcbeda8d","1881d68c-2c8f-452b-8c6e-ee46e0c4e2cc","9a3db3eb463ab40a45485eec284d5e107a6a1f34","org.apache.openjpa.jdbc.kernel.JDBCFetchConfigurationImpl","openjpa-jdbc/src/main/java/org/apache/openjpa/jdbc/kernel/JDBCFetchConfigurationImpl.java","3"
"36","4.1.1","9d2f5f8c35691c3542606bea1d23b916bcbeda8d","1881d68c-2c8f-452b-8c6e-ee46e0c4e2cc","9a3db3eb463ab40a45485eec284d5e107a6a1f34","org.apache.openjpa.jdbc.kernel.JDBCLockManager","openjpa-jdbc/src/main/java/org/apache/openjpa/jdbc/kernel/JDBCLockManager.java","0"
"36","4.1.1","9d2f5f8c35691c3542606bea1d23b916bcbeda8d","1881d68c-2c8f-452b-8c6e-ee46e0c4e2cc","9a3db3eb463ab40a45485eec284d5e107a6a1f34","org.apache.openjpa.jdbc.kernel.JDBCSeq","openjpa-jdbc/src/main/java/org/apache/openjpa/jdbc/kernel/JDBCSeq.java","0"
"36","4.1.1","9d2f5f8c35691c3542606bea1d23b916bcbeda8d","1881d68c-2c8f-452b-8c6e-ee46e0c4e2cc","9a3db3eb463ab40a45485eec284d5e107a6a1f34","org.apache.openjpa.jdbc.kernel.JDBCStore","openjpa-jdbc/src/main/java/org/apache/openjpa/jdbc/kernel/JDBCStore.java","0"
"36","4.1.1","9d2f5f8c35691c3542606bea1d23b916bcbeda8d","1881d68c-2c8f-452b-8c6e-ee46e0c4e2cc","9a3db3eb463ab40a45485eec284d5e107a6a1f34","org.apache.openjpa.jdbc.kernel.JDBCStoreManager","openjpa-jdbc/src/main/java/org/apache/openjpa/jdbc/kernel/JDBCStoreManager.java","49"
"36","4.1.1","9d2f5f8c35691c3542606bea1d23b916bcbeda8d","1881d68c-2c8f-452b-8c6e-ee46e0c4e2cc","9a3db3eb463ab40a45485eec284d5e107a6a1f34","org.apache.openjpa.jdbc.kernel.JDBCStoreQuery","openjpa-jdbc/src/main/java/org/apache/openjpa/jdbc/kernel/JDBCStoreQuery.java","19"
"36","4.1.1","9d2f5f8c35691c3542606bea1d23b916bcbeda8d","1881d68c-2c8f-452b-8c6e-ee46e0c4e2cc","9a3db3eb463ab40a45485eec284d5e107a6a1f34","org.apache.openjpa.jdbc.kernel.LRSSizes","openjpa-jdbc/src/main/java/org/apache/openjpa/jdbc/kernel/LRSSizes.java","1"
"36","4.1.1","9d2f5f8c35691c3542606bea1d23b916bcbeda8d","1881d68c-2c8f-452b-8c6e-ee46e0c4e2cc","9a3db3eb463ab40a45485eec284d5e107a6a1f34","org.apache.openjpa.jdbc.kernel.MappedQueryResultObjectProvider","openjpa-jdbc/src/main/java/org/apache/openjpa/jdbc/kernel/MappedQueryResultObjectProvider.java","10"
"36","4.1.1","9d2f5f8c35691c3542606bea1d23b916bcbeda8d","1881d68c-2c8f-452b-8c6e-ee46e0c4e2cc","9a3db3eb463ab40a45485eec284d5e107a6a1f34","org.apache.openjpa.jdbc.kernel.MixedLockManager","openjpa-jdbc/src/main/java/org/apache/openjpa/jdbc/kernel/MixedLockManager.java","5"
"36","4.1.1","9d2f5f8c35691c3542606bea1d23b916bcbeda8d","1881d68c-2c8f-452b-8c6e-ee46e0c4e2cc","9a3db3eb463ab40a45485eec284d5e107a6a1f34","org.apache.openjpa.jdbc.kernel.NativeJDBCSeq","openjpa-jdbc/src/main/java/org/apache/openjpa/jdbc/kernel/NativeJDBCSeq.java","25"
"36","4.1.1","9d2f5f8c35691c3542606bea1d23b916bcbeda8d","1881d68c-2c8f-452b-8c6e-ee46e0c4e2cc","9a3db3eb463ab40a45485eec284d5e107a6a1f34","org.apache.openjpa.jdbc.kernel.OperationOrderUpdateManager","openjpa-jdbc/src/main/java/org/apache/openjpa/jdbc/kernel/OperationOrderUpdateManager.java","2"
"36","4.1.1","9d2f5f8c35691c3542606bea1d23b916bcbeda8d","1881d68c-2c8f-452b-8c6e-ee46e0c4e2cc","9a3db3eb463ab40a45485eec284d5e107a6a1f34","org.apache.openjpa.jdbc.kernel.PagingResultObjectProvider","openjpa-jdbc/src/main/java/org/apache/openjpa/jdbc/kernel/PagingResultObjectProvider.java","11"
"36","4.1.1","9d2f5f8c35691c3542606bea1d23b916bcbeda8d","1881d68c-2c8f-452b-8c6e-ee46e0c4e2cc","9a3db3eb463ab40a45485eec284d5e107a6a1f34","org.apache.openjpa.jdbc.kernel.PessimisticLockManager","openjpa-jdbc/src/main/java/org/apache/openjpa/jdbc/kernel/PessimisticLockManager.java","8"
"36","4.1.1","9d2f5f8c35691c3542606bea1d23b916bcbeda8d","1881d68c-2c8f-452b-8c6e-ee46e0c4e2cc","9a3db3eb463ab40a45485eec284d5e107a6a1f34","org.apache.openjpa.jdbc.kernel.PreparedProjectionResultObjectProvider","openjpa-jdbc/src/main/java/org/apache/openjpa/jdbc/kernel/PreparedProjectionResultObjectProvider.java","0"
"36","4.1.1","9d2f5f8c35691c3542606bea1d23b916bcbeda8d","1881d68c-2c8f-452b-8c6e-ee46e0c4e2cc","9a3db3eb463ab40a45485eec284d5e107a6a1f34","org.apache.openjpa.jdbc.kernel.PreparedQueryCacheImpl","openjpa-jdbc/src/main/java/org/apache/openjpa/jdbc/kernel/PreparedQueryCacheImpl.java","16"
"36","4.1.1","9d2f5f8c35691c3542606bea1d23b916bcbeda8d","1881d68c-2c8f-452b-8c6e-ee46e0c4e2cc","9a3db3eb463ab40a45485eec284d5e107a6a1f34","org.apache.openjpa.jdbc.kernel.PreparedQueryImpl","openjpa-jdbc/src/main/java/org/apache/openjpa/jdbc/kernel/PreparedQueryImpl.java","14"
"36","4.1.1","9d2f5f8c35691c3542606bea1d23b916bcbeda8d","1881d68c-2c8f-452b-8c6e-ee46e0c4e2cc","9a3db3eb463ab40a45485eec284d5e107a6a1f34","org.apache.openjpa.jdbc.kernel.PreparedResultObjectProvider","openjpa-jdbc/src/main/java/org/apache/openjpa/jdbc/kernel/PreparedResultObjectProvider.java","0"
"36","4.1.1","9d2f5f8c35691c3542606bea1d23b916bcbeda8d","1881d68c-2c8f-452b-8c6e-ee46e0c4e2cc","9a3db3eb463ab40a45485eec284d5e107a6a1f34","org.apache.openjpa.jdbc.kernel.PreparedSQLStoreQuery","openjpa-jdbc/src/main/java/org/apache/openjpa/jdbc/kernel/PreparedSQLStoreQuery.java","6"
"36","4.1.1","9d2f5f8c35691c3542606bea1d23b916bcbeda8d","1881d68c-2c8f-452b-8c6e-ee46e0c4e2cc","9a3db3eb463ab40a45485eec284d5e107a6a1f34","org.apache.openjpa.jdbc.kernel.PreparedStatementManager","openjpa-jdbc/src/main/java/org/apache/openjpa/jdbc/kernel/PreparedStatementManager.java","0"
"36","4.1.1","9d2f5f8c35691c3542606bea1d23b916bcbeda8d","1881d68c-2c8f-452b-8c6e-ee46e0c4e2cc","9a3db3eb463ab40a45485eec284d5e107a6a1f34","org.apache.openjpa.jdbc.kernel.PreparedStatementManagerImpl","openjpa-jdbc/src/main/java/org/apache/openjpa/jdbc/kernel/PreparedStatementManagerImpl.java","16"
"36","4.1.1","9d2f5f8c35691c3542606bea1d23b916bcbeda8d","1881d68c-2c8f-452b-8c6e-ee46e0c4e2cc","9a3db3eb463ab40a45485eec284d5e107a6a1f34","org.apache.openjpa.jdbc.kernel.ProjectionResultObjectProvider","openjpa-jdbc/src/main/java/org/apache/openjpa/jdbc/kernel/ProjectionResultObjectProvider.java","3"
"36","4.1.1","9d2f5f8c35691c3542606bea1d23b916bcbeda8d","1881d68c-2c8f-452b-8c6e-ee46e0c4e2cc","9a3db3eb463ab40a45485eec284d5e107a6a1f34","org.apache.openjpa.jdbc.kernel.SQLProjectionResultObjectProvider","openjpa-jdbc/src/main/java/org/apache/openjpa/jdbc/kernel/SQLProjectionResultObjectProvider.java","7"
"36","4.1.1","9d2f5f8c35691c3542606bea1d23b916bcbeda8d","1881d68c-2c8f-452b-8c6e-ee46e0c4e2cc","9a3db3eb463ab40a45485eec284d5e107a6a1f34","org.apache.openjpa.jdbc.kernel.SQLStoreQuery","openjpa-jdbc/src/main/java/org/apache/openjpa/jdbc/kernel/SQLStoreQuery.java","18"
"36","4.1.1","9d2f5f8c35691c3542606bea1d23b916bcbeda8d","1881d68c-2c8f-452b-8c6e-ee46e0c4e2cc","9a3db3eb463ab40a45485eec284d5e107a6a1f34","org.apache.openjpa.jdbc.kernel.SelectResultObjectProvider","openjpa-jdbc/src/main/java/org/apache/openjpa/jdbc/kernel/SelectResultObjectProvider.java","7"
"36","4.1.1","9d2f5f8c35691c3542606bea1d23b916bcbeda8d","1881d68c-2c8f-452b-8c6e-ee46e0c4e2cc","9a3db3eb463ab40a45485eec284d5e107a6a1f34","org.apache.openjpa.jdbc.kernel.StoredProcedureQuery","openjpa-jdbc/src/main/java/org/apache/openjpa/jdbc/kernel/StoredProcedureQuery.java","10"
"36","4.1.1","9d2f5f8c35691c3542606bea1d23b916bcbeda8d","1881d68c-2c8f-452b-8c6e-ee46e0c4e2cc","9a3db3eb463ab40a45485eec284d5e107a6a1f34","org.apache.openjpa.jdbc.kernel.TableJDBCSeq","openjpa-jdbc/src/main/java/org/apache/openjpa/jdbc/kernel/TableJDBCSeq.java","47"
"36","4.1.1","9d2f5f8c35691c3542606bea1d23b916bcbeda8d","1881d68c-2c8f-452b-8c6e-ee46e0c4e2cc","9a3db3eb463ab40a45485eec284d5e107a6a1f34","org.apache.openjpa.jdbc.kernel.UpdateManager","openjpa-jdbc/src/main/java/org/apache/openjpa/jdbc/kernel/UpdateManager.java","0"
"36","4.1.1","9d2f5f8c35691c3542606bea1d23b916bcbeda8d","1881d68c-2c8f-452b-8c6e-ee46e0c4e2cc","9a3db3eb463ab40a45485eec284d5e107a6a1f34","org.apache.openjpa.jdbc.kernel.ValueTableJDBCSeq","openjpa-jdbc/src/main/java/org/apache/openjpa/jdbc/kernel/ValueTableJDBCSeq.java","11"
"36","4.1.1","9d2f5f8c35691c3542606bea1d23b916bcbeda8d","1881d68c-2c8f-452b-8c6e-ee46e0c4e2cc","9a3db3eb463ab40a45485eec284d5e107a6a1f34","org.apache.openjpa.jdbc.kernel.XROP","openjpa-jdbc/src/main/java/org/apache/openjpa/jdbc/kernel/XROP.java","2"
"36","4.1.1","9d2f5f8c35691c3542606bea1d23b916bcbeda8d","1881d68c-2c8f-452b-8c6e-ee46e0c4e2cc","9a3db3eb463ab40a45485eec284d5e107a6a1f34","org.apache.openjpa.jdbc.kernel.exps.Abs","openjpa-jdbc/src/main/java/org/apache/openjpa/jdbc/kernel/exps/Abs.java","0"
"36","4.1.1","9d2f5f8c35691c3542606bea1d23b916bcbeda8d","1881d68c-2c8f-452b-8c6e-ee46e0c4e2cc","9a3db3eb463ab40a45485eec284d5e107a6a1f34","org.apache.openjpa.jdbc.kernel.exps.AbstractVal","openjpa-jdbc/src/main/java/org/apache/openjpa/jdbc/kernel/exps/AbstractVal.java","1"
"36","4.1.1","9d2f5f8c35691c3542606bea1d23b916bcbeda8d","1881d68c-2c8f-452b-8c6e-ee46e0c4e2cc","9a3db3eb463ab40a45485eec284d5e107a6a1f34","org.apache.openjpa.jdbc.kernel.exps.Aggregate","openjpa-jdbc/src/main/java/org/apache/openjpa/jdbc/kernel/exps/Aggregate.java","7"
"36","4.1.1","9d2f5f8c35691c3542606bea1d23b916bcbeda8d","1881d68c-2c8f-452b-8c6e-ee46e0c4e2cc","9a3db3eb463ab40a45485eec284d5e107a6a1f34","org.apache.openjpa.jdbc.kernel.exps.All","openjpa-jdbc/src/main/java/org/apache/openjpa/jdbc/kernel/exps/All.java","0"
"36","4.1.1","9d2f5f8c35691c3542606bea1d23b916bcbeda8d","1881d68c-2c8f-452b-8c6e-ee46e0c4e2cc","9a3db3eb463ab40a45485eec284d5e107a6a1f34","org.apache.openjpa.jdbc.kernel.exps.AndExpression","openjpa-jdbc/src/main/java/org/apache/openjpa/jdbc/kernel/exps/AndExpression.java","2"
"36","4.1.1","9d2f5f8c35691c3542606bea1d23b916bcbeda8d","1881d68c-2c8f-452b-8c6e-ee46e0c4e2cc","9a3db3eb463ab40a45485eec284d5e107a6a1f34","org.apache.openjpa.jdbc.kernel.exps.Any","openjpa-jdbc/src/main/java/org/apache/openjpa/jdbc/kernel/exps/Any.java","0"
"36","4.1.1","9d2f5f8c35691c3542606bea1d23b916bcbeda8d","1881d68c-2c8f-452b-8c6e-ee46e0c4e2cc","9a3db3eb463ab40a45485eec284d5e107a6a1f34","org.apache.openjpa.jdbc.kernel.exps.Args","openjpa-jdbc/src/main/java/org/apache/openjpa/jdbc/kernel/exps/Args.java","13"
"36","4.1.1","9d2f5f8c35691c3542606bea1d23b916bcbeda8d","1881d68c-2c8f-452b-8c6e-ee46e0c4e2cc","9a3db3eb463ab40a45485eec284d5e107a6a1f34","org.apache.openjpa.jdbc.kernel.exps.Avg","openjpa-jdbc/src/main/java/org/apache/openjpa/jdbc/kernel/exps/Avg.java","0"
"36","4.1.1","9d2f5f8c35691c3542606bea1d23b916bcbeda8d","1881d68c-2c8f-452b-8c6e-ee46e0c4e2cc","9a3db3eb463ab40a45485eec284d5e107a6a1f34","org.apache.openjpa.jdbc.kernel.exps.BinaryOpExpState","openjpa-jdbc/src/main/java/org/apache/openjpa/jdbc/kernel/exps/BinaryOpExpState.java","0"
"36","4.1.1","9d2f5f8c35691c3542606bea1d23b916bcbeda8d","1881d68c-2c8f-452b-8c6e-ee46e0c4e2cc","9a3db3eb463ab40a45485eec284d5e107a6a1f34","org.apache.openjpa.jdbc.kernel.exps.BindVariableAndExpression","openjpa-jdbc/src/main/java/org/apache/openjpa/jdbc/kernel/exps/BindVariableAndExpression.java","2"
"36","4.1.1","9d2f5f8c35691c3542606bea1d23b916bcbeda8d","1881d68c-2c8f-452b-8c6e-ee46e0c4e2cc","9a3db3eb463ab40a45485eec284d5e107a6a1f34","org.apache.openjpa.jdbc.kernel.exps.BindVariableExpression","openjpa-jdbc/src/main/java/org/apache/openjpa/jdbc/kernel/exps/BindVariableExpression.java","3"
"36","4.1.1","9d2f5f8c35691c3542606bea1d23b916bcbeda8d","1881d68c-2c8f-452b-8c6e-ee46e0c4e2cc","9a3db3eb463ab40a45485eec284d5e107a6a1f34","org.apache.openjpa.jdbc.kernel.exps.Ceiling","openjpa-jdbc/src/main/java/org/apache/openjpa/jdbc/kernel/exps/Ceiling.java","0"
"36","4.1.1","9d2f5f8c35691c3542606bea1d23b916bcbeda8d","1881d68c-2c8f-452b-8c6e-ee46e0c4e2cc","9a3db3eb463ab40a45485eec284d5e107a6a1f34","org.apache.openjpa.jdbc.kernel.exps.CoalesceExpression","openjpa-jdbc/src/main/java/org/apache/openjpa/jdbc/kernel/exps/CoalesceExpression.java","4"
"36","4.1.1","9d2f5f8c35691c3542606bea1d23b916bcbeda8d","1881d68c-2c8f-452b-8c6e-ee46e0c4e2cc","9a3db3eb463ab40a45485eec284d5e107a6a1f34","org.apache.openjpa.jdbc.kernel.exps.CollectionParam","openjpa-jdbc/src/main/java/org/apache/openjpa/jdbc/kernel/exps/CollectionParam.java","9"
"36","4.1.1","9d2f5f8c35691c3542606bea1d23b916bcbeda8d","1881d68c-2c8f-452b-8c6e-ee46e0c4e2cc","9a3db3eb463ab40a45485eec284d5e107a6a1f34","org.apache.openjpa.jdbc.kernel.exps.CompareEqualExpression","openjpa-jdbc/src/main/java/org/apache/openjpa/jdbc/kernel/exps/CompareEqualExpression.java","3"
"36","4.1.1","9d2f5f8c35691c3542606bea1d23b916bcbeda8d","1881d68c-2c8f-452b-8c6e-ee46e0c4e2cc","9a3db3eb463ab40a45485eec284d5e107a6a1f34","org.apache.openjpa.jdbc.kernel.exps.CompareExpression","openjpa-jdbc/src/main/java/org/apache/openjpa/jdbc/kernel/exps/CompareExpression.java","3"
"36","4.1.1","9d2f5f8c35691c3542606bea1d23b916bcbeda8d","1881d68c-2c8f-452b-8c6e-ee46e0c4e2cc","9a3db3eb463ab40a45485eec284d5e107a6a1f34","org.apache.openjpa.jdbc.kernel.exps.Concat","openjpa-jdbc/src/main/java/org/apache/openjpa/jdbc/kernel/exps/Concat.java","5"
"36","4.1.1","9d2f5f8c35691c3542606bea1d23b916bcbeda8d","1881d68c-2c8f-452b-8c6e-ee46e0c4e2cc","9a3db3eb463ab40a45485eec284d5e107a6a1f34","org.apache.openjpa.jdbc.kernel.exps.Const","openjpa-jdbc/src/main/java/org/apache/openjpa/jdbc/kernel/exps/Const.java","3"
"36","4.1.1","9d2f5f8c35691c3542606bea1d23b916bcbeda8d","1881d68c-2c8f-452b-8c6e-ee46e0c4e2cc","9a3db3eb463ab40a45485eec284d5e107a6a1f34","org.apache.openjpa.jdbc.kernel.exps.ConstGetObjectId","openjpa-jdbc/src/main/java/org/apache/openjpa/jdbc/kernel/exps/ConstGetObjectId.java","2"
"36","4.1.1","9d2f5f8c35691c3542606bea1d23b916bcbeda8d","1881d68c-2c8f-452b-8c6e-ee46e0c4e2cc","9a3db3eb463ab40a45485eec284d5e107a6a1f34","org.apache.openjpa.jdbc.kernel.exps.ConstInstanceofExpression","openjpa-jdbc/src/main/java/org/apache/openjpa/jdbc/kernel/exps/ConstInstanceofExpression.java","2"
"36","4.1.1","9d2f5f8c35691c3542606bea1d23b916bcbeda8d","1881d68c-2c8f-452b-8c6e-ee46e0c4e2cc","9a3db3eb463ab40a45485eec284d5e107a6a1f34","org.apache.openjpa.jdbc.kernel.exps.ConstPath","openjpa-jdbc/src/main/java/org/apache/openjpa/jdbc/kernel/exps/ConstPath.java","9"
"36","4.1.1","9d2f5f8c35691c3542606bea1d23b916bcbeda8d","1881d68c-2c8f-452b-8c6e-ee46e0c4e2cc","9a3db3eb463ab40a45485eec284d5e107a6a1f34","org.apache.openjpa.jdbc.kernel.exps.ContainsExpression","openjpa-jdbc/src/main/java/org/apache/openjpa/jdbc/kernel/exps/ContainsExpression.java","0"
"36","4.1.1","9d2f5f8c35691c3542606bea1d23b916bcbeda8d","1881d68c-2c8f-452b-8c6e-ee46e0c4e2cc","9a3db3eb463ab40a45485eec284d5e107a6a1f34","org.apache.openjpa.jdbc.kernel.exps.ContainsKeyExpression","openjpa-jdbc/src/main/java/org/apache/openjpa/jdbc/kernel/exps/ContainsKeyExpression.java","0"
"36","4.1.1","9d2f5f8c35691c3542606bea1d23b916bcbeda8d","1881d68c-2c8f-452b-8c6e-ee46e0c4e2cc","9a3db3eb463ab40a45485eec284d5e107a6a1f34","org.apache.openjpa.jdbc.kernel.exps.Count","openjpa-jdbc/src/main/java/org/apache/openjpa/jdbc/kernel/exps/Count.java","0"
"36","4.1.1","9d2f5f8c35691c3542606bea1d23b916bcbeda8d","1881d68c-2c8f-452b-8c6e-ee46e0c4e2cc","9a3db3eb463ab40a45485eec284d5e107a6a1f34","org.apache.openjpa.jdbc.kernel.exps.CurrentDate","openjpa-jdbc/src/main/java/org/apache/openjpa/jdbc/kernel/exps/CurrentDate.java","2"
"36","4.1.1","9d2f5f8c35691c3542606bea1d23b916bcbeda8d","1881d68c-2c8f-452b-8c6e-ee46e0c4e2cc","9a3db3eb463ab40a45485eec284d5e107a6a1f34","org.apache.openjpa.jdbc.kernel.exps.CurrentTemporal","openjpa-jdbc/src/main/java/org/apache/openjpa/jdbc/kernel/exps/CurrentTemporal.java","8"
"36","4.1.1","9d2f5f8c35691c3542606bea1d23b916bcbeda8d","1881d68c-2c8f-452b-8c6e-ee46e0c4e2cc","9a3db3eb463ab40a45485eec284d5e107a6a1f34","org.apache.openjpa.jdbc.kernel.exps.DatastoreFunction","openjpa-jdbc/src/main/java/org/apache/openjpa/jdbc/kernel/exps/DatastoreFunction.java","1"
"36","4.1.1","9d2f5f8c35691c3542606bea1d23b916bcbeda8d","1881d68c-2c8f-452b-8c6e-ee46e0c4e2cc","9a3db3eb463ab40a45485eec284d5e107a6a1f34","org.apache.openjpa.jdbc.kernel.exps.Distinct","openjpa-jdbc/src/main/java/org/apache/openjpa/jdbc/kernel/exps/Distinct.java","0"
"36","4.1.1","9d2f5f8c35691c3542606bea1d23b916bcbeda8d","1881d68c-2c8f-452b-8c6e-ee46e0c4e2cc","9a3db3eb463ab40a45485eec284d5e107a6a1f34","org.apache.openjpa.jdbc.kernel.exps.EmptyExpression","openjpa-jdbc/src/main/java/org/apache/openjpa/jdbc/kernel/exps/EmptyExpression.java","2"
"36","4.1.1","9d2f5f8c35691c3542606bea1d23b916bcbeda8d","1881d68c-2c8f-452b-8c6e-ee46e0c4e2cc","9a3db3eb463ab40a45485eec284d5e107a6a1f34","org.apache.openjpa.jdbc.kernel.exps.EndsWithExpression","openjpa-jdbc/src/main/java/org/apache/openjpa/jdbc/kernel/exps/EndsWithExpression.java","7"
"36","4.1.1","9d2f5f8c35691c3542606bea1d23b916bcbeda8d","1881d68c-2c8f-452b-8c6e-ee46e0c4e2cc","9a3db3eb463ab40a45485eec284d5e107a6a1f34","org.apache.openjpa.jdbc.kernel.exps.EqualExpression","openjpa-jdbc/src/main/java/org/apache/openjpa/jdbc/kernel/exps/EqualExpression.java","1"
"36","4.1.1","9d2f5f8c35691c3542606bea1d23b916bcbeda8d","1881d68c-2c8f-452b-8c6e-ee46e0c4e2cc","9a3db3eb463ab40a45485eec284d5e107a6a1f34","org.apache.openjpa.jdbc.kernel.exps.EqualTypeExpression","openjpa-jdbc/src/main/java/org/apache/openjpa/jdbc/kernel/exps/EqualTypeExpression.java","3"
"36","4.1.1","9d2f5f8c35691c3542606bea1d23b916bcbeda8d","1881d68c-2c8f-452b-8c6e-ee46e0c4e2cc","9a3db3eb463ab40a45485eec284d5e107a6a1f34","org.apache.openjpa.jdbc.kernel.exps.Exp","openjpa-jdbc/src/main/java/org/apache/openjpa/jdbc/kernel/exps/Exp.java","0"
"36","4.1.1","9d2f5f8c35691c3542606bea1d23b916bcbeda8d","1881d68c-2c8f-452b-8c6e-ee46e0c4e2cc","9a3db3eb463ab40a45485eec284d5e107a6a1f34","org.apache.openjpa.jdbc.kernel.exps.ExpContext","openjpa-jdbc/src/main/java/org/apache/openjpa/jdbc/kernel/exps/ExpContext.java","0"
"36","4.1.1","9d2f5f8c35691c3542606bea1d23b916bcbeda8d","1881d68c-2c8f-452b-8c6e-ee46e0c4e2cc","9a3db3eb463ab40a45485eec284d5e107a6a1f34","org.apache.openjpa.jdbc.kernel.exps.ExpState","openjpa-jdbc/src/main/java/org/apache/openjpa/jdbc/kernel/exps/ExpState.java","0"
"36","4.1.1","9d2f5f8c35691c3542606bea1d23b916bcbeda8d","1881d68c-2c8f-452b-8c6e-ee46e0c4e2cc","9a3db3eb463ab40a45485eec284d5e107a6a1f34","org.apache.openjpa.jdbc.kernel.exps.Exponential","openjpa-jdbc/src/main/java/org/apache/openjpa/jdbc/kernel/exps/Exponential.java","0"
"36","4.1.1","9d2f5f8c35691c3542606bea1d23b916bcbeda8d","1881d68c-2c8f-452b-8c6e-ee46e0c4e2cc","9a3db3eb463ab40a45485eec284d5e107a6a1f34","org.apache.openjpa.jdbc.kernel.exps.Extension","openjpa-jdbc/src/main/java/org/apache/openjpa/jdbc/kernel/exps/Extension.java","8"
"36","4.1.1","9d2f5f8c35691c3542606bea1d23b916bcbeda8d","1881d68c-2c8f-452b-8c6e-ee46e0c4e2cc","9a3db3eb463ab40a45485eec284d5e107a6a1f34","org.apache.openjpa.jdbc.kernel.exps.ExtractDateTimeField","openjpa-jdbc/src/main/java/org/apache/openjpa/jdbc/kernel/exps/ExtractDateTimeField.java","5"
"36","4.1.1","9d2f5f8c35691c3542606bea1d23b916bcbeda8d","1881d68c-2c8f-452b-8c6e-ee46e0c4e2cc","9a3db3eb463ab40a45485eec284d5e107a6a1f34","org.apache.openjpa.jdbc.kernel.exps.ExtractDateTimePart","openjpa-jdbc/src/main/java/org/apache/openjpa/jdbc/kernel/exps/ExtractDateTimePart.java","5"
"36","4.1.1","9d2f5f8c35691c3542606bea1d23b916bcbeda8d","1881d68c-2c8f-452b-8c6e-ee46e0c4e2cc","9a3db3eb463ab40a45485eec284d5e107a6a1f34","org.apache.openjpa.jdbc.kernel.exps.FilterValue","openjpa-jdbc/src/main/java/org/apache/openjpa/jdbc/kernel/exps/FilterValue.java","0"
"36","4.1.1","9d2f5f8c35691c3542606bea1d23b916bcbeda8d","1881d68c-2c8f-452b-8c6e-ee46e0c4e2cc","9a3db3eb463ab40a45485eec284d5e107a6a1f34","org.apache.openjpa.jdbc.kernel.exps.FilterValueImpl","openjpa-jdbc/src/main/java/org/apache/openjpa/jdbc/kernel/exps/FilterValueImpl.java","4"
"36","4.1.1","9d2f5f8c35691c3542606bea1d23b916bcbeda8d","1881d68c-2c8f-452b-8c6e-ee46e0c4e2cc","9a3db3eb463ab40a45485eec284d5e107a6a1f34","org.apache.openjpa.jdbc.kernel.exps.Floor","openjpa-jdbc/src/main/java/org/apache/openjpa/jdbc/kernel/exps/Floor.java","0"
"36","4.1.1","9d2f5f8c35691c3542606bea1d23b916bcbeda8d","1881d68c-2c8f-452b-8c6e-ee46e0c4e2cc","9a3db3eb463ab40a45485eec284d5e107a6a1f34","org.apache.openjpa.jdbc.kernel.exps.GeneralCaseExpression","openjpa-jdbc/src/main/java/org/apache/openjpa/jdbc/kernel/exps/GeneralCaseExpression.java","5"
"36","4.1.1","9d2f5f8c35691c3542606bea1d23b916bcbeda8d","1881d68c-2c8f-452b-8c6e-ee46e0c4e2cc","9a3db3eb463ab40a45485eec284d5e107a6a1f34","org.apache.openjpa.jdbc.kernel.exps.GetColumn","openjpa-jdbc/src/main/java/org/apache/openjpa/jdbc/kernel/exps/GetColumn.java","0"
"36","4.1.1","9d2f5f8c35691c3542606bea1d23b916bcbeda8d","1881d68c-2c8f-452b-8c6e-ee46e0c4e2cc","9a3db3eb463ab40a45485eec284d5e107a6a1f34","org.apache.openjpa.jdbc.kernel.exps.GetMapValue","openjpa-jdbc/src/main/java/org/apache/openjpa/jdbc/kernel/exps/GetMapValue.java","6"
"36","4.1.1","9d2f5f8c35691c3542606bea1d23b916bcbeda8d","1881d68c-2c8f-452b-8c6e-ee46e0c4e2cc","9a3db3eb463ab40a45485eec284d5e107a6a1f34","org.apache.openjpa.jdbc.kernel.exps.GetObjectId","openjpa-jdbc/src/main/java/org/apache/openjpa/jdbc/kernel/exps/GetObjectId.java","3"
"36","4.1.1","9d2f5f8c35691c3542606bea1d23b916bcbeda8d","1881d68c-2c8f-452b-8c6e-ee46e0c4e2cc","9a3db3eb463ab40a45485eec284d5e107a6a1f34","org.apache.openjpa.jdbc.kernel.exps.HasContainsExpressionVisitor","openjpa-jdbc/src/main/java/org/apache/openjpa/jdbc/kernel/exps/HasContainsExpressionVisitor.java","1"
"36","4.1.1","9d2f5f8c35691c3542606bea1d23b916bcbeda8d","1881d68c-2c8f-452b-8c6e-ee46e0c4e2cc","9a3db3eb463ab40a45485eec284d5e107a6a1f34","org.apache.openjpa.jdbc.kernel.exps.InExpression","openjpa-jdbc/src/main/java/org/apache/openjpa/jdbc/kernel/exps/InExpression.java","4"
"36","4.1.1","9d2f5f8c35691c3542606bea1d23b916bcbeda8d","1881d68c-2c8f-452b-8c6e-ee46e0c4e2cc","9a3db3eb463ab40a45485eec284d5e107a6a1f34","org.apache.openjpa.jdbc.kernel.exps.InKeyExpression","openjpa-jdbc/src/main/java/org/apache/openjpa/jdbc/kernel/exps/InKeyExpression.java","0"
"36","4.1.1","9d2f5f8c35691c3542606bea1d23b916bcbeda8d","1881d68c-2c8f-452b-8c6e-ee46e0c4e2cc","9a3db3eb463ab40a45485eec284d5e107a6a1f34","org.apache.openjpa.jdbc.kernel.exps.InSubQExpression","openjpa-jdbc/src/main/java/org/apache/openjpa/jdbc/kernel/exps/InSubQExpression.java","2"
"36","4.1.1","9d2f5f8c35691c3542606bea1d23b916bcbeda8d","1881d68c-2c8f-452b-8c6e-ee46e0c4e2cc","9a3db3eb463ab40a45485eec284d5e107a6a1f34","org.apache.openjpa.jdbc.kernel.exps.InValueExpression","openjpa-jdbc/src/main/java/org/apache/openjpa/jdbc/kernel/exps/InValueExpression.java","0"
"36","4.1.1","9d2f5f8c35691c3542606bea1d23b916bcbeda8d","1881d68c-2c8f-452b-8c6e-ee46e0c4e2cc","9a3db3eb463ab40a45485eec284d5e107a6a1f34","org.apache.openjpa.jdbc.kernel.exps.Index","openjpa-jdbc/src/main/java/org/apache/openjpa/jdbc/kernel/exps/Index.java","0"
"36","4.1.1","9d2f5f8c35691c3542606bea1d23b916bcbeda8d","1881d68c-2c8f-452b-8c6e-ee46e0c4e2cc","9a3db3eb463ab40a45485eec284d5e107a6a1f34","org.apache.openjpa.jdbc.kernel.exps.IndexOf","openjpa-jdbc/src/main/java/org/apache/openjpa/jdbc/kernel/exps/IndexOf.java","4"
"36","4.1.1","9d2f5f8c35691c3542606bea1d23b916bcbeda8d","1881d68c-2c8f-452b-8c6e-ee46e0c4e2cc","9a3db3eb463ab40a45485eec284d5e107a6a1f34","org.apache.openjpa.jdbc.kernel.exps.InstanceofExpression","openjpa-jdbc/src/main/java/org/apache/openjpa/jdbc/kernel/exps/InstanceofExpression.java","5"
"36","4.1.1","9d2f5f8c35691c3542606bea1d23b916bcbeda8d","1881d68c-2c8f-452b-8c6e-ee46e0c4e2cc","9a3db3eb463ab40a45485eec284d5e107a6a1f34","org.apache.openjpa.jdbc.kernel.exps.IsEmptyExpression","openjpa-jdbc/src/main/java/org/apache/openjpa/jdbc/kernel/exps/IsEmptyExpression.java","1"
"36","4.1.1","9d2f5f8c35691c3542606bea1d23b916bcbeda8d","1881d68c-2c8f-452b-8c6e-ee46e0c4e2cc","9a3db3eb463ab40a45485eec284d5e107a6a1f34","org.apache.openjpa.jdbc.kernel.exps.IsNotEmptyExpression","openjpa-jdbc/src/main/java/org/apache/openjpa/jdbc/kernel/exps/IsNotEmptyExpression.java","1"
"36","4.1.1","9d2f5f8c35691c3542606bea1d23b916bcbeda8d","1881d68c-2c8f-452b-8c6e-ee46e0c4e2cc","9a3db3eb463ab40a45485eec284d5e107a6a1f34","org.apache.openjpa.jdbc.kernel.exps.JDBCAggregateListener","openjpa-jdbc/src/main/java/org/apache/openjpa/jdbc/kernel/exps/JDBCAggregateListener.java","0"
"36","4.1.1","9d2f5f8c35691c3542606bea1d23b916bcbeda8d","1881d68c-2c8f-452b-8c6e-ee46e0c4e2cc","9a3db3eb463ab40a45485eec284d5e107a6a1f34","org.apache.openjpa.jdbc.kernel.exps.JDBCExpressionFactory","openjpa-jdbc/src/main/java/org/apache/openjpa/jdbc/kernel/exps/JDBCExpressionFactory.java","14"
"36","4.1.1","9d2f5f8c35691c3542606bea1d23b916bcbeda8d","1881d68c-2c8f-452b-8c6e-ee46e0c4e2cc","9a3db3eb463ab40a45485eec284d5e107a6a1f34","org.apache.openjpa.jdbc.kernel.exps.JDBCFilterListener","openjpa-jdbc/src/main/java/org/apache/openjpa/jdbc/kernel/exps/JDBCFilterListener.java","0"
"36","4.1.1","9d2f5f8c35691c3542606bea1d23b916bcbeda8d","1881d68c-2c8f-452b-8c6e-ee46e0c4e2cc","9a3db3eb463ab40a45485eec284d5e107a6a1f34","org.apache.openjpa.jdbc.kernel.exps.JDBCPath","openjpa-jdbc/src/main/java/org/apache/openjpa/jdbc/kernel/exps/JDBCPath.java","0"
"36","4.1.1","9d2f5f8c35691c3542606bea1d23b916bcbeda8d","1881d68c-2c8f-452b-8c6e-ee46e0c4e2cc","9a3db3eb463ab40a45485eec284d5e107a6a1f34","org.apache.openjpa.jdbc.kernel.exps.JDBCStringContains","openjpa-jdbc/src/main/java/org/apache/openjpa/jdbc/kernel/exps/JDBCStringContains.java","1"
"36","4.1.1","9d2f5f8c35691c3542606bea1d23b916bcbeda8d","1881d68c-2c8f-452b-8c6e-ee46e0c4e2cc","9a3db3eb463ab40a45485eec284d5e107a6a1f34","org.apache.openjpa.jdbc.kernel.exps.JDBCWildcardMatch","openjpa-jdbc/src/main/java/org/apache/openjpa/jdbc/kernel/exps/JDBCWildcardMatch.java","1"
"36","4.1.1","9d2f5f8c35691c3542606bea1d23b916bcbeda8d","1881d68c-2c8f-452b-8c6e-ee46e0c4e2cc","9a3db3eb463ab40a45485eec284d5e107a6a1f34","org.apache.openjpa.jdbc.kernel.exps.Lit","openjpa-jdbc/src/main/java/org/apache/openjpa/jdbc/kernel/exps/Lit.java","6"
"36","4.1.1","9d2f5f8c35691c3542606bea1d23b916bcbeda8d","1881d68c-2c8f-452b-8c6e-ee46e0c4e2cc","9a3db3eb463ab40a45485eec284d5e107a6a1f34","org.apache.openjpa.jdbc.kernel.exps.MapEntry","openjpa-jdbc/src/main/java/org/apache/openjpa/jdbc/kernel/exps/MapEntry.java","9"
"36","4.1.1","9d2f5f8c35691c3542606bea1d23b916bcbeda8d","1881d68c-2c8f-452b-8c6e-ee46e0c4e2cc","9a3db3eb463ab40a45485eec284d5e107a6a1f34","org.apache.openjpa.jdbc.kernel.exps.MapKey","openjpa-jdbc/src/main/java/org/apache/openjpa/jdbc/kernel/exps/MapKey.java","6"
"36","4.1.1","9d2f5f8c35691c3542606bea1d23b916bcbeda8d","1881d68c-2c8f-452b-8c6e-ee46e0c4e2cc","9a3db3eb463ab40a45485eec284d5e107a6a1f34","org.apache.openjpa.jdbc.kernel.exps.MatchesExpression","openjpa-jdbc/src/main/java/org/apache/openjpa/jdbc/kernel/exps/MatchesExpression.java","6"
"36","4.1.1","9d2f5f8c35691c3542606bea1d23b916bcbeda8d","1881d68c-2c8f-452b-8c6e-ee46e0c4e2cc","9a3db3eb463ab40a45485eec284d5e107a6a1f34","org.apache.openjpa.jdbc.kernel.exps.Math","openjpa-jdbc/src/main/java/org/apache/openjpa/jdbc/kernel/exps/Math.java","5"
"36","4.1.1","9d2f5f8c35691c3542606bea1d23b916bcbeda8d","1881d68c-2c8f-452b-8c6e-ee46e0c4e2cc","9a3db3eb463ab40a45485eec284d5e107a6a1f34","org.apache.openjpa.jdbc.kernel.exps.Max","openjpa-jdbc/src/main/java/org/apache/openjpa/jdbc/kernel/exps/Max.java","0"
"36","4.1.1","9d2f5f8c35691c3542606bea1d23b916bcbeda8d","1881d68c-2c8f-452b-8c6e-ee46e0c4e2cc","9a3db3eb463ab40a45485eec284d5e107a6a1f34","org.apache.openjpa.jdbc.kernel.exps.Min","openjpa-jdbc/src/main/java/org/apache/openjpa/jdbc/kernel/exps/Min.java","0"
"36","4.1.1","9d2f5f8c35691c3542606bea1d23b916bcbeda8d","1881d68c-2c8f-452b-8c6e-ee46e0c4e2cc","9a3db3eb463ab40a45485eec284d5e107a6a1f34","org.apache.openjpa.jdbc.kernel.exps.NaturalLogarithm","openjpa-jdbc/src/main/java/org/apache/openjpa/jdbc/kernel/exps/NaturalLogarithm.java","0"
"36","4.1.1","9d2f5f8c35691c3542606bea1d23b916bcbeda8d","1881d68c-2c8f-452b-8c6e-ee46e0c4e2cc","9a3db3eb463ab40a45485eec284d5e107a6a1f34","org.apache.openjpa.jdbc.kernel.exps.NotContainsExpression","openjpa-jdbc/src/main/java/org/apache/openjpa/jdbc/kernel/exps/NotContainsExpression.java","1"
"36","4.1.1","9d2f5f8c35691c3542606bea1d23b916bcbeda8d","1881d68c-2c8f-452b-8c6e-ee46e0c4e2cc","9a3db3eb463ab40a45485eec284d5e107a6a1f34","org.apache.openjpa.jdbc.kernel.exps.NotEqualExpression","openjpa-jdbc/src/main/java/org/apache/openjpa/jdbc/kernel/exps/NotEqualExpression.java","1"
"36","4.1.1","9d2f5f8c35691c3542606bea1d23b916bcbeda8d","1881d68c-2c8f-452b-8c6e-ee46e0c4e2cc","9a3db3eb463ab40a45485eec284d5e107a6a1f34","org.apache.openjpa.jdbc.kernel.exps.NotEqualTypeExpression","openjpa-jdbc/src/main/java/org/apache/openjpa/jdbc/kernel/exps/NotEqualTypeExpression.java","3"
"36","4.1.1","9d2f5f8c35691c3542606bea1d23b916bcbeda8d","1881d68c-2c8f-452b-8c6e-ee46e0c4e2cc","9a3db3eb463ab40a45485eec284d5e107a6a1f34","org.apache.openjpa.jdbc.kernel.exps.NotExpression","openjpa-jdbc/src/main/java/org/apache/openjpa/jdbc/kernel/exps/NotExpression.java","1"
"36","4.1.1","9d2f5f8c35691c3542606bea1d23b916bcbeda8d","1881d68c-2c8f-452b-8c6e-ee46e0c4e2cc","9a3db3eb463ab40a45485eec284d5e107a6a1f34","org.apache.openjpa.jdbc.kernel.exps.Null","openjpa-jdbc/src/main/java/org/apache/openjpa/jdbc/kernel/exps/Null.java","2"
"36","4.1.1","9d2f5f8c35691c3542606bea1d23b916bcbeda8d","1881d68c-2c8f-452b-8c6e-ee46e0c4e2cc","9a3db3eb463ab40a45485eec284d5e107a6a1f34","org.apache.openjpa.jdbc.kernel.exps.NullIfExpression","openjpa-jdbc/src/main/java/org/apache/openjpa/jdbc/kernel/exps/NullIfExpression.java","5"
"36","4.1.1","9d2f5f8c35691c3542606bea1d23b916bcbeda8d","1881d68c-2c8f-452b-8c6e-ee46e0c4e2cc","9a3db3eb463ab40a45485eec284d5e107a6a1f34","org.apache.openjpa.jdbc.kernel.exps.NullableAggregateUnaryOp","openjpa-jdbc/src/main/java/org/apache/openjpa/jdbc/kernel/exps/NullableAggregateUnaryOp.java","2"
"36","4.1.1","9d2f5f8c35691c3542606bea1d23b916bcbeda8d","1881d68c-2c8f-452b-8c6e-ee46e0c4e2cc","9a3db3eb463ab40a45485eec284d5e107a6a1f34","org.apache.openjpa.jdbc.kernel.exps.OrExpression","openjpa-jdbc/src/main/java/org/apache/openjpa/jdbc/kernel/exps/OrExpression.java","3"
"36","4.1.1","9d2f5f8c35691c3542606bea1d23b916bcbeda8d","1881d68c-2c8f-452b-8c6e-ee46e0c4e2cc","9a3db3eb463ab40a45485eec284d5e107a6a1f34","org.apache.openjpa.jdbc.kernel.exps.PCPath","openjpa-jdbc/src/main/java/org/apache/openjpa/jdbc/kernel/exps/PCPath.java","30"
"36","4.1.1","9d2f5f8c35691c3542606bea1d23b916bcbeda8d","1881d68c-2c8f-452b-8c6e-ee46e0c4e2cc","9a3db3eb463ab40a45485eec284d5e107a6a1f34","org.apache.openjpa.jdbc.kernel.exps.Param","openjpa-jdbc/src/main/java/org/apache/openjpa/jdbc/kernel/exps/Param.java","6"
"36","4.1.1","9d2f5f8c35691c3542606bea1d23b916bcbeda8d","1881d68c-2c8f-452b-8c6e-ee46e0c4e2cc","9a3db3eb463ab40a45485eec284d5e107a6a1f34","org.apache.openjpa.jdbc.kernel.exps.QueryExpressionsState","openjpa-jdbc/src/main/java/org/apache/openjpa/jdbc/kernel/exps/QueryExpressionsState.java","0"
"36","4.1.1","9d2f5f8c35691c3542606bea1d23b916bcbeda8d","1881d68c-2c8f-452b-8c6e-ee46e0c4e2cc","9a3db3eb463ab40a45485eec284d5e107a6a1f34","org.apache.openjpa.jdbc.kernel.exps.SQLEmbed","openjpa-jdbc/src/main/java/org/apache/openjpa/jdbc/kernel/exps/SQLEmbed.java","0"
"36","4.1.1","9d2f5f8c35691c3542606bea1d23b916bcbeda8d","1881d68c-2c8f-452b-8c6e-ee46e0c4e2cc","9a3db3eb463ab40a45485eec284d5e107a6a1f34","org.apache.openjpa.jdbc.kernel.exps.SQLExpression","openjpa-jdbc/src/main/java/org/apache/openjpa/jdbc/kernel/exps/SQLExpression.java","2"
"36","4.1.1","9d2f5f8c35691c3542606bea1d23b916bcbeda8d","1881d68c-2c8f-452b-8c6e-ee46e0c4e2cc","9a3db3eb463ab40a45485eec284d5e107a6a1f34","org.apache.openjpa.jdbc.kernel.exps.SQLValue","openjpa-jdbc/src/main/java/org/apache/openjpa/jdbc/kernel/exps/SQLValue.java","2"
"36","4.1.1","9d2f5f8c35691c3542606bea1d23b916bcbeda8d","1881d68c-2c8f-452b-8c6e-ee46e0c4e2cc","9a3db3eb463ab40a45485eec284d5e107a6a1f34","org.apache.openjpa.jdbc.kernel.exps.SelectConstructor","openjpa-jdbc/src/main/java/org/apache/openjpa/jdbc/kernel/exps/SelectConstructor.java","9"
"36","4.1.1","9d2f5f8c35691c3542606bea1d23b916bcbeda8d","1881d68c-2c8f-452b-8c6e-ee46e0c4e2cc","9a3db3eb463ab40a45485eec284d5e107a6a1f34","org.apache.openjpa.jdbc.kernel.exps.Sign","openjpa-jdbc/src/main/java/org/apache/openjpa/jdbc/kernel/exps/Sign.java","3"
"36","4.1.1","9d2f5f8c35691c3542606bea1d23b916bcbeda8d","1881d68c-2c8f-452b-8c6e-ee46e0c4e2cc","9a3db3eb463ab40a45485eec284d5e107a6a1f34","org.apache.openjpa.jdbc.kernel.exps.SimpleCaseExpression","openjpa-jdbc/src/main/java/org/apache/openjpa/jdbc/kernel/exps/SimpleCaseExpression.java","6"
"36","4.1.1","9d2f5f8c35691c3542606bea1d23b916bcbeda8d","1881d68c-2c8f-452b-8c6e-ee46e0c4e2cc","9a3db3eb463ab40a45485eec284d5e107a6a1f34","org.apache.openjpa.jdbc.kernel.exps.Size","openjpa-jdbc/src/main/java/org/apache/openjpa/jdbc/kernel/exps/Size.java","0"
"36","4.1.1","9d2f5f8c35691c3542606bea1d23b916bcbeda8d","1881d68c-2c8f-452b-8c6e-ee46e0c4e2cc","9a3db3eb463ab40a45485eec284d5e107a6a1f34","org.apache.openjpa.jdbc.kernel.exps.Sqrt","openjpa-jdbc/src/main/java/org/apache/openjpa/jdbc/kernel/exps/Sqrt.java","0"
"36","4.1.1","9d2f5f8c35691c3542606bea1d23b916bcbeda8d","1881d68c-2c8f-452b-8c6e-ee46e0c4e2cc","9a3db3eb463ab40a45485eec284d5e107a6a1f34","org.apache.openjpa.jdbc.kernel.exps.StartsWithExpression","openjpa-jdbc/src/main/java/org/apache/openjpa/jdbc/kernel/exps/StartsWithExpression.java","10"
"36","4.1.1","9d2f5f8c35691c3542606bea1d23b916bcbeda8d","1881d68c-2c8f-452b-8c6e-ee46e0c4e2cc","9a3db3eb463ab40a45485eec284d5e107a6a1f34","org.apache.openjpa.jdbc.kernel.exps.StringFunction","openjpa-jdbc/src/main/java/org/apache/openjpa/jdbc/kernel/exps/StringFunction.java","3"
"36","4.1.1","9d2f5f8c35691c3542606bea1d23b916bcbeda8d","1881d68c-2c8f-452b-8c6e-ee46e0c4e2cc","9a3db3eb463ab40a45485eec284d5e107a6a1f34","org.apache.openjpa.jdbc.kernel.exps.StringLength","openjpa-jdbc/src/main/java/org/apache/openjpa/jdbc/kernel/exps/StringLength.java","1"
"36","4.1.1","9d2f5f8c35691c3542606bea1d23b916bcbeda8d","1881d68c-2c8f-452b-8c6e-ee46e0c4e2cc","9a3db3eb463ab40a45485eec284d5e107a6a1f34","org.apache.openjpa.jdbc.kernel.exps.SubQ","openjpa-jdbc/src/main/java/org/apache/openjpa/jdbc/kernel/exps/SubQ.java","11"
"36","4.1.1","9d2f5f8c35691c3542606bea1d23b916bcbeda8d","1881d68c-2c8f-452b-8c6e-ee46e0c4e2cc","9a3db3eb463ab40a45485eec284d5e107a6a1f34","org.apache.openjpa.jdbc.kernel.exps.Substring","openjpa-jdbc/src/main/java/org/apache/openjpa/jdbc/kernel/exps/Substring.java","4"
"36","4.1.1","9d2f5f8c35691c3542606bea1d23b916bcbeda8d","1881d68c-2c8f-452b-8c6e-ee46e0c4e2cc","9a3db3eb463ab40a45485eec284d5e107a6a1f34","org.apache.openjpa.jdbc.kernel.exps.Sum","openjpa-jdbc/src/main/java/org/apache/openjpa/jdbc/kernel/exps/Sum.java","0"
"36","4.1.1","9d2f5f8c35691c3542606bea1d23b916bcbeda8d","1881d68c-2c8f-452b-8c6e-ee46e0c4e2cc","9a3db3eb463ab40a45485eec284d5e107a6a1f34","org.apache.openjpa.jdbc.kernel.exps.ToLowerCase","openjpa-jdbc/src/main/java/org/apache/openjpa/jdbc/kernel/exps/ToLowerCase.java","0"
"36","4.1.1","9d2f5f8c35691c3542606bea1d23b916bcbeda8d","1881d68c-2c8f-452b-8c6e-ee46e0c4e2cc","9a3db3eb463ab40a45485eec284d5e107a6a1f34","org.apache.openjpa.jdbc.kernel.exps.ToUpperCase","openjpa-jdbc/src/main/java/org/apache/openjpa/jdbc/kernel/exps/ToUpperCase.java","0"
"36","4.1.1","9d2f5f8c35691c3542606bea1d23b916bcbeda8d","1881d68c-2c8f-452b-8c6e-ee46e0c4e2cc","9a3db3eb463ab40a45485eec284d5e107a6a1f34","org.apache.openjpa.jdbc.kernel.exps.Trim","openjpa-jdbc/src/main/java/org/apache/openjpa/jdbc/kernel/exps/Trim.java","8"
"36","4.1.1","9d2f5f8c35691c3542606bea1d23b916bcbeda8d","1881d68c-2c8f-452b-8c6e-ee46e0c4e2cc","9a3db3eb463ab40a45485eec284d5e107a6a1f34","org.apache.openjpa.jdbc.kernel.exps.Type","openjpa-jdbc/src/main/java/org/apache/openjpa/jdbc/kernel/exps/Type.java","1"
"36","4.1.1","9d2f5f8c35691c3542606bea1d23b916bcbeda8d","1881d68c-2c8f-452b-8c6e-ee46e0c4e2cc","9a3db3eb463ab40a45485eec284d5e107a6a1f34","org.apache.openjpa.jdbc.kernel.exps.TypeLit","openjpa-jdbc/src/main/java/org/apache/openjpa/jdbc/kernel/exps/TypeLit.java","3"
"36","4.1.1","9d2f5f8c35691c3542606bea1d23b916bcbeda8d","1881d68c-2c8f-452b-8c6e-ee46e0c4e2cc","9a3db3eb463ab40a45485eec284d5e107a6a1f34","org.apache.openjpa.jdbc.kernel.exps.UnaryOp","openjpa-jdbc/src/main/java/org/apache/openjpa/jdbc/kernel/exps/UnaryOp.java","7"
"36","4.1.1","9d2f5f8c35691c3542606bea1d23b916bcbeda8d","1881d68c-2c8f-452b-8c6e-ee46e0c4e2cc","9a3db3eb463ab40a45485eec284d5e107a6a1f34","org.apache.openjpa.jdbc.kernel.exps.Val","openjpa-jdbc/src/main/java/org/apache/openjpa/jdbc/kernel/exps/Val.java","1"
"36","4.1.1","9d2f5f8c35691c3542606bea1d23b916bcbeda8d","1881d68c-2c8f-452b-8c6e-ee46e0c4e2cc","9a3db3eb463ab40a45485eec284d5e107a6a1f34","org.apache.openjpa.jdbc.kernel.exps.Variable","openjpa-jdbc/src/main/java/org/apache/openjpa/jdbc/kernel/exps/Variable.java","16"
"36","4.1.1","9d2f5f8c35691c3542606bea1d23b916bcbeda8d","1881d68c-2c8f-452b-8c6e-ee46e0c4e2cc","9a3db3eb463ab40a45485eec284d5e107a6a1f34","org.apache.openjpa.jdbc.kernel.exps.WhenCondition","openjpa-jdbc/src/main/java/org/apache/openjpa/jdbc/kernel/exps/WhenCondition.java","2"
"36","4.1.1","9d2f5f8c35691c3542606bea1d23b916bcbeda8d","1881d68c-2c8f-452b-8c6e-ee46e0c4e2cc","9a3db3eb463ab40a45485eec284d5e107a6a1f34","org.apache.openjpa.jdbc.kernel.exps.WhenScalar","openjpa-jdbc/src/main/java/org/apache/openjpa/jdbc/kernel/exps/WhenScalar.java","2"
"36","4.1.1","9d2f5f8c35691c3542606bea1d23b916bcbeda8d","1881d68c-2c8f-452b-8c6e-ee46e0c4e2cc","9a3db3eb463ab40a45485eec284d5e107a6a1f34","org.apache.openjpa.jdbc.meta.ClassMapping","openjpa-jdbc/src/main/java/org/apache/openjpa/jdbc/meta/ClassMapping.java","24"
"36","4.1.1","9d2f5f8c35691c3542606bea1d23b916bcbeda8d","1881d68c-2c8f-452b-8c6e-ee46e0c4e2cc","9a3db3eb463ab40a45485eec284d5e107a6a1f34","org.apache.openjpa.jdbc.meta.ClassMappingInfo","openjpa-jdbc/src/main/java/org/apache/openjpa/jdbc/meta/ClassMappingInfo.java","41"
"36","4.1.1","9d2f5f8c35691c3542606bea1d23b916bcbeda8d","1881d68c-2c8f-452b-8c6e-ee46e0c4e2cc","9a3db3eb463ab40a45485eec284d5e107a6a1f34","org.apache.openjpa.jdbc.meta.ClassStrategy","openjpa-jdbc/src/main/java/org/apache/openjpa/jdbc/meta/ClassStrategy.java","0"
"36","4.1.1","9d2f5f8c35691c3542606bea1d23b916bcbeda8d","1881d68c-2c8f-452b-8c6e-ee46e0c4e2cc","9a3db3eb463ab40a45485eec284d5e107a6a1f34","org.apache.openjpa.jdbc.meta.DelegatingJoinable","openjpa-jdbc/src/main/java/org/apache/openjpa/jdbc/meta/DelegatingJoinable.java","3"
"36","4.1.1","9d2f5f8c35691c3542606bea1d23b916bcbeda8d","1881d68c-2c8f-452b-8c6e-ee46e0c4e2cc","9a3db3eb463ab40a45485eec284d5e107a6a1f34","org.apache.openjpa.jdbc.meta.Discriminator","openjpa-jdbc/src/main/java/org/apache/openjpa/jdbc/meta/Discriminator.java","11"
"36","4.1.1","9d2f5f8c35691c3542606bea1d23b916bcbeda8d","1881d68c-2c8f-452b-8c6e-ee46e0c4e2cc","9a3db3eb463ab40a45485eec284d5e107a6a1f34","org.apache.openjpa.jdbc.meta.DiscriminatorMappingInfo","openjpa-jdbc/src/main/java/org/apache/openjpa/jdbc/meta/DiscriminatorMappingInfo.java","1"
"36","4.1.1","9d2f5f8c35691c3542606bea1d23b916bcbeda8d","1881d68c-2c8f-452b-8c6e-ee46e0c4e2cc","9a3db3eb463ab40a45485eec284d5e107a6a1f34","org.apache.openjpa.jdbc.meta.DiscriminatorStrategy","openjpa-jdbc/src/main/java/org/apache/openjpa/jdbc/meta/DiscriminatorStrategy.java","0"
"36","4.1.1","9d2f5f8c35691c3542606bea1d23b916bcbeda8d","1881d68c-2c8f-452b-8c6e-ee46e0c4e2cc","9a3db3eb463ab40a45485eec284d5e107a6a1f34","org.apache.openjpa.jdbc.meta.Embeddable","openjpa-jdbc/src/main/java/org/apache/openjpa/jdbc/meta/Embeddable.java","0"
"36","4.1.1","9d2f5f8c35691c3542606bea1d23b916bcbeda8d","1881d68c-2c8f-452b-8c6e-ee46e0c4e2cc","9a3db3eb463ab40a45485eec284d5e107a6a1f34","org.apache.openjpa.jdbc.meta.FieldMapping","openjpa-jdbc/src/main/java/org/apache/openjpa/jdbc/meta/FieldMapping.java","40"
"36","4.1.1","9d2f5f8c35691c3542606bea1d23b916bcbeda8d","1881d68c-2c8f-452b-8c6e-ee46e0c4e2cc","9a3db3eb463ab40a45485eec284d5e107a6a1f34","org.apache.openjpa.jdbc.meta.FieldMappingInfo","openjpa-jdbc/src/main/java/org/apache/openjpa/jdbc/meta/FieldMappingInfo.java","13"
"36","4.1.1","9d2f5f8c35691c3542606bea1d23b916bcbeda8d","1881d68c-2c8f-452b-8c6e-ee46e0c4e2cc","9a3db3eb463ab40a45485eec284d5e107a6a1f34","org.apache.openjpa.jdbc.meta.FieldStrategy","openjpa-jdbc/src/main/java/org/apache/openjpa/jdbc/meta/FieldStrategy.java","0"
"36","4.1.1","9d2f5f8c35691c3542606bea1d23b916bcbeda8d","1881d68c-2c8f-452b-8c6e-ee46e0c4e2cc","9a3db3eb463ab40a45485eec284d5e107a6a1f34","org.apache.openjpa.jdbc.meta.JDBCColumnOrder","openjpa-jdbc/src/main/java/org/apache/openjpa/jdbc/meta/JDBCColumnOrder.java","4"
"36","4.1.1","9d2f5f8c35691c3542606bea1d23b916bcbeda8d","1881d68c-2c8f-452b-8c6e-ee46e0c4e2cc","9a3db3eb463ab40a45485eec284d5e107a6a1f34","org.apache.openjpa.jdbc.meta.JDBCOrder","openjpa-jdbc/src/main/java/org/apache/openjpa/jdbc/meta/JDBCOrder.java","0"
"36","4.1.1","9d2f5f8c35691c3542606bea1d23b916bcbeda8d","1881d68c-2c8f-452b-8c6e-ee46e0c4e2cc","9a3db3eb463ab40a45485eec284d5e107a6a1f34","org.apache.openjpa.jdbc.meta.JDBCRelatedFieldOrder","openjpa-jdbc/src/main/java/org/apache/openjpa/jdbc/meta/JDBCRelatedFieldOrder.java","6"
"36","4.1.1","9d2f5f8c35691c3542606bea1d23b916bcbeda8d","1881d68c-2c8f-452b-8c6e-ee46e0c4e2cc","9a3db3eb463ab40a45485eec284d5e107a6a1f34","org.apache.openjpa.jdbc.meta.JDBCValueOrder","openjpa-jdbc/src/main/java/org/apache/openjpa/jdbc/meta/JDBCValueOrder.java","2"
"36","4.1.1","9d2f5f8c35691c3542606bea1d23b916bcbeda8d","1881d68c-2c8f-452b-8c6e-ee46e0c4e2cc","9a3db3eb463ab40a45485eec284d5e107a6a1f34","org.apache.openjpa.jdbc.meta.JavaSQLTypes","openjpa-jdbc/src/main/java/org/apache/openjpa/jdbc/meta/JavaSQLTypes.java","1"
"36","4.1.1","9d2f5f8c35691c3542606bea1d23b916bcbeda8d","1881d68c-2c8f-452b-8c6e-ee46e0c4e2cc","9a3db3eb463ab40a45485eec284d5e107a6a1f34","org.apache.openjpa.jdbc.meta.Joinable","openjpa-jdbc/src/main/java/org/apache/openjpa/jdbc/meta/Joinable.java","0"
"36","4.1.1","9d2f5f8c35691c3542606bea1d23b916bcbeda8d","1881d68c-2c8f-452b-8c6e-ee46e0c4e2cc","9a3db3eb463ab40a45485eec284d5e107a6a1f34","org.apache.openjpa.jdbc.meta.MappingDefaults","openjpa-jdbc/src/main/java/org/apache/openjpa/jdbc/meta/MappingDefaults.java","20"
"36","4.1.1","9d2f5f8c35691c3542606bea1d23b916bcbeda8d","1881d68c-2c8f-452b-8c6e-ee46e0c4e2cc","9a3db3eb463ab40a45485eec284d5e107a6a1f34","org.apache.openjpa.jdbc.meta.MappingDefaultsImpl","openjpa-jdbc/src/main/java/org/apache/openjpa/jdbc/meta/MappingDefaultsImpl.java","62"
"36","4.1.1","9d2f5f8c35691c3542606bea1d23b916bcbeda8d","1881d68c-2c8f-452b-8c6e-ee46e0c4e2cc","9a3db3eb463ab40a45485eec284d5e107a6a1f34","org.apache.openjpa.jdbc.meta.MappingInfo","openjpa-jdbc/src/main/java/org/apache/openjpa/jdbc/meta/MappingInfo.java","34"
"36","4.1.1","9d2f5f8c35691c3542606bea1d23b916bcbeda8d","1881d68c-2c8f-452b-8c6e-ee46e0c4e2cc","9a3db3eb463ab40a45485eec284d5e107a6a1f34","org.apache.openjpa.jdbc.meta.MappingRepository","openjpa-jdbc/src/main/java/org/apache/openjpa/jdbc/meta/MappingRepository.java","51"
"36","4.1.1","9d2f5f8c35691c3542606bea1d23b916bcbeda8d","1881d68c-2c8f-452b-8c6e-ee46e0c4e2cc","9a3db3eb463ab40a45485eec284d5e107a6a1f34","org.apache.openjpa.jdbc.meta.MappingStrategyInstaller","openjpa-jdbc/src/main/java/org/apache/openjpa/jdbc/meta/MappingStrategyInstaller.java","0"
"36","4.1.1","9d2f5f8c35691c3542606bea1d23b916bcbeda8d","1881d68c-2c8f-452b-8c6e-ee46e0c4e2cc","9a3db3eb463ab40a45485eec284d5e107a6a1f34","org.apache.openjpa.jdbc.meta.MappingTool","openjpa-jdbc/src/main/java/org/apache/openjpa/jdbc/meta/MappingTool.java","41"
"36","4.1.1","9d2f5f8c35691c3542606bea1d23b916bcbeda8d","1881d68c-2c8f-452b-8c6e-ee46e0c4e2cc","9a3db3eb463ab40a45485eec284d5e107a6a1f34","org.apache.openjpa.jdbc.meta.MetaDataPlusMappingFactory","openjpa-jdbc/src/main/java/org/apache/openjpa/jdbc/meta/MetaDataPlusMappingFactory.java","1"
"36","4.1.1","9d2f5f8c35691c3542606bea1d23b916bcbeda8d","1881d68c-2c8f-452b-8c6e-ee46e0c4e2cc","9a3db3eb463ab40a45485eec284d5e107a6a1f34","org.apache.openjpa.jdbc.meta.NoneMappingDefaults","openjpa-jdbc/src/main/java/org/apache/openjpa/jdbc/meta/NoneMappingDefaults.java","18"
"36","4.1.1","9d2f5f8c35691c3542606bea1d23b916bcbeda8d","1881d68c-2c8f-452b-8c6e-ee46e0c4e2cc","9a3db3eb463ab40a45485eec284d5e107a6a1f34","org.apache.openjpa.jdbc.meta.NoneStrategyInstaller","openjpa-jdbc/src/main/java/org/apache/openjpa/jdbc/meta/NoneStrategyInstaller.java","0"
"36","4.1.1","9d2f5f8c35691c3542606bea1d23b916bcbeda8d","1881d68c-2c8f-452b-8c6e-ee46e0c4e2cc","9a3db3eb463ab40a45485eec284d5e107a6a1f34","org.apache.openjpa.jdbc.meta.PropertiesReverseCustomizer","openjpa-jdbc/src/main/java/org/apache/openjpa/jdbc/meta/PropertiesReverseCustomizer.java","2"
"36","4.1.1","9d2f5f8c35691c3542606bea1d23b916bcbeda8d","1881d68c-2c8f-452b-8c6e-ee46e0c4e2cc","9a3db3eb463ab40a45485eec284d5e107a6a1f34","org.apache.openjpa.jdbc.meta.QueryResultMapping","openjpa-jdbc/src/main/java/org/apache/openjpa/jdbc/meta/QueryResultMapping.java","26"
"36","4.1.1","9d2f5f8c35691c3542606bea1d23b916bcbeda8d","1881d68c-2c8f-452b-8c6e-ee46e0c4e2cc","9a3db3eb463ab40a45485eec284d5e107a6a1f34","org.apache.openjpa.jdbc.meta.RefreshStrategyInstaller","openjpa-jdbc/src/main/java/org/apache/openjpa/jdbc/meta/RefreshStrategyInstaller.java","1"
"36","4.1.1","9d2f5f8c35691c3542606bea1d23b916bcbeda8d","1881d68c-2c8f-452b-8c6e-ee46e0c4e2cc","9a3db3eb463ab40a45485eec284d5e107a6a1f34","org.apache.openjpa.jdbc.meta.RelationId","openjpa-jdbc/src/main/java/org/apache/openjpa/jdbc/meta/RelationId.java","0"
"36","4.1.1","9d2f5f8c35691c3542606bea1d23b916bcbeda8d","1881d68c-2c8f-452b-8c6e-ee46e0c4e2cc","9a3db3eb463ab40a45485eec284d5e107a6a1f34","org.apache.openjpa.jdbc.meta.ReverseCustomizer","openjpa-jdbc/src/main/java/org/apache/openjpa/jdbc/meta/ReverseCustomizer.java","0"
"36","4.1.1","9d2f5f8c35691c3542606bea1d23b916bcbeda8d","1881d68c-2c8f-452b-8c6e-ee46e0c4e2cc","9a3db3eb463ab40a45485eec284d5e107a6a1f34","org.apache.openjpa.jdbc.meta.ReverseMappingTool","openjpa-jdbc/src/main/java/org/apache/openjpa/jdbc/meta/ReverseMappingTool.java","55"
"36","4.1.1","9d2f5f8c35691c3542606bea1d23b916bcbeda8d","1881d68c-2c8f-452b-8c6e-ee46e0c4e2cc","9a3db3eb463ab40a45485eec284d5e107a6a1f34","org.apache.openjpa.jdbc.meta.RuntimeStrategyInstaller","openjpa-jdbc/src/main/java/org/apache/openjpa/jdbc/meta/RuntimeStrategyInstaller.java","0"
"36","4.1.1","9d2f5f8c35691c3542606bea1d23b916bcbeda8d","1881d68c-2c8f-452b-8c6e-ee46e0c4e2cc","9a3db3eb463ab40a45485eec284d5e107a6a1f34","org.apache.openjpa.jdbc.meta.SequenceMapping","openjpa-jdbc/src/main/java/org/apache/openjpa/jdbc/meta/SequenceMapping.java","30"
"36","4.1.1","9d2f5f8c35691c3542606bea1d23b916bcbeda8d","1881d68c-2c8f-452b-8c6e-ee46e0c4e2cc","9a3db3eb463ab40a45485eec284d5e107a6a1f34","org.apache.openjpa.jdbc.meta.Strategy","openjpa-jdbc/src/main/java/org/apache/openjpa/jdbc/meta/Strategy.java","0"
"36","4.1.1","9d2f5f8c35691c3542606bea1d23b916bcbeda8d","1881d68c-2c8f-452b-8c6e-ee46e0c4e2cc","9a3db3eb463ab40a45485eec284d5e107a6a1f34","org.apache.openjpa.jdbc.meta.StrategyInstaller","openjpa-jdbc/src/main/java/org/apache/openjpa/jdbc/meta/StrategyInstaller.java","1"
"36","4.1.1","9d2f5f8c35691c3542606bea1d23b916bcbeda8d","1881d68c-2c8f-452b-8c6e-ee46e0c4e2cc","9a3db3eb463ab40a45485eec284d5e107a6a1f34","org.apache.openjpa.jdbc.meta.ValueHandler","openjpa-jdbc/src/main/java/org/apache/openjpa/jdbc/meta/ValueHandler.java","0"
"36","4.1.1","9d2f5f8c35691c3542606bea1d23b916bcbeda8d","1881d68c-2c8f-452b-8c6e-ee46e0c4e2cc","9a3db3eb463ab40a45485eec284d5e107a6a1f34","org.apache.openjpa.jdbc.meta.ValueMapping","openjpa-jdbc/src/main/java/org/apache/openjpa/jdbc/meta/ValueMapping.java","2"
"36","4.1.1","9d2f5f8c35691c3542606bea1d23b916bcbeda8d","1881d68c-2c8f-452b-8c6e-ee46e0c4e2cc","9a3db3eb463ab40a45485eec284d5e107a6a1f34","org.apache.openjpa.jdbc.meta.ValueMappingImpl","openjpa-jdbc/src/main/java/org/apache/openjpa/jdbc/meta/ValueMappingImpl.java","18"
"36","4.1.1","9d2f5f8c35691c3542606bea1d23b916bcbeda8d","1881d68c-2c8f-452b-8c6e-ee46e0c4e2cc","9a3db3eb463ab40a45485eec284d5e107a6a1f34","org.apache.openjpa.jdbc.meta.ValueMappingInfo","openjpa-jdbc/src/main/java/org/apache/openjpa/jdbc/meta/ValueMappingInfo.java","17"
"36","4.1.1","9d2f5f8c35691c3542606bea1d23b916bcbeda8d","1881d68c-2c8f-452b-8c6e-ee46e0c4e2cc","9a3db3eb463ab40a45485eec284d5e107a6a1f34","org.apache.openjpa.jdbc.meta.Version","openjpa-jdbc/src/main/java/org/apache/openjpa/jdbc/meta/Version.java","7"
"36","4.1.1","9d2f5f8c35691c3542606bea1d23b916bcbeda8d","1881d68c-2c8f-452b-8c6e-ee46e0c4e2cc","9a3db3eb463ab40a45485eec284d5e107a6a1f34","org.apache.openjpa.jdbc.meta.VersionMappingInfo","openjpa-jdbc/src/main/java/org/apache/openjpa/jdbc/meta/VersionMappingInfo.java","0"
"36","4.1.1","9d2f5f8c35691c3542606bea1d23b916bcbeda8d","1881d68c-2c8f-452b-8c6e-ee46e0c4e2cc","9a3db3eb463ab40a45485eec284d5e107a6a1f34","org.apache.openjpa.jdbc.meta.VersionStrategy","openjpa-jdbc/src/main/java/org/apache/openjpa/jdbc/meta/VersionStrategy.java","1"
"36","4.1.1","9d2f5f8c35691c3542606bea1d23b916bcbeda8d","1881d68c-2c8f-452b-8c6e-ee46e0c4e2cc","9a3db3eb463ab40a45485eec284d5e107a6a1f34","org.apache.openjpa.jdbc.meta.strats.AbstractClassStrategy","openjpa-jdbc/src/main/java/org/apache/openjpa/jdbc/meta/strats/AbstractClassStrategy.java","0"
"36","4.1.1","9d2f5f8c35691c3542606bea1d23b916bcbeda8d","1881d68c-2c8f-452b-8c6e-ee46e0c4e2cc","9a3db3eb463ab40a45485eec284d5e107a6a1f34","org.apache.openjpa.jdbc.meta.strats.AbstractDiscriminatorStrategy","openjpa-jdbc/src/main/java/org/apache/openjpa/jdbc/meta/strats/AbstractDiscriminatorStrategy.java","0"
"36","4.1.1","9d2f5f8c35691c3542606bea1d23b916bcbeda8d","1881d68c-2c8f-452b-8c6e-ee46e0c4e2cc","9a3db3eb463ab40a45485eec284d5e107a6a1f34","org.apache.openjpa.jdbc.meta.strats.AbstractFieldStrategy","openjpa-jdbc/src/main/java/org/apache/openjpa/jdbc/meta/strats/AbstractFieldStrategy.java","1"
"36","4.1.1","9d2f5f8c35691c3542606bea1d23b916bcbeda8d","1881d68c-2c8f-452b-8c6e-ee46e0c4e2cc","9a3db3eb463ab40a45485eec284d5e107a6a1f34","org.apache.openjpa.jdbc.meta.strats.AbstractStrategy","openjpa-jdbc/src/main/java/org/apache/openjpa/jdbc/meta/strats/AbstractStrategy.java","0"
"36","4.1.1","9d2f5f8c35691c3542606bea1d23b916bcbeda8d","1881d68c-2c8f-452b-8c6e-ee46e0c4e2cc","9a3db3eb463ab40a45485eec284d5e107a6a1f34","org.apache.openjpa.jdbc.meta.strats.AbstractValueHandler","openjpa-jdbc/src/main/java/org/apache/openjpa/jdbc/meta/strats/AbstractValueHandler.java","0"
"36","4.1.1","9d2f5f8c35691c3542606bea1d23b916bcbeda8d","1881d68c-2c8f-452b-8c6e-ee46e0c4e2cc","9a3db3eb463ab40a45485eec284d5e107a6a1f34","org.apache.openjpa.jdbc.meta.strats.AbstractVersionStrategy","openjpa-jdbc/src/main/java/org/apache/openjpa/jdbc/meta/strats/AbstractVersionStrategy.java","1"
"36","4.1.1","9d2f5f8c35691c3542606bea1d23b916bcbeda8d","1881d68c-2c8f-452b-8c6e-ee46e0c4e2cc","9a3db3eb463ab40a45485eec284d5e107a6a1f34","org.apache.openjpa.jdbc.meta.strats.BlobValueHandler","openjpa-jdbc/src/main/java/org/apache/openjpa/jdbc/meta/strats/BlobValueHandler.java","2"
"36","4.1.1","9d2f5f8c35691c3542606bea1d23b916bcbeda8d","1881d68c-2c8f-452b-8c6e-ee46e0c4e2cc","9a3db3eb463ab40a45485eec284d5e107a6a1f34","org.apache.openjpa.jdbc.meta.strats.ByteArrayValueHandler","openjpa-jdbc/src/main/java/org/apache/openjpa/jdbc/meta/strats/ByteArrayValueHandler.java","4"
"36","4.1.1","9d2f5f8c35691c3542606bea1d23b916bcbeda8d","1881d68c-2c8f-452b-8c6e-ee46e0c4e2cc","9a3db3eb463ab40a45485eec284d5e107a6a1f34","org.apache.openjpa.jdbc.meta.strats.CharArrayStreamValueHandler","openjpa-jdbc/src/main/java/org/apache/openjpa/jdbc/meta/strats/CharArrayStreamValueHandler.java","4"
"36","4.1.1","9d2f5f8c35691c3542606bea1d23b916bcbeda8d","1881d68c-2c8f-452b-8c6e-ee46e0c4e2cc","9a3db3eb463ab40a45485eec284d5e107a6a1f34","org.apache.openjpa.jdbc.meta.strats.CharArrayValueHandler","openjpa-jdbc/src/main/java/org/apache/openjpa/jdbc/meta/strats/CharArrayValueHandler.java","4"
"36","4.1.1","9d2f5f8c35691c3542606bea1d23b916bcbeda8d","1881d68c-2c8f-452b-8c6e-ee46e0c4e2cc","9a3db3eb463ab40a45485eec284d5e107a6a1f34","org.apache.openjpa.jdbc.meta.strats.ClassNameDiscriminatorStrategy","openjpa-jdbc/src/main/java/org/apache/openjpa/jdbc/meta/strats/ClassNameDiscriminatorStrategy.java","3"
"36","4.1.1","9d2f5f8c35691c3542606bea1d23b916bcbeda8d","1881d68c-2c8f-452b-8c6e-ee46e0c4e2cc","9a3db3eb463ab40a45485eec284d5e107a6a1f34","org.apache.openjpa.jdbc.meta.strats.ClobValueHandler","openjpa-jdbc/src/main/java/org/apache/openjpa/jdbc/meta/strats/ClobValueHandler.java","4"
"36","4.1.1","9d2f5f8c35691c3542606bea1d23b916bcbeda8d","1881d68c-2c8f-452b-8c6e-ee46e0c4e2cc","9a3db3eb463ab40a45485eec284d5e107a6a1f34","org.apache.openjpa.jdbc.meta.strats.ColumnVersionStrategy","openjpa-jdbc/src/main/java/org/apache/openjpa/jdbc/meta/strats/ColumnVersionStrategy.java","4"
"36","4.1.1","9d2f5f8c35691c3542606bea1d23b916bcbeda8d","1881d68c-2c8f-452b-8c6e-ee46e0c4e2cc","9a3db3eb463ab40a45485eec284d5e107a6a1f34","org.apache.openjpa.jdbc.meta.strats.ContainerFieldStrategy","openjpa-jdbc/src/main/java/org/apache/openjpa/jdbc/meta/strats/ContainerFieldStrategy.java","2"
"36","4.1.1","9d2f5f8c35691c3542606bea1d23b916bcbeda8d","1881d68c-2c8f-452b-8c6e-ee46e0c4e2cc","9a3db3eb463ab40a45485eec284d5e107a6a1f34","org.apache.openjpa.jdbc.meta.strats.ElementEmbedValueHandler","openjpa-jdbc/src/main/java/org/apache/openjpa/jdbc/meta/strats/ElementEmbedValueHandler.java","9"
"36","4.1.1","9d2f5f8c35691c3542606bea1d23b916bcbeda8d","1881d68c-2c8f-452b-8c6e-ee46e0c4e2cc","9a3db3eb463ab40a45485eec284d5e107a6a1f34","org.apache.openjpa.jdbc.meta.strats.EmbedFieldStrategy","openjpa-jdbc/src/main/java/org/apache/openjpa/jdbc/meta/strats/EmbedFieldStrategy.java","18"
"36","4.1.1","9d2f5f8c35691c3542606bea1d23b916bcbeda8d","1881d68c-2c8f-452b-8c6e-ee46e0c4e2cc","9a3db3eb463ab40a45485eec284d5e107a6a1f34","org.apache.openjpa.jdbc.meta.strats.EmbedValueHandler","openjpa-jdbc/src/main/java/org/apache/openjpa/jdbc/meta/strats/EmbedValueHandler.java","8"
"36","4.1.1","9d2f5f8c35691c3542606bea1d23b916bcbeda8d","1881d68c-2c8f-452b-8c6e-ee46e0c4e2cc","9a3db3eb463ab40a45485eec284d5e107a6a1f34","org.apache.openjpa.jdbc.meta.strats.EmbeddedClassStrategy","openjpa-jdbc/src/main/java/org/apache/openjpa/jdbc/meta/strats/EmbeddedClassStrategy.java","1"
"36","4.1.1","9d2f5f8c35691c3542606bea1d23b916bcbeda8d","1881d68c-2c8f-452b-8c6e-ee46e0c4e2cc","9a3db3eb463ab40a45485eec284d5e107a6a1f34","org.apache.openjpa.jdbc.meta.strats.EnumValueHandler","openjpa-jdbc/src/main/java/org/apache/openjpa/jdbc/meta/strats/EnumValueHandler.java","6"
"36","4.1.1","9d2f5f8c35691c3542606bea1d23b916bcbeda8d","1881d68c-2c8f-452b-8c6e-ee46e0c4e2cc","9a3db3eb463ab40a45485eec284d5e107a6a1f34","org.apache.openjpa.jdbc.meta.strats.FlatClassStrategy","openjpa-jdbc/src/main/java/org/apache/openjpa/jdbc/meta/strats/FlatClassStrategy.java","0"
"36","4.1.1","9d2f5f8c35691c3542606bea1d23b916bcbeda8d","1881d68c-2c8f-452b-8c6e-ee46e0c4e2cc","9a3db3eb463ab40a45485eec284d5e107a6a1f34","org.apache.openjpa.jdbc.meta.strats.FullClassStrategy","openjpa-jdbc/src/main/java/org/apache/openjpa/jdbc/meta/strats/FullClassStrategy.java","1"
"36","4.1.1","9d2f5f8c35691c3542606bea1d23b916bcbeda8d","1881d68c-2c8f-452b-8c6e-ee46e0c4e2cc","9a3db3eb463ab40a45485eec284d5e107a6a1f34","org.apache.openjpa.jdbc.meta.strats.HandlerCollectionTableFieldStrategy","openjpa-jdbc/src/main/java/org/apache/openjpa/jdbc/meta/strats/HandlerCollectionTableFieldStrategy.java","7"
"36","4.1.1","9d2f5f8c35691c3542606bea1d23b916bcbeda8d","1881d68c-2c8f-452b-8c6e-ee46e0c4e2cc","9a3db3eb463ab40a45485eec284d5e107a6a1f34","org.apache.openjpa.jdbc.meta.strats.HandlerFieldStrategy","openjpa-jdbc/src/main/java/org/apache/openjpa/jdbc/meta/strats/HandlerFieldStrategy.java","9"
"36","4.1.1","9d2f5f8c35691c3542606bea1d23b916bcbeda8d","1881d68c-2c8f-452b-8c6e-ee46e0c4e2cc","9a3db3eb463ab40a45485eec284d5e107a6a1f34","org.apache.openjpa.jdbc.meta.strats.HandlerHandlerMapTableFieldStrategy","openjpa-jdbc/src/main/java/org/apache/openjpa/jdbc/meta/strats/HandlerHandlerMapTableFieldStrategy.java","7"
"36","4.1.1","9d2f5f8c35691c3542606bea1d23b916bcbeda8d","1881d68c-2c8f-452b-8c6e-ee46e0c4e2cc","9a3db3eb463ab40a45485eec284d5e107a6a1f34","org.apache.openjpa.jdbc.meta.strats.HandlerRelationMapTableFieldStrategy","openjpa-jdbc/src/main/java/org/apache/openjpa/jdbc/meta/strats/HandlerRelationMapTableFieldStrategy.java","7"
"36","4.1.1","9d2f5f8c35691c3542606bea1d23b916bcbeda8d","1881d68c-2c8f-452b-8c6e-ee46e0c4e2cc","9a3db3eb463ab40a45485eec284d5e107a6a1f34","org.apache.openjpa.jdbc.meta.strats.HandlerStrategies","openjpa-jdbc/src/main/java/org/apache/openjpa/jdbc/meta/strats/HandlerStrategies.java","5"
"36","4.1.1","9d2f5f8c35691c3542606bea1d23b916bcbeda8d","1881d68c-2c8f-452b-8c6e-ee46e0c4e2cc","9a3db3eb463ab40a45485eec284d5e107a6a1f34","org.apache.openjpa.jdbc.meta.strats.IdentityJoinable","openjpa-jdbc/src/main/java/org/apache/openjpa/jdbc/meta/strats/IdentityJoinable.java","0"
"36","4.1.1","9d2f5f8c35691c3542606bea1d23b916bcbeda8d","1881d68c-2c8f-452b-8c6e-ee46e0c4e2cc","9a3db3eb463ab40a45485eec284d5e107a6a1f34","org.apache.openjpa.jdbc.meta.strats.ImmutableValueHandler","openjpa-jdbc/src/main/java/org/apache/openjpa/jdbc/meta/strats/ImmutableValueHandler.java","4"
"36","4.1.1","9d2f5f8c35691c3542606bea1d23b916bcbeda8d","1881d68c-2c8f-452b-8c6e-ee46e0c4e2cc","9a3db3eb463ab40a45485eec284d5e107a6a1f34","org.apache.openjpa.jdbc.meta.strats.InValueDiscriminatorStrategy","openjpa-jdbc/src/main/java/org/apache/openjpa/jdbc/meta/strats/InValueDiscriminatorStrategy.java","3"
"36","4.1.1","9d2f5f8c35691c3542606bea1d23b916bcbeda8d","1881d68c-2c8f-452b-8c6e-ee46e0c4e2cc","9a3db3eb463ab40a45485eec284d5e107a6a1f34","org.apache.openjpa.jdbc.meta.strats.LRSCollectionFieldStrategy","openjpa-jdbc/src/main/java/org/apache/openjpa/jdbc/meta/strats/LRSCollectionFieldStrategy.java","0"
"36","4.1.1","9d2f5f8c35691c3542606bea1d23b916bcbeda8d","1881d68c-2c8f-452b-8c6e-ee46e0c4e2cc","9a3db3eb463ab40a45485eec284d5e107a6a1f34","org.apache.openjpa.jdbc.meta.strats.LRSMapFieldStrategy","openjpa-jdbc/src/main/java/org/apache/openjpa/jdbc/meta/strats/LRSMapFieldStrategy.java","0"
"36","4.1.1","9d2f5f8c35691c3542606bea1d23b916bcbeda8d","1881d68c-2c8f-452b-8c6e-ee46e0c4e2cc","9a3db3eb463ab40a45485eec284d5e107a6a1f34","org.apache.openjpa.jdbc.meta.strats.LRSProxyCollection","openjpa-jdbc/src/main/java/org/apache/openjpa/jdbc/meta/strats/LRSProxyCollection.java","8"
"36","4.1.1","9d2f5f8c35691c3542606bea1d23b916bcbeda8d","1881d68c-2c8f-452b-8c6e-ee46e0c4e2cc","9a3db3eb463ab40a45485eec284d5e107a6a1f34","org.apache.openjpa.jdbc.meta.strats.LRSProxyMap","openjpa-jdbc/src/main/java/org/apache/openjpa/jdbc/meta/strats/LRSProxyMap.java","12"
"36","4.1.1","9d2f5f8c35691c3542606bea1d23b916bcbeda8d","1881d68c-2c8f-452b-8c6e-ee46e0c4e2cc","9a3db3eb463ab40a45485eec284d5e107a6a1f34","org.apache.openjpa.jdbc.meta.strats.LobFieldStrategy","openjpa-jdbc/src/main/java/org/apache/openjpa/jdbc/meta/strats/LobFieldStrategy.java","5"
"36","4.1.1","9d2f5f8c35691c3542606bea1d23b916bcbeda8d","1881d68c-2c8f-452b-8c6e-ee46e0c4e2cc","9a3db3eb463ab40a45485eec284d5e107a6a1f34","org.apache.openjpa.jdbc.meta.strats.MapTableFieldStrategy","openjpa-jdbc/src/main/java/org/apache/openjpa/jdbc/meta/strats/MapTableFieldStrategy.java","6"
"36","4.1.1","9d2f5f8c35691c3542606bea1d23b916bcbeda8d","1881d68c-2c8f-452b-8c6e-ee46e0c4e2cc","9a3db3eb463ab40a45485eec284d5e107a6a1f34","org.apache.openjpa.jdbc.meta.strats.MaxEmbeddedBlobFieldStrategy","openjpa-jdbc/src/main/java/org/apache/openjpa/jdbc/meta/strats/MaxEmbeddedBlobFieldStrategy.java","2"
"36","4.1.1","9d2f5f8c35691c3542606bea1d23b916bcbeda8d","1881d68c-2c8f-452b-8c6e-ee46e0c4e2cc","9a3db3eb463ab40a45485eec284d5e107a6a1f34","org.apache.openjpa.jdbc.meta.strats.MaxEmbeddedByteArrayFieldStrategy","openjpa-jdbc/src/main/java/org/apache/openjpa/jdbc/meta/strats/MaxEmbeddedByteArrayFieldStrategy.java","1"
"36","4.1.1","9d2f5f8c35691c3542606bea1d23b916bcbeda8d","1881d68c-2c8f-452b-8c6e-ee46e0c4e2cc","9a3db3eb463ab40a45485eec284d5e107a6a1f34","org.apache.openjpa.jdbc.meta.strats.MaxEmbeddedCharArrayFieldStrategy","openjpa-jdbc/src/main/java/org/apache/openjpa/jdbc/meta/strats/MaxEmbeddedCharArrayFieldStrategy.java","1"
"36","4.1.1","9d2f5f8c35691c3542606bea1d23b916bcbeda8d","1881d68c-2c8f-452b-8c6e-ee46e0c4e2cc","9a3db3eb463ab40a45485eec284d5e107a6a1f34","org.apache.openjpa.jdbc.meta.strats.MaxEmbeddedClobFieldStrategy","openjpa-jdbc/src/main/java/org/apache/openjpa/jdbc/meta/strats/MaxEmbeddedClobFieldStrategy.java","1"
"36","4.1.1","9d2f5f8c35691c3542606bea1d23b916bcbeda8d","1881d68c-2c8f-452b-8c6e-ee46e0c4e2cc","9a3db3eb463ab40a45485eec284d5e107a6a1f34","org.apache.openjpa.jdbc.meta.strats.MaxEmbeddedLobFieldStrategy","openjpa-jdbc/src/main/java/org/apache/openjpa/jdbc/meta/strats/MaxEmbeddedLobFieldStrategy.java","4"
"36","4.1.1","9d2f5f8c35691c3542606bea1d23b916bcbeda8d","1881d68c-2c8f-452b-8c6e-ee46e0c4e2cc","9a3db3eb463ab40a45485eec284d5e107a6a1f34","org.apache.openjpa.jdbc.meta.strats.MultiColumnVersionStrategy","openjpa-jdbc/src/main/java/org/apache/openjpa/jdbc/meta/strats/MultiColumnVersionStrategy.java","3"
"36","4.1.1","9d2f5f8c35691c3542606bea1d23b916bcbeda8d","1881d68c-2c8f-452b-8c6e-ee46e0c4e2cc","9a3db3eb463ab40a45485eec284d5e107a6a1f34","org.apache.openjpa.jdbc.meta.strats.NanoPrecisionTimestampVersionStrategy","openjpa-jdbc/src/main/java/org/apache/openjpa/jdbc/meta/strats/NanoPrecisionTimestampVersionStrategy.java","0"
"36","4.1.1","9d2f5f8c35691c3542606bea1d23b916bcbeda8d","1881d68c-2c8f-452b-8c6e-ee46e0c4e2cc","9a3db3eb463ab40a45485eec284d5e107a6a1f34","org.apache.openjpa.jdbc.meta.strats.NoneClassStrategy","openjpa-jdbc/src/main/java/org/apache/openjpa/jdbc/meta/strats/NoneClassStrategy.java","1"
"36","4.1.1","9d2f5f8c35691c3542606bea1d23b916bcbeda8d","1881d68c-2c8f-452b-8c6e-ee46e0c4e2cc","9a3db3eb463ab40a45485eec284d5e107a6a1f34","org.apache.openjpa.jdbc.meta.strats.NoneDiscriminatorStrategy","openjpa-jdbc/src/main/java/org/apache/openjpa/jdbc/meta/strats/NoneDiscriminatorStrategy.java","0"
"36","4.1.1","9d2f5f8c35691c3542606bea1d23b916bcbeda8d","1881d68c-2c8f-452b-8c6e-ee46e0c4e2cc","9a3db3eb463ab40a45485eec284d5e107a6a1f34","org.apache.openjpa.jdbc.meta.strats.NoneFieldStrategy","openjpa-jdbc/src/main/java/org/apache/openjpa/jdbc/meta/strats/NoneFieldStrategy.java","1"
"36","4.1.1","9d2f5f8c35691c3542606bea1d23b916bcbeda8d","1881d68c-2c8f-452b-8c6e-ee46e0c4e2cc","9a3db3eb463ab40a45485eec284d5e107a6a1f34","org.apache.openjpa.jdbc.meta.strats.NoneVersionStrategy","openjpa-jdbc/src/main/java/org/apache/openjpa/jdbc/meta/strats/NoneVersionStrategy.java","1"
"36","4.1.1","9d2f5f8c35691c3542606bea1d23b916bcbeda8d","1881d68c-2c8f-452b-8c6e-ee46e0c4e2cc","9a3db3eb463ab40a45485eec284d5e107a6a1f34","org.apache.openjpa.jdbc.meta.strats.NumberVersionStrategy","openjpa-jdbc/src/main/java/org/apache/openjpa/jdbc/meta/strats/NumberVersionStrategy.java","2"
"36","4.1.1","9d2f5f8c35691c3542606bea1d23b916bcbeda8d","1881d68c-2c8f-452b-8c6e-ee46e0c4e2cc","9a3db3eb463ab40a45485eec284d5e107a6a1f34","org.apache.openjpa.jdbc.meta.strats.ObjectIdClassStrategy","openjpa-jdbc/src/main/java/org/apache/openjpa/jdbc/meta/strats/ObjectIdClassStrategy.java","0"
"36","4.1.1","9d2f5f8c35691c3542606bea1d23b916bcbeda8d","1881d68c-2c8f-452b-8c6e-ee46e0c4e2cc","9a3db3eb463ab40a45485eec284d5e107a6a1f34","org.apache.openjpa.jdbc.meta.strats.ObjectIdValueHandler","openjpa-jdbc/src/main/java/org/apache/openjpa/jdbc/meta/strats/ObjectIdValueHandler.java","8"
"36","4.1.1","9d2f5f8c35691c3542606bea1d23b916bcbeda8d","1881d68c-2c8f-452b-8c6e-ee46e0c4e2cc","9a3db3eb463ab40a45485eec284d5e107a6a1f34","org.apache.openjpa.jdbc.meta.strats.PrimitiveFieldStrategy","openjpa-jdbc/src/main/java/org/apache/openjpa/jdbc/meta/strats/PrimitiveFieldStrategy.java","4"
"36","4.1.1","9d2f5f8c35691c3542606bea1d23b916bcbeda8d","1881d68c-2c8f-452b-8c6e-ee46e0c4e2cc","9a3db3eb463ab40a45485eec284d5e107a6a1f34","org.apache.openjpa.jdbc.meta.strats.PrimitiveWrapperArrays","openjpa-jdbc/src/main/java/org/apache/openjpa/jdbc/meta/strats/PrimitiveWrapperArrays.java","1"
"36","4.1.1","9d2f5f8c35691c3542606bea1d23b916bcbeda8d","1881d68c-2c8f-452b-8c6e-ee46e0c4e2cc","9a3db3eb463ab40a45485eec284d5e107a6a1f34","org.apache.openjpa.jdbc.meta.strats.RelationCollectionInverseKeyFieldStrategy","openjpa-jdbc/src/main/java/org/apache/openjpa/jdbc/meta/strats/RelationCollectionInverseKeyFieldStrategy.java","1"
"36","4.1.1","9d2f5f8c35691c3542606bea1d23b916bcbeda8d","1881d68c-2c8f-452b-8c6e-ee46e0c4e2cc","9a3db3eb463ab40a45485eec284d5e107a6a1f34","org.apache.openjpa.jdbc.meta.strats.RelationCollectionTableFieldStrategy","openjpa-jdbc/src/main/java/org/apache/openjpa/jdbc/meta/strats/RelationCollectionTableFieldStrategy.java","1"
"36","4.1.1","9d2f5f8c35691c3542606bea1d23b916bcbeda8d","1881d68c-2c8f-452b-8c6e-ee46e0c4e2cc","9a3db3eb463ab40a45485eec284d5e107a6a1f34","org.apache.openjpa.jdbc.meta.strats.RelationFieldStrategy","openjpa-jdbc/src/main/java/org/apache/openjpa/jdbc/meta/strats/RelationFieldStrategy.java","14"
"36","4.1.1","9d2f5f8c35691c3542606bea1d23b916bcbeda8d","1881d68c-2c8f-452b-8c6e-ee46e0c4e2cc","9a3db3eb463ab40a45485eec284d5e107a6a1f34","org.apache.openjpa.jdbc.meta.strats.RelationHandlerMapTableFieldStrategy","openjpa-jdbc/src/main/java/org/apache/openjpa/jdbc/meta/strats/RelationHandlerMapTableFieldStrategy.java","3"
"36","4.1.1","9d2f5f8c35691c3542606bea1d23b916bcbeda8d","1881d68c-2c8f-452b-8c6e-ee46e0c4e2cc","9a3db3eb463ab40a45485eec284d5e107a6a1f34","org.apache.openjpa.jdbc.meta.strats.RelationMapInverseKeyFieldStrategy","openjpa-jdbc/src/main/java/org/apache/openjpa/jdbc/meta/strats/RelationMapInverseKeyFieldStrategy.java","1"
"36","4.1.1","9d2f5f8c35691c3542606bea1d23b916bcbeda8d","1881d68c-2c8f-452b-8c6e-ee46e0c4e2cc","9a3db3eb463ab40a45485eec284d5e107a6a1f34","org.apache.openjpa.jdbc.meta.strats.RelationMapTableFieldStrategy","openjpa-jdbc/src/main/java/org/apache/openjpa/jdbc/meta/strats/RelationMapTableFieldStrategy.java","1"
"36","4.1.1","9d2f5f8c35691c3542606bea1d23b916bcbeda8d","1881d68c-2c8f-452b-8c6e-ee46e0c4e2cc","9a3db3eb463ab40a45485eec284d5e107a6a1f34","org.apache.openjpa.jdbc.meta.strats.RelationRelationMapTableFieldStrategy","openjpa-jdbc/src/main/java/org/apache/openjpa/jdbc/meta/strats/RelationRelationMapTableFieldStrategy.java","7"
"36","4.1.1","9d2f5f8c35691c3542606bea1d23b916bcbeda8d","1881d68c-2c8f-452b-8c6e-ee46e0c4e2cc","9a3db3eb463ab40a45485eec284d5e107a6a1f34","org.apache.openjpa.jdbc.meta.strats.RelationStrategies","openjpa-jdbc/src/main/java/org/apache/openjpa/jdbc/meta/strats/RelationStrategies.java","1"
"36","4.1.1","9d2f5f8c35691c3542606bea1d23b916bcbeda8d","1881d68c-2c8f-452b-8c6e-ee46e0c4e2cc","9a3db3eb463ab40a45485eec284d5e107a6a1f34","org.apache.openjpa.jdbc.meta.strats.RelationToManyInverseKeyFieldStrategy","openjpa-jdbc/src/main/java/org/apache/openjpa/jdbc/meta/strats/RelationToManyInverseKeyFieldStrategy.java","7"
"36","4.1.1","9d2f5f8c35691c3542606bea1d23b916bcbeda8d","1881d68c-2c8f-452b-8c6e-ee46e0c4e2cc","9a3db3eb463ab40a45485eec284d5e107a6a1f34","org.apache.openjpa.jdbc.meta.strats.RelationToManyTableFieldStrategy","openjpa-jdbc/src/main/java/org/apache/openjpa/jdbc/meta/strats/RelationToManyTableFieldStrategy.java","5"
"36","4.1.1","9d2f5f8c35691c3542606bea1d23b916bcbeda8d","1881d68c-2c8f-452b-8c6e-ee46e0c4e2cc","9a3db3eb463ab40a45485eec284d5e107a6a1f34","org.apache.openjpa.jdbc.meta.strats.StateComparisonVersionStrategy","openjpa-jdbc/src/main/java/org/apache/openjpa/jdbc/meta/strats/StateComparisonVersionStrategy.java","6"
"36","4.1.1","9d2f5f8c35691c3542606bea1d23b916bcbeda8d","1881d68c-2c8f-452b-8c6e-ee46e0c4e2cc","9a3db3eb463ab40a45485eec284d5e107a6a1f34","org.apache.openjpa.jdbc.meta.strats.StoreCollectionFieldStrategy","openjpa-jdbc/src/main/java/org/apache/openjpa/jdbc/meta/strats/StoreCollectionFieldStrategy.java","10"
"36","4.1.1","9d2f5f8c35691c3542606bea1d23b916bcbeda8d","1881d68c-2c8f-452b-8c6e-ee46e0c4e2cc","9a3db3eb463ab40a45485eec284d5e107a6a1f34","org.apache.openjpa.jdbc.meta.strats.StringFieldStrategy","openjpa-jdbc/src/main/java/org/apache/openjpa/jdbc/meta/strats/StringFieldStrategy.java","2"
"36","4.1.1","9d2f5f8c35691c3542606bea1d23b916bcbeda8d","1881d68c-2c8f-452b-8c6e-ee46e0c4e2cc","9a3db3eb463ab40a45485eec284d5e107a6a1f34","org.apache.openjpa.jdbc.meta.strats.SubclassJoinDiscriminatorStrategy","openjpa-jdbc/src/main/java/org/apache/openjpa/jdbc/meta/strats/SubclassJoinDiscriminatorStrategy.java","2"
"36","4.1.1","9d2f5f8c35691c3542606bea1d23b916bcbeda8d","1881d68c-2c8f-452b-8c6e-ee46e0c4e2cc","9a3db3eb463ab40a45485eec284d5e107a6a1f34","org.apache.openjpa.jdbc.meta.strats.SuperclassDiscriminatorStrategy","openjpa-jdbc/src/main/java/org/apache/openjpa/jdbc/meta/strats/SuperclassDiscriminatorStrategy.java","0"
"36","4.1.1","9d2f5f8c35691c3542606bea1d23b916bcbeda8d","1881d68c-2c8f-452b-8c6e-ee46e0c4e2cc","9a3db3eb463ab40a45485eec284d5e107a6a1f34","org.apache.openjpa.jdbc.meta.strats.SuperclassVersionStrategy","openjpa-jdbc/src/main/java/org/apache/openjpa/jdbc/meta/strats/SuperclassVersionStrategy.java","0"
"36","4.1.1","9d2f5f8c35691c3542606bea1d23b916bcbeda8d","1881d68c-2c8f-452b-8c6e-ee46e0c4e2cc","9a3db3eb463ab40a45485eec284d5e107a6a1f34","org.apache.openjpa.jdbc.meta.strats.TimestampVersionStrategy","openjpa-jdbc/src/main/java/org/apache/openjpa/jdbc/meta/strats/TimestampVersionStrategy.java","0"
"36","4.1.1","9d2f5f8c35691c3542606bea1d23b916bcbeda8d","1881d68c-2c8f-452b-8c6e-ee46e0c4e2cc","9a3db3eb463ab40a45485eec284d5e107a6a1f34","org.apache.openjpa.jdbc.meta.strats.UntypedPCValueHandler","openjpa-jdbc/src/main/java/org/apache/openjpa/jdbc/meta/strats/UntypedPCValueHandler.java","4"
"36","4.1.1","9d2f5f8c35691c3542606bea1d23b916bcbeda8d","1881d68c-2c8f-452b-8c6e-ee46e0c4e2cc","9a3db3eb463ab40a45485eec284d5e107a6a1f34","org.apache.openjpa.jdbc.meta.strats.ValueMapDiscriminatorStrategy","openjpa-jdbc/src/main/java/org/apache/openjpa/jdbc/meta/strats/ValueMapDiscriminatorStrategy.java","3"
"36","4.1.1","9d2f5f8c35691c3542606bea1d23b916bcbeda8d","1881d68c-2c8f-452b-8c6e-ee46e0c4e2cc","9a3db3eb463ab40a45485eec284d5e107a6a1f34","org.apache.openjpa.jdbc.meta.strats.VerticalClassStrategy","openjpa-jdbc/src/main/java/org/apache/openjpa/jdbc/meta/strats/VerticalClassStrategy.java","1"
"36","4.1.1","9d2f5f8c35691c3542606bea1d23b916bcbeda8d","1881d68c-2c8f-452b-8c6e-ee46e0c4e2cc","9a3db3eb463ab40a45485eec284d5e107a6a1f34","org.apache.openjpa.jdbc.meta.strats.XMLValueHandler","openjpa-jdbc/src/main/java/org/apache/openjpa/jdbc/meta/strats/XMLValueHandler.java","4"
"36","4.1.1","9d2f5f8c35691c3542606bea1d23b916bcbeda8d","1881d68c-2c8f-452b-8c6e-ee46e0c4e2cc","9a3db3eb463ab40a45485eec284d5e107a6a1f34","org.apache.openjpa.jdbc.schema.AutoDriverDataSource","openjpa-jdbc/src/main/java/org/apache/openjpa/jdbc/schema/AutoDriverDataSource.java","0"
"36","4.1.1","9d2f5f8c35691c3542606bea1d23b916bcbeda8d","1881d68c-2c8f-452b-8c6e-ee46e0c4e2cc","9a3db3eb463ab40a45485eec284d5e107a6a1f34","org.apache.openjpa.jdbc.schema.Column","openjpa-jdbc/src/main/java/org/apache/openjpa/jdbc/schema/Column.java","64"
"36","4.1.1","9d2f5f8c35691c3542606bea1d23b916bcbeda8d","1881d68c-2c8f-452b-8c6e-ee46e0c4e2cc","9a3db3eb463ab40a45485eec284d5e107a6a1f34","org.apache.openjpa.jdbc.schema.ColumnIO","openjpa-jdbc/src/main/java/org/apache/openjpa/jdbc/schema/ColumnIO.java","4"
"36","4.1.1","9d2f5f8c35691c3542606bea1d23b916bcbeda8d","1881d68c-2c8f-452b-8c6e-ee46e0c4e2cc","9a3db3eb463ab40a45485eec284d5e107a6a1f34","org.apache.openjpa.jdbc.schema.Constraint","openjpa-jdbc/src/main/java/org/apache/openjpa/jdbc/schema/Constraint.java","27"
"36","4.1.1","9d2f5f8c35691c3542606bea1d23b916bcbeda8d","1881d68c-2c8f-452b-8c6e-ee46e0c4e2cc","9a3db3eb463ab40a45485eec284d5e107a6a1f34","org.apache.openjpa.jdbc.schema.DBCPDriverDataSource","openjpa-jdbc/src/main/java/org/apache/openjpa/jdbc/schema/DBCPDriverDataSource.java","13"
"36","4.1.1","9d2f5f8c35691c3542606bea1d23b916bcbeda8d","1881d68c-2c8f-452b-8c6e-ee46e0c4e2cc","9a3db3eb463ab40a45485eec284d5e107a6a1f34","org.apache.openjpa.jdbc.schema.DataSourceFactory","openjpa-jdbc/src/main/java/org/apache/openjpa/jdbc/schema/DataSourceFactory.java","7"
"36","4.1.1","9d2f5f8c35691c3542606bea1d23b916bcbeda8d","1881d68c-2c8f-452b-8c6e-ee46e0c4e2cc","9a3db3eb463ab40a45485eec284d5e107a6a1f34","org.apache.openjpa.jdbc.schema.DriverDataSource","openjpa-jdbc/src/main/java/org/apache/openjpa/jdbc/schema/DriverDataSource.java","0"
"36","4.1.1","9d2f5f8c35691c3542606bea1d23b916bcbeda8d","1881d68c-2c8f-452b-8c6e-ee46e0c4e2cc","9a3db3eb463ab40a45485eec284d5e107a6a1f34","org.apache.openjpa.jdbc.schema.DynamicSchemaFactory","openjpa-jdbc/src/main/java/org/apache/openjpa/jdbc/schema/DynamicSchemaFactory.java","14"
"36","4.1.1","9d2f5f8c35691c3542606bea1d23b916bcbeda8d","1881d68c-2c8f-452b-8c6e-ee46e0c4e2cc","9a3db3eb463ab40a45485eec284d5e107a6a1f34","org.apache.openjpa.jdbc.schema.FileSchemaFactory","openjpa-jdbc/src/main/java/org/apache/openjpa/jdbc/schema/FileSchemaFactory.java","7"
"36","4.1.1","9d2f5f8c35691c3542606bea1d23b916bcbeda8d","1881d68c-2c8f-452b-8c6e-ee46e0c4e2cc","9a3db3eb463ab40a45485eec284d5e107a6a1f34","org.apache.openjpa.jdbc.schema.ForeignKey","openjpa-jdbc/src/main/java/org/apache/openjpa/jdbc/schema/ForeignKey.java","50"
"36","4.1.1","9d2f5f8c35691c3542606bea1d23b916bcbeda8d","1881d68c-2c8f-452b-8c6e-ee46e0c4e2cc","9a3db3eb463ab40a45485eec284d5e107a6a1f34","org.apache.openjpa.jdbc.schema.Index","openjpa-jdbc/src/main/java/org/apache/openjpa/jdbc/schema/Index.java","6"
"36","4.1.1","9d2f5f8c35691c3542606bea1d23b916bcbeda8d","1881d68c-2c8f-452b-8c6e-ee46e0c4e2cc","9a3db3eb463ab40a45485eec284d5e107a6a1f34","org.apache.openjpa.jdbc.schema.LazySchemaFactory","openjpa-jdbc/src/main/java/org/apache/openjpa/jdbc/schema/LazySchemaFactory.java","15"
"36","4.1.1","9d2f5f8c35691c3542606bea1d23b916bcbeda8d","1881d68c-2c8f-452b-8c6e-ee46e0c4e2cc","9a3db3eb463ab40a45485eec284d5e107a6a1f34","org.apache.openjpa.jdbc.schema.LocalConstraint","openjpa-jdbc/src/main/java/org/apache/openjpa/jdbc/schema/LocalConstraint.java","8"
"36","4.1.1","9d2f5f8c35691c3542606bea1d23b916bcbeda8d","1881d68c-2c8f-452b-8c6e-ee46e0c4e2cc","9a3db3eb463ab40a45485eec284d5e107a6a1f34","org.apache.openjpa.jdbc.schema.NameSet","openjpa-jdbc/src/main/java/org/apache/openjpa/jdbc/schema/NameSet.java","7"
"36","4.1.1","9d2f5f8c35691c3542606bea1d23b916bcbeda8d","1881d68c-2c8f-452b-8c6e-ee46e0c4e2cc","9a3db3eb463ab40a45485eec284d5e107a6a1f34","org.apache.openjpa.jdbc.schema.PrimaryKey","openjpa-jdbc/src/main/java/org/apache/openjpa/jdbc/schema/PrimaryKey.java","4"
"36","4.1.1","9d2f5f8c35691c3542606bea1d23b916bcbeda8d","1881d68c-2c8f-452b-8c6e-ee46e0c4e2cc","9a3db3eb463ab40a45485eec284d5e107a6a1f34","org.apache.openjpa.jdbc.schema.ReferenceCounter","openjpa-jdbc/src/main/java/org/apache/openjpa/jdbc/schema/ReferenceCounter.java","1"
"36","4.1.1","9d2f5f8c35691c3542606bea1d23b916bcbeda8d","1881d68c-2c8f-452b-8c6e-ee46e0c4e2cc","9a3db3eb463ab40a45485eec284d5e107a6a1f34","org.apache.openjpa.jdbc.schema.Schema","openjpa-jdbc/src/main/java/org/apache/openjpa/jdbc/schema/Schema.java","23"
"36","4.1.1","9d2f5f8c35691c3542606bea1d23b916bcbeda8d","1881d68c-2c8f-452b-8c6e-ee46e0c4e2cc","9a3db3eb463ab40a45485eec284d5e107a6a1f34","org.apache.openjpa.jdbc.schema.SchemaFactory","openjpa-jdbc/src/main/java/org/apache/openjpa/jdbc/schema/SchemaFactory.java","0"
"36","4.1.1","9d2f5f8c35691c3542606bea1d23b916bcbeda8d","1881d68c-2c8f-452b-8c6e-ee46e0c4e2cc","9a3db3eb463ab40a45485eec284d5e107a6a1f34","org.apache.openjpa.jdbc.schema.SchemaGenerator","openjpa-jdbc/src/main/java/org/apache/openjpa/jdbc/schema/SchemaGenerator.java","53"
"36","4.1.1","9d2f5f8c35691c3542606bea1d23b916bcbeda8d","1881d68c-2c8f-452b-8c6e-ee46e0c4e2cc","9a3db3eb463ab40a45485eec284d5e107a6a1f34","org.apache.openjpa.jdbc.schema.SchemaGroup","openjpa-jdbc/src/main/java/org/apache/openjpa/jdbc/schema/SchemaGroup.java","38"
"36","4.1.1","9d2f5f8c35691c3542606bea1d23b916bcbeda8d","1881d68c-2c8f-452b-8c6e-ee46e0c4e2cc","9a3db3eb463ab40a45485eec284d5e107a6a1f34","org.apache.openjpa.jdbc.schema.SchemaParser","openjpa-jdbc/src/main/java/org/apache/openjpa/jdbc/schema/SchemaParser.java","0"
"36","4.1.1","9d2f5f8c35691c3542606bea1d23b916bcbeda8d","1881d68c-2c8f-452b-8c6e-ee46e0c4e2cc","9a3db3eb463ab40a45485eec284d5e107a6a1f34","org.apache.openjpa.jdbc.schema.SchemaSerializer","openjpa-jdbc/src/main/java/org/apache/openjpa/jdbc/schema/SchemaSerializer.java","0"
"36","4.1.1","9d2f5f8c35691c3542606bea1d23b916bcbeda8d","1881d68c-2c8f-452b-8c6e-ee46e0c4e2cc","9a3db3eb463ab40a45485eec284d5e107a6a1f34","org.apache.openjpa.jdbc.schema.SchemaTool","openjpa-jdbc/src/main/java/org/apache/openjpa/jdbc/schema/SchemaTool.java","52"
"36","4.1.1","9d2f5f8c35691c3542606bea1d23b916bcbeda8d","1881d68c-2c8f-452b-8c6e-ee46e0c4e2cc","9a3db3eb463ab40a45485eec284d5e107a6a1f34","org.apache.openjpa.jdbc.schema.Schemas","openjpa-jdbc/src/main/java/org/apache/openjpa/jdbc/schema/Schemas.java","5"
"36","4.1.1","9d2f5f8c35691c3542606bea1d23b916bcbeda8d","1881d68c-2c8f-452b-8c6e-ee46e0c4e2cc","9a3db3eb463ab40a45485eec284d5e107a6a1f34","org.apache.openjpa.jdbc.schema.Sequence","openjpa-jdbc/src/main/java/org/apache/openjpa/jdbc/schema/Sequence.java","21"
"36","4.1.1","9d2f5f8c35691c3542606bea1d23b916bcbeda8d","1881d68c-2c8f-452b-8c6e-ee46e0c4e2cc","9a3db3eb463ab40a45485eec284d5e107a6a1f34","org.apache.openjpa.jdbc.schema.SimpleDriverDataSource","openjpa-jdbc/src/main/java/org/apache/openjpa/jdbc/schema/SimpleDriverDataSource.java","17"
"36","4.1.1","9d2f5f8c35691c3542606bea1d23b916bcbeda8d","1881d68c-2c8f-452b-8c6e-ee46e0c4e2cc","9a3db3eb463ab40a45485eec284d5e107a6a1f34","org.apache.openjpa.jdbc.schema.Table","openjpa-jdbc/src/main/java/org/apache/openjpa/jdbc/schema/Table.java","64"
"36","4.1.1","9d2f5f8c35691c3542606bea1d23b916bcbeda8d","1881d68c-2c8f-452b-8c6e-ee46e0c4e2cc","9a3db3eb463ab40a45485eec284d5e107a6a1f34","org.apache.openjpa.jdbc.schema.TableSchemaFactory","openjpa-jdbc/src/main/java/org/apache/openjpa/jdbc/schema/TableSchemaFactory.java","26"
"36","4.1.1","9d2f5f8c35691c3542606bea1d23b916bcbeda8d","1881d68c-2c8f-452b-8c6e-ee46e0c4e2cc","9a3db3eb463ab40a45485eec284d5e107a6a1f34","org.apache.openjpa.jdbc.schema.Unique","openjpa-jdbc/src/main/java/org/apache/openjpa/jdbc/schema/Unique.java","5"
"36","4.1.1","9d2f5f8c35691c3542606bea1d23b916bcbeda8d","1881d68c-2c8f-452b-8c6e-ee46e0c4e2cc","9a3db3eb463ab40a45485eec284d5e107a6a1f34","org.apache.openjpa.jdbc.schema.XMLSchemaParser","openjpa-jdbc/src/main/java/org/apache/openjpa/jdbc/schema/XMLSchemaParser.java","19"
"36","4.1.1","9d2f5f8c35691c3542606bea1d23b916bcbeda8d","1881d68c-2c8f-452b-8c6e-ee46e0c4e2cc","9a3db3eb463ab40a45485eec284d5e107a6a1f34","org.apache.openjpa.jdbc.schema.XMLSchemaSerializer","openjpa-jdbc/src/main/java/org/apache/openjpa/jdbc/schema/XMLSchemaSerializer.java","4"
"36","4.1.1","9d2f5f8c35691c3542606bea1d23b916bcbeda8d","1881d68c-2c8f-452b-8c6e-ee46e0c4e2cc","9a3db3eb463ab40a45485eec284d5e107a6a1f34","org.apache.openjpa.jdbc.sql.AbstractDB2Dictionary","openjpa-jdbc/src/main/java/org/apache/openjpa/jdbc/sql/AbstractDB2Dictionary.java","4"
"36","4.1.1","9d2f5f8c35691c3542606bea1d23b916bcbeda8d","1881d68c-2c8f-452b-8c6e-ee46e0c4e2cc","9a3db3eb463ab40a45485eec284d5e107a6a1f34","org.apache.openjpa.jdbc.sql.AbstractResult","openjpa-jdbc/src/main/java/org/apache/openjpa/jdbc/sql/AbstractResult.java","19"
"36","4.1.1","9d2f5f8c35691c3542606bea1d23b916bcbeda8d","1881d68c-2c8f-452b-8c6e-ee46e0c4e2cc","9a3db3eb463ab40a45485eec284d5e107a6a1f34","org.apache.openjpa.jdbc.sql.AbstractSQLServerDictionary","openjpa-jdbc/src/main/java/org/apache/openjpa/jdbc/sql/AbstractSQLServerDictionary.java","6"
"36","4.1.1","9d2f5f8c35691c3542606bea1d23b916bcbeda8d","1881d68c-2c8f-452b-8c6e-ee46e0c4e2cc","9a3db3eb463ab40a45485eec284d5e107a6a1f34","org.apache.openjpa.jdbc.sql.AccessDictionary","openjpa-jdbc/src/main/java/org/apache/openjpa/jdbc/sql/AccessDictionary.java","1"
"36","4.1.1","9d2f5f8c35691c3542606bea1d23b916bcbeda8d","1881d68c-2c8f-452b-8c6e-ee46e0c4e2cc","9a3db3eb463ab40a45485eec284d5e107a6a1f34","org.apache.openjpa.jdbc.sql.BooleanRepresentation","openjpa-jdbc/src/main/java/org/apache/openjpa/jdbc/sql/BooleanRepresentation.java","1"
"36","4.1.1","9d2f5f8c35691c3542606bea1d23b916bcbeda8d","1881d68c-2c8f-452b-8c6e-ee46e0c4e2cc","9a3db3eb463ab40a45485eec284d5e107a6a1f34","org.apache.openjpa.jdbc.sql.BooleanRepresentationFactory","openjpa-jdbc/src/main/java/org/apache/openjpa/jdbc/sql/BooleanRepresentationFactory.java","1"
"36","4.1.1","9d2f5f8c35691c3542606bea1d23b916bcbeda8d","1881d68c-2c8f-452b-8c6e-ee46e0c4e2cc","9a3db3eb463ab40a45485eec284d5e107a6a1f34","org.apache.openjpa.jdbc.sql.CacheDictionary","openjpa-jdbc/src/main/java/org/apache/openjpa/jdbc/sql/CacheDictionary.java","0"
"36","4.1.1","9d2f5f8c35691c3542606bea1d23b916bcbeda8d","1881d68c-2c8f-452b-8c6e-ee46e0c4e2cc","9a3db3eb463ab40a45485eec284d5e107a6a1f34","org.apache.openjpa.jdbc.sql.Calendard","openjpa-jdbc/src/main/java/org/apache/openjpa/jdbc/sql/Calendard.java","0"
"36","4.1.1","9d2f5f8c35691c3542606bea1d23b916bcbeda8d","1881d68c-2c8f-452b-8c6e-ee46e0c4e2cc","9a3db3eb463ab40a45485eec284d5e107a6a1f34","org.apache.openjpa.jdbc.sql.DB2Dictionary","openjpa-jdbc/src/main/java/org/apache/openjpa/jdbc/sql/DB2Dictionary.java","40"
"36","4.1.1","9d2f5f8c35691c3542606bea1d23b916bcbeda8d","1881d68c-2c8f-452b-8c6e-ee46e0c4e2cc","9a3db3eb463ab40a45485eec284d5e107a6a1f34","org.apache.openjpa.jdbc.sql.DBDictionary","openjpa-jdbc/src/main/java/org/apache/openjpa/jdbc/sql/DBDictionary.java","201"
"36","4.1.1","9d2f5f8c35691c3542606bea1d23b916bcbeda8d","1881d68c-2c8f-452b-8c6e-ee46e0c4e2cc","9a3db3eb463ab40a45485eec284d5e107a6a1f34","org.apache.openjpa.jdbc.sql.DBDictionaryFactory","openjpa-jdbc/src/main/java/org/apache/openjpa/jdbc/sql/DBDictionaryFactory.java","10"
"36","4.1.1","9d2f5f8c35691c3542606bea1d23b916bcbeda8d","1881d68c-2c8f-452b-8c6e-ee46e0c4e2cc","9a3db3eb463ab40a45485eec284d5e107a6a1f34","org.apache.openjpa.jdbc.sql.DerbyDictionary","openjpa-jdbc/src/main/java/org/apache/openjpa/jdbc/sql/DerbyDictionary.java","4"
"36","4.1.1","9d2f5f8c35691c3542606bea1d23b916bcbeda8d","1881d68c-2c8f-452b-8c6e-ee46e0c4e2cc","9a3db3eb463ab40a45485eec284d5e107a6a1f34","org.apache.openjpa.jdbc.sql.EmpressDictionary","openjpa-jdbc/src/main/java/org/apache/openjpa/jdbc/sql/EmpressDictionary.java","1"
"36","4.1.1","9d2f5f8c35691c3542606bea1d23b916bcbeda8d","1881d68c-2c8f-452b-8c6e-ee46e0c4e2cc","9a3db3eb463ab40a45485eec284d5e107a6a1f34","org.apache.openjpa.jdbc.sql.FirebirdDictionary","openjpa-jdbc/src/main/java/org/apache/openjpa/jdbc/sql/FirebirdDictionary.java","7"
"36","4.1.1","9d2f5f8c35691c3542606bea1d23b916bcbeda8d","1881d68c-2c8f-452b-8c6e-ee46e0c4e2cc","9a3db3eb463ab40a45485eec284d5e107a6a1f34","org.apache.openjpa.jdbc.sql.FoxProDictionary","openjpa-jdbc/src/main/java/org/apache/openjpa/jdbc/sql/FoxProDictionary.java","6"
"36","4.1.1","9d2f5f8c35691c3542606bea1d23b916bcbeda8d","1881d68c-2c8f-452b-8c6e-ee46e0c4e2cc","9a3db3eb463ab40a45485eec284d5e107a6a1f34","org.apache.openjpa.jdbc.sql.H2Dictionary","openjpa-jdbc/src/main/java/org/apache/openjpa/jdbc/sql/H2Dictionary.java","33"
"36","4.1.1","9d2f5f8c35691c3542606bea1d23b916bcbeda8d","1881d68c-2c8f-452b-8c6e-ee46e0c4e2cc","9a3db3eb463ab40a45485eec284d5e107a6a1f34","org.apache.openjpa.jdbc.sql.HSQLDictionary","openjpa-jdbc/src/main/java/org/apache/openjpa/jdbc/sql/HSQLDictionary.java","6"
"36","4.1.1","9d2f5f8c35691c3542606bea1d23b916bcbeda8d","1881d68c-2c8f-452b-8c6e-ee46e0c4e2cc","9a3db3eb463ab40a45485eec284d5e107a6a1f34","org.apache.openjpa.jdbc.sql.HerdDBDictionary","openjpa-jdbc/src/main/java/org/apache/openjpa/jdbc/sql/HerdDBDictionary.java","0"
"36","4.1.1","9d2f5f8c35691c3542606bea1d23b916bcbeda8d","1881d68c-2c8f-452b-8c6e-ee46e0c4e2cc","9a3db3eb463ab40a45485eec284d5e107a6a1f34","org.apache.openjpa.jdbc.sql.InformixDictionary","openjpa-jdbc/src/main/java/org/apache/openjpa/jdbc/sql/InformixDictionary.java","6"
"36","4.1.1","9d2f5f8c35691c3542606bea1d23b916bcbeda8d","1881d68c-2c8f-452b-8c6e-ee46e0c4e2cc","9a3db3eb463ab40a45485eec284d5e107a6a1f34","org.apache.openjpa.jdbc.sql.IngresDictionary","openjpa-jdbc/src/main/java/org/apache/openjpa/jdbc/sql/IngresDictionary.java","4"
"36","4.1.1","9d2f5f8c35691c3542606bea1d23b916bcbeda8d","1881d68c-2c8f-452b-8c6e-ee46e0c4e2cc","9a3db3eb463ab40a45485eec284d5e107a6a1f34","org.apache.openjpa.jdbc.sql.InterbaseDictionary","openjpa-jdbc/src/main/java/org/apache/openjpa/jdbc/sql/InterbaseDictionary.java","1"
"36","4.1.1","9d2f5f8c35691c3542606bea1d23b916bcbeda8d","1881d68c-2c8f-452b-8c6e-ee46e0c4e2cc","9a3db3eb463ab40a45485eec284d5e107a6a1f34","org.apache.openjpa.jdbc.sql.JDataStoreDictionary","openjpa-jdbc/src/main/java/org/apache/openjpa/jdbc/sql/JDataStoreDictionary.java","1"
"36","4.1.1","9d2f5f8c35691c3542606bea1d23b916bcbeda8d","1881d68c-2c8f-452b-8c6e-ee46e0c4e2cc","9a3db3eb463ab40a45485eec284d5e107a6a1f34","org.apache.openjpa.jdbc.sql.Join","openjpa-jdbc/src/main/java/org/apache/openjpa/jdbc/sql/Join.java","13"
"36","4.1.1","9d2f5f8c35691c3542606bea1d23b916bcbeda8d","1881d68c-2c8f-452b-8c6e-ee46e0c4e2cc","9a3db3eb463ab40a45485eec284d5e107a6a1f34","org.apache.openjpa.jdbc.sql.JoinSet","openjpa-jdbc/src/main/java/org/apache/openjpa/jdbc/sql/JoinSet.java","9"
"36","4.1.1","9d2f5f8c35691c3542606bea1d23b916bcbeda8d","1881d68c-2c8f-452b-8c6e-ee46e0c4e2cc","9a3db3eb463ab40a45485eec284d5e107a6a1f34","org.apache.openjpa.jdbc.sql.JoinSyntaxes","openjpa-jdbc/src/main/java/org/apache/openjpa/jdbc/sql/JoinSyntaxes.java","1"
"36","4.1.1","9d2f5f8c35691c3542606bea1d23b916bcbeda8d","1881d68c-2c8f-452b-8c6e-ee46e0c4e2cc","9a3db3eb463ab40a45485eec284d5e107a6a1f34","org.apache.openjpa.jdbc.sql.Joins","openjpa-jdbc/src/main/java/org/apache/openjpa/jdbc/sql/Joins.java","2"
"36","4.1.1","9d2f5f8c35691c3542606bea1d23b916bcbeda8d","1881d68c-2c8f-452b-8c6e-ee46e0c4e2cc","9a3db3eb463ab40a45485eec284d5e107a6a1f34","org.apache.openjpa.jdbc.sql.LogicalUnion","openjpa-jdbc/src/main/java/org/apache/openjpa/jdbc/sql/LogicalUnion.java","9"
"36","4.1.1","9d2f5f8c35691c3542606bea1d23b916bcbeda8d","1881d68c-2c8f-452b-8c6e-ee46e0c4e2cc","9a3db3eb463ab40a45485eec284d5e107a6a1f34","org.apache.openjpa.jdbc.sql.MariaDBDictionary","openjpa-jdbc/src/main/java/org/apache/openjpa/jdbc/sql/MariaDBDictionary.java","21"
"36","4.1.1","9d2f5f8c35691c3542606bea1d23b916bcbeda8d","1881d68c-2c8f-452b-8c6e-ee46e0c4e2cc","9a3db3eb463ab40a45485eec284d5e107a6a1f34","org.apache.openjpa.jdbc.sql.MaxDBDictionary","openjpa-jdbc/src/main/java/org/apache/openjpa/jdbc/sql/MaxDBDictionary.java","0"
"36","4.1.1","9d2f5f8c35691c3542606bea1d23b916bcbeda8d","1881d68c-2c8f-452b-8c6e-ee46e0c4e2cc","9a3db3eb463ab40a45485eec284d5e107a6a1f34","org.apache.openjpa.jdbc.sql.MergedResult","openjpa-jdbc/src/main/java/org/apache/openjpa/jdbc/sql/MergedResult.java","9"
"36","4.1.1","9d2f5f8c35691c3542606bea1d23b916bcbeda8d","1881d68c-2c8f-452b-8c6e-ee46e0c4e2cc","9a3db3eb463ab40a45485eec284d5e107a6a1f34","org.apache.openjpa.jdbc.sql.MySQLDictionary","openjpa-jdbc/src/main/java/org/apache/openjpa/jdbc/sql/MySQLDictionary.java","23"
"36","4.1.1","9d2f5f8c35691c3542606bea1d23b916bcbeda8d","1881d68c-2c8f-452b-8c6e-ee46e0c4e2cc","9a3db3eb463ab40a45485eec284d5e107a6a1f34","org.apache.openjpa.jdbc.sql.OracleDictionary","openjpa-jdbc/src/main/java/org/apache/openjpa/jdbc/sql/OracleDictionary.java","69"
"36","4.1.1","9d2f5f8c35691c3542606bea1d23b916bcbeda8d","1881d68c-2c8f-452b-8c6e-ee46e0c4e2cc","9a3db3eb463ab40a45485eec284d5e107a6a1f34","org.apache.openjpa.jdbc.sql.PointbaseDictionary","openjpa-jdbc/src/main/java/org/apache/openjpa/jdbc/sql/PointbaseDictionary.java","1"
"36","4.1.1","9d2f5f8c35691c3542606bea1d23b916bcbeda8d","1881d68c-2c8f-452b-8c6e-ee46e0c4e2cc","9a3db3eb463ab40a45485eec284d5e107a6a1f34","org.apache.openjpa.jdbc.sql.PostgresDictionary","openjpa-jdbc/src/main/java/org/apache/openjpa/jdbc/sql/PostgresDictionary.java","38"
"36","4.1.1","9d2f5f8c35691c3542606bea1d23b916bcbeda8d","1881d68c-2c8f-452b-8c6e-ee46e0c4e2cc","9a3db3eb463ab40a45485eec284d5e107a6a1f34","org.apache.openjpa.jdbc.sql.PrimaryRow","openjpa-jdbc/src/main/java/org/apache/openjpa/jdbc/sql/PrimaryRow.java","18"
"36","4.1.1","9d2f5f8c35691c3542606bea1d23b916bcbeda8d","1881d68c-2c8f-452b-8c6e-ee46e0c4e2cc","9a3db3eb463ab40a45485eec284d5e107a6a1f34","org.apache.openjpa.jdbc.sql.Raw","openjpa-jdbc/src/main/java/org/apache/openjpa/jdbc/sql/Raw.java","0"
"36","4.1.1","9d2f5f8c35691c3542606bea1d23b916bcbeda8d","1881d68c-2c8f-452b-8c6e-ee46e0c4e2cc","9a3db3eb463ab40a45485eec284d5e107a6a1f34","org.apache.openjpa.jdbc.sql.Result","openjpa-jdbc/src/main/java/org/apache/openjpa/jdbc/sql/Result.java","0"
"36","4.1.1","9d2f5f8c35691c3542606bea1d23b916bcbeda8d","1881d68c-2c8f-452b-8c6e-ee46e0c4e2cc","9a3db3eb463ab40a45485eec284d5e107a6a1f34","org.apache.openjpa.jdbc.sql.ResultSetResult","openjpa-jdbc/src/main/java/org/apache/openjpa/jdbc/sql/ResultSetResult.java","18"
"36","4.1.1","9d2f5f8c35691c3542606bea1d23b916bcbeda8d","1881d68c-2c8f-452b-8c6e-ee46e0c4e2cc","9a3db3eb463ab40a45485eec284d5e107a6a1f34","org.apache.openjpa.jdbc.sql.Row","openjpa-jdbc/src/main/java/org/apache/openjpa/jdbc/sql/Row.java","0"
"36","4.1.1","9d2f5f8c35691c3542606bea1d23b916bcbeda8d","1881d68c-2c8f-452b-8c6e-ee46e0c4e2cc","9a3db3eb463ab40a45485eec284d5e107a6a1f34","org.apache.openjpa.jdbc.sql.RowImpl","openjpa-jdbc/src/main/java/org/apache/openjpa/jdbc/sql/RowImpl.java","19"
"36","4.1.1","9d2f5f8c35691c3542606bea1d23b916bcbeda8d","1881d68c-2c8f-452b-8c6e-ee46e0c4e2cc","9a3db3eb463ab40a45485eec284d5e107a6a1f34","org.apache.openjpa.jdbc.sql.RowManager","openjpa-jdbc/src/main/java/org/apache/openjpa/jdbc/sql/RowManager.java","0"
"36","4.1.1","9d2f5f8c35691c3542606bea1d23b916bcbeda8d","1881d68c-2c8f-452b-8c6e-ee46e0c4e2cc","9a3db3eb463ab40a45485eec284d5e107a6a1f34","org.apache.openjpa.jdbc.sql.RowManagerImpl","openjpa-jdbc/src/main/java/org/apache/openjpa/jdbc/sql/RowManagerImpl.java","12"
"36","4.1.1","9d2f5f8c35691c3542606bea1d23b916bcbeda8d","1881d68c-2c8f-452b-8c6e-ee46e0c4e2cc","9a3db3eb463ab40a45485eec284d5e107a6a1f34","org.apache.openjpa.jdbc.sql.SQLBuffer","openjpa-jdbc/src/main/java/org/apache/openjpa/jdbc/sql/SQLBuffer.java","24"
"36","4.1.1","9d2f5f8c35691c3542606bea1d23b916bcbeda8d","1881d68c-2c8f-452b-8c6e-ee46e0c4e2cc","9a3db3eb463ab40a45485eec284d5e107a6a1f34","org.apache.openjpa.jdbc.sql.SQLErrorCodeReader","openjpa-jdbc/src/main/java/org/apache/openjpa/jdbc/sql/SQLErrorCodeReader.java","4"
"36","4.1.1","9d2f5f8c35691c3542606bea1d23b916bcbeda8d","1881d68c-2c8f-452b-8c6e-ee46e0c4e2cc","9a3db3eb463ab40a45485eec284d5e107a6a1f34","org.apache.openjpa.jdbc.sql.SQLExceptions","openjpa-jdbc/src/main/java/org/apache/openjpa/jdbc/sql/SQLExceptions.java","1"
"36","4.1.1","9d2f5f8c35691c3542606bea1d23b916bcbeda8d","1881d68c-2c8f-452b-8c6e-ee46e0c4e2cc","9a3db3eb463ab40a45485eec284d5e107a6a1f34","org.apache.openjpa.jdbc.sql.SQLFactory","openjpa-jdbc/src/main/java/org/apache/openjpa/jdbc/sql/SQLFactory.java","0"
"36","4.1.1","9d2f5f8c35691c3542606bea1d23b916bcbeda8d","1881d68c-2c8f-452b-8c6e-ee46e0c4e2cc","9a3db3eb463ab40a45485eec284d5e107a6a1f34","org.apache.openjpa.jdbc.sql.SQLFactoryImpl","openjpa-jdbc/src/main/java/org/apache/openjpa/jdbc/sql/SQLFactoryImpl.java","3"
"36","4.1.1","9d2f5f8c35691c3542606bea1d23b916bcbeda8d","1881d68c-2c8f-452b-8c6e-ee46e0c4e2cc","9a3db3eb463ab40a45485eec284d5e107a6a1f34","org.apache.openjpa.jdbc.sql.SQLServerDictionary","openjpa-jdbc/src/main/java/org/apache/openjpa/jdbc/sql/SQLServerDictionary.java","5"
"36","4.1.1","9d2f5f8c35691c3542606bea1d23b916bcbeda8d","1881d68c-2c8f-452b-8c6e-ee46e0c4e2cc","9a3db3eb463ab40a45485eec284d5e107a6a1f34","org.apache.openjpa.jdbc.sql.SecondaryRow","openjpa-jdbc/src/main/java/org/apache/openjpa/jdbc/sql/SecondaryRow.java","5"
"36","4.1.1","9d2f5f8c35691c3542606bea1d23b916bcbeda8d","1881d68c-2c8f-452b-8c6e-ee46e0c4e2cc","9a3db3eb463ab40a45485eec284d5e107a6a1f34","org.apache.openjpa.jdbc.sql.Select","openjpa-jdbc/src/main/java/org/apache/openjpa/jdbc/sql/Select.java","0"
"36","4.1.1","9d2f5f8c35691c3542606bea1d23b916bcbeda8d","1881d68c-2c8f-452b-8c6e-ee46e0c4e2cc","9a3db3eb463ab40a45485eec284d5e107a6a1f34","org.apache.openjpa.jdbc.sql.SelectExecutor","openjpa-jdbc/src/main/java/org/apache/openjpa/jdbc/sql/SelectExecutor.java","0"
"36","4.1.1","9d2f5f8c35691c3542606bea1d23b916bcbeda8d","1881d68c-2c8f-452b-8c6e-ee46e0c4e2cc","9a3db3eb463ab40a45485eec284d5e107a6a1f34","org.apache.openjpa.jdbc.sql.SelectImpl","openjpa-jdbc/src/main/java/org/apache/openjpa/jdbc/sql/SelectImpl.java","124"
"36","4.1.1","9d2f5f8c35691c3542606bea1d23b916bcbeda8d","1881d68c-2c8f-452b-8c6e-ee46e0c4e2cc","9a3db3eb463ab40a45485eec284d5e107a6a1f34","org.apache.openjpa.jdbc.sql.Sized","openjpa-jdbc/src/main/java/org/apache/openjpa/jdbc/sql/Sized.java","0"
"36","4.1.1","9d2f5f8c35691c3542606bea1d23b916bcbeda8d","1881d68c-2c8f-452b-8c6e-ee46e0c4e2cc","9a3db3eb463ab40a45485eec284d5e107a6a1f34","org.apache.openjpa.jdbc.sql.SolidDBDictionary","openjpa-jdbc/src/main/java/org/apache/openjpa/jdbc/sql/SolidDBDictionary.java","12"
"36","4.1.1","9d2f5f8c35691c3542606bea1d23b916bcbeda8d","1881d68c-2c8f-452b-8c6e-ee46e0c4e2cc","9a3db3eb463ab40a45485eec284d5e107a6a1f34","org.apache.openjpa.jdbc.sql.StoredProcedure","openjpa-jdbc/src/main/java/org/apache/openjpa/jdbc/sql/StoredProcedure.java","11"
"36","4.1.1","9d2f5f8c35691c3542606bea1d23b916bcbeda8d","1881d68c-2c8f-452b-8c6e-ee46e0c4e2cc","9a3db3eb463ab40a45485eec284d5e107a6a1f34","org.apache.openjpa.jdbc.sql.SybaseDictionary","openjpa-jdbc/src/main/java/org/apache/openjpa/jdbc/sql/SybaseDictionary.java","10"
"36","4.1.1","9d2f5f8c35691c3542606bea1d23b916bcbeda8d","1881d68c-2c8f-452b-8c6e-ee46e0c4e2cc","9a3db3eb463ab40a45485eec284d5e107a6a1f34","org.apache.openjpa.jdbc.sql.Union","openjpa-jdbc/src/main/java/org/apache/openjpa/jdbc/sql/Union.java","0"
"36","4.1.1","9d2f5f8c35691c3542606bea1d23b916bcbeda8d","1881d68c-2c8f-452b-8c6e-ee46e0c4e2cc","9a3db3eb463ab40a45485eec284d5e107a6a1f34","org.apache.openjpa.json.JSON","openjpa-jest/src/main/java/org/apache/openjpa/json/JSON.java","0"
"36","4.1.1","9d2f5f8c35691c3542606bea1d23b916bcbeda8d","1881d68c-2c8f-452b-8c6e-ee46e0c4e2cc","9a3db3eb463ab40a45485eec284d5e107a6a1f34","org.apache.openjpa.json.JSONObject","openjpa-jest/src/main/java/org/apache/openjpa/json/JSONObject.java","9"
"36","4.1.1","9d2f5f8c35691c3542606bea1d23b916bcbeda8d","1881d68c-2c8f-452b-8c6e-ee46e0c4e2cc","9a3db3eb463ab40a45485eec284d5e107a6a1f34","org.apache.openjpa.junit5.OpenJPASupport","openjpa-junit5/src/main/java/org/apache/openjpa/junit5/OpenJPASupport.java","0"
"36","4.1.1","9d2f5f8c35691c3542606bea1d23b916bcbeda8d","1881d68c-2c8f-452b-8c6e-ee46e0c4e2cc","9a3db3eb463ab40a45485eec284d5e107a6a1f34","org.apache.openjpa.junit5.internal.OpenJPADirectoriesEnhancer","openjpa-junit5/src/main/java/org/apache/openjpa/junit5/internal/OpenJPADirectoriesEnhancer.java","14"
"36","4.1.1","9d2f5f8c35691c3542606bea1d23b916bcbeda8d","1881d68c-2c8f-452b-8c6e-ee46e0c4e2cc","9a3db3eb463ab40a45485eec284d5e107a6a1f34","org.apache.openjpa.junit5.internal.OpenJPAExtension","openjpa-junit5/src/main/java/org/apache/openjpa/junit5/internal/OpenJPAExtension.java","0"
"36","4.1.1","9d2f5f8c35691c3542606bea1d23b916bcbeda8d","1881d68c-2c8f-452b-8c6e-ee46e0c4e2cc","9a3db3eb463ab40a45485eec284d5e107a6a1f34","org.apache.openjpa.kernel.AbstractBrokerFactory","openjpa-kernel/src/main/java/org/apache/openjpa/kernel/AbstractBrokerFactory.java","22"
"36","4.1.1","9d2f5f8c35691c3542606bea1d23b916bcbeda8d","1881d68c-2c8f-452b-8c6e-ee46e0c4e2cc","9a3db3eb463ab40a45485eec284d5e107a6a1f34","org.apache.openjpa.kernel.AbstractFieldManager","openjpa-kernel/src/main/java/org/apache/openjpa/kernel/AbstractFieldManager.java","0"
"36","4.1.1","9d2f5f8c35691c3542606bea1d23b916bcbeda8d","1881d68c-2c8f-452b-8c6e-ee46e0c4e2cc","9a3db3eb463ab40a45485eec284d5e107a6a1f34","org.apache.openjpa.kernel.AbstractLockManager","openjpa-kernel/src/main/java/org/apache/openjpa/kernel/AbstractLockManager.java","0"
"36","4.1.1","9d2f5f8c35691c3542606bea1d23b916bcbeda8d","1881d68c-2c8f-452b-8c6e-ee46e0c4e2cc","9a3db3eb463ab40a45485eec284d5e107a6a1f34","org.apache.openjpa.kernel.AbstractPCData","openjpa-kernel/src/main/java/org/apache/openjpa/kernel/AbstractPCData.java","15"
"36","4.1.1","9d2f5f8c35691c3542606bea1d23b916bcbeda8d","1881d68c-2c8f-452b-8c6e-ee46e0c4e2cc","9a3db3eb463ab40a45485eec284d5e107a6a1f34","org.apache.openjpa.kernel.AbstractPCResultObjectProvider","openjpa-kernel/src/main/java/org/apache/openjpa/kernel/AbstractPCResultObjectProvider.java","5"
"36","4.1.1","9d2f5f8c35691c3542606bea1d23b916bcbeda8d","1881d68c-2c8f-452b-8c6e-ee46e0c4e2cc","9a3db3eb463ab40a45485eec284d5e107a6a1f34","org.apache.openjpa.kernel.AbstractStoreQuery","openjpa-kernel/src/main/java/org/apache/openjpa/kernel/AbstractStoreQuery.java","4"
"36","4.1.1","9d2f5f8c35691c3542606bea1d23b916bcbeda8d","1881d68c-2c8f-452b-8c6e-ee46e0c4e2cc","9a3db3eb463ab40a45485eec284d5e107a6a1f34","org.apache.openjpa.kernel.AttachManager","openjpa-kernel/src/main/java/org/apache/openjpa/kernel/AttachManager.java","12"
"36","4.1.1","9d2f5f8c35691c3542606bea1d23b916bcbeda8d","1881d68c-2c8f-452b-8c6e-ee46e0c4e2cc","9a3db3eb463ab40a45485eec284d5e107a6a1f34","org.apache.openjpa.kernel.AttachStrategy","openjpa-kernel/src/main/java/org/apache/openjpa/kernel/AttachStrategy.java","5"
"36","4.1.1","9d2f5f8c35691c3542606bea1d23b916bcbeda8d","1881d68c-2c8f-452b-8c6e-ee46e0c4e2cc","9a3db3eb463ab40a45485eec284d5e107a6a1f34","org.apache.openjpa.kernel.AuditManager","openjpa-kernel/src/main/java/org/apache/openjpa/kernel/AuditManager.java","25"
"36","4.1.1","9d2f5f8c35691c3542606bea1d23b916bcbeda8d","1881d68c-2c8f-452b-8c6e-ee46e0c4e2cc","9a3db3eb463ab40a45485eec284d5e107a6a1f34","org.apache.openjpa.kernel.Audited","openjpa-kernel/src/main/java/org/apache/openjpa/kernel/Audited.java","2"
"36","4.1.1","9d2f5f8c35691c3542606bea1d23b916bcbeda8d","1881d68c-2c8f-452b-8c6e-ee46e0c4e2cc","9a3db3eb463ab40a45485eec284d5e107a6a1f34","org.apache.openjpa.kernel.AutoClear","openjpa-kernel/src/main/java/org/apache/openjpa/kernel/AutoClear.java","1"
"36","4.1.1","9d2f5f8c35691c3542606bea1d23b916bcbeda8d","1881d68c-2c8f-452b-8c6e-ee46e0c4e2cc","9a3db3eb463ab40a45485eec284d5e107a6a1f34","org.apache.openjpa.kernel.AutoDetach","openjpa-kernel/src/main/java/org/apache/openjpa/kernel/AutoDetach.java","3"
"36","4.1.1","9d2f5f8c35691c3542606bea1d23b916bcbeda8d","1881d68c-2c8f-452b-8c6e-ee46e0c4e2cc","9a3db3eb463ab40a45485eec284d5e107a6a1f34","org.apache.openjpa.kernel.Bootstrap","openjpa-kernel/src/main/java/org/apache/openjpa/kernel/Bootstrap.java","1"
"36","4.1.1","9d2f5f8c35691c3542606bea1d23b916bcbeda8d","1881d68c-2c8f-452b-8c6e-ee46e0c4e2cc","9a3db3eb463ab40a45485eec284d5e107a6a1f34","org.apache.openjpa.kernel.Broker","openjpa-kernel/src/main/java/org/apache/openjpa/kernel/Broker.java","0"
"36","4.1.1","9d2f5f8c35691c3542606bea1d23b916bcbeda8d","1881d68c-2c8f-452b-8c6e-ee46e0c4e2cc","9a3db3eb463ab40a45485eec284d5e107a6a1f34","org.apache.openjpa.kernel.BrokerFactory","openjpa-kernel/src/main/java/org/apache/openjpa/kernel/BrokerFactory.java","0"
"36","4.1.1","9d2f5f8c35691c3542606bea1d23b916bcbeda8d","1881d68c-2c8f-452b-8c6e-ee46e0c4e2cc","9a3db3eb463ab40a45485eec284d5e107a6a1f34","org.apache.openjpa.kernel.BrokerImpl","openjpa-kernel/src/main/java/org/apache/openjpa/kernel/BrokerImpl.java","143"
"36","4.1.1","9d2f5f8c35691c3542606bea1d23b916bcbeda8d","1881d68c-2c8f-452b-8c6e-ee46e0c4e2cc","9a3db3eb463ab40a45485eec284d5e107a6a1f34","org.apache.openjpa.kernel.ClearFieldManager","openjpa-kernel/src/main/java/org/apache/openjpa/kernel/ClearFieldManager.java","0"
"36","4.1.1","9d2f5f8c35691c3542606bea1d23b916bcbeda8d","1881d68c-2c8f-452b-8c6e-ee46e0c4e2cc","9a3db3eb463ab40a45485eec284d5e107a6a1f34","org.apache.openjpa.kernel.ConnectionRetainModes","openjpa-kernel/src/main/java/org/apache/openjpa/kernel/ConnectionRetainModes.java","1"
"36","4.1.1","9d2f5f8c35691c3542606bea1d23b916bcbeda8d","1881d68c-2c8f-452b-8c6e-ee46e0c4e2cc","9a3db3eb463ab40a45485eec284d5e107a6a1f34","org.apache.openjpa.kernel.DataCacheRetrieveMode","openjpa-kernel/src/main/java/org/apache/openjpa/kernel/DataCacheRetrieveMode.java","0"
"36","4.1.1","9d2f5f8c35691c3542606bea1d23b916bcbeda8d","1881d68c-2c8f-452b-8c6e-ee46e0c4e2cc","9a3db3eb463ab40a45485eec284d5e107a6a1f34","org.apache.openjpa.kernel.DataCacheStoreMode","openjpa-kernel/src/main/java/org/apache/openjpa/kernel/DataCacheStoreMode.java","0"
"36","4.1.1","9d2f5f8c35691c3542606bea1d23b916bcbeda8d","1881d68c-2c8f-452b-8c6e-ee46e0c4e2cc","9a3db3eb463ab40a45485eec284d5e107a6a1f34","org.apache.openjpa.kernel.DelegatingBroker","openjpa-kernel/src/main/java/org/apache/openjpa/kernel/DelegatingBroker.java","3"
"36","4.1.1","9d2f5f8c35691c3542606bea1d23b916bcbeda8d","1881d68c-2c8f-452b-8c6e-ee46e0c4e2cc","9a3db3eb463ab40a45485eec284d5e107a6a1f34","org.apache.openjpa.kernel.DelegatingBrokerFactory","openjpa-kernel/src/main/java/org/apache/openjpa/kernel/DelegatingBrokerFactory.java","3"
"36","4.1.1","9d2f5f8c35691c3542606bea1d23b916bcbeda8d","1881d68c-2c8f-452b-8c6e-ee46e0c4e2cc","9a3db3eb463ab40a45485eec284d5e107a6a1f34","org.apache.openjpa.kernel.DelegatingExtent","openjpa-kernel/src/main/java/org/apache/openjpa/kernel/DelegatingExtent.java","3"
"36","4.1.1","9d2f5f8c35691c3542606bea1d23b916bcbeda8d","1881d68c-2c8f-452b-8c6e-ee46e0c4e2cc","9a3db3eb463ab40a45485eec284d5e107a6a1f34","org.apache.openjpa.kernel.DelegatingFetchConfiguration","openjpa-kernel/src/main/java/org/apache/openjpa/kernel/DelegatingFetchConfiguration.java","5"
"36","4.1.1","9d2f5f8c35691c3542606bea1d23b916bcbeda8d","1881d68c-2c8f-452b-8c6e-ee46e0c4e2cc","9a3db3eb463ab40a45485eec284d5e107a6a1f34","org.apache.openjpa.kernel.DelegatingQuery","openjpa-kernel/src/main/java/org/apache/openjpa/kernel/DelegatingQuery.java","3"
"36","4.1.1","9d2f5f8c35691c3542606bea1d23b916bcbeda8d","1881d68c-2c8f-452b-8c6e-ee46e0c4e2cc","9a3db3eb463ab40a45485eec284d5e107a6a1f34","org.apache.openjpa.kernel.DelegatingResultList","openjpa-kernel/src/main/java/org/apache/openjpa/kernel/DelegatingResultList.java","5"
"36","4.1.1","9d2f5f8c35691c3542606bea1d23b916bcbeda8d","1881d68c-2c8f-452b-8c6e-ee46e0c4e2cc","9a3db3eb463ab40a45485eec284d5e107a6a1f34","org.apache.openjpa.kernel.DelegatingSeq","openjpa-kernel/src/main/java/org/apache/openjpa/kernel/DelegatingSeq.java","3"
"36","4.1.1","9d2f5f8c35691c3542606bea1d23b916bcbeda8d","1881d68c-2c8f-452b-8c6e-ee46e0c4e2cc","9a3db3eb463ab40a45485eec284d5e107a6a1f34","org.apache.openjpa.kernel.DelegatingStoreManager","openjpa-kernel/src/main/java/org/apache/openjpa/kernel/DelegatingStoreManager.java","3"
"36","4.1.1","9d2f5f8c35691c3542606bea1d23b916bcbeda8d","1881d68c-2c8f-452b-8c6e-ee46e0c4e2cc","9a3db3eb463ab40a45485eec284d5e107a6a1f34","org.apache.openjpa.kernel.DetachManager","openjpa-kernel/src/main/java/org/apache/openjpa/kernel/DetachManager.java","24"
"36","4.1.1","9d2f5f8c35691c3542606bea1d23b916bcbeda8d","1881d68c-2c8f-452b-8c6e-ee46e0c4e2cc","9a3db3eb463ab40a45485eec284d5e107a6a1f34","org.apache.openjpa.kernel.DetachManagerLite","openjpa-kernel/src/main/java/org/apache/openjpa/kernel/DetachManagerLite.java","4"
"36","4.1.1","9d2f5f8c35691c3542606bea1d23b916bcbeda8d","1881d68c-2c8f-452b-8c6e-ee46e0c4e2cc","9a3db3eb463ab40a45485eec284d5e107a6a1f34","org.apache.openjpa.kernel.DetachState","openjpa-kernel/src/main/java/org/apache/openjpa/kernel/DetachState.java","3"
"36","4.1.1","9d2f5f8c35691c3542606bea1d23b916bcbeda8d","1881d68c-2c8f-452b-8c6e-ee46e0c4e2cc","9a3db3eb463ab40a45485eec284d5e107a6a1f34","org.apache.openjpa.kernel.DetachedStateAttachStrategy","openjpa-kernel/src/main/java/org/apache/openjpa/kernel/DetachedStateAttachStrategy.java","2"
"36","4.1.1","9d2f5f8c35691c3542606bea1d23b916bcbeda8d","1881d68c-2c8f-452b-8c6e-ee46e0c4e2cc","9a3db3eb463ab40a45485eec284d5e107a6a1f34","org.apache.openjpa.kernel.DetachedStateManager","openjpa-kernel/src/main/java/org/apache/openjpa/kernel/DetachedStateManager.java","16"
"36","4.1.1","9d2f5f8c35691c3542606bea1d23b916bcbeda8d","1881d68c-2c8f-452b-8c6e-ee46e0c4e2cc","9a3db3eb463ab40a45485eec284d5e107a6a1f34","org.apache.openjpa.kernel.DetachedValueStateManager","openjpa-kernel/src/main/java/org/apache/openjpa/kernel/DetachedValueStateManager.java","5"
"36","4.1.1","9d2f5f8c35691c3542606bea1d23b916bcbeda8d","1881d68c-2c8f-452b-8c6e-ee46e0c4e2cc","9a3db3eb463ab40a45485eec284d5e107a6a1f34","org.apache.openjpa.kernel.DistinctResultList","openjpa-kernel/src/main/java/org/apache/openjpa/kernel/DistinctResultList.java","3"
"36","4.1.1","9d2f5f8c35691c3542606bea1d23b916bcbeda8d","1881d68c-2c8f-452b-8c6e-ee46e0c4e2cc","9a3db3eb463ab40a45485eec284d5e107a6a1f34","org.apache.openjpa.kernel.ECleanState","openjpa-kernel/src/main/java/org/apache/openjpa/kernel/ECleanState.java","0"
"36","4.1.1","9d2f5f8c35691c3542606bea1d23b916bcbeda8d","1881d68c-2c8f-452b-8c6e-ee46e0c4e2cc","9a3db3eb463ab40a45485eec284d5e107a6a1f34","org.apache.openjpa.kernel.ECopyState","openjpa-kernel/src/main/java/org/apache/openjpa/kernel/ECopyState.java","0"
"36","4.1.1","9d2f5f8c35691c3542606bea1d23b916bcbeda8d","1881d68c-2c8f-452b-8c6e-ee46e0c4e2cc","9a3db3eb463ab40a45485eec284d5e107a6a1f34","org.apache.openjpa.kernel.EDeletedState","openjpa-kernel/src/main/java/org/apache/openjpa/kernel/EDeletedState.java","0"
"36","4.1.1","9d2f5f8c35691c3542606bea1d23b916bcbeda8d","1881d68c-2c8f-452b-8c6e-ee46e0c4e2cc","9a3db3eb463ab40a45485eec284d5e107a6a1f34","org.apache.openjpa.kernel.EDirtyState","openjpa-kernel/src/main/java/org/apache/openjpa/kernel/EDirtyState.java","0"
"36","4.1.1","9d2f5f8c35691c3542606bea1d23b916bcbeda8d","1881d68c-2c8f-452b-8c6e-ee46e0c4e2cc","9a3db3eb463ab40a45485eec284d5e107a6a1f34","org.apache.openjpa.kernel.ENonTransState","openjpa-kernel/src/main/java/org/apache/openjpa/kernel/ENonTransState.java","0"
"36","4.1.1","9d2f5f8c35691c3542606bea1d23b916bcbeda8d","1881d68c-2c8f-452b-8c6e-ee46e0c4e2cc","9a3db3eb463ab40a45485eec284d5e107a6a1f34","org.apache.openjpa.kernel.ExpressionStoreQuery","openjpa-kernel/src/main/java/org/apache/openjpa/kernel/ExpressionStoreQuery.java","30"
"36","4.1.1","9d2f5f8c35691c3542606bea1d23b916bcbeda8d","1881d68c-2c8f-452b-8c6e-ee46e0c4e2cc","9a3db3eb463ab40a45485eec284d5e107a6a1f34","org.apache.openjpa.kernel.Extent","openjpa-kernel/src/main/java/org/apache/openjpa/kernel/Extent.java","0"
"36","4.1.1","9d2f5f8c35691c3542606bea1d23b916bcbeda8d","1881d68c-2c8f-452b-8c6e-ee46e0c4e2cc","9a3db3eb463ab40a45485eec284d5e107a6a1f34","org.apache.openjpa.kernel.ExtentImpl","openjpa-kernel/src/main/java/org/apache/openjpa/kernel/ExtentImpl.java","18"
"36","4.1.1","9d2f5f8c35691c3542606bea1d23b916bcbeda8d","1881d68c-2c8f-452b-8c6e-ee46e0c4e2cc","9a3db3eb463ab40a45485eec284d5e107a6a1f34","org.apache.openjpa.kernel.FetchConfiguration","openjpa-kernel/src/main/java/org/apache/openjpa/kernel/FetchConfiguration.java","2"
"36","4.1.1","9d2f5f8c35691c3542606bea1d23b916bcbeda8d","1881d68c-2c8f-452b-8c6e-ee46e0c4e2cc","9a3db3eb463ab40a45485eec284d5e107a6a1f34","org.apache.openjpa.kernel.FetchConfigurationImpl","openjpa-kernel/src/main/java/org/apache/openjpa/kernel/FetchConfigurationImpl.java","17"
"36","4.1.1","9d2f5f8c35691c3542606bea1d23b916bcbeda8d","1881d68c-2c8f-452b-8c6e-ee46e0c4e2cc","9a3db3eb463ab40a45485eec284d5e107a6a1f34","org.apache.openjpa.kernel.FillStrategy","openjpa-kernel/src/main/java/org/apache/openjpa/kernel/FillStrategy.java","5"
"36","4.1.1","9d2f5f8c35691c3542606bea1d23b916bcbeda8d","1881d68c-2c8f-452b-8c6e-ee46e0c4e2cc","9a3db3eb463ab40a45485eec284d5e107a6a1f34","org.apache.openjpa.kernel.Filters","openjpa-kernel/src/main/java/org/apache/openjpa/kernel/Filters.java","22"
"36","4.1.1","9d2f5f8c35691c3542606bea1d23b916bcbeda8d","1881d68c-2c8f-452b-8c6e-ee46e0c4e2cc","9a3db3eb463ab40a45485eec284d5e107a6a1f34","org.apache.openjpa.kernel.FinalizingBrokerImpl","openjpa-kernel/src/main/java/org/apache/openjpa/kernel/FinalizingBrokerImpl.java","1"
"36","4.1.1","9d2f5f8c35691c3542606bea1d23b916bcbeda8d","1881d68c-2c8f-452b-8c6e-ee46e0c4e2cc","9a3db3eb463ab40a45485eec284d5e107a6a1f34","org.apache.openjpa.kernel.FindCallbacks","openjpa-kernel/src/main/java/org/apache/openjpa/kernel/FindCallbacks.java","0"
"36","4.1.1","9d2f5f8c35691c3542606bea1d23b916bcbeda8d","1881d68c-2c8f-452b-8c6e-ee46e0c4e2cc","9a3db3eb463ab40a45485eec284d5e107a6a1f34","org.apache.openjpa.kernel.FinderCache","openjpa-kernel/src/main/java/org/apache/openjpa/kernel/FinderCache.java","0"
"36","4.1.1","9d2f5f8c35691c3542606bea1d23b916bcbeda8d","1881d68c-2c8f-452b-8c6e-ee46e0c4e2cc","9a3db3eb463ab40a45485eec284d5e107a6a1f34","org.apache.openjpa.kernel.FinderQuery","openjpa-kernel/src/main/java/org/apache/openjpa/kernel/FinderQuery.java","0"
"36","4.1.1","9d2f5f8c35691c3542606bea1d23b916bcbeda8d","1881d68c-2c8f-452b-8c6e-ee46e0c4e2cc","9a3db3eb463ab40a45485eec284d5e107a6a1f34","org.apache.openjpa.kernel.HollowState","openjpa-kernel/src/main/java/org/apache/openjpa/kernel/HollowState.java","0"
"36","4.1.1","9d2f5f8c35691c3542606bea1d23b916bcbeda8d","1881d68c-2c8f-452b-8c6e-ee46e0c4e2cc","9a3db3eb463ab40a45485eec284d5e107a6a1f34","org.apache.openjpa.kernel.InMemorySavepointManager","openjpa-kernel/src/main/java/org/apache/openjpa/kernel/InMemorySavepointManager.java","1"
"36","4.1.1","9d2f5f8c35691c3542606bea1d23b916bcbeda8d","1881d68c-2c8f-452b-8c6e-ee46e0c4e2cc","9a3db3eb463ab40a45485eec284d5e107a6a1f34","org.apache.openjpa.kernel.InverseManager","openjpa-kernel/src/main/java/org/apache/openjpa/kernel/InverseManager.java","20"
"36","4.1.1","9d2f5f8c35691c3542606bea1d23b916bcbeda8d","1881d68c-2c8f-452b-8c6e-ee46e0c4e2cc","9a3db3eb463ab40a45485eec284d5e107a6a1f34","org.apache.openjpa.kernel.LocalManagedRuntime","openjpa-kernel/src/main/java/org/apache/openjpa/kernel/LocalManagedRuntime.java","5"
"36","4.1.1","9d2f5f8c35691c3542606bea1d23b916bcbeda8d","1881d68c-2c8f-452b-8c6e-ee46e0c4e2cc","9a3db3eb463ab40a45485eec284d5e107a6a1f34","org.apache.openjpa.kernel.LockLevels","openjpa-kernel/src/main/java/org/apache/openjpa/kernel/LockLevels.java","1"
"36","4.1.1","9d2f5f8c35691c3542606bea1d23b916bcbeda8d","1881d68c-2c8f-452b-8c6e-ee46e0c4e2cc","9a3db3eb463ab40a45485eec284d5e107a6a1f34","org.apache.openjpa.kernel.LockManager","openjpa-kernel/src/main/java/org/apache/openjpa/kernel/LockManager.java","0"
"36","4.1.1","9d2f5f8c35691c3542606bea1d23b916bcbeda8d","1881d68c-2c8f-452b-8c6e-ee46e0c4e2cc","9a3db3eb463ab40a45485eec284d5e107a6a1f34","org.apache.openjpa.kernel.LockScopes","openjpa-kernel/src/main/java/org/apache/openjpa/kernel/LockScopes.java","1"
"36","4.1.1","9d2f5f8c35691c3542606bea1d23b916bcbeda8d","1881d68c-2c8f-452b-8c6e-ee46e0c4e2cc","9a3db3eb463ab40a45485eec284d5e107a6a1f34","org.apache.openjpa.kernel.ManagedCache","openjpa-kernel/src/main/java/org/apache/openjpa/kernel/ManagedCache.java","13"
"36","4.1.1","9d2f5f8c35691c3542606bea1d23b916bcbeda8d","1881d68c-2c8f-452b-8c6e-ee46e0c4e2cc","9a3db3eb463ab40a45485eec284d5e107a6a1f34","org.apache.openjpa.kernel.MethodStoreQuery","openjpa-kernel/src/main/java/org/apache/openjpa/kernel/MethodStoreQuery.java","10"
"36","4.1.1","9d2f5f8c35691c3542606bea1d23b916bcbeda8d","1881d68c-2c8f-452b-8c6e-ee46e0c4e2cc","9a3db3eb463ab40a45485eec284d5e107a6a1f34","org.apache.openjpa.kernel.MixedLockLevels","openjpa-kernel/src/main/java/org/apache/openjpa/kernel/MixedLockLevels.java","0"
"36","4.1.1","9d2f5f8c35691c3542606bea1d23b916bcbeda8d","1881d68c-2c8f-452b-8c6e-ee46e0c4e2cc","9a3db3eb463ab40a45485eec284d5e107a6a1f34","org.apache.openjpa.kernel.NoneLockManager","openjpa-kernel/src/main/java/org/apache/openjpa/kernel/NoneLockManager.java","0"
"36","4.1.1","9d2f5f8c35691c3542606bea1d23b916bcbeda8d","1881d68c-2c8f-452b-8c6e-ee46e0c4e2cc","9a3db3eb463ab40a45485eec284d5e107a6a1f34","org.apache.openjpa.kernel.ObjectFactory","openjpa-kernel/src/main/java/org/apache/openjpa/kernel/ObjectFactory.java","0"
"36","4.1.1","9d2f5f8c35691c3542606bea1d23b916bcbeda8d","1881d68c-2c8f-452b-8c6e-ee46e0c4e2cc","9a3db3eb463ab40a45485eec284d5e107a6a1f34","org.apache.openjpa.kernel.ObjectIdStateManager","openjpa-kernel/src/main/java/org/apache/openjpa/kernel/ObjectIdStateManager.java","6"
"36","4.1.1","9d2f5f8c35691c3542606bea1d23b916bcbeda8d","1881d68c-2c8f-452b-8c6e-ee46e0c4e2cc","9a3db3eb463ab40a45485eec284d5e107a6a1f34","org.apache.openjpa.kernel.OpCallbacks","openjpa-kernel/src/main/java/org/apache/openjpa/kernel/OpCallbacks.java","0"
"36","4.1.1","9d2f5f8c35691c3542606bea1d23b916bcbeda8d","1881d68c-2c8f-452b-8c6e-ee46e0c4e2cc","9a3db3eb463ab40a45485eec284d5e107a6a1f34","org.apache.openjpa.kernel.OpenJPASavepoint","openjpa-kernel/src/main/java/org/apache/openjpa/kernel/OpenJPASavepoint.java","5"
"36","4.1.1","9d2f5f8c35691c3542606bea1d23b916bcbeda8d","1881d68c-2c8f-452b-8c6e-ee46e0c4e2cc","9a3db3eb463ab40a45485eec284d5e107a6a1f34","org.apache.openjpa.kernel.OpenJPAStateManager","openjpa-kernel/src/main/java/org/apache/openjpa/kernel/OpenJPAStateManager.java","0"
"36","4.1.1","9d2f5f8c35691c3542606bea1d23b916bcbeda8d","1881d68c-2c8f-452b-8c6e-ee46e0c4e2cc","9a3db3eb463ab40a45485eec284d5e107a6a1f34","org.apache.openjpa.kernel.OrderingMergedResultObjectProvider","openjpa-kernel/src/main/java/org/apache/openjpa/kernel/OrderingMergedResultObjectProvider.java","5"
"36","4.1.1","9d2f5f8c35691c3542606bea1d23b916bcbeda8d","1881d68c-2c8f-452b-8c6e-ee46e0c4e2cc","9a3db3eb463ab40a45485eec284d5e107a6a1f34","org.apache.openjpa.kernel.PCData","openjpa-kernel/src/main/java/org/apache/openjpa/kernel/PCData.java","0"
"36","4.1.1","9d2f5f8c35691c3542606bea1d23b916bcbeda8d","1881d68c-2c8f-452b-8c6e-ee46e0c4e2cc","9a3db3eb463ab40a45485eec284d5e107a6a1f34","org.apache.openjpa.kernel.PCDataImpl","openjpa-kernel/src/main/java/org/apache/openjpa/kernel/PCDataImpl.java","15"
"36","4.1.1","9d2f5f8c35691c3542606bea1d23b916bcbeda8d","1881d68c-2c8f-452b-8c6e-ee46e0c4e2cc","9a3db3eb463ab40a45485eec284d5e107a6a1f34","org.apache.openjpa.kernel.PCResultObjectProvider","openjpa-kernel/src/main/java/org/apache/openjpa/kernel/PCResultObjectProvider.java","1"
"36","4.1.1","9d2f5f8c35691c3542606bea1d23b916bcbeda8d","1881d68c-2c8f-452b-8c6e-ee46e0c4e2cc","9a3db3eb463ab40a45485eec284d5e107a6a1f34","org.apache.openjpa.kernel.PCState","openjpa-kernel/src/main/java/org/apache/openjpa/kernel/PCState.java","24"
"36","4.1.1","9d2f5f8c35691c3542606bea1d23b916bcbeda8d","1881d68c-2c8f-452b-8c6e-ee46e0c4e2cc","9a3db3eb463ab40a45485eec284d5e107a6a1f34","org.apache.openjpa.kernel.PCleanState","openjpa-kernel/src/main/java/org/apache/openjpa/kernel/PCleanState.java","0"
"36","4.1.1","9d2f5f8c35691c3542606bea1d23b916bcbeda8d","1881d68c-2c8f-452b-8c6e-ee46e0c4e2cc","9a3db3eb463ab40a45485eec284d5e107a6a1f34","org.apache.openjpa.kernel.PDeletedFlushedState","openjpa-kernel/src/main/java/org/apache/openjpa/kernel/PDeletedFlushedState.java","0"
"36","4.1.1","9d2f5f8c35691c3542606bea1d23b916bcbeda8d","1881d68c-2c8f-452b-8c6e-ee46e0c4e2cc","9a3db3eb463ab40a45485eec284d5e107a6a1f34","org.apache.openjpa.kernel.PDeletedState","openjpa-kernel/src/main/java/org/apache/openjpa/kernel/PDeletedState.java","1"
"36","4.1.1","9d2f5f8c35691c3542606bea1d23b916bcbeda8d","1881d68c-2c8f-452b-8c6e-ee46e0c4e2cc","9a3db3eb463ab40a45485eec284d5e107a6a1f34","org.apache.openjpa.kernel.PDirtyState","openjpa-kernel/src/main/java/org/apache/openjpa/kernel/PDirtyState.java","0"
"36","4.1.1","9d2f5f8c35691c3542606bea1d23b916bcbeda8d","1881d68c-2c8f-452b-8c6e-ee46e0c4e2cc","9a3db3eb463ab40a45485eec284d5e107a6a1f34","org.apache.openjpa.kernel.PNewDeletedState","openjpa-kernel/src/main/java/org/apache/openjpa/kernel/PNewDeletedState.java","1"
"36","4.1.1","9d2f5f8c35691c3542606bea1d23b916bcbeda8d","1881d68c-2c8f-452b-8c6e-ee46e0c4e2cc","9a3db3eb463ab40a45485eec284d5e107a6a1f34","org.apache.openjpa.kernel.PNewFlushedDeletedFlushedState","openjpa-kernel/src/main/java/org/apache/openjpa/kernel/PNewFlushedDeletedFlushedState.java","1"
"36","4.1.1","9d2f5f8c35691c3542606bea1d23b916bcbeda8d","1881d68c-2c8f-452b-8c6e-ee46e0c4e2cc","9a3db3eb463ab40a45485eec284d5e107a6a1f34","org.apache.openjpa.kernel.PNewFlushedDeletedState","openjpa-kernel/src/main/java/org/apache/openjpa/kernel/PNewFlushedDeletedState.java","1"
"36","4.1.1","9d2f5f8c35691c3542606bea1d23b916bcbeda8d","1881d68c-2c8f-452b-8c6e-ee46e0c4e2cc","9a3db3eb463ab40a45485eec284d5e107a6a1f34","org.apache.openjpa.kernel.PNewProvisionalState","openjpa-kernel/src/main/java/org/apache/openjpa/kernel/PNewProvisionalState.java","0"
"36","4.1.1","9d2f5f8c35691c3542606bea1d23b916bcbeda8d","1881d68c-2c8f-452b-8c6e-ee46e0c4e2cc","9a3db3eb463ab40a45485eec284d5e107a6a1f34","org.apache.openjpa.kernel.PNewState","openjpa-kernel/src/main/java/org/apache/openjpa/kernel/PNewState.java","0"
"36","4.1.1","9d2f5f8c35691c3542606bea1d23b916bcbeda8d","1881d68c-2c8f-452b-8c6e-ee46e0c4e2cc","9a3db3eb463ab40a45485eec284d5e107a6a1f34","org.apache.openjpa.kernel.PNonTransDeletedState","openjpa-kernel/src/main/java/org/apache/openjpa/kernel/PNonTransDeletedState.java","1"
"36","4.1.1","9d2f5f8c35691c3542606bea1d23b916bcbeda8d","1881d68c-2c8f-452b-8c6e-ee46e0c4e2cc","9a3db3eb463ab40a45485eec284d5e107a6a1f34","org.apache.openjpa.kernel.PNonTransDirtyState","openjpa-kernel/src/main/java/org/apache/openjpa/kernel/PNonTransDirtyState.java","0"
"36","4.1.1","9d2f5f8c35691c3542606bea1d23b916bcbeda8d","1881d68c-2c8f-452b-8c6e-ee46e0c4e2cc","9a3db3eb463ab40a45485eec284d5e107a6a1f34","org.apache.openjpa.kernel.PNonTransNewState","openjpa-kernel/src/main/java/org/apache/openjpa/kernel/PNonTransNewState.java","0"
"36","4.1.1","9d2f5f8c35691c3542606bea1d23b916bcbeda8d","1881d68c-2c8f-452b-8c6e-ee46e0c4e2cc","9a3db3eb463ab40a45485eec284d5e107a6a1f34","org.apache.openjpa.kernel.PNonTransState","openjpa-kernel/src/main/java/org/apache/openjpa/kernel/PNonTransState.java","0"
"36","4.1.1","9d2f5f8c35691c3542606bea1d23b916bcbeda8d","1881d68c-2c8f-452b-8c6e-ee46e0c4e2cc","9a3db3eb463ab40a45485eec284d5e107a6a1f34","org.apache.openjpa.kernel.PreparedQuery","openjpa-kernel/src/main/java/org/apache/openjpa/kernel/PreparedQuery.java","0"
"36","4.1.1","9d2f5f8c35691c3542606bea1d23b916bcbeda8d","1881d68c-2c8f-452b-8c6e-ee46e0c4e2cc","9a3db3eb463ab40a45485eec284d5e107a6a1f34","org.apache.openjpa.kernel.PreparedQueryCache","openjpa-kernel/src/main/java/org/apache/openjpa/kernel/PreparedQueryCache.java","0"
"36","4.1.1","9d2f5f8c35691c3542606bea1d23b916bcbeda8d","1881d68c-2c8f-452b-8c6e-ee46e0c4e2cc","9a3db3eb463ab40a45485eec284d5e107a6a1f34","org.apache.openjpa.kernel.Query","openjpa-kernel/src/main/java/org/apache/openjpa/kernel/Query.java","0"
"36","4.1.1","9d2f5f8c35691c3542606bea1d23b916bcbeda8d","1881d68c-2c8f-452b-8c6e-ee46e0c4e2cc","9a3db3eb463ab40a45485eec284d5e107a6a1f34","org.apache.openjpa.kernel.QueryContext","openjpa-kernel/src/main/java/org/apache/openjpa/kernel/QueryContext.java","4"
"36","4.1.1","9d2f5f8c35691c3542606bea1d23b916bcbeda8d","1881d68c-2c8f-452b-8c6e-ee46e0c4e2cc","9a3db3eb463ab40a45485eec284d5e107a6a1f34","org.apache.openjpa.kernel.QueryFlushModes","openjpa-kernel/src/main/java/org/apache/openjpa/kernel/QueryFlushModes.java","1"
"36","4.1.1","9d2f5f8c35691c3542606bea1d23b916bcbeda8d","1881d68c-2c8f-452b-8c6e-ee46e0c4e2cc","9a3db3eb463ab40a45485eec284d5e107a6a1f34","org.apache.openjpa.kernel.QueryHints","openjpa-kernel/src/main/java/org/apache/openjpa/kernel/QueryHints.java","1"
"36","4.1.1","9d2f5f8c35691c3542606bea1d23b916bcbeda8d","1881d68c-2c8f-452b-8c6e-ee46e0c4e2cc","9a3db3eb463ab40a45485eec284d5e107a6a1f34","org.apache.openjpa.kernel.QueryImpl","openjpa-kernel/src/main/java/org/apache/openjpa/kernel/QueryImpl.java","64"
"36","4.1.1","9d2f5f8c35691c3542606bea1d23b916bcbeda8d","1881d68c-2c8f-452b-8c6e-ee46e0c4e2cc","9a3db3eb463ab40a45485eec284d5e107a6a1f34","org.apache.openjpa.kernel.QueryLanguages","openjpa-kernel/src/main/java/org/apache/openjpa/kernel/QueryLanguages.java","1"
"36","4.1.1","9d2f5f8c35691c3542606bea1d23b916bcbeda8d","1881d68c-2c8f-452b-8c6e-ee46e0c4e2cc","9a3db3eb463ab40a45485eec284d5e107a6a1f34","org.apache.openjpa.kernel.QueryOperations","openjpa-kernel/src/main/java/org/apache/openjpa/kernel/QueryOperations.java","1"
"36","4.1.1","9d2f5f8c35691c3542606bea1d23b916bcbeda8d","1881d68c-2c8f-452b-8c6e-ee46e0c4e2cc","9a3db3eb463ab40a45485eec284d5e107a6a1f34","org.apache.openjpa.kernel.QueryResultCallback","openjpa-kernel/src/main/java/org/apache/openjpa/kernel/QueryResultCallback.java","0"
"36","4.1.1","9d2f5f8c35691c3542606bea1d23b916bcbeda8d","1881d68c-2c8f-452b-8c6e-ee46e0c4e2cc","9a3db3eb463ab40a45485eec284d5e107a6a1f34","org.apache.openjpa.kernel.QueryStatistics","openjpa-kernel/src/main/java/org/apache/openjpa/kernel/QueryStatistics.java","7"
"36","4.1.1","9d2f5f8c35691c3542606bea1d23b916bcbeda8d","1881d68c-2c8f-452b-8c6e-ee46e0c4e2cc","9a3db3eb463ab40a45485eec284d5e107a6a1f34","org.apache.openjpa.kernel.ROPStoreManager","openjpa-kernel/src/main/java/org/apache/openjpa/kernel/ROPStoreManager.java","0"
"36","4.1.1","9d2f5f8c35691c3542606bea1d23b916bcbeda8d","1881d68c-2c8f-452b-8c6e-ee46e0c4e2cc","9a3db3eb463ab40a45485eec284d5e107a6a1f34","org.apache.openjpa.kernel.RestoreState","openjpa-kernel/src/main/java/org/apache/openjpa/kernel/RestoreState.java","1"
"36","4.1.1","9d2f5f8c35691c3542606bea1d23b916bcbeda8d","1881d68c-2c8f-452b-8c6e-ee46e0c4e2cc","9a3db3eb463ab40a45485eec284d5e107a6a1f34","org.apache.openjpa.kernel.ResultPacker","openjpa-kernel/src/main/java/org/apache/openjpa/kernel/ResultPacker.java","12"
"36","4.1.1","9d2f5f8c35691c3542606bea1d23b916bcbeda8d","1881d68c-2c8f-452b-8c6e-ee46e0c4e2cc","9a3db3eb463ab40a45485eec284d5e107a6a1f34","org.apache.openjpa.kernel.ResultShape","openjpa-kernel/src/main/java/org/apache/openjpa/kernel/ResultShape.java","3"
"36","4.1.1","9d2f5f8c35691c3542606bea1d23b916bcbeda8d","1881d68c-2c8f-452b-8c6e-ee46e0c4e2cc","9a3db3eb463ab40a45485eec284d5e107a6a1f34","org.apache.openjpa.kernel.ResultShapePacker","openjpa-kernel/src/main/java/org/apache/openjpa/kernel/ResultShapePacker.java","6"
"36","4.1.1","9d2f5f8c35691c3542606bea1d23b916bcbeda8d","1881d68c-2c8f-452b-8c6e-ee46e0c4e2cc","9a3db3eb463ab40a45485eec284d5e107a6a1f34","org.apache.openjpa.kernel.SaveFieldManager","openjpa-kernel/src/main/java/org/apache/openjpa/kernel/SaveFieldManager.java","7"
"36","4.1.1","9d2f5f8c35691c3542606bea1d23b916bcbeda8d","1881d68c-2c8f-452b-8c6e-ee46e0c4e2cc","9a3db3eb463ab40a45485eec284d5e107a6a1f34","org.apache.openjpa.kernel.SavepointFieldManager","openjpa-kernel/src/main/java/org/apache/openjpa/kernel/SavepointFieldManager.java","12"
"36","4.1.1","9d2f5f8c35691c3542606bea1d23b916bcbeda8d","1881d68c-2c8f-452b-8c6e-ee46e0c4e2cc","9a3db3eb463ab40a45485eec284d5e107a6a1f34","org.apache.openjpa.kernel.SavepointManager","openjpa-kernel/src/main/java/org/apache/openjpa/kernel/SavepointManager.java","0"
"36","4.1.1","9d2f5f8c35691c3542606bea1d23b916bcbeda8d","1881d68c-2c8f-452b-8c6e-ee46e0c4e2cc","9a3db3eb463ab40a45485eec284d5e107a6a1f34","org.apache.openjpa.kernel.Seq","openjpa-kernel/src/main/java/org/apache/openjpa/kernel/Seq.java","0"
"36","4.1.1","9d2f5f8c35691c3542606bea1d23b916bcbeda8d","1881d68c-2c8f-452b-8c6e-ee46e0c4e2cc","9a3db3eb463ab40a45485eec284d5e107a6a1f34","org.apache.openjpa.kernel.SingleFieldManager","openjpa-kernel/src/main/java/org/apache/openjpa/kernel/SingleFieldManager.java","22"
"36","4.1.1","9d2f5f8c35691c3542606bea1d23b916bcbeda8d","1881d68c-2c8f-452b-8c6e-ee46e0c4e2cc","9a3db3eb463ab40a45485eec284d5e107a6a1f34","org.apache.openjpa.kernel.StateManagerImpl","openjpa-kernel/src/main/java/org/apache/openjpa/kernel/StateManagerImpl.java","53"
"36","4.1.1","9d2f5f8c35691c3542606bea1d23b916bcbeda8d","1881d68c-2c8f-452b-8c6e-ee46e0c4e2cc","9a3db3eb463ab40a45485eec284d5e107a6a1f34","org.apache.openjpa.kernel.StoreContext","openjpa-kernel/src/main/java/org/apache/openjpa/kernel/StoreContext.java","0"
"36","4.1.1","9d2f5f8c35691c3542606bea1d23b916bcbeda8d","1881d68c-2c8f-452b-8c6e-ee46e0c4e2cc","9a3db3eb463ab40a45485eec284d5e107a6a1f34","org.apache.openjpa.kernel.StoreManager","openjpa-kernel/src/main/java/org/apache/openjpa/kernel/StoreManager.java","0"
"36","4.1.1","9d2f5f8c35691c3542606bea1d23b916bcbeda8d","1881d68c-2c8f-452b-8c6e-ee46e0c4e2cc","9a3db3eb463ab40a45485eec284d5e107a6a1f34","org.apache.openjpa.kernel.StoreQuery","openjpa-kernel/src/main/java/org/apache/openjpa/kernel/StoreQuery.java","6"
"36","4.1.1","9d2f5f8c35691c3542606bea1d23b916bcbeda8d","1881d68c-2c8f-452b-8c6e-ee46e0c4e2cc","9a3db3eb463ab40a45485eec284d5e107a6a1f34","org.apache.openjpa.kernel.TCleanState","openjpa-kernel/src/main/java/org/apache/openjpa/kernel/TCleanState.java","0"
"36","4.1.1","9d2f5f8c35691c3542606bea1d23b916bcbeda8d","1881d68c-2c8f-452b-8c6e-ee46e0c4e2cc","9a3db3eb463ab40a45485eec284d5e107a6a1f34","org.apache.openjpa.kernel.TDirtyState","openjpa-kernel/src/main/java/org/apache/openjpa/kernel/TDirtyState.java","0"
"36","4.1.1","9d2f5f8c35691c3542606bea1d23b916bcbeda8d","1881d68c-2c8f-452b-8c6e-ee46e0c4e2cc","9a3db3eb463ab40a45485eec284d5e107a6a1f34","org.apache.openjpa.kernel.TLoadedState","openjpa-kernel/src/main/java/org/apache/openjpa/kernel/TLoadedState.java","0"
"36","4.1.1","9d2f5f8c35691c3542606bea1d23b916bcbeda8d","1881d68c-2c8f-452b-8c6e-ee46e0c4e2cc","9a3db3eb463ab40a45485eec284d5e107a6a1f34","org.apache.openjpa.kernel.TimeSeededSeq","openjpa-kernel/src/main/java/org/apache/openjpa/kernel/TimeSeededSeq.java","5"
"36","4.1.1","9d2f5f8c35691c3542606bea1d23b916bcbeda8d","1881d68c-2c8f-452b-8c6e-ee46e0c4e2cc","9a3db3eb463ab40a45485eec284d5e107a6a1f34","org.apache.openjpa.kernel.TransferFieldManager","openjpa-kernel/src/main/java/org/apache/openjpa/kernel/TransferFieldManager.java","1"
"36","4.1.1","9d2f5f8c35691c3542606bea1d23b916bcbeda8d","1881d68c-2c8f-452b-8c6e-ee46e0c4e2cc","9a3db3eb463ab40a45485eec284d5e107a6a1f34","org.apache.openjpa.kernel.TransientState","openjpa-kernel/src/main/java/org/apache/openjpa/kernel/TransientState.java","0"
"36","4.1.1","9d2f5f8c35691c3542606bea1d23b916bcbeda8d","1881d68c-2c8f-452b-8c6e-ee46e0c4e2cc","9a3db3eb463ab40a45485eec284d5e107a6a1f34","org.apache.openjpa.kernel.UUIDHexSeq","openjpa-kernel/src/main/java/org/apache/openjpa/kernel/UUIDHexSeq.java","4"
"36","4.1.1","9d2f5f8c35691c3542606bea1d23b916bcbeda8d","1881d68c-2c8f-452b-8c6e-ee46e0c4e2cc","9a3db3eb463ab40a45485eec284d5e107a6a1f34","org.apache.openjpa.kernel.UUIDStringSeq","openjpa-kernel/src/main/java/org/apache/openjpa/kernel/UUIDStringSeq.java","4"
"36","4.1.1","9d2f5f8c35691c3542606bea1d23b916bcbeda8d","1881d68c-2c8f-452b-8c6e-ee46e0c4e2cc","9a3db3eb463ab40a45485eec284d5e107a6a1f34","org.apache.openjpa.kernel.UUIDType4HexSeq","openjpa-kernel/src/main/java/org/apache/openjpa/kernel/UUIDType4HexSeq.java","4"
"36","4.1.1","9d2f5f8c35691c3542606bea1d23b916bcbeda8d","1881d68c-2c8f-452b-8c6e-ee46e0c4e2cc","9a3db3eb463ab40a45485eec284d5e107a6a1f34","org.apache.openjpa.kernel.UUIDType4StringSeq","openjpa-kernel/src/main/java/org/apache/openjpa/kernel/UUIDType4StringSeq.java","4"
"36","4.1.1","9d2f5f8c35691c3542606bea1d23b916bcbeda8d","1881d68c-2c8f-452b-8c6e-ee46e0c4e2cc","9a3db3eb463ab40a45485eec284d5e107a6a1f34","org.apache.openjpa.kernel.VersionAttachStrategy","openjpa-kernel/src/main/java/org/apache/openjpa/kernel/VersionAttachStrategy.java","10"
"36","4.1.1","9d2f5f8c35691c3542606bea1d23b916bcbeda8d","1881d68c-2c8f-452b-8c6e-ee46e0c4e2cc","9a3db3eb463ab40a45485eec284d5e107a6a1f34","org.apache.openjpa.kernel.VersionLockManager","openjpa-kernel/src/main/java/org/apache/openjpa/kernel/VersionLockManager.java","4"
"36","4.1.1","9d2f5f8c35691c3542606bea1d23b916bcbeda8d","1881d68c-2c8f-452b-8c6e-ee46e0c4e2cc","9a3db3eb463ab40a45485eec284d5e107a6a1f34","org.apache.openjpa.kernel.exps.Abs","openjpa-kernel/src/main/java/org/apache/openjpa/kernel/exps/Abs.java","0"
"36","4.1.1","9d2f5f8c35691c3542606bea1d23b916bcbeda8d","1881d68c-2c8f-452b-8c6e-ee46e0c4e2cc","9a3db3eb463ab40a45485eec284d5e107a6a1f34","org.apache.openjpa.kernel.exps.AbstractExpressionBuilder","openjpa-kernel/src/main/java/org/apache/openjpa/kernel/exps/AbstractExpressionBuilder.java","15"
"36","4.1.1","9d2f5f8c35691c3542606bea1d23b916bcbeda8d","1881d68c-2c8f-452b-8c6e-ee46e0c4e2cc","9a3db3eb463ab40a45485eec284d5e107a6a1f34","org.apache.openjpa.kernel.exps.AbstractExpressionVisitor","openjpa-kernel/src/main/java/org/apache/openjpa/kernel/exps/AbstractExpressionVisitor.java","0"
"36","4.1.1","9d2f5f8c35691c3542606bea1d23b916bcbeda8d","1881d68c-2c8f-452b-8c6e-ee46e0c4e2cc","9a3db3eb463ab40a45485eec284d5e107a6a1f34","org.apache.openjpa.kernel.exps.Add","openjpa-kernel/src/main/java/org/apache/openjpa/kernel/exps/Add.java","0"
"36","4.1.1","9d2f5f8c35691c3542606bea1d23b916bcbeda8d","1881d68c-2c8f-452b-8c6e-ee46e0c4e2cc","9a3db3eb463ab40a45485eec284d5e107a6a1f34","org.apache.openjpa.kernel.exps.Aggregate","openjpa-kernel/src/main/java/org/apache/openjpa/kernel/exps/Aggregate.java","5"
"36","4.1.1","9d2f5f8c35691c3542606bea1d23b916bcbeda8d","1881d68c-2c8f-452b-8c6e-ee46e0c4e2cc","9a3db3eb463ab40a45485eec284d5e107a6a1f34","org.apache.openjpa.kernel.exps.AggregateListener","openjpa-kernel/src/main/java/org/apache/openjpa/kernel/exps/AggregateListener.java","0"
"36","4.1.1","9d2f5f8c35691c3542606bea1d23b916bcbeda8d","1881d68c-2c8f-452b-8c6e-ee46e0c4e2cc","9a3db3eb463ab40a45485eec284d5e107a6a1f34","org.apache.openjpa.kernel.exps.AggregateVal","openjpa-kernel/src/main/java/org/apache/openjpa/kernel/exps/AggregateVal.java","3"
"36","4.1.1","9d2f5f8c35691c3542606bea1d23b916bcbeda8d","1881d68c-2c8f-452b-8c6e-ee46e0c4e2cc","9a3db3eb463ab40a45485eec284d5e107a6a1f34","org.apache.openjpa.kernel.exps.All","openjpa-kernel/src/main/java/org/apache/openjpa/kernel/exps/All.java","0"
"36","4.1.1","9d2f5f8c35691c3542606bea1d23b916bcbeda8d","1881d68c-2c8f-452b-8c6e-ee46e0c4e2cc","9a3db3eb463ab40a45485eec284d5e107a6a1f34","org.apache.openjpa.kernel.exps.AndExpression","openjpa-kernel/src/main/java/org/apache/openjpa/kernel/exps/AndExpression.java","2"
"36","4.1.1","9d2f5f8c35691c3542606bea1d23b916bcbeda8d","1881d68c-2c8f-452b-8c6e-ee46e0c4e2cc","9a3db3eb463ab40a45485eec284d5e107a6a1f34","org.apache.openjpa.kernel.exps.Any","openjpa-kernel/src/main/java/org/apache/openjpa/kernel/exps/Any.java","0"
"36","4.1.1","9d2f5f8c35691c3542606bea1d23b916bcbeda8d","1881d68c-2c8f-452b-8c6e-ee46e0c4e2cc","9a3db3eb463ab40a45485eec284d5e107a6a1f34","org.apache.openjpa.kernel.exps.Args","openjpa-kernel/src/main/java/org/apache/openjpa/kernel/exps/Args.java","4"
"36","4.1.1","9d2f5f8c35691c3542606bea1d23b916bcbeda8d","1881d68c-2c8f-452b-8c6e-ee46e0c4e2cc","9a3db3eb463ab40a45485eec284d5e107a6a1f34","org.apache.openjpa.kernel.exps.Arguments","openjpa-kernel/src/main/java/org/apache/openjpa/kernel/exps/Arguments.java","0"
"36","4.1.1","9d2f5f8c35691c3542606bea1d23b916bcbeda8d","1881d68c-2c8f-452b-8c6e-ee46e0c4e2cc","9a3db3eb463ab40a45485eec284d5e107a6a1f34","org.apache.openjpa.kernel.exps.Avg","openjpa-kernel/src/main/java/org/apache/openjpa/kernel/exps/Avg.java","0"
"36","4.1.1","9d2f5f8c35691c3542606bea1d23b916bcbeda8d","1881d68c-2c8f-452b-8c6e-ee46e0c4e2cc","9a3db3eb463ab40a45485eec284d5e107a6a1f34","org.apache.openjpa.kernel.exps.BindKeyVariableExpression","openjpa-kernel/src/main/java/org/apache/openjpa/kernel/exps/BindKeyVariableExpression.java","1"
"36","4.1.1","9d2f5f8c35691c3542606bea1d23b916bcbeda8d","1881d68c-2c8f-452b-8c6e-ee46e0c4e2cc","9a3db3eb463ab40a45485eec284d5e107a6a1f34","org.apache.openjpa.kernel.exps.BindValueVariableExpression","openjpa-kernel/src/main/java/org/apache/openjpa/kernel/exps/BindValueVariableExpression.java","1"
"36","4.1.1","9d2f5f8c35691c3542606bea1d23b916bcbeda8d","1881d68c-2c8f-452b-8c6e-ee46e0c4e2cc","9a3db3eb463ab40a45485eec284d5e107a6a1f34","org.apache.openjpa.kernel.exps.BindVariableAndExpression","openjpa-kernel/src/main/java/org/apache/openjpa/kernel/exps/BindVariableAndExpression.java","2"
"36","4.1.1","9d2f5f8c35691c3542606bea1d23b916bcbeda8d","1881d68c-2c8f-452b-8c6e-ee46e0c4e2cc","9a3db3eb463ab40a45485eec284d5e107a6a1f34","org.apache.openjpa.kernel.exps.BindVariableExpression","openjpa-kernel/src/main/java/org/apache/openjpa/kernel/exps/BindVariableExpression.java","4"
"36","4.1.1","9d2f5f8c35691c3542606bea1d23b916bcbeda8d","1881d68c-2c8f-452b-8c6e-ee46e0c4e2cc","9a3db3eb463ab40a45485eec284d5e107a6a1f34","org.apache.openjpa.kernel.exps.BoundVariable","openjpa-kernel/src/main/java/org/apache/openjpa/kernel/exps/BoundVariable.java","3"
"36","4.1.1","9d2f5f8c35691c3542606bea1d23b916bcbeda8d","1881d68c-2c8f-452b-8c6e-ee46e0c4e2cc","9a3db3eb463ab40a45485eec284d5e107a6a1f34","org.apache.openjpa.kernel.exps.CandidatePath","openjpa-kernel/src/main/java/org/apache/openjpa/kernel/exps/CandidatePath.java","8"
"36","4.1.1","9d2f5f8c35691c3542606bea1d23b916bcbeda8d","1881d68c-2c8f-452b-8c6e-ee46e0c4e2cc","9a3db3eb463ab40a45485eec284d5e107a6a1f34","org.apache.openjpa.kernel.exps.Cast","openjpa-kernel/src/main/java/org/apache/openjpa/kernel/exps/Cast.java","3"
"36","4.1.1","9d2f5f8c35691c3542606bea1d23b916bcbeda8d","1881d68c-2c8f-452b-8c6e-ee46e0c4e2cc","9a3db3eb463ab40a45485eec284d5e107a6a1f34","org.apache.openjpa.kernel.exps.Ceiling","openjpa-kernel/src/main/java/org/apache/openjpa/kernel/exps/Ceiling.java","4"
"36","4.1.1","9d2f5f8c35691c3542606bea1d23b916bcbeda8d","1881d68c-2c8f-452b-8c6e-ee46e0c4e2cc","9a3db3eb463ab40a45485eec284d5e107a6a1f34","org.apache.openjpa.kernel.exps.Coalesce","openjpa-kernel/src/main/java/org/apache/openjpa/kernel/exps/Coalesce.java","4"
"36","4.1.1","9d2f5f8c35691c3542606bea1d23b916bcbeda8d","1881d68c-2c8f-452b-8c6e-ee46e0c4e2cc","9a3db3eb463ab40a45485eec284d5e107a6a1f34","org.apache.openjpa.kernel.exps.CollectionParam","openjpa-kernel/src/main/java/org/apache/openjpa/kernel/exps/CollectionParam.java","4"
"36","4.1.1","9d2f5f8c35691c3542606bea1d23b916bcbeda8d","1881d68c-2c8f-452b-8c6e-ee46e0c4e2cc","9a3db3eb463ab40a45485eec284d5e107a6a1f34","org.apache.openjpa.kernel.exps.CompareExpression","openjpa-kernel/src/main/java/org/apache/openjpa/kernel/exps/CompareExpression.java","3"
"36","4.1.1","9d2f5f8c35691c3542606bea1d23b916bcbeda8d","1881d68c-2c8f-452b-8c6e-ee46e0c4e2cc","9a3db3eb463ab40a45485eec284d5e107a6a1f34","org.apache.openjpa.kernel.exps.Concat","openjpa-kernel/src/main/java/org/apache/openjpa/kernel/exps/Concat.java","3"
"36","4.1.1","9d2f5f8c35691c3542606bea1d23b916bcbeda8d","1881d68c-2c8f-452b-8c6e-ee46e0c4e2cc","9a3db3eb463ab40a45485eec284d5e107a6a1f34","org.apache.openjpa.kernel.exps.Constant","openjpa-kernel/src/main/java/org/apache/openjpa/kernel/exps/Constant.java","0"
"36","4.1.1","9d2f5f8c35691c3542606bea1d23b916bcbeda8d","1881d68c-2c8f-452b-8c6e-ee46e0c4e2cc","9a3db3eb463ab40a45485eec284d5e107a6a1f34","org.apache.openjpa.kernel.exps.ContainsExpression","openjpa-kernel/src/main/java/org/apache/openjpa/kernel/exps/ContainsExpression.java","2"
"36","4.1.1","9d2f5f8c35691c3542606bea1d23b916bcbeda8d","1881d68c-2c8f-452b-8c6e-ee46e0c4e2cc","9a3db3eb463ab40a45485eec284d5e107a6a1f34","org.apache.openjpa.kernel.exps.ContainsKeyExpression","openjpa-kernel/src/main/java/org/apache/openjpa/kernel/exps/ContainsKeyExpression.java","0"
"36","4.1.1","9d2f5f8c35691c3542606bea1d23b916bcbeda8d","1881d68c-2c8f-452b-8c6e-ee46e0c4e2cc","9a3db3eb463ab40a45485eec284d5e107a6a1f34","org.apache.openjpa.kernel.exps.ContainsValueExpression","openjpa-kernel/src/main/java/org/apache/openjpa/kernel/exps/ContainsValueExpression.java","0"
"36","4.1.1","9d2f5f8c35691c3542606bea1d23b916bcbeda8d","1881d68c-2c8f-452b-8c6e-ee46e0c4e2cc","9a3db3eb463ab40a45485eec284d5e107a6a1f34","org.apache.openjpa.kernel.exps.Context","openjpa-kernel/src/main/java/org/apache/openjpa/kernel/exps/Context.java","7"
"36","4.1.1","9d2f5f8c35691c3542606bea1d23b916bcbeda8d","1881d68c-2c8f-452b-8c6e-ee46e0c4e2cc","9a3db3eb463ab40a45485eec284d5e107a6a1f34","org.apache.openjpa.kernel.exps.Count","openjpa-kernel/src/main/java/org/apache/openjpa/kernel/exps/Count.java","0"
"36","4.1.1","9d2f5f8c35691c3542606bea1d23b916bcbeda8d","1881d68c-2c8f-452b-8c6e-ee46e0c4e2cc","9a3db3eb463ab40a45485eec284d5e107a6a1f34","org.apache.openjpa.kernel.exps.CurrentDate","openjpa-kernel/src/main/java/org/apache/openjpa/kernel/exps/CurrentDate.java","2"
"36","4.1.1","9d2f5f8c35691c3542606bea1d23b916bcbeda8d","1881d68c-2c8f-452b-8c6e-ee46e0c4e2cc","9a3db3eb463ab40a45485eec284d5e107a6a1f34","org.apache.openjpa.kernel.exps.CurrentTemporal","openjpa-kernel/src/main/java/org/apache/openjpa/kernel/exps/CurrentTemporal.java","5"
"36","4.1.1","9d2f5f8c35691c3542606bea1d23b916bcbeda8d","1881d68c-2c8f-452b-8c6e-ee46e0c4e2cc","9a3db3eb463ab40a45485eec284d5e107a6a1f34","org.apache.openjpa.kernel.exps.DateTimeExtractField","openjpa-kernel/src/main/java/org/apache/openjpa/kernel/exps/DateTimeExtractField.java","0"
"36","4.1.1","9d2f5f8c35691c3542606bea1d23b916bcbeda8d","1881d68c-2c8f-452b-8c6e-ee46e0c4e2cc","9a3db3eb463ab40a45485eec284d5e107a6a1f34","org.apache.openjpa.kernel.exps.DateTimeExtractPart","openjpa-kernel/src/main/java/org/apache/openjpa/kernel/exps/DateTimeExtractPart.java","0"
"36","4.1.1","9d2f5f8c35691c3542606bea1d23b916bcbeda8d","1881d68c-2c8f-452b-8c6e-ee46e0c4e2cc","9a3db3eb463ab40a45485eec284d5e107a6a1f34","org.apache.openjpa.kernel.exps.Distinct","openjpa-kernel/src/main/java/org/apache/openjpa/kernel/exps/Distinct.java","3"
"36","4.1.1","9d2f5f8c35691c3542606bea1d23b916bcbeda8d","1881d68c-2c8f-452b-8c6e-ee46e0c4e2cc","9a3db3eb463ab40a45485eec284d5e107a6a1f34","org.apache.openjpa.kernel.exps.Divide","openjpa-kernel/src/main/java/org/apache/openjpa/kernel/exps/Divide.java","0"
"36","4.1.1","9d2f5f8c35691c3542606bea1d23b916bcbeda8d","1881d68c-2c8f-452b-8c6e-ee46e0c4e2cc","9a3db3eb463ab40a45485eec284d5e107a6a1f34","org.apache.openjpa.kernel.exps.EndsWithExpression","openjpa-kernel/src/main/java/org/apache/openjpa/kernel/exps/EndsWithExpression.java","0"
"36","4.1.1","9d2f5f8c35691c3542606bea1d23b916bcbeda8d","1881d68c-2c8f-452b-8c6e-ee46e0c4e2cc","9a3db3eb463ab40a45485eec284d5e107a6a1f34","org.apache.openjpa.kernel.exps.EqualExpression","openjpa-kernel/src/main/java/org/apache/openjpa/kernel/exps/EqualExpression.java","0"
"36","4.1.1","9d2f5f8c35691c3542606bea1d23b916bcbeda8d","1881d68c-2c8f-452b-8c6e-ee46e0c4e2cc","9a3db3eb463ab40a45485eec284d5e107a6a1f34","org.apache.openjpa.kernel.exps.Exp","openjpa-kernel/src/main/java/org/apache/openjpa/kernel/exps/Exp.java","3"
"36","4.1.1","9d2f5f8c35691c3542606bea1d23b916bcbeda8d","1881d68c-2c8f-452b-8c6e-ee46e0c4e2cc","9a3db3eb463ab40a45485eec284d5e107a6a1f34","org.apache.openjpa.kernel.exps.Exponential","openjpa-kernel/src/main/java/org/apache/openjpa/kernel/exps/Exponential.java","0"
"36","4.1.1","9d2f5f8c35691c3542606bea1d23b916bcbeda8d","1881d68c-2c8f-452b-8c6e-ee46e0c4e2cc","9a3db3eb463ab40a45485eec284d5e107a6a1f34","org.apache.openjpa.kernel.exps.Expression","openjpa-kernel/src/main/java/org/apache/openjpa/kernel/exps/Expression.java","0"
"36","4.1.1","9d2f5f8c35691c3542606bea1d23b916bcbeda8d","1881d68c-2c8f-452b-8c6e-ee46e0c4e2cc","9a3db3eb463ab40a45485eec284d5e107a6a1f34","org.apache.openjpa.kernel.exps.ExpressionFactory","openjpa-kernel/src/main/java/org/apache/openjpa/kernel/exps/ExpressionFactory.java","4"
"36","4.1.1","9d2f5f8c35691c3542606bea1d23b916bcbeda8d","1881d68c-2c8f-452b-8c6e-ee46e0c4e2cc","9a3db3eb463ab40a45485eec284d5e107a6a1f34","org.apache.openjpa.kernel.exps.ExpressionParser","openjpa-kernel/src/main/java/org/apache/openjpa/kernel/exps/ExpressionParser.java","0"
"36","4.1.1","9d2f5f8c35691c3542606bea1d23b916bcbeda8d","1881d68c-2c8f-452b-8c6e-ee46e0c4e2cc","9a3db3eb463ab40a45485eec284d5e107a6a1f34","org.apache.openjpa.kernel.exps.ExpressionVisitor","openjpa-kernel/src/main/java/org/apache/openjpa/kernel/exps/ExpressionVisitor.java","0"
"36","4.1.1","9d2f5f8c35691c3542606bea1d23b916bcbeda8d","1881d68c-2c8f-452b-8c6e-ee46e0c4e2cc","9a3db3eb463ab40a45485eec284d5e107a6a1f34","org.apache.openjpa.kernel.exps.Extension","openjpa-kernel/src/main/java/org/apache/openjpa/kernel/exps/Extension.java","6"
"36","4.1.1","9d2f5f8c35691c3542606bea1d23b916bcbeda8d","1881d68c-2c8f-452b-8c6e-ee46e0c4e2cc","9a3db3eb463ab40a45485eec284d5e107a6a1f34","org.apache.openjpa.kernel.exps.ExtractDateTimeField","openjpa-kernel/src/main/java/org/apache/openjpa/kernel/exps/ExtractDateTimeField.java","5"
"36","4.1.1","9d2f5f8c35691c3542606bea1d23b916bcbeda8d","1881d68c-2c8f-452b-8c6e-ee46e0c4e2cc","9a3db3eb463ab40a45485eec284d5e107a6a1f34","org.apache.openjpa.kernel.exps.ExtractDateTimePart","openjpa-kernel/src/main/java/org/apache/openjpa/kernel/exps/ExtractDateTimePart.java","7"
"36","4.1.1","9d2f5f8c35691c3542606bea1d23b916bcbeda8d","1881d68c-2c8f-452b-8c6e-ee46e0c4e2cc","9a3db3eb463ab40a45485eec284d5e107a6a1f34","org.apache.openjpa.kernel.exps.FilterListener","openjpa-kernel/src/main/java/org/apache/openjpa/kernel/exps/FilterListener.java","0"
"36","4.1.1","9d2f5f8c35691c3542606bea1d23b916bcbeda8d","1881d68c-2c8f-452b-8c6e-ee46e0c4e2cc","9a3db3eb463ab40a45485eec284d5e107a6a1f34","org.apache.openjpa.kernel.exps.Floor","openjpa-kernel/src/main/java/org/apache/openjpa/kernel/exps/Floor.java","4"
"36","4.1.1","9d2f5f8c35691c3542606bea1d23b916bcbeda8d","1881d68c-2c8f-452b-8c6e-ee46e0c4e2cc","9a3db3eb463ab40a45485eec284d5e107a6a1f34","org.apache.openjpa.kernel.exps.GeneralCase","openjpa-kernel/src/main/java/org/apache/openjpa/kernel/exps/GeneralCase.java","5"
"36","4.1.1","9d2f5f8c35691c3542606bea1d23b916bcbeda8d","1881d68c-2c8f-452b-8c6e-ee46e0c4e2cc","9a3db3eb463ab40a45485eec284d5e107a6a1f34","org.apache.openjpa.kernel.exps.GetMapValue","openjpa-kernel/src/main/java/org/apache/openjpa/kernel/exps/GetMapValue.java","3"
"36","4.1.1","9d2f5f8c35691c3542606bea1d23b916bcbeda8d","1881d68c-2c8f-452b-8c6e-ee46e0c4e2cc","9a3db3eb463ab40a45485eec284d5e107a6a1f34","org.apache.openjpa.kernel.exps.GetObjectId","openjpa-kernel/src/main/java/org/apache/openjpa/kernel/exps/GetObjectId.java","2"
"36","4.1.1","9d2f5f8c35691c3542606bea1d23b916bcbeda8d","1881d68c-2c8f-452b-8c6e-ee46e0c4e2cc","9a3db3eb463ab40a45485eec284d5e107a6a1f34","org.apache.openjpa.kernel.exps.GreaterThanEqualExpression","openjpa-kernel/src/main/java/org/apache/openjpa/kernel/exps/GreaterThanEqualExpression.java","0"
"36","4.1.1","9d2f5f8c35691c3542606bea1d23b916bcbeda8d","1881d68c-2c8f-452b-8c6e-ee46e0c4e2cc","9a3db3eb463ab40a45485eec284d5e107a6a1f34","org.apache.openjpa.kernel.exps.GreaterThanExpression","openjpa-kernel/src/main/java/org/apache/openjpa/kernel/exps/GreaterThanExpression.java","0"
"36","4.1.1","9d2f5f8c35691c3542606bea1d23b916bcbeda8d","1881d68c-2c8f-452b-8c6e-ee46e0c4e2cc","9a3db3eb463ab40a45485eec284d5e107a6a1f34","org.apache.openjpa.kernel.exps.InMemoryExpressionFactory","openjpa-kernel/src/main/java/org/apache/openjpa/kernel/exps/InMemoryExpressionFactory.java","19"
"36","4.1.1","9d2f5f8c35691c3542606bea1d23b916bcbeda8d","1881d68c-2c8f-452b-8c6e-ee46e0c4e2cc","9a3db3eb463ab40a45485eec284d5e107a6a1f34","org.apache.openjpa.kernel.exps.Index","openjpa-kernel/src/main/java/org/apache/openjpa/kernel/exps/Index.java","0"
"36","4.1.1","9d2f5f8c35691c3542606bea1d23b916bcbeda8d","1881d68c-2c8f-452b-8c6e-ee46e0c4e2cc","9a3db3eb463ab40a45485eec284d5e107a6a1f34","org.apache.openjpa.kernel.exps.IndexOf","openjpa-kernel/src/main/java/org/apache/openjpa/kernel/exps/IndexOf.java","3"
"36","4.1.1","9d2f5f8c35691c3542606bea1d23b916bcbeda8d","1881d68c-2c8f-452b-8c6e-ee46e0c4e2cc","9a3db3eb463ab40a45485eec284d5e107a6a1f34","org.apache.openjpa.kernel.exps.InstanceofExpression","openjpa-kernel/src/main/java/org/apache/openjpa/kernel/exps/InstanceofExpression.java","2"
"36","4.1.1","9d2f5f8c35691c3542606bea1d23b916bcbeda8d","1881d68c-2c8f-452b-8c6e-ee46e0c4e2cc","9a3db3eb463ab40a45485eec284d5e107a6a1f34","org.apache.openjpa.kernel.exps.IsEmptyExpression","openjpa-kernel/src/main/java/org/apache/openjpa/kernel/exps/IsEmptyExpression.java","1"
"36","4.1.1","9d2f5f8c35691c3542606bea1d23b916bcbeda8d","1881d68c-2c8f-452b-8c6e-ee46e0c4e2cc","9a3db3eb463ab40a45485eec284d5e107a6a1f34","org.apache.openjpa.kernel.exps.LessThanEqualExpression","openjpa-kernel/src/main/java/org/apache/openjpa/kernel/exps/LessThanEqualExpression.java","0"
"36","4.1.1","9d2f5f8c35691c3542606bea1d23b916bcbeda8d","1881d68c-2c8f-452b-8c6e-ee46e0c4e2cc","9a3db3eb463ab40a45485eec284d5e107a6a1f34","org.apache.openjpa.kernel.exps.LessThanExpression","openjpa-kernel/src/main/java/org/apache/openjpa/kernel/exps/LessThanExpression.java","0"
"36","4.1.1","9d2f5f8c35691c3542606bea1d23b916bcbeda8d","1881d68c-2c8f-452b-8c6e-ee46e0c4e2cc","9a3db3eb463ab40a45485eec284d5e107a6a1f34","org.apache.openjpa.kernel.exps.Lit","openjpa-kernel/src/main/java/org/apache/openjpa/kernel/exps/Lit.java","3"
"36","4.1.1","9d2f5f8c35691c3542606bea1d23b916bcbeda8d","1881d68c-2c8f-452b-8c6e-ee46e0c4e2cc","9a3db3eb463ab40a45485eec284d5e107a6a1f34","org.apache.openjpa.kernel.exps.Literal","openjpa-kernel/src/main/java/org/apache/openjpa/kernel/exps/Literal.java","0"
"36","4.1.1","9d2f5f8c35691c3542606bea1d23b916bcbeda8d","1881d68c-2c8f-452b-8c6e-ee46e0c4e2cc","9a3db3eb463ab40a45485eec284d5e107a6a1f34","org.apache.openjpa.kernel.exps.MatchesExpression","openjpa-kernel/src/main/java/org/apache/openjpa/kernel/exps/MatchesExpression.java","3"
"36","4.1.1","9d2f5f8c35691c3542606bea1d23b916bcbeda8d","1881d68c-2c8f-452b-8c6e-ee46e0c4e2cc","9a3db3eb463ab40a45485eec284d5e107a6a1f34","org.apache.openjpa.kernel.exps.MathVal","openjpa-kernel/src/main/java/org/apache/openjpa/kernel/exps/MathVal.java","3"
"36","4.1.1","9d2f5f8c35691c3542606bea1d23b916bcbeda8d","1881d68c-2c8f-452b-8c6e-ee46e0c4e2cc","9a3db3eb463ab40a45485eec284d5e107a6a1f34","org.apache.openjpa.kernel.exps.Max","openjpa-kernel/src/main/java/org/apache/openjpa/kernel/exps/Max.java","0"
"36","4.1.1","9d2f5f8c35691c3542606bea1d23b916bcbeda8d","1881d68c-2c8f-452b-8c6e-ee46e0c4e2cc","9a3db3eb463ab40a45485eec284d5e107a6a1f34","org.apache.openjpa.kernel.exps.Min","openjpa-kernel/src/main/java/org/apache/openjpa/kernel/exps/Min.java","0"
"36","4.1.1","9d2f5f8c35691c3542606bea1d23b916bcbeda8d","1881d68c-2c8f-452b-8c6e-ee46e0c4e2cc","9a3db3eb463ab40a45485eec284d5e107a6a1f34","org.apache.openjpa.kernel.exps.Mod","openjpa-kernel/src/main/java/org/apache/openjpa/kernel/exps/Mod.java","0"
"36","4.1.1","9d2f5f8c35691c3542606bea1d23b916bcbeda8d","1881d68c-2c8f-452b-8c6e-ee46e0c4e2cc","9a3db3eb463ab40a45485eec284d5e107a6a1f34","org.apache.openjpa.kernel.exps.Multiply","openjpa-kernel/src/main/java/org/apache/openjpa/kernel/exps/Multiply.java","0"
"36","4.1.1","9d2f5f8c35691c3542606bea1d23b916bcbeda8d","1881d68c-2c8f-452b-8c6e-ee46e0c4e2cc","9a3db3eb463ab40a45485eec284d5e107a6a1f34","org.apache.openjpa.kernel.exps.NaturalLogarithm","openjpa-kernel/src/main/java/org/apache/openjpa/kernel/exps/NaturalLogarithm.java","0"
"36","4.1.1","9d2f5f8c35691c3542606bea1d23b916bcbeda8d","1881d68c-2c8f-452b-8c6e-ee46e0c4e2cc","9a3db3eb463ab40a45485eec284d5e107a6a1f34","org.apache.openjpa.kernel.exps.NotEqualExpression","openjpa-kernel/src/main/java/org/apache/openjpa/kernel/exps/NotEqualExpression.java","0"
"36","4.1.1","9d2f5f8c35691c3542606bea1d23b916bcbeda8d","1881d68c-2c8f-452b-8c6e-ee46e0c4e2cc","9a3db3eb463ab40a45485eec284d5e107a6a1f34","org.apache.openjpa.kernel.exps.NotExpression","openjpa-kernel/src/main/java/org/apache/openjpa/kernel/exps/NotExpression.java","1"
"36","4.1.1","9d2f5f8c35691c3542606bea1d23b916bcbeda8d","1881d68c-2c8f-452b-8c6e-ee46e0c4e2cc","9a3db3eb463ab40a45485eec284d5e107a6a1f34","org.apache.openjpa.kernel.exps.Null","openjpa-kernel/src/main/java/org/apache/openjpa/kernel/exps/Null.java","1"
"36","4.1.1","9d2f5f8c35691c3542606bea1d23b916bcbeda8d","1881d68c-2c8f-452b-8c6e-ee46e0c4e2cc","9a3db3eb463ab40a45485eec284d5e107a6a1f34","org.apache.openjpa.kernel.exps.NullIf","openjpa-kernel/src/main/java/org/apache/openjpa/kernel/exps/NullIf.java","3"
"36","4.1.1","9d2f5f8c35691c3542606bea1d23b916bcbeda8d","1881d68c-2c8f-452b-8c6e-ee46e0c4e2cc","9a3db3eb463ab40a45485eec284d5e107a6a1f34","org.apache.openjpa.kernel.exps.OrExpression","openjpa-kernel/src/main/java/org/apache/openjpa/kernel/exps/OrExpression.java","2"
"36","4.1.1","9d2f5f8c35691c3542606bea1d23b916bcbeda8d","1881d68c-2c8f-452b-8c6e-ee46e0c4e2cc","9a3db3eb463ab40a45485eec284d5e107a6a1f34","org.apache.openjpa.kernel.exps.Param","openjpa-kernel/src/main/java/org/apache/openjpa/kernel/exps/Param.java","4"
"36","4.1.1","9d2f5f8c35691c3542606bea1d23b916bcbeda8d","1881d68c-2c8f-452b-8c6e-ee46e0c4e2cc","9a3db3eb463ab40a45485eec284d5e107a6a1f34","org.apache.openjpa.kernel.exps.Parameter","openjpa-kernel/src/main/java/org/apache/openjpa/kernel/exps/Parameter.java","0"
"36","4.1.1","9d2f5f8c35691c3542606bea1d23b916bcbeda8d","1881d68c-2c8f-452b-8c6e-ee46e0c4e2cc","9a3db3eb463ab40a45485eec284d5e107a6a1f34","org.apache.openjpa.kernel.exps.Path","openjpa-kernel/src/main/java/org/apache/openjpa/kernel/exps/Path.java","0"
"36","4.1.1","9d2f5f8c35691c3542606bea1d23b916bcbeda8d","1881d68c-2c8f-452b-8c6e-ee46e0c4e2cc","9a3db3eb463ab40a45485eec284d5e107a6a1f34","org.apache.openjpa.kernel.exps.Power","openjpa-kernel/src/main/java/org/apache/openjpa/kernel/exps/Power.java","0"
"36","4.1.1","9d2f5f8c35691c3542606bea1d23b916bcbeda8d","1881d68c-2c8f-452b-8c6e-ee46e0c4e2cc","9a3db3eb463ab40a45485eec284d5e107a6a1f34","org.apache.openjpa.kernel.exps.QueryExpressions","openjpa-kernel/src/main/java/org/apache/openjpa/kernel/exps/QueryExpressions.java","10"
"36","4.1.1","9d2f5f8c35691c3542606bea1d23b916bcbeda8d","1881d68c-2c8f-452b-8c6e-ee46e0c4e2cc","9a3db3eb463ab40a45485eec284d5e107a6a1f34","org.apache.openjpa.kernel.exps.Resolver","openjpa-kernel/src/main/java/org/apache/openjpa/kernel/exps/Resolver.java","0"
"36","4.1.1","9d2f5f8c35691c3542606bea1d23b916bcbeda8d","1881d68c-2c8f-452b-8c6e-ee46e0c4e2cc","9a3db3eb463ab40a45485eec284d5e107a6a1f34","org.apache.openjpa.kernel.exps.Round","openjpa-kernel/src/main/java/org/apache/openjpa/kernel/exps/Round.java","0"
"36","4.1.1","9d2f5f8c35691c3542606bea1d23b916bcbeda8d","1881d68c-2c8f-452b-8c6e-ee46e0c4e2cc","9a3db3eb463ab40a45485eec284d5e107a6a1f34","org.apache.openjpa.kernel.exps.Sign","openjpa-kernel/src/main/java/org/apache/openjpa/kernel/exps/Sign.java","0"
"36","4.1.1","9d2f5f8c35691c3542606bea1d23b916bcbeda8d","1881d68c-2c8f-452b-8c6e-ee46e0c4e2cc","9a3db3eb463ab40a45485eec284d5e107a6a1f34","org.apache.openjpa.kernel.exps.SimpleCase","openjpa-kernel/src/main/java/org/apache/openjpa/kernel/exps/SimpleCase.java","6"
"36","4.1.1","9d2f5f8c35691c3542606bea1d23b916bcbeda8d","1881d68c-2c8f-452b-8c6e-ee46e0c4e2cc","9a3db3eb463ab40a45485eec284d5e107a6a1f34","org.apache.openjpa.kernel.exps.Size","openjpa-kernel/src/main/java/org/apache/openjpa/kernel/exps/Size.java","0"
"36","4.1.1","9d2f5f8c35691c3542606bea1d23b916bcbeda8d","1881d68c-2c8f-452b-8c6e-ee46e0c4e2cc","9a3db3eb463ab40a45485eec284d5e107a6a1f34","org.apache.openjpa.kernel.exps.Sqrt","openjpa-kernel/src/main/java/org/apache/openjpa/kernel/exps/Sqrt.java","0"
"36","4.1.1","9d2f5f8c35691c3542606bea1d23b916bcbeda8d","1881d68c-2c8f-452b-8c6e-ee46e0c4e2cc","9a3db3eb463ab40a45485eec284d5e107a6a1f34","org.apache.openjpa.kernel.exps.StartsWithExpression","openjpa-kernel/src/main/java/org/apache/openjpa/kernel/exps/StartsWithExpression.java","0"
"36","4.1.1","9d2f5f8c35691c3542606bea1d23b916bcbeda8d","1881d68c-2c8f-452b-8c6e-ee46e0c4e2cc","9a3db3eb463ab40a45485eec284d5e107a6a1f34","org.apache.openjpa.kernel.exps.StringContains","openjpa-kernel/src/main/java/org/apache/openjpa/kernel/exps/StringContains.java","1"
"36","4.1.1","9d2f5f8c35691c3542606bea1d23b916bcbeda8d","1881d68c-2c8f-452b-8c6e-ee46e0c4e2cc","9a3db3eb463ab40a45485eec284d5e107a6a1f34","org.apache.openjpa.kernel.exps.StringLength","openjpa-kernel/src/main/java/org/apache/openjpa/kernel/exps/StringLength.java","2"
"36","4.1.1","9d2f5f8c35691c3542606bea1d23b916bcbeda8d","1881d68c-2c8f-452b-8c6e-ee46e0c4e2cc","9a3db3eb463ab40a45485eec284d5e107a6a1f34","org.apache.openjpa.kernel.exps.SubQ","openjpa-kernel/src/main/java/org/apache/openjpa/kernel/exps/SubQ.java","4"
"36","4.1.1","9d2f5f8c35691c3542606bea1d23b916bcbeda8d","1881d68c-2c8f-452b-8c6e-ee46e0c4e2cc","9a3db3eb463ab40a45485eec284d5e107a6a1f34","org.apache.openjpa.kernel.exps.Subquery","openjpa-kernel/src/main/java/org/apache/openjpa/kernel/exps/Subquery.java","0"
"36","4.1.1","9d2f5f8c35691c3542606bea1d23b916bcbeda8d","1881d68c-2c8f-452b-8c6e-ee46e0c4e2cc","9a3db3eb463ab40a45485eec284d5e107a6a1f34","org.apache.openjpa.kernel.exps.Substring","openjpa-kernel/src/main/java/org/apache/openjpa/kernel/exps/Substring.java","3"
"36","4.1.1","9d2f5f8c35691c3542606bea1d23b916bcbeda8d","1881d68c-2c8f-452b-8c6e-ee46e0c4e2cc","9a3db3eb463ab40a45485eec284d5e107a6a1f34","org.apache.openjpa.kernel.exps.Subtract","openjpa-kernel/src/main/java/org/apache/openjpa/kernel/exps/Subtract.java","0"
"36","4.1.1","9d2f5f8c35691c3542606bea1d23b916bcbeda8d","1881d68c-2c8f-452b-8c6e-ee46e0c4e2cc","9a3db3eb463ab40a45485eec284d5e107a6a1f34","org.apache.openjpa.kernel.exps.Sum","openjpa-kernel/src/main/java/org/apache/openjpa/kernel/exps/Sum.java","0"
"36","4.1.1","9d2f5f8c35691c3542606bea1d23b916bcbeda8d","1881d68c-2c8f-452b-8c6e-ee46e0c4e2cc","9a3db3eb463ab40a45485eec284d5e107a6a1f34","org.apache.openjpa.kernel.exps.This","openjpa-kernel/src/main/java/org/apache/openjpa/kernel/exps/This.java","1"
"36","4.1.1","9d2f5f8c35691c3542606bea1d23b916bcbeda8d","1881d68c-2c8f-452b-8c6e-ee46e0c4e2cc","9a3db3eb463ab40a45485eec284d5e107a6a1f34","org.apache.openjpa.kernel.exps.ToLowerCase","openjpa-kernel/src/main/java/org/apache/openjpa/kernel/exps/ToLowerCase.java","2"
"36","4.1.1","9d2f5f8c35691c3542606bea1d23b916bcbeda8d","1881d68c-2c8f-452b-8c6e-ee46e0c4e2cc","9a3db3eb463ab40a45485eec284d5e107a6a1f34","org.apache.openjpa.kernel.exps.ToUpperCase","openjpa-kernel/src/main/java/org/apache/openjpa/kernel/exps/ToUpperCase.java","2"
"36","4.1.1","9d2f5f8c35691c3542606bea1d23b916bcbeda8d","1881d68c-2c8f-452b-8c6e-ee46e0c4e2cc","9a3db3eb463ab40a45485eec284d5e107a6a1f34","org.apache.openjpa.kernel.exps.Trim","openjpa-kernel/src/main/java/org/apache/openjpa/kernel/exps/Trim.java","4"
"36","4.1.1","9d2f5f8c35691c3542606bea1d23b916bcbeda8d","1881d68c-2c8f-452b-8c6e-ee46e0c4e2cc","9a3db3eb463ab40a45485eec284d5e107a6a1f34","org.apache.openjpa.kernel.exps.Type","openjpa-kernel/src/main/java/org/apache/openjpa/kernel/exps/Type.java","2"
"36","4.1.1","9d2f5f8c35691c3542606bea1d23b916bcbeda8d","1881d68c-2c8f-452b-8c6e-ee46e0c4e2cc","9a3db3eb463ab40a45485eec284d5e107a6a1f34","org.apache.openjpa.kernel.exps.TypeLit","openjpa-kernel/src/main/java/org/apache/openjpa/kernel/exps/TypeLit.java","3"
"36","4.1.1","9d2f5f8c35691c3542606bea1d23b916bcbeda8d","1881d68c-2c8f-452b-8c6e-ee46e0c4e2cc","9a3db3eb463ab40a45485eec284d5e107a6a1f34","org.apache.openjpa.kernel.exps.UnaryMathVal","openjpa-kernel/src/main/java/org/apache/openjpa/kernel/exps/UnaryMathVal.java","2"
"36","4.1.1","9d2f5f8c35691c3542606bea1d23b916bcbeda8d","1881d68c-2c8f-452b-8c6e-ee46e0c4e2cc","9a3db3eb463ab40a45485eec284d5e107a6a1f34","org.apache.openjpa.kernel.exps.UnboundVariable","openjpa-kernel/src/main/java/org/apache/openjpa/kernel/exps/UnboundVariable.java","3"
"36","4.1.1","9d2f5f8c35691c3542606bea1d23b916bcbeda8d","1881d68c-2c8f-452b-8c6e-ee46e0c4e2cc","9a3db3eb463ab40a45485eec284d5e107a6a1f34","org.apache.openjpa.kernel.exps.Val","openjpa-kernel/src/main/java/org/apache/openjpa/kernel/exps/Val.java","3"
"36","4.1.1","9d2f5f8c35691c3542606bea1d23b916bcbeda8d","1881d68c-2c8f-452b-8c6e-ee46e0c4e2cc","9a3db3eb463ab40a45485eec284d5e107a6a1f34","org.apache.openjpa.kernel.exps.ValExpression","openjpa-kernel/src/main/java/org/apache/openjpa/kernel/exps/ValExpression.java","1"
"36","4.1.1","9d2f5f8c35691c3542606bea1d23b916bcbeda8d","1881d68c-2c8f-452b-8c6e-ee46e0c4e2cc","9a3db3eb463ab40a45485eec284d5e107a6a1f34","org.apache.openjpa.kernel.exps.Value","openjpa-kernel/src/main/java/org/apache/openjpa/kernel/exps/Value.java","0"
"36","4.1.1","9d2f5f8c35691c3542606bea1d23b916bcbeda8d","1881d68c-2c8f-452b-8c6e-ee46e0c4e2cc","9a3db3eb463ab40a45485eec284d5e107a6a1f34","org.apache.openjpa.kernel.exps.ValuePath","openjpa-kernel/src/main/java/org/apache/openjpa/kernel/exps/ValuePath.java","2"
"36","4.1.1","9d2f5f8c35691c3542606bea1d23b916bcbeda8d","1881d68c-2c8f-452b-8c6e-ee46e0c4e2cc","9a3db3eb463ab40a45485eec284d5e107a6a1f34","org.apache.openjpa.kernel.exps.WhenCondition","openjpa-kernel/src/main/java/org/apache/openjpa/kernel/exps/WhenCondition.java","2"
"36","4.1.1","9d2f5f8c35691c3542606bea1d23b916bcbeda8d","1881d68c-2c8f-452b-8c6e-ee46e0c4e2cc","9a3db3eb463ab40a45485eec284d5e107a6a1f34","org.apache.openjpa.kernel.exps.WhenScalar","openjpa-kernel/src/main/java/org/apache/openjpa/kernel/exps/WhenScalar.java","2"
"36","4.1.1","9d2f5f8c35691c3542606bea1d23b916bcbeda8d","1881d68c-2c8f-452b-8c6e-ee46e0c4e2cc","9a3db3eb463ab40a45485eec284d5e107a6a1f34","org.apache.openjpa.kernel.exps.WildcardMatch","openjpa-kernel/src/main/java/org/apache/openjpa/kernel/exps/WildcardMatch.java","1"
"36","4.1.1","9d2f5f8c35691c3542606bea1d23b916bcbeda8d","1881d68c-2c8f-452b-8c6e-ee46e0c4e2cc","9a3db3eb463ab40a45485eec284d5e107a6a1f34","org.apache.openjpa.kernel.jpql.JPQLExpressionBuilder","openjpa-kernel/src/main/java/org/apache/openjpa/kernel/jpql/JPQLExpressionBuilder.java","46"
"36","4.1.1","9d2f5f8c35691c3542606bea1d23b916bcbeda8d","1881d68c-2c8f-452b-8c6e-ee46e0c4e2cc","9a3db3eb463ab40a45485eec284d5e107a6a1f34","org.apache.openjpa.kernel.jpql.JPQLParser","openjpa-kernel/src/main/java/org/apache/openjpa/kernel/jpql/JPQLParser.java","1"
"36","4.1.1","9d2f5f8c35691c3542606bea1d23b916bcbeda8d","1881d68c-2c8f-452b-8c6e-ee46e0c4e2cc","9a3db3eb463ab40a45485eec284d5e107a6a1f34","org.apache.openjpa.kernel.jpql.SimpleNode","openjpa-kernel/src/main/java/org/apache/openjpa/kernel/jpql/SimpleNode.java","0"
"36","4.1.1","9d2f5f8c35691c3542606bea1d23b916bcbeda8d","1881d68c-2c8f-452b-8c6e-ee46e0c4e2cc","9a3db3eb463ab40a45485eec284d5e107a6a1f34","org.apache.openjpa.lib.ant.AbstractTask","openjpa-lib/src/main/java/org/apache/openjpa/lib/ant/AbstractTask.java","4"
"36","4.1.1","9d2f5f8c35691c3542606bea1d23b916bcbeda8d","1881d68c-2c8f-452b-8c6e-ee46e0c4e2cc","9a3db3eb463ab40a45485eec284d5e107a6a1f34","org.apache.openjpa.lib.conf.AbstractProductDerivation","openjpa-lib/src/main/java/org/apache/openjpa/lib/conf/AbstractProductDerivation.java","3"
"36","4.1.1","9d2f5f8c35691c3542606bea1d23b916bcbeda8d","1881d68c-2c8f-452b-8c6e-ee46e0c4e2cc","9a3db3eb463ab40a45485eec284d5e107a6a1f34","org.apache.openjpa.lib.conf.BooleanValue","openjpa-lib/src/main/java/org/apache/openjpa/lib/conf/BooleanValue.java","1"
"36","4.1.1","9d2f5f8c35691c3542606bea1d23b916bcbeda8d","1881d68c-2c8f-452b-8c6e-ee46e0c4e2cc","9a3db3eb463ab40a45485eec284d5e107a6a1f34","org.apache.openjpa.lib.conf.BootstrapException","openjpa-lib/src/main/java/org/apache/openjpa/lib/conf/BootstrapException.java","2"
"36","4.1.1","9d2f5f8c35691c3542606bea1d23b916bcbeda8d","1881d68c-2c8f-452b-8c6e-ee46e0c4e2cc","9a3db3eb463ab40a45485eec284d5e107a6a1f34","org.apache.openjpa.lib.conf.ClassListValue","openjpa-lib/src/main/java/org/apache/openjpa/lib/conf/ClassListValue.java","3"
"36","4.1.1","9d2f5f8c35691c3542606bea1d23b916bcbeda8d","1881d68c-2c8f-452b-8c6e-ee46e0c4e2cc","9a3db3eb463ab40a45485eec284d5e107a6a1f34","org.apache.openjpa.lib.conf.Configurable","openjpa-lib/src/main/java/org/apache/openjpa/lib/conf/Configurable.java","0"
"36","4.1.1","9d2f5f8c35691c3542606bea1d23b916bcbeda8d","1881d68c-2c8f-452b-8c6e-ee46e0c4e2cc","9a3db3eb463ab40a45485eec284d5e107a6a1f34","org.apache.openjpa.lib.conf.Configuration","openjpa-lib/src/main/java/org/apache/openjpa/lib/conf/Configuration.java","2"
"36","4.1.1","9d2f5f8c35691c3542606bea1d23b916bcbeda8d","1881d68c-2c8f-452b-8c6e-ee46e0c4e2cc","9a3db3eb463ab40a45485eec284d5e107a6a1f34","org.apache.openjpa.lib.conf.ConfigurationImpl","openjpa-lib/src/main/java/org/apache/openjpa/lib/conf/ConfigurationImpl.java","45"
"36","4.1.1","9d2f5f8c35691c3542606bea1d23b916bcbeda8d","1881d68c-2c8f-452b-8c6e-ee46e0c4e2cc","9a3db3eb463ab40a45485eec284d5e107a6a1f34","org.apache.openjpa.lib.conf.ConfigurationProvider","openjpa-lib/src/main/java/org/apache/openjpa/lib/conf/ConfigurationProvider.java","0"
"36","4.1.1","9d2f5f8c35691c3542606bea1d23b916bcbeda8d","1881d68c-2c8f-452b-8c6e-ee46e0c4e2cc","9a3db3eb463ab40a45485eec284d5e107a6a1f34","org.apache.openjpa.lib.conf.Configurations","openjpa-lib/src/main/java/org/apache/openjpa/lib/conf/Configurations.java","14"
"36","4.1.1","9d2f5f8c35691c3542606bea1d23b916bcbeda8d","1881d68c-2c8f-452b-8c6e-ee46e0c4e2cc","9a3db3eb463ab40a45485eec284d5e107a6a1f34","org.apache.openjpa.lib.conf.DoubleValue","openjpa-lib/src/main/java/org/apache/openjpa/lib/conf/DoubleValue.java","1"
"36","4.1.1","9d2f5f8c35691c3542606bea1d23b916bcbeda8d","1881d68c-2c8f-452b-8c6e-ee46e0c4e2cc","9a3db3eb463ab40a45485eec284d5e107a6a1f34","org.apache.openjpa.lib.conf.FileValue","openjpa-lib/src/main/java/org/apache/openjpa/lib/conf/FileValue.java","1"
"36","4.1.1","9d2f5f8c35691c3542606bea1d23b916bcbeda8d","1881d68c-2c8f-452b-8c6e-ee46e0c4e2cc","9a3db3eb463ab40a45485eec284d5e107a6a1f34","org.apache.openjpa.lib.conf.GenericConfigurable","openjpa-lib/src/main/java/org/apache/openjpa/lib/conf/GenericConfigurable.java","0"
"36","4.1.1","9d2f5f8c35691c3542606bea1d23b916bcbeda8d","1881d68c-2c8f-452b-8c6e-ee46e0c4e2cc","9a3db3eb463ab40a45485eec284d5e107a6a1f34","org.apache.openjpa.lib.conf.IntValue","openjpa-lib/src/main/java/org/apache/openjpa/lib/conf/IntValue.java","1"
"36","4.1.1","9d2f5f8c35691c3542606bea1d23b916bcbeda8d","1881d68c-2c8f-452b-8c6e-ee46e0c4e2cc","9a3db3eb463ab40a45485eec284d5e107a6a1f34","org.apache.openjpa.lib.conf.MapConfigurationProvider","openjpa-lib/src/main/java/org/apache/openjpa/lib/conf/MapConfigurationProvider.java","2"
"36","4.1.1","9d2f5f8c35691c3542606bea1d23b916bcbeda8d","1881d68c-2c8f-452b-8c6e-ee46e0c4e2cc","9a3db3eb463ab40a45485eec284d5e107a6a1f34","org.apache.openjpa.lib.conf.ObjectValue","openjpa-lib/src/main/java/org/apache/openjpa/lib/conf/ObjectValue.java","3"
"36","4.1.1","9d2f5f8c35691c3542606bea1d23b916bcbeda8d","1881d68c-2c8f-452b-8c6e-ee46e0c4e2cc","9a3db3eb463ab40a45485eec284d5e107a6a1f34","org.apache.openjpa.lib.conf.PluginListValue","openjpa-lib/src/main/java/org/apache/openjpa/lib/conf/PluginListValue.java","3"
"36","4.1.1","9d2f5f8c35691c3542606bea1d23b916bcbeda8d","1881d68c-2c8f-452b-8c6e-ee46e0c4e2cc","9a3db3eb463ab40a45485eec284d5e107a6a1f34","org.apache.openjpa.lib.conf.PluginValue","openjpa-lib/src/main/java/org/apache/openjpa/lib/conf/PluginValue.java","4"
"36","4.1.1","9d2f5f8c35691c3542606bea1d23b916bcbeda8d","1881d68c-2c8f-452b-8c6e-ee46e0c4e2cc","9a3db3eb463ab40a45485eec284d5e107a6a1f34","org.apache.openjpa.lib.conf.ProductDerivation","openjpa-lib/src/main/java/org/apache/openjpa/lib/conf/ProductDerivation.java","8"
"36","4.1.1","9d2f5f8c35691c3542606bea1d23b916bcbeda8d","1881d68c-2c8f-452b-8c6e-ee46e0c4e2cc","9a3db3eb463ab40a45485eec284d5e107a6a1f34","org.apache.openjpa.lib.conf.ProductDerivations","openjpa-lib/src/main/java/org/apache/openjpa/lib/conf/ProductDerivations.java","17"
"36","4.1.1","9d2f5f8c35691c3542606bea1d23b916bcbeda8d","1881d68c-2c8f-452b-8c6e-ee46e0c4e2cc","9a3db3eb463ab40a45485eec284d5e107a6a1f34","org.apache.openjpa.lib.conf.StringListValue","openjpa-lib/src/main/java/org/apache/openjpa/lib/conf/StringListValue.java","4"
"36","4.1.1","9d2f5f8c35691c3542606bea1d23b916bcbeda8d","1881d68c-2c8f-452b-8c6e-ee46e0c4e2cc","9a3db3eb463ab40a45485eec284d5e107a6a1f34","org.apache.openjpa.lib.conf.StringValue","openjpa-lib/src/main/java/org/apache/openjpa/lib/conf/StringValue.java","1"
"36","4.1.1","9d2f5f8c35691c3542606bea1d23b916bcbeda8d","1881d68c-2c8f-452b-8c6e-ee46e0c4e2cc","9a3db3eb463ab40a45485eec284d5e107a6a1f34","org.apache.openjpa.lib.conf.Value","openjpa-lib/src/main/java/org/apache/openjpa/lib/conf/Value.java","10"
"36","4.1.1","9d2f5f8c35691c3542606bea1d23b916bcbeda8d","1881d68c-2c8f-452b-8c6e-ee46e0c4e2cc","9a3db3eb463ab40a45485eec284d5e107a6a1f34","org.apache.openjpa.lib.conf.ValueListener","openjpa-lib/src/main/java/org/apache/openjpa/lib/conf/ValueListener.java","0"
"36","4.1.1","9d2f5f8c35691c3542606bea1d23b916bcbeda8d","1881d68c-2c8f-452b-8c6e-ee46e0c4e2cc","9a3db3eb463ab40a45485eec284d5e107a6a1f34","org.apache.openjpa.lib.encryption.EncryptionProvider","openjpa-lib/src/main/java/org/apache/openjpa/lib/encryption/EncryptionProvider.java","0"
"36","4.1.1","9d2f5f8c35691c3542606bea1d23b916bcbeda8d","1881d68c-2c8f-452b-8c6e-ee46e0c4e2cc","9a3db3eb463ab40a45485eec284d5e107a6a1f34","org.apache.openjpa.lib.graph.BreadthFirstWalk","openjpa-lib/src/main/java/org/apache/openjpa/lib/graph/BreadthFirstWalk.java","5"
"36","4.1.1","9d2f5f8c35691c3542606bea1d23b916bcbeda8d","1881d68c-2c8f-452b-8c6e-ee46e0c4e2cc","9a3db3eb463ab40a45485eec284d5e107a6a1f34","org.apache.openjpa.lib.graph.DepthFirstAnalysis","openjpa-lib/src/main/java/org/apache/openjpa/lib/graph/DepthFirstAnalysis.java","7"
"36","4.1.1","9d2f5f8c35691c3542606bea1d23b916bcbeda8d","1881d68c-2c8f-452b-8c6e-ee46e0c4e2cc","9a3db3eb463ab40a45485eec284d5e107a6a1f34","org.apache.openjpa.lib.graph.Edge","openjpa-lib/src/main/java/org/apache/openjpa/lib/graph/Edge.java","8"
"36","4.1.1","9d2f5f8c35691c3542606bea1d23b916bcbeda8d","1881d68c-2c8f-452b-8c6e-ee46e0c4e2cc","9a3db3eb463ab40a45485eec284d5e107a6a1f34","org.apache.openjpa.lib.graph.Graph","openjpa-lib/src/main/java/org/apache/openjpa/lib/graph/Graph.java","1"
"36","4.1.1","9d2f5f8c35691c3542606bea1d23b916bcbeda8d","1881d68c-2c8f-452b-8c6e-ee46e0c4e2cc","9a3db3eb463ab40a45485eec284d5e107a6a1f34","org.apache.openjpa.lib.graph.GraphVisitor","openjpa-lib/src/main/java/org/apache/openjpa/lib/graph/GraphVisitor.java","0"
"36","4.1.1","9d2f5f8c35691c3542606bea1d23b916bcbeda8d","1881d68c-2c8f-452b-8c6e-ee46e0c4e2cc","9a3db3eb463ab40a45485eec284d5e107a6a1f34","org.apache.openjpa.lib.graph.NodeInfo","openjpa-lib/src/main/java/org/apache/openjpa/lib/graph/NodeInfo.java","0"
"36","4.1.1","9d2f5f8c35691c3542606bea1d23b916bcbeda8d","1881d68c-2c8f-452b-8c6e-ee46e0c4e2cc","9a3db3eb463ab40a45485eec284d5e107a6a1f34","org.apache.openjpa.lib.identifier.Identifier","openjpa-lib/src/main/java/org/apache/openjpa/lib/identifier/Identifier.java","0"
"36","4.1.1","9d2f5f8c35691c3542606bea1d23b916bcbeda8d","1881d68c-2c8f-452b-8c6e-ee46e0c4e2cc","9a3db3eb463ab40a45485eec284d5e107a6a1f34","org.apache.openjpa.lib.identifier.IdentifierConfiguration","openjpa-lib/src/main/java/org/apache/openjpa/lib/identifier/IdentifierConfiguration.java","0"
"36","4.1.1","9d2f5f8c35691c3542606bea1d23b916bcbeda8d","1881d68c-2c8f-452b-8c6e-ee46e0c4e2cc","9a3db3eb463ab40a45485eec284d5e107a6a1f34","org.apache.openjpa.lib.identifier.IdentifierImpl","openjpa-lib/src/main/java/org/apache/openjpa/lib/identifier/IdentifierImpl.java","1"
"36","4.1.1","9d2f5f8c35691c3542606bea1d23b916bcbeda8d","1881d68c-2c8f-452b-8c6e-ee46e0c4e2cc","9a3db3eb463ab40a45485eec284d5e107a6a1f34","org.apache.openjpa.lib.identifier.IdentifierRule","openjpa-lib/src/main/java/org/apache/openjpa/lib/identifier/IdentifierRule.java","19"
"36","4.1.1","9d2f5f8c35691c3542606bea1d23b916bcbeda8d","1881d68c-2c8f-452b-8c6e-ee46e0c4e2cc","9a3db3eb463ab40a45485eec284d5e107a6a1f34","org.apache.openjpa.lib.identifier.IdentifierUtil","openjpa-lib/src/main/java/org/apache/openjpa/lib/identifier/IdentifierUtil.java","0"
"36","4.1.1","9d2f5f8c35691c3542606bea1d23b916bcbeda8d","1881d68c-2c8f-452b-8c6e-ee46e0c4e2cc","9a3db3eb463ab40a45485eec284d5e107a6a1f34","org.apache.openjpa.lib.identifier.IdentifierUtilImpl","openjpa-lib/src/main/java/org/apache/openjpa/lib/identifier/IdentifierUtilImpl.java","10"
"36","4.1.1","9d2f5f8c35691c3542606bea1d23b916bcbeda8d","1881d68c-2c8f-452b-8c6e-ee46e0c4e2cc","9a3db3eb463ab40a45485eec284d5e107a6a1f34","org.apache.openjpa.lib.instrumentation.AbstractInstrument","openjpa-lib/src/main/java/org/apache/openjpa/lib/instrumentation/AbstractInstrument.java","6"
"36","4.1.1","9d2f5f8c35691c3542606bea1d23b916bcbeda8d","1881d68c-2c8f-452b-8c6e-ee46e0c4e2cc","9a3db3eb463ab40a45485eec284d5e107a6a1f34","org.apache.openjpa.lib.instrumentation.AbstractInstrumentationProvider","openjpa-lib/src/main/java/org/apache/openjpa/lib/instrumentation/AbstractInstrumentationProvider.java","8"
"36","4.1.1","9d2f5f8c35691c3542606bea1d23b916bcbeda8d","1881d68c-2c8f-452b-8c6e-ee46e0c4e2cc","9a3db3eb463ab40a45485eec284d5e107a6a1f34","org.apache.openjpa.lib.instrumentation.Instrument","openjpa-lib/src/main/java/org/apache/openjpa/lib/instrumentation/Instrument.java","0"
"36","4.1.1","9d2f5f8c35691c3542606bea1d23b916bcbeda8d","1881d68c-2c8f-452b-8c6e-ee46e0c4e2cc","9a3db3eb463ab40a45485eec284d5e107a6a1f34","org.apache.openjpa.lib.instrumentation.InstrumentationLevel","openjpa-lib/src/main/java/org/apache/openjpa/lib/instrumentation/InstrumentationLevel.java","0"
"36","4.1.1","9d2f5f8c35691c3542606bea1d23b916bcbeda8d","1881d68c-2c8f-452b-8c6e-ee46e0c4e2cc","9a3db3eb463ab40a45485eec284d5e107a6a1f34","org.apache.openjpa.lib.instrumentation.InstrumentationProvider","openjpa-lib/src/main/java/org/apache/openjpa/lib/instrumentation/InstrumentationProvider.java","0"
"36","4.1.1","9d2f5f8c35691c3542606bea1d23b916bcbeda8d","1881d68c-2c8f-452b-8c6e-ee46e0c4e2cc","9a3db3eb463ab40a45485eec284d5e107a6a1f34","org.apache.openjpa.lib.jdbc.AbstractJDBCListener","openjpa-lib/src/main/java/org/apache/openjpa/lib/jdbc/AbstractJDBCListener.java","1"
"36","4.1.1","9d2f5f8c35691c3542606bea1d23b916bcbeda8d","1881d68c-2c8f-452b-8c6e-ee46e0c4e2cc","9a3db3eb463ab40a45485eec284d5e107a6a1f34","org.apache.openjpa.lib.jdbc.ConfiguringConnectionDecorator","openjpa-lib/src/main/java/org/apache/openjpa/lib/jdbc/ConfiguringConnectionDecorator.java","6"
"36","4.1.1","9d2f5f8c35691c3542606bea1d23b916bcbeda8d","1881d68c-2c8f-452b-8c6e-ee46e0c4e2cc","9a3db3eb463ab40a45485eec284d5e107a6a1f34","org.apache.openjpa.lib.jdbc.ConnectionDecorator","openjpa-lib/src/main/java/org/apache/openjpa/lib/jdbc/ConnectionDecorator.java","0"
"36","4.1.1","9d2f5f8c35691c3542606bea1d23b916bcbeda8d","1881d68c-2c8f-452b-8c6e-ee46e0c4e2cc","9a3db3eb463ab40a45485eec284d5e107a6a1f34","org.apache.openjpa.lib.jdbc.DataSourceLogs","openjpa-lib/src/main/java/org/apache/openjpa/lib/jdbc/DataSourceLogs.java","3"
"36","4.1.1","9d2f5f8c35691c3542606bea1d23b916bcbeda8d","1881d68c-2c8f-452b-8c6e-ee46e0c4e2cc","9a3db3eb463ab40a45485eec284d5e107a6a1f34","org.apache.openjpa.lib.jdbc.DecoratingDataSource","openjpa-lib/src/main/java/org/apache/openjpa/lib/jdbc/DecoratingDataSource.java","2"
"36","4.1.1","9d2f5f8c35691c3542606bea1d23b916bcbeda8d","1881d68c-2c8f-452b-8c6e-ee46e0c4e2cc","9a3db3eb463ab40a45485eec284d5e107a6a1f34","org.apache.openjpa.lib.jdbc.DelegatingCallableStatement","openjpa-lib/src/main/java/org/apache/openjpa/lib/jdbc/DelegatingCallableStatement.java","7"
"36","4.1.1","9d2f5f8c35691c3542606bea1d23b916bcbeda8d","1881d68c-2c8f-452b-8c6e-ee46e0c4e2cc","9a3db3eb463ab40a45485eec284d5e107a6a1f34","org.apache.openjpa.lib.jdbc.DelegatingConnection","openjpa-lib/src/main/java/org/apache/openjpa/lib/jdbc/DelegatingConnection.java","2"
"36","4.1.1","9d2f5f8c35691c3542606bea1d23b916bcbeda8d","1881d68c-2c8f-452b-8c6e-ee46e0c4e2cc","9a3db3eb463ab40a45485eec284d5e107a6a1f34","org.apache.openjpa.lib.jdbc.DelegatingDataSource","openjpa-lib/src/main/java/org/apache/openjpa/lib/jdbc/DelegatingDataSource.java","4"
"36","4.1.1","9d2f5f8c35691c3542606bea1d23b916bcbeda8d","1881d68c-2c8f-452b-8c6e-ee46e0c4e2cc","9a3db3eb463ab40a45485eec284d5e107a6a1f34","org.apache.openjpa.lib.jdbc.DelegatingDatabaseMetaData","openjpa-lib/src/main/java/org/apache/openjpa/lib/jdbc/DelegatingDatabaseMetaData.java","2"
"36","4.1.1","9d2f5f8c35691c3542606bea1d23b916bcbeda8d","1881d68c-2c8f-452b-8c6e-ee46e0c4e2cc","9a3db3eb463ab40a45485eec284d5e107a6a1f34","org.apache.openjpa.lib.jdbc.DelegatingPreparedStatement","openjpa-lib/src/main/java/org/apache/openjpa/lib/jdbc/DelegatingPreparedStatement.java","5"
"36","4.1.1","9d2f5f8c35691c3542606bea1d23b916bcbeda8d","1881d68c-2c8f-452b-8c6e-ee46e0c4e2cc","9a3db3eb463ab40a45485eec284d5e107a6a1f34","org.apache.openjpa.lib.jdbc.DelegatingResultSet","openjpa-lib/src/main/java/org/apache/openjpa/lib/jdbc/DelegatingResultSet.java","16"
"36","4.1.1","9d2f5f8c35691c3542606bea1d23b916bcbeda8d","1881d68c-2c8f-452b-8c6e-ee46e0c4e2cc","9a3db3eb463ab40a45485eec284d5e107a6a1f34","org.apache.openjpa.lib.jdbc.DelegatingStatement","openjpa-lib/src/main/java/org/apache/openjpa/lib/jdbc/DelegatingStatement.java","3"
"36","4.1.1","9d2f5f8c35691c3542606bea1d23b916bcbeda8d","1881d68c-2c8f-452b-8c6e-ee46e0c4e2cc","9a3db3eb463ab40a45485eec284d5e107a6a1f34","org.apache.openjpa.lib.jdbc.JDBCEvent","openjpa-lib/src/main/java/org/apache/openjpa/lib/jdbc/JDBCEvent.java","0"
"36","4.1.1","9d2f5f8c35691c3542606bea1d23b916bcbeda8d","1881d68c-2c8f-452b-8c6e-ee46e0c4e2cc","9a3db3eb463ab40a45485eec284d5e107a6a1f34","org.apache.openjpa.lib.jdbc.JDBCEventConnectionDecorator","openjpa-lib/src/main/java/org/apache/openjpa/lib/jdbc/JDBCEventConnectionDecorator.java","6"
"36","4.1.1","9d2f5f8c35691c3542606bea1d23b916bcbeda8d","1881d68c-2c8f-452b-8c6e-ee46e0c4e2cc","9a3db3eb463ab40a45485eec284d5e107a6a1f34","org.apache.openjpa.lib.jdbc.JDBCListener","openjpa-lib/src/main/java/org/apache/openjpa/lib/jdbc/JDBCListener.java","0"
"36","4.1.1","9d2f5f8c35691c3542606bea1d23b916bcbeda8d","1881d68c-2c8f-452b-8c6e-ee46e0c4e2cc","9a3db3eb463ab40a45485eec284d5e107a6a1f34","org.apache.openjpa.lib.jdbc.LoggingConnectionDecorator","openjpa-lib/src/main/java/org/apache/openjpa/lib/jdbc/LoggingConnectionDecorator.java","47"
"36","4.1.1","9d2f5f8c35691c3542606bea1d23b916bcbeda8d","1881d68c-2c8f-452b-8c6e-ee46e0c4e2cc","9a3db3eb463ab40a45485eec284d5e107a6a1f34","org.apache.openjpa.lib.jdbc.ReportingSQLException","openjpa-lib/src/main/java/org/apache/openjpa/lib/jdbc/ReportingSQLException.java","6"
"36","4.1.1","9d2f5f8c35691c3542606bea1d23b916bcbeda8d","1881d68c-2c8f-452b-8c6e-ee46e0c4e2cc","9a3db3eb463ab40a45485eec284d5e107a6a1f34","org.apache.openjpa.lib.jdbc.SQLFormatter","openjpa-lib/src/main/java/org/apache/openjpa/lib/jdbc/SQLFormatter.java","3"
"36","4.1.1","9d2f5f8c35691c3542606bea1d23b916bcbeda8d","1881d68c-2c8f-452b-8c6e-ee46e0c4e2cc","9a3db3eb463ab40a45485eec284d5e107a6a1f34","org.apache.openjpa.lib.log.AbstractLog","openjpa-lib/src/main/java/org/apache/openjpa/lib/log/AbstractLog.java","0"
"36","4.1.1","9d2f5f8c35691c3542606bea1d23b916bcbeda8d","1881d68c-2c8f-452b-8c6e-ee46e0c4e2cc","9a3db3eb463ab40a45485eec284d5e107a6a1f34","org.apache.openjpa.lib.log.CommonsLogFactory","openjpa-lib/src/main/java/org/apache/openjpa/lib/log/CommonsLogFactory.java","2"
"36","4.1.1","9d2f5f8c35691c3542606bea1d23b916bcbeda8d","1881d68c-2c8f-452b-8c6e-ee46e0c4e2cc","9a3db3eb463ab40a45485eec284d5e107a6a1f34","org.apache.openjpa.lib.log.JULLogFactory","openjpa-lib/src/main/java/org/apache/openjpa/lib/log/JULLogFactory.java","8"
"36","4.1.1","9d2f5f8c35691c3542606bea1d23b916bcbeda8d","1881d68c-2c8f-452b-8c6e-ee46e0c4e2cc","9a3db3eb463ab40a45485eec284d5e107a6a1f34","org.apache.openjpa.lib.log.Log","openjpa-lib/src/main/java/org/apache/openjpa/lib/log/Log.java","10"
"36","4.1.1","9d2f5f8c35691c3542606bea1d23b916bcbeda8d","1881d68c-2c8f-452b-8c6e-ee46e0c4e2cc","9a3db3eb463ab40a45485eec284d5e107a6a1f34","org.apache.openjpa.lib.log.Log4J2LogFactory","openjpa-lib/src/main/java/org/apache/openjpa/lib/log/Log4J2LogFactory.java","1"
"36","4.1.1","9d2f5f8c35691c3542606bea1d23b916bcbeda8d","1881d68c-2c8f-452b-8c6e-ee46e0c4e2cc","9a3db3eb463ab40a45485eec284d5e107a6a1f34","org.apache.openjpa.lib.log.Log4JLogFactory","openjpa-lib/src/main/java/org/apache/openjpa/lib/log/Log4JLogFactory.java","1"
"36","4.1.1","9d2f5f8c35691c3542606bea1d23b916bcbeda8d","1881d68c-2c8f-452b-8c6e-ee46e0c4e2cc","9a3db3eb463ab40a45485eec284d5e107a6a1f34","org.apache.openjpa.lib.log.LogFactory","openjpa-lib/src/main/java/org/apache/openjpa/lib/log/LogFactory.java","0"
"36","4.1.1","9d2f5f8c35691c3542606bea1d23b916bcbeda8d","1881d68c-2c8f-452b-8c6e-ee46e0c4e2cc","9a3db3eb463ab40a45485eec284d5e107a6a1f34","org.apache.openjpa.lib.log.LogFactoryAdapter","openjpa-lib/src/main/java/org/apache/openjpa/lib/log/LogFactoryAdapter.java","1"
"36","4.1.1","9d2f5f8c35691c3542606bea1d23b916bcbeda8d","1881d68c-2c8f-452b-8c6e-ee46e0c4e2cc","9a3db3eb463ab40a45485eec284d5e107a6a1f34","org.apache.openjpa.lib.log.LogFactoryImpl","openjpa-lib/src/main/java/org/apache/openjpa/lib/log/LogFactoryImpl.java","20"
"36","4.1.1","9d2f5f8c35691c3542606bea1d23b916bcbeda8d","1881d68c-2c8f-452b-8c6e-ee46e0c4e2cc","9a3db3eb463ab40a45485eec284d5e107a6a1f34","org.apache.openjpa.lib.log.LogOutputStream","openjpa-lib/src/main/java/org/apache/openjpa/lib/log/LogOutputStream.java","4"
"36","4.1.1","9d2f5f8c35691c3542606bea1d23b916bcbeda8d","1881d68c-2c8f-452b-8c6e-ee46e0c4e2cc","9a3db3eb463ab40a45485eec284d5e107a6a1f34","org.apache.openjpa.lib.log.MultiLogFactory","openjpa-lib/src/main/java/org/apache/openjpa/lib/log/MultiLogFactory.java","2"
"36","4.1.1","9d2f5f8c35691c3542606bea1d23b916bcbeda8d","1881d68c-2c8f-452b-8c6e-ee46e0c4e2cc","9a3db3eb463ab40a45485eec284d5e107a6a1f34","org.apache.openjpa.lib.log.NoneLogFactory","openjpa-lib/src/main/java/org/apache/openjpa/lib/log/NoneLogFactory.java","10"
"36","4.1.1","9d2f5f8c35691c3542606bea1d23b916bcbeda8d","1881d68c-2c8f-452b-8c6e-ee46e0c4e2cc","9a3db3eb463ab40a45485eec284d5e107a6a1f34","org.apache.openjpa.lib.log.SLF4JLogFactory","openjpa-lib/src/main/java/org/apache/openjpa/lib/log/SLF4JLogFactory.java","1"
"36","4.1.1","9d2f5f8c35691c3542606bea1d23b916bcbeda8d","1881d68c-2c8f-452b-8c6e-ee46e0c4e2cc","9a3db3eb463ab40a45485eec284d5e107a6a1f34","org.apache.openjpa.lib.meta.CFMetaDataParser","openjpa-lib/src/main/java/org/apache/openjpa/lib/meta/CFMetaDataParser.java","22"
"36","4.1.1","9d2f5f8c35691c3542606bea1d23b916bcbeda8d","1881d68c-2c8f-452b-8c6e-ee46e0c4e2cc","9a3db3eb463ab40a45485eec284d5e107a6a1f34","org.apache.openjpa.lib.meta.CFMetaDataSerializer","openjpa-lib/src/main/java/org/apache/openjpa/lib/meta/CFMetaDataSerializer.java","3"
"36","4.1.1","9d2f5f8c35691c3542606bea1d23b916bcbeda8d","1881d68c-2c8f-452b-8c6e-ee46e0c4e2cc","9a3db3eb463ab40a45485eec284d5e107a6a1f34","org.apache.openjpa.lib.meta.ClassAnnotationMetaDataFilter","openjpa-lib/src/main/java/org/apache/openjpa/lib/meta/ClassAnnotationMetaDataFilter.java","3"
"36","4.1.1","9d2f5f8c35691c3542606bea1d23b916bcbeda8d","1881d68c-2c8f-452b-8c6e-ee46e0c4e2cc","9a3db3eb463ab40a45485eec284d5e107a6a1f34","org.apache.openjpa.lib.meta.ClassArgParser","openjpa-lib/src/main/java/org/apache/openjpa/lib/meta/ClassArgParser.java","30"
"36","4.1.1","9d2f5f8c35691c3542606bea1d23b916bcbeda8d","1881d68c-2c8f-452b-8c6e-ee46e0c4e2cc","9a3db3eb463ab40a45485eec284d5e107a6a1f34","org.apache.openjpa.lib.meta.ClassMetaDataIterator","openjpa-lib/src/main/java/org/apache/openjpa/lib/meta/ClassMetaDataIterator.java","12"
"36","4.1.1","9d2f5f8c35691c3542606bea1d23b916bcbeda8d","1881d68c-2c8f-452b-8c6e-ee46e0c4e2cc","9a3db3eb463ab40a45485eec284d5e107a6a1f34","org.apache.openjpa.lib.meta.ClasspathMetaDataIterator","openjpa-lib/src/main/java/org/apache/openjpa/lib/meta/ClasspathMetaDataIterator.java","3"
"36","4.1.1","9d2f5f8c35691c3542606bea1d23b916bcbeda8d","1881d68c-2c8f-452b-8c6e-ee46e0c4e2cc","9a3db3eb463ab40a45485eec284d5e107a6a1f34","org.apache.openjpa.lib.meta.FileMetaDataIterator","openjpa-lib/src/main/java/org/apache/openjpa/lib/meta/FileMetaDataIterator.java","5"
"36","4.1.1","9d2f5f8c35691c3542606bea1d23b916bcbeda8d","1881d68c-2c8f-452b-8c6e-ee46e0c4e2cc","9a3db3eb463ab40a45485eec284d5e107a6a1f34","org.apache.openjpa.lib.meta.JarFileURLMetaDataIterator","openjpa-lib/src/main/java/org/apache/openjpa/lib/meta/JarFileURLMetaDataIterator.java","7"
"36","4.1.1","9d2f5f8c35691c3542606bea1d23b916bcbeda8d","1881d68c-2c8f-452b-8c6e-ee46e0c4e2cc","9a3db3eb463ab40a45485eec284d5e107a6a1f34","org.apache.openjpa.lib.meta.MetaDataFilter","openjpa-lib/src/main/java/org/apache/openjpa/lib/meta/MetaDataFilter.java","0"
"36","4.1.1","9d2f5f8c35691c3542606bea1d23b916bcbeda8d","1881d68c-2c8f-452b-8c6e-ee46e0c4e2cc","9a3db3eb463ab40a45485eec284d5e107a6a1f34","org.apache.openjpa.lib.meta.MetaDataIterator","openjpa-lib/src/main/java/org/apache/openjpa/lib/meta/MetaDataIterator.java","0"
"36","4.1.1","9d2f5f8c35691c3542606bea1d23b916bcbeda8d","1881d68c-2c8f-452b-8c6e-ee46e0c4e2cc","9a3db3eb463ab40a45485eec284d5e107a6a1f34","org.apache.openjpa.lib.meta.MetaDataIteratorChain","openjpa-lib/src/main/java/org/apache/openjpa/lib/meta/MetaDataIteratorChain.java","4"
"36","4.1.1","9d2f5f8c35691c3542606bea1d23b916bcbeda8d","1881d68c-2c8f-452b-8c6e-ee46e0c4e2cc","9a3db3eb463ab40a45485eec284d5e107a6a1f34","org.apache.openjpa.lib.meta.MetaDataParser","openjpa-lib/src/main/java/org/apache/openjpa/lib/meta/MetaDataParser.java","0"
"36","4.1.1","9d2f5f8c35691c3542606bea1d23b916bcbeda8d","1881d68c-2c8f-452b-8c6e-ee46e0c4e2cc","9a3db3eb463ab40a45485eec284d5e107a6a1f34","org.apache.openjpa.lib.meta.MetaDataSerializer","openjpa-lib/src/main/java/org/apache/openjpa/lib/meta/MetaDataSerializer.java","0"
"36","4.1.1","9d2f5f8c35691c3542606bea1d23b916bcbeda8d","1881d68c-2c8f-452b-8c6e-ee46e0c4e2cc","9a3db3eb463ab40a45485eec284d5e107a6a1f34","org.apache.openjpa.lib.meta.ResourceMetaDataIterator","openjpa-lib/src/main/java/org/apache/openjpa/lib/meta/ResourceMetaDataIterator.java","4"
"36","4.1.1","9d2f5f8c35691c3542606bea1d23b916bcbeda8d","1881d68c-2c8f-452b-8c6e-ee46e0c4e2cc","9a3db3eb463ab40a45485eec284d5e107a6a1f34","org.apache.openjpa.lib.meta.SourceTracker","openjpa-lib/src/main/java/org/apache/openjpa/lib/meta/SourceTracker.java","0"
"36","4.1.1","9d2f5f8c35691c3542606bea1d23b916bcbeda8d","1881d68c-2c8f-452b-8c6e-ee46e0c4e2cc","9a3db3eb463ab40a45485eec284d5e107a6a1f34","org.apache.openjpa.lib.meta.SourceTrackers","openjpa-lib/src/main/java/org/apache/openjpa/lib/meta/SourceTrackers.java","1"
"36","4.1.1","9d2f5f8c35691c3542606bea1d23b916bcbeda8d","1881d68c-2c8f-452b-8c6e-ee46e0c4e2cc","9a3db3eb463ab40a45485eec284d5e107a6a1f34","org.apache.openjpa.lib.meta.SuffixMetaDataFilter","openjpa-lib/src/main/java/org/apache/openjpa/lib/meta/SuffixMetaDataFilter.java","1"
"36","4.1.1","9d2f5f8c35691c3542606bea1d23b916bcbeda8d","1881d68c-2c8f-452b-8c6e-ee46e0c4e2cc","9a3db3eb463ab40a45485eec284d5e107a6a1f34","org.apache.openjpa.lib.meta.URLMetaDataIterator","openjpa-lib/src/main/java/org/apache/openjpa/lib/meta/URLMetaDataIterator.java","4"
"36","4.1.1","9d2f5f8c35691c3542606bea1d23b916bcbeda8d","1881d68c-2c8f-452b-8c6e-ee46e0c4e2cc","9a3db3eb463ab40a45485eec284d5e107a6a1f34","org.apache.openjpa.lib.meta.XMLMetaDataParser","openjpa-lib/src/main/java/org/apache/openjpa/lib/meta/XMLMetaDataParser.java","30"
"36","4.1.1","9d2f5f8c35691c3542606bea1d23b916bcbeda8d","1881d68c-2c8f-452b-8c6e-ee46e0c4e2cc","9a3db3eb463ab40a45485eec284d5e107a6a1f34","org.apache.openjpa.lib.meta.XMLMetaDataSerializer","openjpa-lib/src/main/java/org/apache/openjpa/lib/meta/XMLMetaDataSerializer.java","8"
"36","4.1.1","9d2f5f8c35691c3542606bea1d23b916bcbeda8d","1881d68c-2c8f-452b-8c6e-ee46e0c4e2cc","9a3db3eb463ab40a45485eec284d5e107a6a1f34","org.apache.openjpa.lib.meta.XMLVersionParser","openjpa-lib/src/main/java/org/apache/openjpa/lib/meta/XMLVersionParser.java","7"
"36","4.1.1","9d2f5f8c35691c3542606bea1d23b916bcbeda8d","1881d68c-2c8f-452b-8c6e-ee46e0c4e2cc","9a3db3eb463ab40a45485eec284d5e107a6a1f34","org.apache.openjpa.lib.meta.ZipFileMetaDataIterator","openjpa-lib/src/main/java/org/apache/openjpa/lib/meta/ZipFileMetaDataIterator.java","6"
"36","4.1.1","9d2f5f8c35691c3542606bea1d23b916bcbeda8d","1881d68c-2c8f-452b-8c6e-ee46e0c4e2cc","9a3db3eb463ab40a45485eec284d5e107a6a1f34","org.apache.openjpa.lib.meta.ZipStreamMetaDataIterator","openjpa-lib/src/main/java/org/apache/openjpa/lib/meta/ZipStreamMetaDataIterator.java","7"
"36","4.1.1","9d2f5f8c35691c3542606bea1d23b916bcbeda8d","1881d68c-2c8f-452b-8c6e-ee46e0c4e2cc","9a3db3eb463ab40a45485eec284d5e107a6a1f34","org.apache.openjpa.lib.rop.AbstractListIterator","openjpa-lib/src/main/java/org/apache/openjpa/lib/rop/AbstractListIterator.java","1"
"36","4.1.1","9d2f5f8c35691c3542606bea1d23b916bcbeda8d","1881d68c-2c8f-452b-8c6e-ee46e0c4e2cc","9a3db3eb463ab40a45485eec284d5e107a6a1f34","org.apache.openjpa.lib.rop.AbstractNonSequentialResultList","openjpa-lib/src/main/java/org/apache/openjpa/lib/rop/AbstractNonSequentialResultList.java","2"
"36","4.1.1","9d2f5f8c35691c3542606bea1d23b916bcbeda8d","1881d68c-2c8f-452b-8c6e-ee46e0c4e2cc","9a3db3eb463ab40a45485eec284d5e107a6a1f34","org.apache.openjpa.lib.rop.AbstractResultList","openjpa-lib/src/main/java/org/apache/openjpa/lib/rop/AbstractResultList.java","1"
"36","4.1.1","9d2f5f8c35691c3542606bea1d23b916bcbeda8d","1881d68c-2c8f-452b-8c6e-ee46e0c4e2cc","9a3db3eb463ab40a45485eec284d5e107a6a1f34","org.apache.openjpa.lib.rop.AbstractSequentialResultList","openjpa-lib/src/main/java/org/apache/openjpa/lib/rop/AbstractSequentialResultList.java","0"
"36","4.1.1","9d2f5f8c35691c3542606bea1d23b916bcbeda8d","1881d68c-2c8f-452b-8c6e-ee46e0c4e2cc","9a3db3eb463ab40a45485eec284d5e107a6a1f34","org.apache.openjpa.lib.rop.BatchedResultObjectProvider","openjpa-lib/src/main/java/org/apache/openjpa/lib/rop/BatchedResultObjectProvider.java","0"
"36","4.1.1","9d2f5f8c35691c3542606bea1d23b916bcbeda8d","1881d68c-2c8f-452b-8c6e-ee46e0c4e2cc","9a3db3eb463ab40a45485eec284d5e107a6a1f34","org.apache.openjpa.lib.rop.EagerResultList","openjpa-lib/src/main/java/org/apache/openjpa/lib/rop/EagerResultList.java","1"
"36","4.1.1","9d2f5f8c35691c3542606bea1d23b916bcbeda8d","1881d68c-2c8f-452b-8c6e-ee46e0c4e2cc","9a3db3eb463ab40a45485eec284d5e107a6a1f34","org.apache.openjpa.lib.rop.LazyForwardResultList","openjpa-lib/src/main/java/org/apache/openjpa/lib/rop/LazyForwardResultList.java","7"
"36","4.1.1","9d2f5f8c35691c3542606bea1d23b916bcbeda8d","1881d68c-2c8f-452b-8c6e-ee46e0c4e2cc","9a3db3eb463ab40a45485eec284d5e107a6a1f34","org.apache.openjpa.lib.rop.ListResultList","openjpa-lib/src/main/java/org/apache/openjpa/lib/rop/ListResultList.java","3"
"36","4.1.1","9d2f5f8c35691c3542606bea1d23b916bcbeda8d","1881d68c-2c8f-452b-8c6e-ee46e0c4e2cc","9a3db3eb463ab40a45485eec284d5e107a6a1f34","org.apache.openjpa.lib.rop.ListResultObjectProvider","openjpa-lib/src/main/java/org/apache/openjpa/lib/rop/ListResultObjectProvider.java","4"
"36","4.1.1","9d2f5f8c35691c3542606bea1d23b916bcbeda8d","1881d68c-2c8f-452b-8c6e-ee46e0c4e2cc","9a3db3eb463ab40a45485eec284d5e107a6a1f34","org.apache.openjpa.lib.rop.MergedResultObjectProvider","openjpa-lib/src/main/java/org/apache/openjpa/lib/rop/MergedResultObjectProvider.java","10"
"36","4.1.1","9d2f5f8c35691c3542606bea1d23b916bcbeda8d","1881d68c-2c8f-452b-8c6e-ee46e0c4e2cc","9a3db3eb463ab40a45485eec284d5e107a6a1f34","org.apache.openjpa.lib.rop.RandomAccessResultList","openjpa-lib/src/main/java/org/apache/openjpa/lib/rop/RandomAccessResultList.java","11"
"36","4.1.1","9d2f5f8c35691c3542606bea1d23b916bcbeda8d","1881d68c-2c8f-452b-8c6e-ee46e0c4e2cc","9a3db3eb463ab40a45485eec284d5e107a6a1f34","org.apache.openjpa.lib.rop.RangeResultObjectProvider","openjpa-lib/src/main/java/org/apache/openjpa/lib/rop/RangeResultObjectProvider.java","4"
"36","4.1.1","9d2f5f8c35691c3542606bea1d23b916bcbeda8d","1881d68c-2c8f-452b-8c6e-ee46e0c4e2cc","9a3db3eb463ab40a45485eec284d5e107a6a1f34","org.apache.openjpa.lib.rop.ResultList","openjpa-lib/src/main/java/org/apache/openjpa/lib/rop/ResultList.java","0"
"36","4.1.1","9d2f5f8c35691c3542606bea1d23b916bcbeda8d","1881d68c-2c8f-452b-8c6e-ee46e0c4e2cc","9a3db3eb463ab40a45485eec284d5e107a6a1f34","org.apache.openjpa.lib.rop.ResultListIterator","openjpa-lib/src/main/java/org/apache/openjpa/lib/rop/ResultListIterator.java","2"
"36","4.1.1","9d2f5f8c35691c3542606bea1d23b916bcbeda8d","1881d68c-2c8f-452b-8c6e-ee46e0c4e2cc","9a3db3eb463ab40a45485eec284d5e107a6a1f34","org.apache.openjpa.lib.rop.ResultObjectProvider","openjpa-lib/src/main/java/org/apache/openjpa/lib/rop/ResultObjectProvider.java","6"
"36","4.1.1","9d2f5f8c35691c3542606bea1d23b916bcbeda8d","1881d68c-2c8f-452b-8c6e-ee46e0c4e2cc","9a3db3eb463ab40a45485eec284d5e107a6a1f34","org.apache.openjpa.lib.rop.ResultObjectProviderIterator","openjpa-lib/src/main/java/org/apache/openjpa/lib/rop/ResultObjectProviderIterator.java","5"
"36","4.1.1","9d2f5f8c35691c3542606bea1d23b916bcbeda8d","1881d68c-2c8f-452b-8c6e-ee46e0c4e2cc","9a3db3eb463ab40a45485eec284d5e107a6a1f34","org.apache.openjpa.lib.rop.SimpleResultList","openjpa-lib/src/main/java/org/apache/openjpa/lib/rop/SimpleResultList.java","4"
"36","4.1.1","9d2f5f8c35691c3542606bea1d23b916bcbeda8d","1881d68c-2c8f-452b-8c6e-ee46e0c4e2cc","9a3db3eb463ab40a45485eec284d5e107a6a1f34","org.apache.openjpa.lib.rop.SoftRandomAccessResultList","openjpa-lib/src/main/java/org/apache/openjpa/lib/rop/SoftRandomAccessResultList.java","0"
"36","4.1.1","9d2f5f8c35691c3542606bea1d23b916bcbeda8d","1881d68c-2c8f-452b-8c6e-ee46e0c4e2cc","9a3db3eb463ab40a45485eec284d5e107a6a1f34","org.apache.openjpa.lib.rop.WindowResultList","openjpa-lib/src/main/java/org/apache/openjpa/lib/rop/WindowResultList.java","10"
"36","4.1.1","9d2f5f8c35691c3542606bea1d23b916bcbeda8d","1881d68c-2c8f-452b-8c6e-ee46e0c4e2cc","9a3db3eb463ab40a45485eec284d5e107a6a1f34","org.apache.openjpa.lib.util.Base16Encoder","openjpa-lib/src/main/java/org/apache/openjpa/lib/util/Base16Encoder.java","3"
"36","4.1.1","9d2f5f8c35691c3542606bea1d23b916bcbeda8d","1881d68c-2c8f-452b-8c6e-ee46e0c4e2cc","9a3db3eb463ab40a45485eec284d5e107a6a1f34","org.apache.openjpa.lib.util.Bytes","openjpa-lib/src/main/java/org/apache/openjpa/lib/util/Bytes.java","0"
"36","4.1.1","9d2f5f8c35691c3542606bea1d23b916bcbeda8d","1881d68c-2c8f-452b-8c6e-ee46e0c4e2cc","9a3db3eb463ab40a45485eec284d5e107a6a1f34","org.apache.openjpa.lib.util.ClassUtil","openjpa-lib/src/main/java/org/apache/openjpa/lib/util/ClassUtil.java","2"
"36","4.1.1","9d2f5f8c35691c3542606bea1d23b916bcbeda8d","1881d68c-2c8f-452b-8c6e-ee46e0c4e2cc","9a3db3eb463ab40a45485eec284d5e107a6a1f34","org.apache.openjpa.lib.util.Clearable","openjpa-lib/src/main/java/org/apache/openjpa/lib/util/Clearable.java","0"
"36","4.1.1","9d2f5f8c35691c3542606bea1d23b916bcbeda8d","1881d68c-2c8f-452b-8c6e-ee46e0c4e2cc","9a3db3eb463ab40a45485eec284d5e107a6a1f34","org.apache.openjpa.lib.util.Closeable","openjpa-lib/src/main/java/org/apache/openjpa/lib/util/Closeable.java","1"
"36","4.1.1","9d2f5f8c35691c3542606bea1d23b916bcbeda8d","1881d68c-2c8f-452b-8c6e-ee46e0c4e2cc","9a3db3eb463ab40a45485eec284d5e107a6a1f34","org.apache.openjpa.lib.util.CodeFormat","openjpa-lib/src/main/java/org/apache/openjpa/lib/util/CodeFormat.java","11"
"36","4.1.1","9d2f5f8c35691c3542606bea1d23b916bcbeda8d","1881d68c-2c8f-452b-8c6e-ee46e0c4e2cc","9a3db3eb463ab40a45485eec284d5e107a6a1f34","org.apache.openjpa.lib.util.EventManager","openjpa-lib/src/main/java/org/apache/openjpa/lib/util/EventManager.java","0"
"36","4.1.1","9d2f5f8c35691c3542606bea1d23b916bcbeda8d","1881d68c-2c8f-452b-8c6e-ee46e0c4e2cc","9a3db3eb463ab40a45485eec284d5e107a6a1f34","org.apache.openjpa.lib.util.Files","openjpa-lib/src/main/java/org/apache/openjpa/lib/util/Files.java","20"
"36","4.1.1","9d2f5f8c35691c3542606bea1d23b916bcbeda8d","1881d68c-2c8f-452b-8c6e-ee46e0c4e2cc","9a3db3eb463ab40a45485eec284d5e107a6a1f34","org.apache.openjpa.lib.util.FormatPreservingProperties","openjpa-lib/src/main/java/org/apache/openjpa/lib/util/FormatPreservingProperties.java","16"
"36","4.1.1","9d2f5f8c35691c3542606bea1d23b916bcbeda8d","1881d68c-2c8f-452b-8c6e-ee46e0c4e2cc","9a3db3eb463ab40a45485eec284d5e107a6a1f34","org.apache.openjpa.lib.util.J2DoPrivHelper","openjpa-lib/src/main/java/org/apache/openjpa/lib/util/J2DoPrivHelper.java","24"
"36","4.1.1","9d2f5f8c35691c3542606bea1d23b916bcbeda8d","1881d68c-2c8f-452b-8c6e-ee46e0c4e2cc","9a3db3eb463ab40a45485eec284d5e107a6a1f34","org.apache.openjpa.lib.util.JavaVendors","openjpa-lib/src/main/java/org/apache/openjpa/lib/util/JavaVendors.java","1"
"36","4.1.1","9d2f5f8c35691c3542606bea1d23b916bcbeda8d","1881d68c-2c8f-452b-8c6e-ee46e0c4e2cc","9a3db3eb463ab40a45485eec284d5e107a6a1f34","org.apache.openjpa.lib.util.JavaVersions","openjpa-lib/src/main/java/org/apache/openjpa/lib/util/JavaVersions.java","1"
"36","4.1.1","9d2f5f8c35691c3542606bea1d23b916bcbeda8d","1881d68c-2c8f-452b-8c6e-ee46e0c4e2cc","9a3db3eb463ab40a45485eec284d5e107a6a1f34","org.apache.openjpa.lib.util.LRUMap","openjpa-lib/src/main/java/org/apache/openjpa/lib/util/LRUMap.java","4"
"36","4.1.1","9d2f5f8c35691c3542606bea1d23b916bcbeda8d","1881d68c-2c8f-452b-8c6e-ee46e0c4e2cc","9a3db3eb463ab40a45485eec284d5e107a6a1f34","org.apache.openjpa.lib.util.Localizer","openjpa-lib/src/main/java/org/apache/openjpa/lib/util/Localizer.java","12"
"36","4.1.1","9d2f5f8c35691c3542606bea1d23b916bcbeda8d","1881d68c-2c8f-452b-8c6e-ee46e0c4e2cc","9a3db3eb463ab40a45485eec284d5e107a6a1f34","org.apache.openjpa.lib.util.MultiClassLoader","openjpa-lib/src/main/java/org/apache/openjpa/lib/util/MultiClassLoader.java","4"
"36","4.1.1","9d2f5f8c35691c3542606bea1d23b916bcbeda8d","1881d68c-2c8f-452b-8c6e-ee46e0c4e2cc","9a3db3eb463ab40a45485eec284d5e107a6a1f34","org.apache.openjpa.lib.util.Options","openjpa-lib/src/main/java/org/apache/openjpa/lib/util/Options.java","16"
"36","4.1.1","9d2f5f8c35691c3542606bea1d23b916bcbeda8d","1881d68c-2c8f-452b-8c6e-ee46e0c4e2cc","9a3db3eb463ab40a45485eec284d5e107a6a1f34","org.apache.openjpa.lib.util.OrderedMap","openjpa-lib/src/main/java/org/apache/openjpa/lib/util/OrderedMap.java","2"
"36","4.1.1","9d2f5f8c35691c3542606bea1d23b916bcbeda8d","1881d68c-2c8f-452b-8c6e-ee46e0c4e2cc","9a3db3eb463ab40a45485eec284d5e107a6a1f34","org.apache.openjpa.lib.util.ParameterTemplate","openjpa-lib/src/main/java/org/apache/openjpa/lib/util/ParameterTemplate.java","5"
"36","4.1.1","9d2f5f8c35691c3542606bea1d23b916bcbeda8d","1881d68c-2c8f-452b-8c6e-ee46e0c4e2cc","9a3db3eb463ab40a45485eec284d5e107a6a1f34","org.apache.openjpa.lib.util.ParseException","openjpa-lib/src/main/java/org/apache/openjpa/lib/util/ParseException.java","0"
"36","4.1.1","9d2f5f8c35691c3542606bea1d23b916bcbeda8d","1881d68c-2c8f-452b-8c6e-ee46e0c4e2cc","9a3db3eb463ab40a45485eec284d5e107a6a1f34","org.apache.openjpa.lib.util.ReferenceHashMap","openjpa-lib/src/main/java/org/apache/openjpa/lib/util/ReferenceHashMap.java","6"
"36","4.1.1","9d2f5f8c35691c3542606bea1d23b916bcbeda8d","1881d68c-2c8f-452b-8c6e-ee46e0c4e2cc","9a3db3eb463ab40a45485eec284d5e107a6a1f34","org.apache.openjpa.lib.util.ReferenceHashSet","openjpa-lib/src/main/java/org/apache/openjpa/lib/util/ReferenceHashSet.java","2"
"36","4.1.1","9d2f5f8c35691c3542606bea1d23b916bcbeda8d","1881d68c-2c8f-452b-8c6e-ee46e0c4e2cc","9a3db3eb463ab40a45485eec284d5e107a6a1f34","org.apache.openjpa.lib.util.ReferenceMap","openjpa-lib/src/main/java/org/apache/openjpa/lib/util/ReferenceMap.java","0"
"36","4.1.1","9d2f5f8c35691c3542606bea1d23b916bcbeda8d","1881d68c-2c8f-452b-8c6e-ee46e0c4e2cc","9a3db3eb463ab40a45485eec284d5e107a6a1f34","org.apache.openjpa.lib.util.Reflectable","openjpa-lib/src/main/java/org/apache/openjpa/lib/util/Reflectable.java","0"
"36","4.1.1","9d2f5f8c35691c3542606bea1d23b916bcbeda8d","1881d68c-2c8f-452b-8c6e-ee46e0c4e2cc","9a3db3eb463ab40a45485eec284d5e107a6a1f34","org.apache.openjpa.lib.util.ResourceBundleProvider","openjpa-lib/src/main/java/org/apache/openjpa/lib/util/ResourceBundleProvider.java","0"
"36","4.1.1","9d2f5f8c35691c3542606bea1d23b916bcbeda8d","1881d68c-2c8f-452b-8c6e-ee46e0c4e2cc","9a3db3eb463ab40a45485eec284d5e107a6a1f34","org.apache.openjpa.lib.util.Services","openjpa-lib/src/main/java/org/apache/openjpa/lib/util/Services.java","5"
"36","4.1.1","9d2f5f8c35691c3542606bea1d23b916bcbeda8d","1881d68c-2c8f-452b-8c6e-ee46e0c4e2cc","9a3db3eb463ab40a45485eec284d5e107a6a1f34","org.apache.openjpa.lib.util.SimpleRegex","openjpa-lib/src/main/java/org/apache/openjpa/lib/util/SimpleRegex.java","2"
"36","4.1.1","9d2f5f8c35691c3542606bea1d23b916bcbeda8d","1881d68c-2c8f-452b-8c6e-ee46e0c4e2cc","9a3db3eb463ab40a45485eec284d5e107a6a1f34","org.apache.openjpa.lib.util.SimpleResourceBundleProvider","openjpa-lib/src/main/java/org/apache/openjpa/lib/util/SimpleResourceBundleProvider.java","4"
"36","4.1.1","9d2f5f8c35691c3542606bea1d23b916bcbeda8d","1881d68c-2c8f-452b-8c6e-ee46e0c4e2cc","9a3db3eb463ab40a45485eec284d5e107a6a1f34","org.apache.openjpa.lib.util.SizedMap","openjpa-lib/src/main/java/org/apache/openjpa/lib/util/SizedMap.java","0"
"36","4.1.1","9d2f5f8c35691c3542606bea1d23b916bcbeda8d","1881d68c-2c8f-452b-8c6e-ee46e0c4e2cc","9a3db3eb463ab40a45485eec284d5e107a6a1f34","org.apache.openjpa.lib.util.StreamResourceBundleProvider","openjpa-lib/src/main/java/org/apache/openjpa/lib/util/StreamResourceBundleProvider.java","2"
"36","4.1.1","9d2f5f8c35691c3542606bea1d23b916bcbeda8d","1881d68c-2c8f-452b-8c6e-ee46e0c4e2cc","9a3db3eb463ab40a45485eec284d5e107a6a1f34","org.apache.openjpa.lib.util.StringDistance","openjpa-lib/src/main/java/org/apache/openjpa/lib/util/StringDistance.java","1"
"36","4.1.1","9d2f5f8c35691c3542606bea1d23b916bcbeda8d","1881d68c-2c8f-452b-8c6e-ee46e0c4e2cc","9a3db3eb463ab40a45485eec284d5e107a6a1f34","org.apache.openjpa.lib.util.StringUtil","openjpa-lib/src/main/java/org/apache/openjpa/lib/util/StringUtil.java","5"
"36","4.1.1","9d2f5f8c35691c3542606bea1d23b916bcbeda8d","1881d68c-2c8f-452b-8c6e-ee46e0c4e2cc","9a3db3eb463ab40a45485eec284d5e107a6a1f34","org.apache.openjpa.lib.util.TemporaryClassLoader","openjpa-lib/src/main/java/org/apache/openjpa/lib/util/TemporaryClassLoader.java","3"
"36","4.1.1","9d2f5f8c35691c3542606bea1d23b916bcbeda8d","1881d68c-2c8f-452b-8c6e-ee46e0c4e2cc","9a3db3eb463ab40a45485eec284d5e107a6a1f34","org.apache.openjpa.lib.util.TimestampHelper","openjpa-lib/src/main/java/org/apache/openjpa/lib/util/TimestampHelper.java","5"
"36","4.1.1","9d2f5f8c35691c3542606bea1d23b916bcbeda8d","1881d68c-2c8f-452b-8c6e-ee46e0c4e2cc","9a3db3eb463ab40a45485eec284d5e107a6a1f34","org.apache.openjpa.lib.util.TypedProperties","openjpa-lib/src/main/java/org/apache/openjpa/lib/util/TypedProperties.java","0"
"36","4.1.1","9d2f5f8c35691c3542606bea1d23b916bcbeda8d","1881d68c-2c8f-452b-8c6e-ee46e0c4e2cc","9a3db3eb463ab40a45485eec284d5e107a6a1f34","org.apache.openjpa.lib.util.UUIDGenerator","openjpa-lib/src/main/java/org/apache/openjpa/lib/util/UUIDGenerator.java","2"
"36","4.1.1","9d2f5f8c35691c3542606bea1d23b916bcbeda8d","1881d68c-2c8f-452b-8c6e-ee46e0c4e2cc","9a3db3eb463ab40a45485eec284d5e107a6a1f34","org.apache.openjpa.lib.util.ZipResourceBundleProvider","openjpa-lib/src/main/java/org/apache/openjpa/lib/util/ZipResourceBundleProvider.java","2"
"36","4.1.1","9d2f5f8c35691c3542606bea1d23b916bcbeda8d","1881d68c-2c8f-452b-8c6e-ee46e0c4e2cc","9a3db3eb463ab40a45485eec284d5e107a6a1f34","org.apache.openjpa.lib.util.collections.AbstractCollectionDecorator","openjpa-lib/src/main/java/org/apache/openjpa/lib/util/collections/AbstractCollectionDecorator.java","1"
"36","4.1.1","9d2f5f8c35691c3542606bea1d23b916bcbeda8d","1881d68c-2c8f-452b-8c6e-ee46e0c4e2cc","9a3db3eb463ab40a45485eec284d5e107a6a1f34","org.apache.openjpa.lib.util.collections.AbstractDualBidiMap","openjpa-lib/src/main/java/org/apache/openjpa/lib/util/collections/AbstractDualBidiMap.java","10"
"36","4.1.1","9d2f5f8c35691c3542606bea1d23b916bcbeda8d","1881d68c-2c8f-452b-8c6e-ee46e0c4e2cc","9a3db3eb463ab40a45485eec284d5e107a6a1f34","org.apache.openjpa.lib.util.collections.AbstractEmptyIterator","openjpa-lib/src/main/java/org/apache/openjpa/lib/util/collections/AbstractEmptyIterator.java","0"
"36","4.1.1","9d2f5f8c35691c3542606bea1d23b916bcbeda8d","1881d68c-2c8f-452b-8c6e-ee46e0c4e2cc","9a3db3eb463ab40a45485eec284d5e107a6a1f34","org.apache.openjpa.lib.util.collections.AbstractEmptyMapIterator","openjpa-lib/src/main/java/org/apache/openjpa/lib/util/collections/AbstractEmptyMapIterator.java","1"
"36","4.1.1","9d2f5f8c35691c3542606bea1d23b916bcbeda8d","1881d68c-2c8f-452b-8c6e-ee46e0c4e2cc","9a3db3eb463ab40a45485eec284d5e107a6a1f34","org.apache.openjpa.lib.util.collections.AbstractHashedMap","openjpa-lib/src/main/java/org/apache/openjpa/lib/util/collections/AbstractHashedMap.java","22"
"36","4.1.1","9d2f5f8c35691c3542606bea1d23b916bcbeda8d","1881d68c-2c8f-452b-8c6e-ee46e0c4e2cc","9a3db3eb463ab40a45485eec284d5e107a6a1f34","org.apache.openjpa.lib.util.collections.AbstractIterableMap","openjpa-lib/src/main/java/org/apache/openjpa/lib/util/collections/AbstractIterableMap.java","0"
"36","4.1.1","9d2f5f8c35691c3542606bea1d23b916bcbeda8d","1881d68c-2c8f-452b-8c6e-ee46e0c4e2cc","9a3db3eb463ab40a45485eec284d5e107a6a1f34","org.apache.openjpa.lib.util.collections.AbstractIteratorDecorator","openjpa-lib/src/main/java/org/apache/openjpa/lib/util/collections/AbstractIteratorDecorator.java","0"
"36","4.1.1","9d2f5f8c35691c3542606bea1d23b916bcbeda8d","1881d68c-2c8f-452b-8c6e-ee46e0c4e2cc","9a3db3eb463ab40a45485eec284d5e107a6a1f34","org.apache.openjpa.lib.util.collections.AbstractKeyValue","openjpa-lib/src/main/java/org/apache/openjpa/lib/util/collections/AbstractKeyValue.java","0"
"36","4.1.1","9d2f5f8c35691c3542606bea1d23b916bcbeda8d","1881d68c-2c8f-452b-8c6e-ee46e0c4e2cc","9a3db3eb463ab40a45485eec284d5e107a6a1f34","org.apache.openjpa.lib.util.collections.AbstractLinkedMap","openjpa-lib/src/main/java/org/apache/openjpa/lib/util/collections/AbstractLinkedMap.java","4"
"36","4.1.1","9d2f5f8c35691c3542606bea1d23b916bcbeda8d","1881d68c-2c8f-452b-8c6e-ee46e0c4e2cc","9a3db3eb463ab40a45485eec284d5e107a6a1f34","org.apache.openjpa.lib.util.collections.AbstractListDecorator","openjpa-lib/src/main/java/org/apache/openjpa/lib/util/collections/AbstractListDecorator.java","0"
"36","4.1.1","9d2f5f8c35691c3542606bea1d23b916bcbeda8d","1881d68c-2c8f-452b-8c6e-ee46e0c4e2cc","9a3db3eb463ab40a45485eec284d5e107a6a1f34","org.apache.openjpa.lib.util.collections.AbstractMapDecorator","openjpa-lib/src/main/java/org/apache/openjpa/lib/util/collections/AbstractMapDecorator.java","1"
"36","4.1.1","9d2f5f8c35691c3542606bea1d23b916bcbeda8d","1881d68c-2c8f-452b-8c6e-ee46e0c4e2cc","9a3db3eb463ab40a45485eec284d5e107a6a1f34","org.apache.openjpa.lib.util.collections.AbstractMapEntry","openjpa-lib/src/main/java/org/apache/openjpa/lib/util/collections/AbstractMapEntry.java","0"
"36","4.1.1","9d2f5f8c35691c3542606bea1d23b916bcbeda8d","1881d68c-2c8f-452b-8c6e-ee46e0c4e2cc","9a3db3eb463ab40a45485eec284d5e107a6a1f34","org.apache.openjpa.lib.util.collections.AbstractMapEntryDecorator","openjpa-lib/src/main/java/org/apache/openjpa/lib/util/collections/AbstractMapEntryDecorator.java","1"
"36","4.1.1","9d2f5f8c35691c3542606bea1d23b916bcbeda8d","1881d68c-2c8f-452b-8c6e-ee46e0c4e2cc","9a3db3eb463ab40a45485eec284d5e107a6a1f34","org.apache.openjpa.lib.util.collections.AbstractOrderedMapDecorator","openjpa-lib/src/main/java/org/apache/openjpa/lib/util/collections/AbstractOrderedMapDecorator.java","1"
"36","4.1.1","9d2f5f8c35691c3542606bea1d23b916bcbeda8d","1881d68c-2c8f-452b-8c6e-ee46e0c4e2cc","9a3db3eb463ab40a45485eec284d5e107a6a1f34","org.apache.openjpa.lib.util.collections.AbstractReferenceMap","openjpa-lib/src/main/java/org/apache/openjpa/lib/util/collections/AbstractReferenceMap.java","12"
"36","4.1.1","9d2f5f8c35691c3542606bea1d23b916bcbeda8d","1881d68c-2c8f-452b-8c6e-ee46e0c4e2cc","9a3db3eb463ab40a45485eec284d5e107a6a1f34","org.apache.openjpa.lib.util.collections.AbstractSerializableListDecorator","openjpa-lib/src/main/java/org/apache/openjpa/lib/util/collections/AbstractSerializableListDecorator.java","0"
"36","4.1.1","9d2f5f8c35691c3542606bea1d23b916bcbeda8d","1881d68c-2c8f-452b-8c6e-ee46e0c4e2cc","9a3db3eb463ab40a45485eec284d5e107a6a1f34","org.apache.openjpa.lib.util.collections.AbstractSerializableSetDecorator","openjpa-lib/src/main/java/org/apache/openjpa/lib/util/collections/AbstractSerializableSetDecorator.java","0"
"36","4.1.1","9d2f5f8c35691c3542606bea1d23b916bcbeda8d","1881d68c-2c8f-452b-8c6e-ee46e0c4e2cc","9a3db3eb463ab40a45485eec284d5e107a6a1f34","org.apache.openjpa.lib.util.collections.AbstractSetDecorator","openjpa-lib/src/main/java/org/apache/openjpa/lib/util/collections/AbstractSetDecorator.java","0"
"36","4.1.1","9d2f5f8c35691c3542606bea1d23b916bcbeda8d","1881d68c-2c8f-452b-8c6e-ee46e0c4e2cc","9a3db3eb463ab40a45485eec284d5e107a6a1f34","org.apache.openjpa.lib.util.collections.AbstractSortedMapDecorator","openjpa-lib/src/main/java/org/apache/openjpa/lib/util/collections/AbstractSortedMapDecorator.java","1"
"36","4.1.1","9d2f5f8c35691c3542606bea1d23b916bcbeda8d","1881d68c-2c8f-452b-8c6e-ee46e0c4e2cc","9a3db3eb463ab40a45485eec284d5e107a6a1f34","org.apache.openjpa.lib.util.collections.AbstractUntypedIteratorDecorator","openjpa-lib/src/main/java/org/apache/openjpa/lib/util/collections/AbstractUntypedIteratorDecorator.java","0"
"36","4.1.1","9d2f5f8c35691c3542606bea1d23b916bcbeda8d","1881d68c-2c8f-452b-8c6e-ee46e0c4e2cc","9a3db3eb463ab40a45485eec284d5e107a6a1f34","org.apache.openjpa.lib.util.collections.BidiMap","openjpa-lib/src/main/java/org/apache/openjpa/lib/util/collections/BidiMap.java","0"
"36","4.1.1","9d2f5f8c35691c3542606bea1d23b916bcbeda8d","1881d68c-2c8f-452b-8c6e-ee46e0c4e2cc","9a3db3eb463ab40a45485eec284d5e107a6a1f34","org.apache.openjpa.lib.util.collections.BoundedMap","openjpa-lib/src/main/java/org/apache/openjpa/lib/util/collections/BoundedMap.java","0"
"36","4.1.1","9d2f5f8c35691c3542606bea1d23b916bcbeda8d","1881d68c-2c8f-452b-8c6e-ee46e0c4e2cc","9a3db3eb463ab40a45485eec284d5e107a6a1f34","org.apache.openjpa.lib.util.collections.ComparableComparator","openjpa-lib/src/main/java/org/apache/openjpa/lib/util/collections/ComparableComparator.java","0"
"36","4.1.1","9d2f5f8c35691c3542606bea1d23b916bcbeda8d","1881d68c-2c8f-452b-8c6e-ee46e0c4e2cc","9a3db3eb463ab40a45485eec284d5e107a6a1f34","org.apache.openjpa.lib.util.collections.ComparatorChain","openjpa-lib/src/main/java/org/apache/openjpa/lib/util/collections/ComparatorChain.java","3"
"36","4.1.1","9d2f5f8c35691c3542606bea1d23b916bcbeda8d","1881d68c-2c8f-452b-8c6e-ee46e0c4e2cc","9a3db3eb463ab40a45485eec284d5e107a6a1f34","org.apache.openjpa.lib.util.collections.DefaultMapEntry","openjpa-lib/src/main/java/org/apache/openjpa/lib/util/collections/DefaultMapEntry.java","0"
"36","4.1.1","9d2f5f8c35691c3542606bea1d23b916bcbeda8d","1881d68c-2c8f-452b-8c6e-ee46e0c4e2cc","9a3db3eb463ab40a45485eec284d5e107a6a1f34","org.apache.openjpa.lib.util.collections.DualHashBidiMap","openjpa-lib/src/main/java/org/apache/openjpa/lib/util/collections/DualHashBidiMap.java","0"
"36","4.1.1","9d2f5f8c35691c3542606bea1d23b916bcbeda8d","1881d68c-2c8f-452b-8c6e-ee46e0c4e2cc","9a3db3eb463ab40a45485eec284d5e107a6a1f34","org.apache.openjpa.lib.util.collections.DualTreeBidiMap","openjpa-lib/src/main/java/org/apache/openjpa/lib/util/collections/DualTreeBidiMap.java","1"
"36","4.1.1","9d2f5f8c35691c3542606bea1d23b916bcbeda8d","1881d68c-2c8f-452b-8c6e-ee46e0c4e2cc","9a3db3eb463ab40a45485eec284d5e107a6a1f34","org.apache.openjpa.lib.util.collections.EmptyIterator","openjpa-lib/src/main/java/org/apache/openjpa/lib/util/collections/EmptyIterator.java","0"
"36","4.1.1","9d2f5f8c35691c3542606bea1d23b916bcbeda8d","1881d68c-2c8f-452b-8c6e-ee46e0c4e2cc","9a3db3eb463ab40a45485eec284d5e107a6a1f34","org.apache.openjpa.lib.util.collections.EmptyMapIterator","openjpa-lib/src/main/java/org/apache/openjpa/lib/util/collections/EmptyMapIterator.java","0"
"36","4.1.1","9d2f5f8c35691c3542606bea1d23b916bcbeda8d","1881d68c-2c8f-452b-8c6e-ee46e0c4e2cc","9a3db3eb463ab40a45485eec284d5e107a6a1f34","org.apache.openjpa.lib.util.collections.EmptyOrderedIterator","openjpa-lib/src/main/java/org/apache/openjpa/lib/util/collections/EmptyOrderedIterator.java","0"
"36","4.1.1","9d2f5f8c35691c3542606bea1d23b916bcbeda8d","1881d68c-2c8f-452b-8c6e-ee46e0c4e2cc","9a3db3eb463ab40a45485eec284d5e107a6a1f34","org.apache.openjpa.lib.util.collections.EmptyOrderedMapIterator","openjpa-lib/src/main/java/org/apache/openjpa/lib/util/collections/EmptyOrderedMapIterator.java","0"
"36","4.1.1","9d2f5f8c35691c3542606bea1d23b916bcbeda8d","1881d68c-2c8f-452b-8c6e-ee46e0c4e2cc","9a3db3eb463ab40a45485eec284d5e107a6a1f34","org.apache.openjpa.lib.util.collections.EntrySetToMapIteratorAdapter","openjpa-lib/src/main/java/org/apache/openjpa/lib/util/collections/EntrySetToMapIteratorAdapter.java","2"
"36","4.1.1","9d2f5f8c35691c3542606bea1d23b916bcbeda8d","1881d68c-2c8f-452b-8c6e-ee46e0c4e2cc","9a3db3eb463ab40a45485eec284d5e107a6a1f34","org.apache.openjpa.lib.util.collections.FilterIterator","openjpa-lib/src/main/java/org/apache/openjpa/lib/util/collections/FilterIterator.java","2"
"36","4.1.1","9d2f5f8c35691c3542606bea1d23b916bcbeda8d","1881d68c-2c8f-452b-8c6e-ee46e0c4e2cc","9a3db3eb463ab40a45485eec284d5e107a6a1f34","org.apache.openjpa.lib.util.collections.IterableMap","openjpa-lib/src/main/java/org/apache/openjpa/lib/util/collections/IterableMap.java","0"
"36","4.1.1","9d2f5f8c35691c3542606bea1d23b916bcbeda8d","1881d68c-2c8f-452b-8c6e-ee46e0c4e2cc","9a3db3eb463ab40a45485eec284d5e107a6a1f34","org.apache.openjpa.lib.util.collections.IterableSortedMap","openjpa-lib/src/main/java/org/apache/openjpa/lib/util/collections/IterableSortedMap.java","0"
"36","4.1.1","9d2f5f8c35691c3542606bea1d23b916bcbeda8d","1881d68c-2c8f-452b-8c6e-ee46e0c4e2cc","9a3db3eb463ab40a45485eec284d5e107a6a1f34","org.apache.openjpa.lib.util.collections.IteratorChain","openjpa-lib/src/main/java/org/apache/openjpa/lib/util/collections/IteratorChain.java","1"
"36","4.1.1","9d2f5f8c35691c3542606bea1d23b916bcbeda8d","1881d68c-2c8f-452b-8c6e-ee46e0c4e2cc","9a3db3eb463ab40a45485eec284d5e107a6a1f34","org.apache.openjpa.lib.util.collections.KeyValue","openjpa-lib/src/main/java/org/apache/openjpa/lib/util/collections/KeyValue.java","0"
"36","4.1.1","9d2f5f8c35691c3542606bea1d23b916bcbeda8d","1881d68c-2c8f-452b-8c6e-ee46e0c4e2cc","9a3db3eb463ab40a45485eec284d5e107a6a1f34","org.apache.openjpa.lib.util.collections.LRUMap","openjpa-lib/src/main/java/org/apache/openjpa/lib/util/collections/LRUMap.java","3"
"36","4.1.1","9d2f5f8c35691c3542606bea1d23b916bcbeda8d","1881d68c-2c8f-452b-8c6e-ee46e0c4e2cc","9a3db3eb463ab40a45485eec284d5e107a6a1f34","org.apache.openjpa.lib.util.collections.LinkedMap","openjpa-lib/src/main/java/org/apache/openjpa/lib/util/collections/LinkedMap.java","2"
"36","4.1.1","9d2f5f8c35691c3542606bea1d23b916bcbeda8d","1881d68c-2c8f-452b-8c6e-ee46e0c4e2cc","9a3db3eb463ab40a45485eec284d5e107a6a1f34","org.apache.openjpa.lib.util.collections.ListIteratorWrapper","openjpa-lib/src/main/java/org/apache/openjpa/lib/util/collections/ListIteratorWrapper.java","0"
"36","4.1.1","9d2f5f8c35691c3542606bea1d23b916bcbeda8d","1881d68c-2c8f-452b-8c6e-ee46e0c4e2cc","9a3db3eb463ab40a45485eec284d5e107a6a1f34","org.apache.openjpa.lib.util.collections.MapBackedSet","openjpa-lib/src/main/java/org/apache/openjpa/lib/util/collections/MapBackedSet.java","2"
"36","4.1.1","9d2f5f8c35691c3542606bea1d23b916bcbeda8d","1881d68c-2c8f-452b-8c6e-ee46e0c4e2cc","9a3db3eb463ab40a45485eec284d5e107a6a1f34","org.apache.openjpa.lib.util.collections.MapIterator","openjpa-lib/src/main/java/org/apache/openjpa/lib/util/collections/MapIterator.java","0"
"36","4.1.1","9d2f5f8c35691c3542606bea1d23b916bcbeda8d","1881d68c-2c8f-452b-8c6e-ee46e0c4e2cc","9a3db3eb463ab40a45485eec284d5e107a6a1f34","org.apache.openjpa.lib.util.collections.OrderedBidiMap","openjpa-lib/src/main/java/org/apache/openjpa/lib/util/collections/OrderedBidiMap.java","0"
"36","4.1.1","9d2f5f8c35691c3542606bea1d23b916bcbeda8d","1881d68c-2c8f-452b-8c6e-ee46e0c4e2cc","9a3db3eb463ab40a45485eec284d5e107a6a1f34","org.apache.openjpa.lib.util.collections.OrderedIterator","openjpa-lib/src/main/java/org/apache/openjpa/lib/util/collections/OrderedIterator.java","0"
"36","4.1.1","9d2f5f8c35691c3542606bea1d23b916bcbeda8d","1881d68c-2c8f-452b-8c6e-ee46e0c4e2cc","9a3db3eb463ab40a45485eec284d5e107a6a1f34","org.apache.openjpa.lib.util.collections.OrderedMap","openjpa-lib/src/main/java/org/apache/openjpa/lib/util/collections/OrderedMap.java","0"
"36","4.1.1","9d2f5f8c35691c3542606bea1d23b916bcbeda8d","1881d68c-2c8f-452b-8c6e-ee46e0c4e2cc","9a3db3eb463ab40a45485eec284d5e107a6a1f34","org.apache.openjpa.lib.util.collections.OrderedMapIterator","openjpa-lib/src/main/java/org/apache/openjpa/lib/util/collections/OrderedMapIterator.java","0"
"36","4.1.1","9d2f5f8c35691c3542606bea1d23b916bcbeda8d","1881d68c-2c8f-452b-8c6e-ee46e0c4e2cc","9a3db3eb463ab40a45485eec284d5e107a6a1f34","org.apache.openjpa.lib.util.collections.ReferenceIdentityMap","openjpa-lib/src/main/java/org/apache/openjpa/lib/util/collections/ReferenceIdentityMap.java","0"
"36","4.1.1","9d2f5f8c35691c3542606bea1d23b916bcbeda8d","1881d68c-2c8f-452b-8c6e-ee46e0c4e2cc","9a3db3eb463ab40a45485eec284d5e107a6a1f34","org.apache.openjpa.lib.util.collections.ReferenceMap","openjpa-lib/src/main/java/org/apache/openjpa/lib/util/collections/ReferenceMap.java","0"
"36","4.1.1","9d2f5f8c35691c3542606bea1d23b916bcbeda8d","1881d68c-2c8f-452b-8c6e-ee46e0c4e2cc","9a3db3eb463ab40a45485eec284d5e107a6a1f34","org.apache.openjpa.lib.util.collections.ResettableIterator","openjpa-lib/src/main/java/org/apache/openjpa/lib/util/collections/ResettableIterator.java","0"
"36","4.1.1","9d2f5f8c35691c3542606bea1d23b916bcbeda8d","1881d68c-2c8f-452b-8c6e-ee46e0c4e2cc","9a3db3eb463ab40a45485eec284d5e107a6a1f34","org.apache.openjpa.lib.util.collections.ResettableListIterator","openjpa-lib/src/main/java/org/apache/openjpa/lib/util/collections/ResettableListIterator.java","0"
"36","4.1.1","9d2f5f8c35691c3542606bea1d23b916bcbeda8d","1881d68c-2c8f-452b-8c6e-ee46e0c4e2cc","9a3db3eb463ab40a45485eec284d5e107a6a1f34","org.apache.openjpa.lib.util.collections.SortedBidiMap","openjpa-lib/src/main/java/org/apache/openjpa/lib/util/collections/SortedBidiMap.java","1"
"36","4.1.1","9d2f5f8c35691c3542606bea1d23b916bcbeda8d","1881d68c-2c8f-452b-8c6e-ee46e0c4e2cc","9a3db3eb463ab40a45485eec284d5e107a6a1f34","org.apache.openjpa.lib.util.collections.TreeBidiMap","openjpa-lib/src/main/java/org/apache/openjpa/lib/util/collections/TreeBidiMap.java","8"
"36","4.1.1","9d2f5f8c35691c3542606bea1d23b916bcbeda8d","1881d68c-2c8f-452b-8c6e-ee46e0c4e2cc","9a3db3eb463ab40a45485eec284d5e107a6a1f34","org.apache.openjpa.lib.util.collections.Unmodifiable","openjpa-lib/src/main/java/org/apache/openjpa/lib/util/collections/Unmodifiable.java","0"
"36","4.1.1","9d2f5f8c35691c3542606bea1d23b916bcbeda8d","1881d68c-2c8f-452b-8c6e-ee46e0c4e2cc","9a3db3eb463ab40a45485eec284d5e107a6a1f34","org.apache.openjpa.lib.util.collections.UnmodifiableCollection","openjpa-lib/src/main/java/org/apache/openjpa/lib/util/collections/UnmodifiableCollection.java","0"
"36","4.1.1","9d2f5f8c35691c3542606bea1d23b916bcbeda8d","1881d68c-2c8f-452b-8c6e-ee46e0c4e2cc","9a3db3eb463ab40a45485eec284d5e107a6a1f34","org.apache.openjpa.lib.util.collections.UnmodifiableEntrySet","openjpa-lib/src/main/java/org/apache/openjpa/lib/util/collections/UnmodifiableEntrySet.java","0"
"36","4.1.1","9d2f5f8c35691c3542606bea1d23b916bcbeda8d","1881d68c-2c8f-452b-8c6e-ee46e0c4e2cc","9a3db3eb463ab40a45485eec284d5e107a6a1f34","org.apache.openjpa.lib.util.collections.UnmodifiableIterator","openjpa-lib/src/main/java/org/apache/openjpa/lib/util/collections/UnmodifiableIterator.java","0"
"36","4.1.1","9d2f5f8c35691c3542606bea1d23b916bcbeda8d","1881d68c-2c8f-452b-8c6e-ee46e0c4e2cc","9a3db3eb463ab40a45485eec284d5e107a6a1f34","org.apache.openjpa.lib.util.collections.UnmodifiableList","openjpa-lib/src/main/java/org/apache/openjpa/lib/util/collections/UnmodifiableList.java","0"
"36","4.1.1","9d2f5f8c35691c3542606bea1d23b916bcbeda8d","1881d68c-2c8f-452b-8c6e-ee46e0c4e2cc","9a3db3eb463ab40a45485eec284d5e107a6a1f34","org.apache.openjpa.lib.util.collections.UnmodifiableListIterator","openjpa-lib/src/main/java/org/apache/openjpa/lib/util/collections/UnmodifiableListIterator.java","0"
"36","4.1.1","9d2f5f8c35691c3542606bea1d23b916bcbeda8d","1881d68c-2c8f-452b-8c6e-ee46e0c4e2cc","9a3db3eb463ab40a45485eec284d5e107a6a1f34","org.apache.openjpa.lib.util.collections.UnmodifiableMapEntry","openjpa-lib/src/main/java/org/apache/openjpa/lib/util/collections/UnmodifiableMapEntry.java","0"
"36","4.1.1","9d2f5f8c35691c3542606bea1d23b916bcbeda8d","1881d68c-2c8f-452b-8c6e-ee46e0c4e2cc","9a3db3eb463ab40a45485eec284d5e107a6a1f34","org.apache.openjpa.lib.util.collections.UnmodifiableOrderedMap","openjpa-lib/src/main/java/org/apache/openjpa/lib/util/collections/UnmodifiableOrderedMap.java","0"
"36","4.1.1","9d2f5f8c35691c3542606bea1d23b916bcbeda8d","1881d68c-2c8f-452b-8c6e-ee46e0c4e2cc","9a3db3eb463ab40a45485eec284d5e107a6a1f34","org.apache.openjpa.lib.util.collections.UnmodifiableOrderedMapIterator","openjpa-lib/src/main/java/org/apache/openjpa/lib/util/collections/UnmodifiableOrderedMapIterator.java","0"
"36","4.1.1","9d2f5f8c35691c3542606bea1d23b916bcbeda8d","1881d68c-2c8f-452b-8c6e-ee46e0c4e2cc","9a3db3eb463ab40a45485eec284d5e107a6a1f34","org.apache.openjpa.lib.util.collections.UnmodifiableSet","openjpa-lib/src/main/java/org/apache/openjpa/lib/util/collections/UnmodifiableSet.java","0"
"36","4.1.1","9d2f5f8c35691c3542606bea1d23b916bcbeda8d","1881d68c-2c8f-452b-8c6e-ee46e0c4e2cc","9a3db3eb463ab40a45485eec284d5e107a6a1f34","org.apache.openjpa.lib.util.concurrent.AbstractConcurrentEventManager","openjpa-lib/src/main/java/org/apache/openjpa/lib/util/concurrent/AbstractConcurrentEventManager.java","5"
"36","4.1.1","9d2f5f8c35691c3542606bea1d23b916bcbeda8d","1881d68c-2c8f-452b-8c6e-ee46e0c4e2cc","9a3db3eb463ab40a45485eec284d5e107a6a1f34","org.apache.openjpa.lib.util.concurrent.ConcurrentHashMap","openjpa-lib/src/main/java/org/apache/openjpa/lib/util/concurrent/ConcurrentHashMap.java","22"
"36","4.1.1","9d2f5f8c35691c3542606bea1d23b916bcbeda8d","1881d68c-2c8f-452b-8c6e-ee46e0c4e2cc","9a3db3eb463ab40a45485eec284d5e107a6a1f34","org.apache.openjpa.lib.util.concurrent.ConcurrentMap","openjpa-lib/src/main/java/org/apache/openjpa/lib/util/concurrent/ConcurrentMap.java","0"
"36","4.1.1","9d2f5f8c35691c3542606bea1d23b916bcbeda8d","1881d68c-2c8f-452b-8c6e-ee46e0c4e2cc","9a3db3eb463ab40a45485eec284d5e107a6a1f34","org.apache.openjpa.lib.util.concurrent.ConcurrentReferenceHashMap","openjpa-lib/src/main/java/org/apache/openjpa/lib/util/concurrent/ConcurrentReferenceHashMap.java","31"
"36","4.1.1","9d2f5f8c35691c3542606bea1d23b916bcbeda8d","1881d68c-2c8f-452b-8c6e-ee46e0c4e2cc","9a3db3eb463ab40a45485eec284d5e107a6a1f34","org.apache.openjpa.lib.util.concurrent.ConcurrentReferenceHashSet","openjpa-lib/src/main/java/org/apache/openjpa/lib/util/concurrent/ConcurrentReferenceHashSet.java","2"
"36","4.1.1","9d2f5f8c35691c3542606bea1d23b916bcbeda8d","1881d68c-2c8f-452b-8c6e-ee46e0c4e2cc","9a3db3eb463ab40a45485eec284d5e107a6a1f34","org.apache.openjpa.lib.util.git.GitUtils","openjpa-lib/src/main/java/org/apache/openjpa/lib/util/git/GitUtils.java","1"
"36","4.1.1","9d2f5f8c35691c3542606bea1d23b916bcbeda8d","1881d68c-2c8f-452b-8c6e-ee46e0c4e2cc","9a3db3eb463ab40a45485eec284d5e107a6a1f34","org.apache.openjpa.lib.xml.Commentable","openjpa-lib/src/main/java/org/apache/openjpa/lib/xml/Commentable.java","0"
"36","4.1.1","9d2f5f8c35691c3542606bea1d23b916bcbeda8d","1881d68c-2c8f-452b-8c6e-ee46e0c4e2cc","9a3db3eb463ab40a45485eec284d5e107a6a1f34","org.apache.openjpa.lib.xml.DocTypeReader","openjpa-lib/src/main/java/org/apache/openjpa/lib/xml/DocTypeReader.java","6"
"36","4.1.1","9d2f5f8c35691c3542606bea1d23b916bcbeda8d","1881d68c-2c8f-452b-8c6e-ee46e0c4e2cc","9a3db3eb463ab40a45485eec284d5e107a6a1f34","org.apache.openjpa.lib.xml.Location","openjpa-lib/src/main/java/org/apache/openjpa/lib/xml/Location.java","3"
"36","4.1.1","9d2f5f8c35691c3542606bea1d23b916bcbeda8d","1881d68c-2c8f-452b-8c6e-ee46e0c4e2cc","9a3db3eb463ab40a45485eec284d5e107a6a1f34","org.apache.openjpa.lib.xml.ValidatingErrorHandler","openjpa-lib/src/main/java/org/apache/openjpa/lib/xml/ValidatingErrorHandler.java","0"
"36","4.1.1","9d2f5f8c35691c3542606bea1d23b916bcbeda8d","1881d68c-2c8f-452b-8c6e-ee46e0c4e2cc","9a3db3eb463ab40a45485eec284d5e107a6a1f34","org.apache.openjpa.lib.xml.XMLFactory","openjpa-lib/src/main/java/org/apache/openjpa/lib/xml/XMLFactory.java","1"
"36","4.1.1","9d2f5f8c35691c3542606bea1d23b916bcbeda8d","1881d68c-2c8f-452b-8c6e-ee46e0c4e2cc","9a3db3eb463ab40a45485eec284d5e107a6a1f34","org.apache.openjpa.lib.xml.XMLWriter","openjpa-lib/src/main/java/org/apache/openjpa/lib/xml/XMLWriter.java","5"
"36","4.1.1","9d2f5f8c35691c3542606bea1d23b916bcbeda8d","1881d68c-2c8f-452b-8c6e-ee46e0c4e2cc","9a3db3eb463ab40a45485eec284d5e107a6a1f34","org.apache.openjpa.meta.AbstractCFMetaDataFactory","openjpa-kernel/src/main/java/org/apache/openjpa/meta/AbstractCFMetaDataFactory.java","25"
"36","4.1.1","9d2f5f8c35691c3542606bea1d23b916bcbeda8d","1881d68c-2c8f-452b-8c6e-ee46e0c4e2cc","9a3db3eb463ab40a45485eec284d5e107a6a1f34","org.apache.openjpa.meta.AbstractMetaDataDefaults","openjpa-kernel/src/main/java/org/apache/openjpa/meta/AbstractMetaDataDefaults.java","14"
"36","4.1.1","9d2f5f8c35691c3542606bea1d23b916bcbeda8d","1881d68c-2c8f-452b-8c6e-ee46e0c4e2cc","9a3db3eb463ab40a45485eec284d5e107a6a1f34","org.apache.openjpa.meta.AbstractMetaDataFactory","openjpa-kernel/src/main/java/org/apache/openjpa/meta/AbstractMetaDataFactory.java","1"
"36","4.1.1","9d2f5f8c35691c3542606bea1d23b916bcbeda8d","1881d68c-2c8f-452b-8c6e-ee46e0c4e2cc","9a3db3eb463ab40a45485eec284d5e107a6a1f34","org.apache.openjpa.meta.AccessCode","openjpa-kernel/src/main/java/org/apache/openjpa/meta/AccessCode.java","2"
"36","4.1.1","9d2f5f8c35691c3542606bea1d23b916bcbeda8d","1881d68c-2c8f-452b-8c6e-ee46e0c4e2cc","9a3db3eb463ab40a45485eec284d5e107a6a1f34","org.apache.openjpa.meta.ClassMetaData","openjpa-kernel/src/main/java/org/apache/openjpa/meta/ClassMetaData.java","90"
"36","4.1.1","9d2f5f8c35691c3542606bea1d23b916bcbeda8d","1881d68c-2c8f-452b-8c6e-ee46e0c4e2cc","9a3db3eb463ab40a45485eec284d5e107a6a1f34","org.apache.openjpa.meta.DelegatingMetaDataFactory","openjpa-kernel/src/main/java/org/apache/openjpa/meta/DelegatingMetaDataFactory.java","1"
"36","4.1.1","9d2f5f8c35691c3542606bea1d23b916bcbeda8d","1881d68c-2c8f-452b-8c6e-ee46e0c4e2cc","9a3db3eb463ab40a45485eec284d5e107a6a1f34","org.apache.openjpa.meta.Extensions","openjpa-kernel/src/main/java/org/apache/openjpa/meta/Extensions.java","11"
"36","4.1.1","9d2f5f8c35691c3542606bea1d23b916bcbeda8d","1881d68c-2c8f-452b-8c6e-ee46e0c4e2cc","9a3db3eb463ab40a45485eec284d5e107a6a1f34","org.apache.openjpa.meta.FetchGroup","openjpa-kernel/src/main/java/org/apache/openjpa/meta/FetchGroup.java","9"
"36","4.1.1","9d2f5f8c35691c3542606bea1d23b916bcbeda8d","1881d68c-2c8f-452b-8c6e-ee46e0c4e2cc","9a3db3eb463ab40a45485eec284d5e107a6a1f34","org.apache.openjpa.meta.FieldMetaData","openjpa-kernel/src/main/java/org/apache/openjpa/meta/FieldMetaData.java","119"
"36","4.1.1","9d2f5f8c35691c3542606bea1d23b916bcbeda8d","1881d68c-2c8f-452b-8c6e-ee46e0c4e2cc","9a3db3eb463ab40a45485eec284d5e107a6a1f34","org.apache.openjpa.meta.InMemoryRelatedFieldOrder","openjpa-kernel/src/main/java/org/apache/openjpa/meta/InMemoryRelatedFieldOrder.java","3"
"36","4.1.1","9d2f5f8c35691c3542606bea1d23b916bcbeda8d","1881d68c-2c8f-452b-8c6e-ee46e0c4e2cc","9a3db3eb463ab40a45485eec284d5e107a6a1f34","org.apache.openjpa.meta.InMemoryValueOrder","openjpa-kernel/src/main/java/org/apache/openjpa/meta/InMemoryValueOrder.java","3"
"36","4.1.1","9d2f5f8c35691c3542606bea1d23b916bcbeda8d","1881d68c-2c8f-452b-8c6e-ee46e0c4e2cc","9a3db3eb463ab40a45485eec284d5e107a6a1f34","org.apache.openjpa.meta.InheritanceComparator","openjpa-kernel/src/main/java/org/apache/openjpa/meta/InheritanceComparator.java","1"
"36","4.1.1","9d2f5f8c35691c3542606bea1d23b916bcbeda8d","1881d68c-2c8f-452b-8c6e-ee46e0c4e2cc","9a3db3eb463ab40a45485eec284d5e107a6a1f34","org.apache.openjpa.meta.InterfaceImplGenerator","openjpa-kernel/src/main/java/org/apache/openjpa/meta/InterfaceImplGenerator.java","5"
"36","4.1.1","9d2f5f8c35691c3542606bea1d23b916bcbeda8d","1881d68c-2c8f-452b-8c6e-ee46e0c4e2cc","9a3db3eb463ab40a45485eec284d5e107a6a1f34","org.apache.openjpa.meta.JavaTypes","openjpa-kernel/src/main/java/org/apache/openjpa/meta/JavaTypes.java","23"
"36","4.1.1","9d2f5f8c35691c3542606bea1d23b916bcbeda8d","1881d68c-2c8f-452b-8c6e-ee46e0c4e2cc","9a3db3eb463ab40a45485eec284d5e107a6a1f34","org.apache.openjpa.meta.LifecycleMetaData","openjpa-kernel/src/main/java/org/apache/openjpa/meta/LifecycleMetaData.java","14"
"36","4.1.1","9d2f5f8c35691c3542606bea1d23b916bcbeda8d","1881d68c-2c8f-452b-8c6e-ee46e0c4e2cc","9a3db3eb463ab40a45485eec284d5e107a6a1f34","org.apache.openjpa.meta.MetaDataContext","openjpa-kernel/src/main/java/org/apache/openjpa/meta/MetaDataContext.java","0"
"36","4.1.1","9d2f5f8c35691c3542606bea1d23b916bcbeda8d","1881d68c-2c8f-452b-8c6e-ee46e0c4e2cc","9a3db3eb463ab40a45485eec284d5e107a6a1f34","org.apache.openjpa.meta.MetaDataDefaults","openjpa-kernel/src/main/java/org/apache/openjpa/meta/MetaDataDefaults.java","0"
"36","4.1.1","9d2f5f8c35691c3542606bea1d23b916bcbeda8d","1881d68c-2c8f-452b-8c6e-ee46e0c4e2cc","9a3db3eb463ab40a45485eec284d5e107a6a1f34","org.apache.openjpa.meta.MetaDataFactory","openjpa-kernel/src/main/java/org/apache/openjpa/meta/MetaDataFactory.java","0"
"36","4.1.1","9d2f5f8c35691c3542606bea1d23b916bcbeda8d","1881d68c-2c8f-452b-8c6e-ee46e0c4e2cc","9a3db3eb463ab40a45485eec284d5e107a6a1f34","org.apache.openjpa.meta.MetaDataInheritanceComparator","openjpa-kernel/src/main/java/org/apache/openjpa/meta/MetaDataInheritanceComparator.java","0"
"36","4.1.1","9d2f5f8c35691c3542606bea1d23b916bcbeda8d","1881d68c-2c8f-452b-8c6e-ee46e0c4e2cc","9a3db3eb463ab40a45485eec284d5e107a6a1f34","org.apache.openjpa.meta.MetaDataModes","openjpa-kernel/src/main/java/org/apache/openjpa/meta/MetaDataModes.java","1"
"36","4.1.1","9d2f5f8c35691c3542606bea1d23b916bcbeda8d","1881d68c-2c8f-452b-8c6e-ee46e0c4e2cc","9a3db3eb463ab40a45485eec284d5e107a6a1f34","org.apache.openjpa.meta.MetaDataRepository","openjpa-kernel/src/main/java/org/apache/openjpa/meta/MetaDataRepository.java","71"
"36","4.1.1","9d2f5f8c35691c3542606bea1d23b916bcbeda8d","1881d68c-2c8f-452b-8c6e-ee46e0c4e2cc","9a3db3eb463ab40a45485eec284d5e107a6a1f34","org.apache.openjpa.meta.MetaDataTool","openjpa-kernel/src/main/java/org/apache/openjpa/meta/MetaDataTool.java","14"
"36","4.1.1","9d2f5f8c35691c3542606bea1d23b916bcbeda8d","1881d68c-2c8f-452b-8c6e-ee46e0c4e2cc","9a3db3eb463ab40a45485eec284d5e107a6a1f34","org.apache.openjpa.meta.MultiQueryMetaData","openjpa-kernel/src/main/java/org/apache/openjpa/meta/MultiQueryMetaData.java","4"
"36","4.1.1","9d2f5f8c35691c3542606bea1d23b916bcbeda8d","1881d68c-2c8f-452b-8c6e-ee46e0c4e2cc","9a3db3eb463ab40a45485eec284d5e107a6a1f34","org.apache.openjpa.meta.NonPersistentMetaData","openjpa-kernel/src/main/java/org/apache/openjpa/meta/NonPersistentMetaData.java","9"
"36","4.1.1","9d2f5f8c35691c3542606bea1d23b916bcbeda8d","1881d68c-2c8f-452b-8c6e-ee46e0c4e2cc","9a3db3eb463ab40a45485eec284d5e107a6a1f34","org.apache.openjpa.meta.NoneMetaDataFactory","openjpa-kernel/src/main/java/org/apache/openjpa/meta/NoneMetaDataFactory.java","15"
"36","4.1.1","9d2f5f8c35691c3542606bea1d23b916bcbeda8d","1881d68c-2c8f-452b-8c6e-ee46e0c4e2cc","9a3db3eb463ab40a45485eec284d5e107a6a1f34","org.apache.openjpa.meta.Order","openjpa-kernel/src/main/java/org/apache/openjpa/meta/Order.java","0"
"36","4.1.1","9d2f5f8c35691c3542606bea1d23b916bcbeda8d","1881d68c-2c8f-452b-8c6e-ee46e0c4e2cc","9a3db3eb463ab40a45485eec284d5e107a6a1f34","org.apache.openjpa.meta.ProxySetupStateManager","openjpa-kernel/src/main/java/org/apache/openjpa/meta/ProxySetupStateManager.java","4"
"36","4.1.1","9d2f5f8c35691c3542606bea1d23b916bcbeda8d","1881d68c-2c8f-452b-8c6e-ee46e0c4e2cc","9a3db3eb463ab40a45485eec284d5e107a6a1f34","org.apache.openjpa.meta.QueryMetaData","openjpa-kernel/src/main/java/org/apache/openjpa/meta/QueryMetaData.java","25"
"36","4.1.1","9d2f5f8c35691c3542606bea1d23b916bcbeda8d","1881d68c-2c8f-452b-8c6e-ee46e0c4e2cc","9a3db3eb463ab40a45485eec284d5e107a6a1f34","org.apache.openjpa.meta.SequenceMetaData","openjpa-kernel/src/main/java/org/apache/openjpa/meta/SequenceMetaData.java","24"
"36","4.1.1","9d2f5f8c35691c3542606bea1d23b916bcbeda8d","1881d68c-2c8f-452b-8c6e-ee46e0c4e2cc","9a3db3eb463ab40a45485eec284d5e107a6a1f34","org.apache.openjpa.meta.UpdateStrategies","openjpa-kernel/src/main/java/org/apache/openjpa/meta/UpdateStrategies.java","4"
"36","4.1.1","9d2f5f8c35691c3542606bea1d23b916bcbeda8d","1881d68c-2c8f-452b-8c6e-ee46e0c4e2cc","9a3db3eb463ab40a45485eec284d5e107a6a1f34","org.apache.openjpa.meta.ValueMetaData","openjpa-kernel/src/main/java/org/apache/openjpa/meta/ValueMetaData.java","0"
"36","4.1.1","9d2f5f8c35691c3542606bea1d23b916bcbeda8d","1881d68c-2c8f-452b-8c6e-ee46e0c4e2cc","9a3db3eb463ab40a45485eec284d5e107a6a1f34","org.apache.openjpa.meta.ValueMetaDataImpl","openjpa-kernel/src/main/java/org/apache/openjpa/meta/ValueMetaDataImpl.java","23"
"36","4.1.1","9d2f5f8c35691c3542606bea1d23b916bcbeda8d","1881d68c-2c8f-452b-8c6e-ee46e0c4e2cc","9a3db3eb463ab40a45485eec284d5e107a6a1f34","org.apache.openjpa.meta.ValueStrategies","openjpa-kernel/src/main/java/org/apache/openjpa/meta/ValueStrategies.java","2"
"36","4.1.1","9d2f5f8c35691c3542606bea1d23b916bcbeda8d","1881d68c-2c8f-452b-8c6e-ee46e0c4e2cc","9a3db3eb463ab40a45485eec284d5e107a6a1f34","org.apache.openjpa.meta.XMLClassMetaData","openjpa-kernel/src/main/java/org/apache/openjpa/meta/XMLClassMetaData.java","8"
"36","4.1.1","9d2f5f8c35691c3542606bea1d23b916bcbeda8d","1881d68c-2c8f-452b-8c6e-ee46e0c4e2cc","9a3db3eb463ab40a45485eec284d5e107a6a1f34","org.apache.openjpa.meta.XMLFieldMetaData","openjpa-kernel/src/main/java/org/apache/openjpa/meta/XMLFieldMetaData.java","10"
"36","4.1.1","9d2f5f8c35691c3542606bea1d23b916bcbeda8d","1881d68c-2c8f-452b-8c6e-ee46e0c4e2cc","9a3db3eb463ab40a45485eec284d5e107a6a1f34","org.apache.openjpa.meta.XMLMetaData","openjpa-kernel/src/main/java/org/apache/openjpa/meta/XMLMetaData.java","1"
"36","4.1.1","9d2f5f8c35691c3542606bea1d23b916bcbeda8d","1881d68c-2c8f-452b-8c6e-ee46e0c4e2cc","9a3db3eb463ab40a45485eec284d5e107a6a1f34","org.apache.openjpa.persistence.AbstractQuery","openjpa-persistence/src/main/java/org/apache/openjpa/persistence/AbstractQuery.java","11"
"36","4.1.1","9d2f5f8c35691c3542606bea1d23b916bcbeda8d","1881d68c-2c8f-452b-8c6e-ee46e0c4e2cc","9a3db3eb463ab40a45485eec284d5e107a6a1f34","org.apache.openjpa.persistence.AnnotationBuilder","openjpa-persistence/src/main/java/org/apache/openjpa/persistence/AnnotationBuilder.java","3"
"36","4.1.1","9d2f5f8c35691c3542606bea1d23b916bcbeda8d","1881d68c-2c8f-452b-8c6e-ee46e0c4e2cc","9a3db3eb463ab40a45485eec284d5e107a6a1f34","org.apache.openjpa.persistence.AnnotationPersistenceMetaDataParser","openjpa-persistence/src/main/java/org/apache/openjpa/persistence/AnnotationPersistenceMetaDataParser.java","56"
"36","4.1.1","9d2f5f8c35691c3542606bea1d23b916bcbeda8d","1881d68c-2c8f-452b-8c6e-ee46e0c4e2cc","9a3db3eb463ab40a45485eec284d5e107a6a1f34","org.apache.openjpa.persistence.AnnotationPersistenceMetaDataSerializer","openjpa-persistence/src/main/java/org/apache/openjpa/persistence/AnnotationPersistenceMetaDataSerializer.java","47"
"36","4.1.1","9d2f5f8c35691c3542606bea1d23b916bcbeda8d","1881d68c-2c8f-452b-8c6e-ee46e0c4e2cc","9a3db3eb463ab40a45485eec284d5e107a6a1f34","org.apache.openjpa.persistence.AnnotationPersistenceXMLMetaDataParser","openjpa-persistence/src/main/java/org/apache/openjpa/persistence/AnnotationPersistenceXMLMetaDataParser.java","25"
"36","4.1.1","9d2f5f8c35691c3542606bea1d23b916bcbeda8d","1881d68c-2c8f-452b-8c6e-ee46e0c4e2cc","9a3db3eb463ab40a45485eec284d5e107a6a1f34","org.apache.openjpa.persistence.ArgumentException","openjpa-persistence/src/main/java/org/apache/openjpa/persistence/ArgumentException.java","7"
"36","4.1.1","9d2f5f8c35691c3542606bea1d23b916bcbeda8d","1881d68c-2c8f-452b-8c6e-ee46e0c4e2cc","9a3db3eb463ab40a45485eec284d5e107a6a1f34","org.apache.openjpa.persistence.AutoClearType","openjpa-persistence/src/main/java/org/apache/openjpa/persistence/AutoClearType.java","0"
"36","4.1.1","9d2f5f8c35691c3542606bea1d23b916bcbeda8d","1881d68c-2c8f-452b-8c6e-ee46e0c4e2cc","9a3db3eb463ab40a45485eec284d5e107a6a1f34","org.apache.openjpa.persistence.AutoDetachType","openjpa-persistence/src/main/java/org/apache/openjpa/persistence/AutoDetachType.java","2"
"36","4.1.1","9d2f5f8c35691c3542606bea1d23b916bcbeda8d","1881d68c-2c8f-452b-8c6e-ee46e0c4e2cc","9a3db3eb463ab40a45485eec284d5e107a6a1f34","org.apache.openjpa.persistence.CallbackMode","openjpa-persistence/src/main/java/org/apache/openjpa/persistence/CallbackMode.java","1"
"36","4.1.1","9d2f5f8c35691c3542606bea1d23b916bcbeda8d","1881d68c-2c8f-452b-8c6e-ee46e0c4e2cc","9a3db3eb463ab40a45485eec284d5e107a6a1f34","org.apache.openjpa.persistence.ConnectionRetainMode","openjpa-persistence/src/main/java/org/apache/openjpa/persistence/ConnectionRetainMode.java","0"
"36","4.1.1","9d2f5f8c35691c3542606bea1d23b916bcbeda8d","1881d68c-2c8f-452b-8c6e-ee46e0c4e2cc","9a3db3eb463ab40a45485eec284d5e107a6a1f34","org.apache.openjpa.persistence.DataCache","openjpa-persistence/src/main/java/org/apache/openjpa/persistence/DataCache.java","0"
"36","4.1.1","9d2f5f8c35691c3542606bea1d23b916bcbeda8d","1881d68c-2c8f-452b-8c6e-ee46e0c4e2cc","9a3db3eb463ab40a45485eec284d5e107a6a1f34","org.apache.openjpa.persistence.DataStoreId","openjpa-persistence/src/main/java/org/apache/openjpa/persistence/DataStoreId.java","0"
"36","4.1.1","9d2f5f8c35691c3542606bea1d23b916bcbeda8d","1881d68c-2c8f-452b-8c6e-ee46e0c4e2cc","9a3db3eb463ab40a45485eec284d5e107a6a1f34","org.apache.openjpa.persistence.Dependent","openjpa-persistence/src/main/java/org/apache/openjpa/persistence/Dependent.java","0"
"36","4.1.1","9d2f5f8c35691c3542606bea1d23b916bcbeda8d","1881d68c-2c8f-452b-8c6e-ee46e0c4e2cc","9a3db3eb463ab40a45485eec284d5e107a6a1f34","org.apache.openjpa.persistence.DetachStateType","openjpa-persistence/src/main/java/org/apache/openjpa/persistence/DetachStateType.java","0"
"36","4.1.1","9d2f5f8c35691c3542606bea1d23b916bcbeda8d","1881d68c-2c8f-452b-8c6e-ee46e0c4e2cc","9a3db3eb463ab40a45485eec284d5e107a6a1f34","org.apache.openjpa.persistence.DetachedState","openjpa-persistence/src/main/java/org/apache/openjpa/persistence/DetachedState.java","0"
"36","4.1.1","9d2f5f8c35691c3542606bea1d23b916bcbeda8d","1881d68c-2c8f-452b-8c6e-ee46e0c4e2cc","9a3db3eb463ab40a45485eec284d5e107a6a1f34","org.apache.openjpa.persistence.ElementDependent","openjpa-persistence/src/main/java/org/apache/openjpa/persistence/ElementDependent.java","0"
"36","4.1.1","9d2f5f8c35691c3542606bea1d23b916bcbeda8d","1881d68c-2c8f-452b-8c6e-ee46e0c4e2cc","9a3db3eb463ab40a45485eec284d5e107a6a1f34","org.apache.openjpa.persistence.ElementType","openjpa-persistence/src/main/java/org/apache/openjpa/persistence/ElementType.java","0"
"36","4.1.1","9d2f5f8c35691c3542606bea1d23b916bcbeda8d","1881d68c-2c8f-452b-8c6e-ee46e0c4e2cc","9a3db3eb463ab40a45485eec284d5e107a6a1f34","org.apache.openjpa.persistence.EntityExistsException","openjpa-persistence/src/main/java/org/apache/openjpa/persistence/EntityExistsException.java","5"
"36","4.1.1","9d2f5f8c35691c3542606bea1d23b916bcbeda8d","1881d68c-2c8f-452b-8c6e-ee46e0c4e2cc","9a3db3eb463ab40a45485eec284d5e107a6a1f34","org.apache.openjpa.persistence.EntityManagerFactoryImpl","openjpa-persistence/src/main/java/org/apache/openjpa/persistence/EntityManagerFactoryImpl.java","9"
"36","4.1.1","9d2f5f8c35691c3542606bea1d23b916bcbeda8d","1881d68c-2c8f-452b-8c6e-ee46e0c4e2cc","9a3db3eb463ab40a45485eec284d5e107a6a1f34","org.apache.openjpa.persistence.EntityManagerFactoryValue","openjpa-persistence/src/main/java/org/apache/openjpa/persistence/EntityManagerFactoryValue.java","1"
"36","4.1.1","9d2f5f8c35691c3542606bea1d23b916bcbeda8d","1881d68c-2c8f-452b-8c6e-ee46e0c4e2cc","9a3db3eb463ab40a45485eec284d5e107a6a1f34","org.apache.openjpa.persistence.EntityManagerImpl","openjpa-persistence/src/main/java/org/apache/openjpa/persistence/EntityManagerImpl.java","23"
"36","4.1.1","9d2f5f8c35691c3542606bea1d23b916bcbeda8d","1881d68c-2c8f-452b-8c6e-ee46e0c4e2cc","9a3db3eb463ab40a45485eec284d5e107a6a1f34","org.apache.openjpa.persistence.EntityNotFoundException","openjpa-persistence/src/main/java/org/apache/openjpa/persistence/EntityNotFoundException.java","5"
"36","4.1.1","9d2f5f8c35691c3542606bea1d23b916bcbeda8d","1881d68c-2c8f-452b-8c6e-ee46e0c4e2cc","9a3db3eb463ab40a45485eec284d5e107a6a1f34","org.apache.openjpa.persistence.Extent","openjpa-persistence/src/main/java/org/apache/openjpa/persistence/Extent.java","2"
"36","4.1.1","9d2f5f8c35691c3542606bea1d23b916bcbeda8d","1881d68c-2c8f-452b-8c6e-ee46e0c4e2cc","9a3db3eb463ab40a45485eec284d5e107a6a1f34","org.apache.openjpa.persistence.ExtentImpl","openjpa-persistence/src/main/java/org/apache/openjpa/persistence/ExtentImpl.java","3"
"36","4.1.1","9d2f5f8c35691c3542606bea1d23b916bcbeda8d","1881d68c-2c8f-452b-8c6e-ee46e0c4e2cc","9a3db3eb463ab40a45485eec284d5e107a6a1f34","org.apache.openjpa.persistence.ExternalValues","openjpa-persistence/src/main/java/org/apache/openjpa/persistence/ExternalValues.java","0"
"36","4.1.1","9d2f5f8c35691c3542606bea1d23b916bcbeda8d","1881d68c-2c8f-452b-8c6e-ee46e0c4e2cc","9a3db3eb463ab40a45485eec284d5e107a6a1f34","org.apache.openjpa.persistence.Externalizer","openjpa-persistence/src/main/java/org/apache/openjpa/persistence/Externalizer.java","0"
"36","4.1.1","9d2f5f8c35691c3542606bea1d23b916bcbeda8d","1881d68c-2c8f-452b-8c6e-ee46e0c4e2cc","9a3db3eb463ab40a45485eec284d5e107a6a1f34","org.apache.openjpa.persistence.Factory","openjpa-persistence/src/main/java/org/apache/openjpa/persistence/Factory.java","0"
"36","4.1.1","9d2f5f8c35691c3542606bea1d23b916bcbeda8d","1881d68c-2c8f-452b-8c6e-ee46e0c4e2cc","9a3db3eb463ab40a45485eec284d5e107a6a1f34","org.apache.openjpa.persistence.FetchAttribute","openjpa-persistence/src/main/java/org/apache/openjpa/persistence/FetchAttribute.java","0"
"36","4.1.1","9d2f5f8c35691c3542606bea1d23b916bcbeda8d","1881d68c-2c8f-452b-8c6e-ee46e0c4e2cc","9a3db3eb463ab40a45485eec284d5e107a6a1f34","org.apache.openjpa.persistence.FetchGroup","openjpa-persistence/src/main/java/org/apache/openjpa/persistence/FetchGroup.java","0"
"36","4.1.1","9d2f5f8c35691c3542606bea1d23b916bcbeda8d","1881d68c-2c8f-452b-8c6e-ee46e0c4e2cc","9a3db3eb463ab40a45485eec284d5e107a6a1f34","org.apache.openjpa.persistence.FetchGroups","openjpa-persistence/src/main/java/org/apache/openjpa/persistence/FetchGroups.java","0"
"36","4.1.1","9d2f5f8c35691c3542606bea1d23b916bcbeda8d","1881d68c-2c8f-452b-8c6e-ee46e0c4e2cc","9a3db3eb463ab40a45485eec284d5e107a6a1f34","org.apache.openjpa.persistence.FetchPlan","openjpa-persistence/src/main/java/org/apache/openjpa/persistence/FetchPlan.java","4"
"36","4.1.1","9d2f5f8c35691c3542606bea1d23b916bcbeda8d","1881d68c-2c8f-452b-8c6e-ee46e0c4e2cc","9a3db3eb463ab40a45485eec284d5e107a6a1f34","org.apache.openjpa.persistence.FetchPlanImpl","openjpa-persistence/src/main/java/org/apache/openjpa/persistence/FetchPlanImpl.java","3"
"36","4.1.1","9d2f5f8c35691c3542606bea1d23b916bcbeda8d","1881d68c-2c8f-452b-8c6e-ee46e0c4e2cc","9a3db3eb463ab40a45485eec284d5e107a6a1f34","org.apache.openjpa.persistence.Generator","openjpa-persistence/src/main/java/org/apache/openjpa/persistence/Generator.java","2"
"36","4.1.1","9d2f5f8c35691c3542606bea1d23b916bcbeda8d","1881d68c-2c8f-452b-8c6e-ee46e0c4e2cc","9a3db3eb463ab40a45485eec284d5e107a6a1f34","org.apache.openjpa.persistence.GeneratorImpl","openjpa-persistence/src/main/java/org/apache/openjpa/persistence/GeneratorImpl.java","4"
"36","4.1.1","9d2f5f8c35691c3542606bea1d23b916bcbeda8d","1881d68c-2c8f-452b-8c6e-ee46e0c4e2cc","9a3db3eb463ab40a45485eec284d5e107a6a1f34","org.apache.openjpa.persistence.HintHandler","openjpa-persistence/src/main/java/org/apache/openjpa/persistence/HintHandler.java","6"
"36","4.1.1","9d2f5f8c35691c3542606bea1d23b916bcbeda8d","1881d68c-2c8f-452b-8c6e-ee46e0c4e2cc","9a3db3eb463ab40a45485eec284d5e107a6a1f34","org.apache.openjpa.persistence.HintValueConverter","openjpa-persistence/src/main/java/org/apache/openjpa/persistence/HintValueConverter.java","2"
"36","4.1.1","9d2f5f8c35691c3542606bea1d23b916bcbeda8d","1881d68c-2c8f-452b-8c6e-ee46e0c4e2cc","9a3db3eb463ab40a45485eec284d5e107a6a1f34","org.apache.openjpa.persistence.InvalidStateException","openjpa-persistence/src/main/java/org/apache/openjpa/persistence/InvalidStateException.java","7"
"36","4.1.1","9d2f5f8c35691c3542606bea1d23b916bcbeda8d","1881d68c-2c8f-452b-8c6e-ee46e0c4e2cc","9a3db3eb463ab40a45485eec284d5e107a6a1f34","org.apache.openjpa.persistence.InverseLogical","openjpa-persistence/src/main/java/org/apache/openjpa/persistence/InverseLogical.java","0"
"36","4.1.1","9d2f5f8c35691c3542606bea1d23b916bcbeda8d","1881d68c-2c8f-452b-8c6e-ee46e0c4e2cc","9a3db3eb463ab40a45485eec284d5e107a6a1f34","org.apache.openjpa.persistence.JPAFacadeHelper","openjpa-persistence/src/main/java/org/apache/openjpa/persistence/JPAFacadeHelper.java","5"
"36","4.1.1","9d2f5f8c35691c3542606bea1d23b916bcbeda8d","1881d68c-2c8f-452b-8c6e-ee46e0c4e2cc","9a3db3eb463ab40a45485eec284d5e107a6a1f34","org.apache.openjpa.persistence.JPAProperties","openjpa-persistence/src/main/java/org/apache/openjpa/persistence/JPAProperties.java","4"
"36","4.1.1","9d2f5f8c35691c3542606bea1d23b916bcbeda8d","1881d68c-2c8f-452b-8c6e-ee46e0c4e2cc","9a3db3eb463ab40a45485eec284d5e107a6a1f34","org.apache.openjpa.persistence.KeyDependent","openjpa-persistence/src/main/java/org/apache/openjpa/persistence/KeyDependent.java","0"
"36","4.1.1","9d2f5f8c35691c3542606bea1d23b916bcbeda8d","1881d68c-2c8f-452b-8c6e-ee46e0c4e2cc","9a3db3eb463ab40a45485eec284d5e107a6a1f34","org.apache.openjpa.persistence.KeyType","openjpa-persistence/src/main/java/org/apache/openjpa/persistence/KeyType.java","0"
"36","4.1.1","9d2f5f8c35691c3542606bea1d23b916bcbeda8d","1881d68c-2c8f-452b-8c6e-ee46e0c4e2cc","9a3db3eb463ab40a45485eec284d5e107a6a1f34","org.apache.openjpa.persistence.LRS","openjpa-persistence/src/main/java/org/apache/openjpa/persistence/LRS.java","0"
"36","4.1.1","9d2f5f8c35691c3542606bea1d23b916bcbeda8d","1881d68c-2c8f-452b-8c6e-ee46e0c4e2cc","9a3db3eb463ab40a45485eec284d5e107a6a1f34","org.apache.openjpa.persistence.LoadFetchGroup","openjpa-persistence/src/main/java/org/apache/openjpa/persistence/LoadFetchGroup.java","0"
"36","4.1.1","9d2f5f8c35691c3542606bea1d23b916bcbeda8d","1881d68c-2c8f-452b-8c6e-ee46e0c4e2cc","9a3db3eb463ab40a45485eec284d5e107a6a1f34","org.apache.openjpa.persistence.LockScopesHelper","openjpa-persistence/src/main/java/org/apache/openjpa/persistence/LockScopesHelper.java","1"
"36","4.1.1","9d2f5f8c35691c3542606bea1d23b916bcbeda8d","1881d68c-2c8f-452b-8c6e-ee46e0c4e2cc","9a3db3eb463ab40a45485eec284d5e107a6a1f34","org.apache.openjpa.persistence.LockTimeoutException","openjpa-persistence/src/main/java/org/apache/openjpa/persistence/LockTimeoutException.java","5"
"36","4.1.1","9d2f5f8c35691c3542606bea1d23b916bcbeda8d","1881d68c-2c8f-452b-8c6e-ee46e0c4e2cc","9a3db3eb463ab40a45485eec284d5e107a6a1f34","org.apache.openjpa.persistence.ManagedInterface","openjpa-persistence/src/main/java/org/apache/openjpa/persistence/ManagedInterface.java","0"
"36","4.1.1","9d2f5f8c35691c3542606bea1d23b916bcbeda8d","1881d68c-2c8f-452b-8c6e-ee46e0c4e2cc","9a3db3eb463ab40a45485eec284d5e107a6a1f34","org.apache.openjpa.persistence.MetaDataParsers","openjpa-persistence/src/main/java/org/apache/openjpa/persistence/MetaDataParsers.java","4"
"36","4.1.1","9d2f5f8c35691c3542606bea1d23b916bcbeda8d","1881d68c-2c8f-452b-8c6e-ee46e0c4e2cc","9a3db3eb463ab40a45485eec284d5e107a6a1f34","org.apache.openjpa.persistence.MetaDataTag","openjpa-persistence/src/main/java/org/apache/openjpa/persistence/MetaDataTag.java","0"
"36","4.1.1","9d2f5f8c35691c3542606bea1d23b916bcbeda8d","1881d68c-2c8f-452b-8c6e-ee46e0c4e2cc","9a3db3eb463ab40a45485eec284d5e107a6a1f34","org.apache.openjpa.persistence.MixedLockLevelsHelper","openjpa-persistence/src/main/java/org/apache/openjpa/persistence/MixedLockLevelsHelper.java","0"
"36","4.1.1","9d2f5f8c35691c3542606bea1d23b916bcbeda8d","1881d68c-2c8f-452b-8c6e-ee46e0c4e2cc","9a3db3eb463ab40a45485eec284d5e107a6a1f34","org.apache.openjpa.persistence.NoResultException","openjpa-persistence/src/main/java/org/apache/openjpa/persistence/NoResultException.java","5"
"36","4.1.1","9d2f5f8c35691c3542606bea1d23b916bcbeda8d","1881d68c-2c8f-452b-8c6e-ee46e0c4e2cc","9a3db3eb463ab40a45485eec284d5e107a6a1f34","org.apache.openjpa.persistence.NonUniqueResultException","openjpa-persistence/src/main/java/org/apache/openjpa/persistence/NonUniqueResultException.java","5"
"36","4.1.1","9d2f5f8c35691c3542606bea1d23b916bcbeda8d","1881d68c-2c8f-452b-8c6e-ee46e0c4e2cc","9a3db3eb463ab40a45485eec284d5e107a6a1f34","org.apache.openjpa.persistence.OpenJPAEntityManager","openjpa-persistence/src/main/java/org/apache/openjpa/persistence/OpenJPAEntityManager.java","57"
"36","4.1.1","9d2f5f8c35691c3542606bea1d23b916bcbeda8d","1881d68c-2c8f-452b-8c6e-ee46e0c4e2cc","9a3db3eb463ab40a45485eec284d5e107a6a1f34","org.apache.openjpa.persistence.OpenJPAEntityManagerFactory","openjpa-persistence/src/main/java/org/apache/openjpa/persistence/OpenJPAEntityManagerFactory.java","13"
"36","4.1.1","9d2f5f8c35691c3542606bea1d23b916bcbeda8d","1881d68c-2c8f-452b-8c6e-ee46e0c4e2cc","9a3db3eb463ab40a45485eec284d5e107a6a1f34","org.apache.openjpa.persistence.OpenJPAEntityManagerFactorySPI","openjpa-persistence/src/main/java/org/apache/openjpa/persistence/OpenJPAEntityManagerFactorySPI.java","0"
"36","4.1.1","9d2f5f8c35691c3542606bea1d23b916bcbeda8d","1881d68c-2c8f-452b-8c6e-ee46e0c4e2cc","9a3db3eb463ab40a45485eec284d5e107a6a1f34","org.apache.openjpa.persistence.OpenJPAEntityManagerSPI","openjpa-persistence/src/main/java/org/apache/openjpa/persistence/OpenJPAEntityManagerSPI.java","0"
"36","4.1.1","9d2f5f8c35691c3542606bea1d23b916bcbeda8d","1881d68c-2c8f-452b-8c6e-ee46e0c4e2cc","9a3db3eb463ab40a45485eec284d5e107a6a1f34","org.apache.openjpa.persistence.OpenJPAEntityTransaction","openjpa-persistence/src/main/java/org/apache/openjpa/persistence/OpenJPAEntityTransaction.java","0"
"36","4.1.1","9d2f5f8c35691c3542606bea1d23b916bcbeda8d","1881d68c-2c8f-452b-8c6e-ee46e0c4e2cc","9a3db3eb463ab40a45485eec284d5e107a6a1f34","org.apache.openjpa.persistence.OpenJPAEnum","openjpa-persistence/src/main/java/org/apache/openjpa/persistence/OpenJPAEnum.java","1"
"36","4.1.1","9d2f5f8c35691c3542606bea1d23b916bcbeda8d","1881d68c-2c8f-452b-8c6e-ee46e0c4e2cc","9a3db3eb463ab40a45485eec284d5e107a6a1f34","org.apache.openjpa.persistence.OpenJPAPersistence","openjpa-persistence/src/main/java/org/apache/openjpa/persistence/OpenJPAPersistence.java","16"
"36","4.1.1","9d2f5f8c35691c3542606bea1d23b916bcbeda8d","1881d68c-2c8f-452b-8c6e-ee46e0c4e2cc","9a3db3eb463ab40a45485eec284d5e107a6a1f34","org.apache.openjpa.persistence.OpenJPAPersistenceUtil","openjpa-persistence/src/main/java/org/apache/openjpa/persistence/OpenJPAPersistenceUtil.java","15"
"36","4.1.1","9d2f5f8c35691c3542606bea1d23b916bcbeda8d","1881d68c-2c8f-452b-8c6e-ee46e0c4e2cc","9a3db3eb463ab40a45485eec284d5e107a6a1f34","org.apache.openjpa.persistence.OpenJPAQuery","openjpa-persistence/src/main/java/org/apache/openjpa/persistence/OpenJPAQuery.java","14"
"36","4.1.1","9d2f5f8c35691c3542606bea1d23b916bcbeda8d","1881d68c-2c8f-452b-8c6e-ee46e0c4e2cc","9a3db3eb463ab40a45485eec284d5e107a6a1f34","org.apache.openjpa.persistence.OpenJPAQuerySPI","openjpa-persistence/src/main/java/org/apache/openjpa/persistence/OpenJPAQuerySPI.java","0"
"36","4.1.1","9d2f5f8c35691c3542606bea1d23b916bcbeda8d","1881d68c-2c8f-452b-8c6e-ee46e0c4e2cc","9a3db3eb463ab40a45485eec284d5e107a6a1f34","org.apache.openjpa.persistence.OptimisticLockException","openjpa-persistence/src/main/java/org/apache/openjpa/persistence/OptimisticLockException.java","5"
"36","4.1.1","9d2f5f8c35691c3542606bea1d23b916bcbeda8d","1881d68c-2c8f-452b-8c6e-ee46e0c4e2cc","9a3db3eb463ab40a45485eec284d5e107a6a1f34","org.apache.openjpa.persistence.ParameterImpl","openjpa-persistence/src/main/java/org/apache/openjpa/persistence/ParameterImpl.java","3"
"36","4.1.1","9d2f5f8c35691c3542606bea1d23b916bcbeda8d","1881d68c-2c8f-452b-8c6e-ee46e0c4e2cc","9a3db3eb463ab40a45485eec284d5e107a6a1f34","org.apache.openjpa.persistence.PersistenceException","openjpa-persistence/src/main/java/org/apache/openjpa/persistence/PersistenceException.java","5"
"36","4.1.1","9d2f5f8c35691c3542606bea1d23b916bcbeda8d","1881d68c-2c8f-452b-8c6e-ee46e0c4e2cc","9a3db3eb463ab40a45485eec284d5e107a6a1f34","org.apache.openjpa.persistence.PersistenceExceptions","openjpa-persistence/src/main/java/org/apache/openjpa/persistence/PersistenceExceptions.java","1"
"36","4.1.1","9d2f5f8c35691c3542606bea1d23b916bcbeda8d","1881d68c-2c8f-452b-8c6e-ee46e0c4e2cc","9a3db3eb463ab40a45485eec284d5e107a6a1f34","org.apache.openjpa.persistence.PersistenceListenerAdapter","openjpa-persistence/src/main/java/org/apache/openjpa/persistence/PersistenceListenerAdapter.java","4"
"36","4.1.1","9d2f5f8c35691c3542606bea1d23b916bcbeda8d","1881d68c-2c8f-452b-8c6e-ee46e0c4e2cc","9a3db3eb463ab40a45485eec284d5e107a6a1f34","org.apache.openjpa.persistence.PersistenceMetaDataDefaults","openjpa-persistence/src/main/java/org/apache/openjpa/persistence/PersistenceMetaDataDefaults.java","25"
"36","4.1.1","9d2f5f8c35691c3542606bea1d23b916bcbeda8d","1881d68c-2c8f-452b-8c6e-ee46e0c4e2cc","9a3db3eb463ab40a45485eec284d5e107a6a1f34","org.apache.openjpa.persistence.PersistenceMetaDataFactory","openjpa-persistence/src/main/java/org/apache/openjpa/persistence/PersistenceMetaDataFactory.java","22"
"36","4.1.1","9d2f5f8c35691c3542606bea1d23b916bcbeda8d","1881d68c-2c8f-452b-8c6e-ee46e0c4e2cc","9a3db3eb463ab40a45485eec284d5e107a6a1f34","org.apache.openjpa.persistence.PersistenceProductDerivation","openjpa-persistence/src/main/java/org/apache/openjpa/persistence/PersistenceProductDerivation.java","32"
"36","4.1.1","9d2f5f8c35691c3542606bea1d23b916bcbeda8d","1881d68c-2c8f-452b-8c6e-ee46e0c4e2cc","9a3db3eb463ab40a45485eec284d5e107a6a1f34","org.apache.openjpa.persistence.PersistenceProviderImpl","openjpa-persistence/src/main/java/org/apache/openjpa/persistence/PersistenceProviderImpl.java","9"
"36","4.1.1","9d2f5f8c35691c3542606bea1d23b916bcbeda8d","1881d68c-2c8f-452b-8c6e-ee46e0c4e2cc","9a3db3eb463ab40a45485eec284d5e107a6a1f34","org.apache.openjpa.persistence.PersistenceStrategy","openjpa-persistence/src/main/java/org/apache/openjpa/persistence/PersistenceStrategy.java","0"
"36","4.1.1","9d2f5f8c35691c3542606bea1d23b916bcbeda8d","1881d68c-2c8f-452b-8c6e-ee46e0c4e2cc","9a3db3eb463ab40a45485eec284d5e107a6a1f34","org.apache.openjpa.persistence.PersistenceUnitInfoImpl","openjpa-persistence/src/main/java/org/apache/openjpa/persistence/PersistenceUnitInfoImpl.java","25"
"36","4.1.1","9d2f5f8c35691c3542606bea1d23b916bcbeda8d","1881d68c-2c8f-452b-8c6e-ee46e0c4e2cc","9a3db3eb463ab40a45485eec284d5e107a6a1f34","org.apache.openjpa.persistence.Persistent","openjpa-persistence/src/main/java/org/apache/openjpa/persistence/Persistent.java","0"
"36","4.1.1","9d2f5f8c35691c3542606bea1d23b916bcbeda8d","1881d68c-2c8f-452b-8c6e-ee46e0c4e2cc","9a3db3eb463ab40a45485eec284d5e107a6a1f34","org.apache.openjpa.persistence.PersistentCollection","openjpa-persistence/src/main/java/org/apache/openjpa/persistence/PersistentCollection.java","0"
"36","4.1.1","9d2f5f8c35691c3542606bea1d23b916bcbeda8d","1881d68c-2c8f-452b-8c6e-ee46e0c4e2cc","9a3db3eb463ab40a45485eec284d5e107a6a1f34","org.apache.openjpa.persistence.PersistentMap","openjpa-persistence/src/main/java/org/apache/openjpa/persistence/PersistentMap.java","0"
"36","4.1.1","9d2f5f8c35691c3542606bea1d23b916bcbeda8d","1881d68c-2c8f-452b-8c6e-ee46e0c4e2cc","9a3db3eb463ab40a45485eec284d5e107a6a1f34","org.apache.openjpa.persistence.PessimisticLockException","openjpa-persistence/src/main/java/org/apache/openjpa/persistence/PessimisticLockException.java","5"
"36","4.1.1","9d2f5f8c35691c3542606bea1d23b916bcbeda8d","1881d68c-2c8f-452b-8c6e-ee46e0c4e2cc","9a3db3eb463ab40a45485eec284d5e107a6a1f34","org.apache.openjpa.persistence.QueryImpl","openjpa-persistence/src/main/java/org/apache/openjpa/persistence/QueryImpl.java","16"
"36","4.1.1","9d2f5f8c35691c3542606bea1d23b916bcbeda8d","1881d68c-2c8f-452b-8c6e-ee46e0c4e2cc","9a3db3eb463ab40a45485eec284d5e107a6a1f34","org.apache.openjpa.persistence.QueryOperationType","openjpa-persistence/src/main/java/org/apache/openjpa/persistence/QueryOperationType.java","0"
"36","4.1.1","9d2f5f8c35691c3542606bea1d23b916bcbeda8d","1881d68c-2c8f-452b-8c6e-ee46e0c4e2cc","9a3db3eb463ab40a45485eec284d5e107a6a1f34","org.apache.openjpa.persistence.QueryResultCache","openjpa-persistence/src/main/java/org/apache/openjpa/persistence/QueryResultCache.java","2"
"36","4.1.1","9d2f5f8c35691c3542606bea1d23b916bcbeda8d","1881d68c-2c8f-452b-8c6e-ee46e0c4e2cc","9a3db3eb463ab40a45485eec284d5e107a6a1f34","org.apache.openjpa.persistence.QueryResultCacheImpl","openjpa-persistence/src/main/java/org/apache/openjpa/persistence/QueryResultCacheImpl.java","1"
"36","4.1.1","9d2f5f8c35691c3542606bea1d23b916bcbeda8d","1881d68c-2c8f-452b-8c6e-ee46e0c4e2cc","9a3db3eb463ab40a45485eec284d5e107a6a1f34","org.apache.openjpa.persistence.QueryTimeoutException","openjpa-persistence/src/main/java/org/apache/openjpa/persistence/QueryTimeoutException.java","5"
"36","4.1.1","9d2f5f8c35691c3542606bea1d23b916bcbeda8d","1881d68c-2c8f-452b-8c6e-ee46e0c4e2cc","9a3db3eb463ab40a45485eec284d5e107a6a1f34","org.apache.openjpa.persistence.ReadOnly","openjpa-persistence/src/main/java/org/apache/openjpa/persistence/ReadOnly.java","0"
"36","4.1.1","9d2f5f8c35691c3542606bea1d23b916bcbeda8d","1881d68c-2c8f-452b-8c6e-ee46e0c4e2cc","9a3db3eb463ab40a45485eec284d5e107a6a1f34","org.apache.openjpa.persistence.RestoreStateType","openjpa-persistence/src/main/java/org/apache/openjpa/persistence/RestoreStateType.java","0"
"36","4.1.1","9d2f5f8c35691c3542606bea1d23b916bcbeda8d","1881d68c-2c8f-452b-8c6e-ee46e0c4e2cc","9a3db3eb463ab40a45485eec284d5e107a6a1f34","org.apache.openjpa.persistence.RollbackException","openjpa-persistence/src/main/java/org/apache/openjpa/persistence/RollbackException.java","4"
"36","4.1.1","9d2f5f8c35691c3542606bea1d23b916bcbeda8d","1881d68c-2c8f-452b-8c6e-ee46e0c4e2cc","9a3db3eb463ab40a45485eec284d5e107a6a1f34","org.apache.openjpa.persistence.StoreCache","openjpa-persistence/src/main/java/org/apache/openjpa/persistence/StoreCache.java","2"
"36","4.1.1","9d2f5f8c35691c3542606bea1d23b916bcbeda8d","1881d68c-2c8f-452b-8c6e-ee46e0c4e2cc","9a3db3eb463ab40a45485eec284d5e107a6a1f34","org.apache.openjpa.persistence.StoreCacheImpl","openjpa-persistence/src/main/java/org/apache/openjpa/persistence/StoreCacheImpl.java","2"
"36","4.1.1","9d2f5f8c35691c3542606bea1d23b916bcbeda8d","1881d68c-2c8f-452b-8c6e-ee46e0c4e2cc","9a3db3eb463ab40a45485eec284d5e107a6a1f34","org.apache.openjpa.persistence.StoredProcedureQueryImpl","openjpa-persistence/src/main/java/org/apache/openjpa/persistence/StoredProcedureQueryImpl.java","23"
"36","4.1.1","9d2f5f8c35691c3542606bea1d23b916bcbeda8d","1881d68c-2c8f-452b-8c6e-ee46e0c4e2cc","9a3db3eb463ab40a45485eec284d5e107a6a1f34","org.apache.openjpa.persistence.TransactionRequiredException","openjpa-persistence/src/main/java/org/apache/openjpa/persistence/TransactionRequiredException.java","5"
"36","4.1.1","9d2f5f8c35691c3542606bea1d23b916bcbeda8d","1881d68c-2c8f-452b-8c6e-ee46e0c4e2cc","9a3db3eb463ab40a45485eec284d5e107a6a1f34","org.apache.openjpa.persistence.TupleFactory","openjpa-persistence/src/main/java/org/apache/openjpa/persistence/TupleFactory.java","1"
"36","4.1.1","9d2f5f8c35691c3542606bea1d23b916bcbeda8d","1881d68c-2c8f-452b-8c6e-ee46e0c4e2cc","9a3db3eb463ab40a45485eec284d5e107a6a1f34","org.apache.openjpa.persistence.TupleImpl","openjpa-persistence/src/main/java/org/apache/openjpa/persistence/TupleImpl.java","3"
"36","4.1.1","9d2f5f8c35691c3542606bea1d23b916bcbeda8d","1881d68c-2c8f-452b-8c6e-ee46e0c4e2cc","9a3db3eb463ab40a45485eec284d5e107a6a1f34","org.apache.openjpa.persistence.Type","openjpa-persistence/src/main/java/org/apache/openjpa/persistence/Type.java","0"
"36","4.1.1","9d2f5f8c35691c3542606bea1d23b916bcbeda8d","1881d68c-2c8f-452b-8c6e-ee46e0c4e2cc","9a3db3eb463ab40a45485eec284d5e107a6a1f34","org.apache.openjpa.persistence.UpdateAction","openjpa-persistence/src/main/java/org/apache/openjpa/persistence/UpdateAction.java","0"
"36","4.1.1","9d2f5f8c35691c3542606bea1d23b916bcbeda8d","1881d68c-2c8f-452b-8c6e-ee46e0c4e2cc","9a3db3eb463ab40a45485eec284d5e107a6a1f34","org.apache.openjpa.persistence.XMLPersistenceMetaDataParser","openjpa-persistence/src/main/java/org/apache/openjpa/persistence/XMLPersistenceMetaDataParser.java","174"
"36","4.1.1","9d2f5f8c35691c3542606bea1d23b916bcbeda8d","1881d68c-2c8f-452b-8c6e-ee46e0c4e2cc","9a3db3eb463ab40a45485eec284d5e107a6a1f34","org.apache.openjpa.persistence.XMLPersistenceMetaDataSerializer","openjpa-persistence/src/main/java/org/apache/openjpa/persistence/XMLPersistenceMetaDataSerializer.java","47"
"36","4.1.1","9d2f5f8c35691c3542606bea1d23b916bcbeda8d","1881d68c-2c8f-452b-8c6e-ee46e0c4e2cc","9a3db3eb463ab40a45485eec284d5e107a6a1f34","org.apache.openjpa.persistence.criteria.AliasContext","openjpa-persistence/src/main/java/org/apache/openjpa/persistence/criteria/AliasContext.java","0"
"36","4.1.1","9d2f5f8c35691c3542606bea1d23b916bcbeda8d","1881d68c-2c8f-452b-8c6e-ee46e0c4e2cc","9a3db3eb463ab40a45485eec284d5e107a6a1f34","org.apache.openjpa.persistence.criteria.BindableParameter","openjpa-persistence/src/main/java/org/apache/openjpa/persistence/criteria/BindableParameter.java","0"
"36","4.1.1","9d2f5f8c35691c3542606bea1d23b916bcbeda8d","1881d68c-2c8f-452b-8c6e-ee46e0c4e2cc","9a3db3eb463ab40a45485eec284d5e107a6a1f34","org.apache.openjpa.persistence.criteria.CompareByExample","openjpa-persistence/src/main/java/org/apache/openjpa/persistence/criteria/CompareByExample.java","4"
"36","4.1.1","9d2f5f8c35691c3542606bea1d23b916bcbeda8d","1881d68c-2c8f-452b-8c6e-ee46e0c4e2cc","9a3db3eb463ab40a45485eec284d5e107a6a1f34","org.apache.openjpa.persistence.criteria.ComparisonStyle","openjpa-persistence/src/main/java/org/apache/openjpa/persistence/criteria/ComparisonStyle.java","1"
"36","4.1.1","9d2f5f8c35691c3542606bea1d23b916bcbeda8d","1881d68c-2c8f-452b-8c6e-ee46e0c4e2cc","9a3db3eb463ab40a45485eec284d5e107a6a1f34","org.apache.openjpa.persistence.criteria.CompoundSelections","openjpa-persistence/src/main/java/org/apache/openjpa/persistence/criteria/CompoundSelections.java","5"
"36","4.1.1","9d2f5f8c35691c3542606bea1d23b916bcbeda8d","1881d68c-2c8f-452b-8c6e-ee46e0c4e2cc","9a3db3eb463ab40a45485eec284d5e107a6a1f34","org.apache.openjpa.persistence.criteria.CriteriaBuilderImpl","openjpa-persistence/src/main/java/org/apache/openjpa/persistence/criteria/CriteriaBuilderImpl.java","8"
"36","4.1.1","9d2f5f8c35691c3542606bea1d23b916bcbeda8d","1881d68c-2c8f-452b-8c6e-ee46e0c4e2cc","9a3db3eb463ab40a45485eec284d5e107a6a1f34","org.apache.openjpa.persistence.criteria.CriteriaExpression","openjpa-persistence/src/main/java/org/apache/openjpa/persistence/criteria/CriteriaExpression.java","0"
"36","4.1.1","9d2f5f8c35691c3542606bea1d23b916bcbeda8d","1881d68c-2c8f-452b-8c6e-ee46e0c4e2cc","9a3db3eb463ab40a45485eec284d5e107a6a1f34","org.apache.openjpa.persistence.criteria.CriteriaExpressionBuilder","openjpa-persistence/src/main/java/org/apache/openjpa/persistence/criteria/CriteriaExpressionBuilder.java","10"
"36","4.1.1","9d2f5f8c35691c3542606bea1d23b916bcbeda8d","1881d68c-2c8f-452b-8c6e-ee46e0c4e2cc","9a3db3eb463ab40a45485eec284d5e107a6a1f34","org.apache.openjpa.persistence.criteria.CriteriaExpressionVisitor","openjpa-persistence/src/main/java/org/apache/openjpa/persistence/criteria/CriteriaExpressionVisitor.java","3"
"36","4.1.1","9d2f5f8c35691c3542606bea1d23b916bcbeda8d","1881d68c-2c8f-452b-8c6e-ee46e0c4e2cc","9a3db3eb463ab40a45485eec284d5e107a6a1f34","org.apache.openjpa.persistence.criteria.CriteriaQueryImpl","openjpa-persistence/src/main/java/org/apache/openjpa/persistence/criteria/CriteriaQueryImpl.java","32"
"36","4.1.1","9d2f5f8c35691c3542606bea1d23b916bcbeda8d","1881d68c-2c8f-452b-8c6e-ee46e0c4e2cc","9a3db3eb463ab40a45485eec284d5e107a6a1f34","org.apache.openjpa.persistence.criteria.ExpressionImpl","openjpa-persistence/src/main/java/org/apache/openjpa/persistence/criteria/ExpressionImpl.java","1"
"36","4.1.1","9d2f5f8c35691c3542606bea1d23b916bcbeda8d","1881d68c-2c8f-452b-8c6e-ee46e0c4e2cc","9a3db3eb463ab40a45485eec284d5e107a6a1f34","org.apache.openjpa.persistence.criteria.Expressions","openjpa-persistence/src/main/java/org/apache/openjpa/persistence/criteria/Expressions.java","27"
"36","4.1.1","9d2f5f8c35691c3542606bea1d23b916bcbeda8d","1881d68c-2c8f-452b-8c6e-ee46e0c4e2cc","9a3db3eb463ab40a45485eec284d5e107a6a1f34","org.apache.openjpa.persistence.criteria.FetchPathImpl","openjpa-persistence/src/main/java/org/apache/openjpa/persistence/criteria/FetchPathImpl.java","4"
"36","4.1.1","9d2f5f8c35691c3542606bea1d23b916bcbeda8d","1881d68c-2c8f-452b-8c6e-ee46e0c4e2cc","9a3db3eb463ab40a45485eec284d5e107a6a1f34","org.apache.openjpa.persistence.criteria.FromImpl","openjpa-persistence/src/main/java/org/apache/openjpa/persistence/criteria/FromImpl.java","4"
"36","4.1.1","9d2f5f8c35691c3542606bea1d23b916bcbeda8d","1881d68c-2c8f-452b-8c6e-ee46e0c4e2cc","9a3db3eb463ab40a45485eec284d5e107a6a1f34","org.apache.openjpa.persistence.criteria.Joins","openjpa-persistence/src/main/java/org/apache/openjpa/persistence/criteria/Joins.java","28"
"36","4.1.1","9d2f5f8c35691c3542606bea1d23b916bcbeda8d","1881d68c-2c8f-452b-8c6e-ee46e0c4e2cc","9a3db3eb463ab40a45485eec284d5e107a6a1f34","org.apache.openjpa.persistence.criteria.OpenJPACriteriaBuilder","openjpa-persistence/src/main/java/org/apache/openjpa/persistence/criteria/OpenJPACriteriaBuilder.java","0"
"36","4.1.1","9d2f5f8c35691c3542606bea1d23b916bcbeda8d","1881d68c-2c8f-452b-8c6e-ee46e0c4e2cc","9a3db3eb463ab40a45485eec284d5e107a6a1f34","org.apache.openjpa.persistence.criteria.OpenJPACriteriaQuery","openjpa-persistence/src/main/java/org/apache/openjpa/persistence/criteria/OpenJPACriteriaQuery.java","0"
"36","4.1.1","9d2f5f8c35691c3542606bea1d23b916bcbeda8d","1881d68c-2c8f-452b-8c6e-ee46e0c4e2cc","9a3db3eb463ab40a45485eec284d5e107a6a1f34","org.apache.openjpa.persistence.criteria.OrderImpl","openjpa-persistence/src/main/java/org/apache/openjpa/persistence/criteria/OrderImpl.java","1"
"36","4.1.1","9d2f5f8c35691c3542606bea1d23b916bcbeda8d","1881d68c-2c8f-452b-8c6e-ee46e0c4e2cc","9a3db3eb463ab40a45485eec284d5e107a6a1f34","org.apache.openjpa.persistence.criteria.ParameterExpressionImpl","openjpa-persistence/src/main/java/org/apache/openjpa/persistence/criteria/ParameterExpressionImpl.java","2"
"36","4.1.1","9d2f5f8c35691c3542606bea1d23b916bcbeda8d","1881d68c-2c8f-452b-8c6e-ee46e0c4e2cc","9a3db3eb463ab40a45485eec284d5e107a6a1f34","org.apache.openjpa.persistence.criteria.PathImpl","openjpa-persistence/src/main/java/org/apache/openjpa/persistence/criteria/PathImpl.java","9"
"36","4.1.1","9d2f5f8c35691c3542606bea1d23b916bcbeda8d","1881d68c-2c8f-452b-8c6e-ee46e0c4e2cc","9a3db3eb463ab40a45485eec284d5e107a6a1f34","org.apache.openjpa.persistence.criteria.PredicateImpl","openjpa-persistence/src/main/java/org/apache/openjpa/persistence/criteria/PredicateImpl.java","7"
"36","4.1.1","9d2f5f8c35691c3542606bea1d23b916bcbeda8d","1881d68c-2c8f-452b-8c6e-ee46e0c4e2cc","9a3db3eb463ab40a45485eec284d5e107a6a1f34","org.apache.openjpa.persistence.criteria.RootImpl","openjpa-persistence/src/main/java/org/apache/openjpa/persistence/criteria/RootImpl.java","4"
"36","4.1.1","9d2f5f8c35691c3542606bea1d23b916bcbeda8d","1881d68c-2c8f-452b-8c6e-ee46e0c4e2cc","9a3db3eb463ab40a45485eec284d5e107a6a1f34","org.apache.openjpa.persistence.criteria.SelectionImpl","openjpa-persistence/src/main/java/org/apache/openjpa/persistence/criteria/SelectionImpl.java","6"
"36","4.1.1","9d2f5f8c35691c3542606bea1d23b916bcbeda8d","1881d68c-2c8f-452b-8c6e-ee46e0c4e2cc","9a3db3eb463ab40a45485eec284d5e107a6a1f34","org.apache.openjpa.persistence.criteria.SubqueryImpl","openjpa-persistence/src/main/java/org/apache/openjpa/persistence/criteria/SubqueryImpl.java","8"
"36","4.1.1","9d2f5f8c35691c3542606bea1d23b916bcbeda8d","1881d68c-2c8f-452b-8c6e-ee46e0c4e2cc","9a3db3eb463ab40a45485eec284d5e107a6a1f34","org.apache.openjpa.persistence.jdbc.AnnotationPersistenceMappingParser","openjpa-persistence-jdbc/src/main/java/org/apache/openjpa/persistence/jdbc/AnnotationPersistenceMappingParser.java","31"
"36","4.1.1","9d2f5f8c35691c3542606bea1d23b916bcbeda8d","1881d68c-2c8f-452b-8c6e-ee46e0c4e2cc","9a3db3eb463ab40a45485eec284d5e107a6a1f34","org.apache.openjpa.persistence.jdbc.AnnotationPersistenceMappingSerializer","openjpa-persistence-jdbc/src/main/java/org/apache/openjpa/persistence/jdbc/AnnotationPersistenceMappingSerializer.java","23"
"36","4.1.1","9d2f5f8c35691c3542606bea1d23b916bcbeda8d","1881d68c-2c8f-452b-8c6e-ee46e0c4e2cc","9a3db3eb463ab40a45485eec284d5e107a6a1f34","org.apache.openjpa.persistence.jdbc.ClassCriteria","openjpa-persistence-jdbc/src/main/java/org/apache/openjpa/persistence/jdbc/ClassCriteria.java","0"
"36","4.1.1","9d2f5f8c35691c3542606bea1d23b916bcbeda8d","1881d68c-2c8f-452b-8c6e-ee46e0c4e2cc","9a3db3eb463ab40a45485eec284d5e107a6a1f34","org.apache.openjpa.persistence.jdbc.Columns","openjpa-persistence-jdbc/src/main/java/org/apache/openjpa/persistence/jdbc/Columns.java","0"
"36","4.1.1","9d2f5f8c35691c3542606bea1d23b916bcbeda8d","1881d68c-2c8f-452b-8c6e-ee46e0c4e2cc","9a3db3eb463ab40a45485eec284d5e107a6a1f34","org.apache.openjpa.persistence.jdbc.ContainerTable","openjpa-persistence-jdbc/src/main/java/org/apache/openjpa/persistence/jdbc/ContainerTable.java","0"
"36","4.1.1","9d2f5f8c35691c3542606bea1d23b916bcbeda8d","1881d68c-2c8f-452b-8c6e-ee46e0c4e2cc","9a3db3eb463ab40a45485eec284d5e107a6a1f34","org.apache.openjpa.persistence.jdbc.DataStoreIdColumn","openjpa-persistence-jdbc/src/main/java/org/apache/openjpa/persistence/jdbc/DataStoreIdColumn.java","0"
"36","4.1.1","9d2f5f8c35691c3542606bea1d23b916bcbeda8d","1881d68c-2c8f-452b-8c6e-ee46e0c4e2cc","9a3db3eb463ab40a45485eec284d5e107a6a1f34","org.apache.openjpa.persistence.jdbc.DiscriminatorStrategy","openjpa-persistence-jdbc/src/main/java/org/apache/openjpa/persistence/jdbc/DiscriminatorStrategy.java","0"
"36","4.1.1","9d2f5f8c35691c3542606bea1d23b916bcbeda8d","1881d68c-2c8f-452b-8c6e-ee46e0c4e2cc","9a3db3eb463ab40a45485eec284d5e107a6a1f34","org.apache.openjpa.persistence.jdbc.EagerFetchMode","openjpa-persistence-jdbc/src/main/java/org/apache/openjpa/persistence/jdbc/EagerFetchMode.java","0"
"36","4.1.1","9d2f5f8c35691c3542606bea1d23b916bcbeda8d","1881d68c-2c8f-452b-8c6e-ee46e0c4e2cc","9a3db3eb463ab40a45485eec284d5e107a6a1f34","org.apache.openjpa.persistence.jdbc.ElementClassCriteria","openjpa-persistence-jdbc/src/main/java/org/apache/openjpa/persistence/jdbc/ElementClassCriteria.java","0"
"36","4.1.1","9d2f5f8c35691c3542606bea1d23b916bcbeda8d","1881d68c-2c8f-452b-8c6e-ee46e0c4e2cc","9a3db3eb463ab40a45485eec284d5e107a6a1f34","org.apache.openjpa.persistence.jdbc.ElementColumn","openjpa-persistence-jdbc/src/main/java/org/apache/openjpa/persistence/jdbc/ElementColumn.java","0"
"36","4.1.1","9d2f5f8c35691c3542606bea1d23b916bcbeda8d","1881d68c-2c8f-452b-8c6e-ee46e0c4e2cc","9a3db3eb463ab40a45485eec284d5e107a6a1f34","org.apache.openjpa.persistence.jdbc.ElementColumns","openjpa-persistence-jdbc/src/main/java/org/apache/openjpa/persistence/jdbc/ElementColumns.java","0"
"36","4.1.1","9d2f5f8c35691c3542606bea1d23b916bcbeda8d","1881d68c-2c8f-452b-8c6e-ee46e0c4e2cc","9a3db3eb463ab40a45485eec284d5e107a6a1f34","org.apache.openjpa.persistence.jdbc.ElementEmbeddedMapping","openjpa-persistence-jdbc/src/main/java/org/apache/openjpa/persistence/jdbc/ElementEmbeddedMapping.java","0"
"36","4.1.1","9d2f5f8c35691c3542606bea1d23b916bcbeda8d","1881d68c-2c8f-452b-8c6e-ee46e0c4e2cc","9a3db3eb463ab40a45485eec284d5e107a6a1f34","org.apache.openjpa.persistence.jdbc.ElementForeignKey","openjpa-persistence-jdbc/src/main/java/org/apache/openjpa/persistence/jdbc/ElementForeignKey.java","0"
"36","4.1.1","9d2f5f8c35691c3542606bea1d23b916bcbeda8d","1881d68c-2c8f-452b-8c6e-ee46e0c4e2cc","9a3db3eb463ab40a45485eec284d5e107a6a1f34","org.apache.openjpa.persistence.jdbc.ElementIndex","openjpa-persistence-jdbc/src/main/java/org/apache/openjpa/persistence/jdbc/ElementIndex.java","0"
"36","4.1.1","9d2f5f8c35691c3542606bea1d23b916bcbeda8d","1881d68c-2c8f-452b-8c6e-ee46e0c4e2cc","9a3db3eb463ab40a45485eec284d5e107a6a1f34","org.apache.openjpa.persistence.jdbc.ElementJoinColumn","openjpa-persistence-jdbc/src/main/java/org/apache/openjpa/persistence/jdbc/ElementJoinColumn.java","0"
"36","4.1.1","9d2f5f8c35691c3542606bea1d23b916bcbeda8d","1881d68c-2c8f-452b-8c6e-ee46e0c4e2cc","9a3db3eb463ab40a45485eec284d5e107a6a1f34","org.apache.openjpa.persistence.jdbc.ElementJoinColumns","openjpa-persistence-jdbc/src/main/java/org/apache/openjpa/persistence/jdbc/ElementJoinColumns.java","0"
"36","4.1.1","9d2f5f8c35691c3542606bea1d23b916bcbeda8d","1881d68c-2c8f-452b-8c6e-ee46e0c4e2cc","9a3db3eb463ab40a45485eec284d5e107a6a1f34","org.apache.openjpa.persistence.jdbc.ElementNonpolymorphic","openjpa-persistence-jdbc/src/main/java/org/apache/openjpa/persistence/jdbc/ElementNonpolymorphic.java","0"
"36","4.1.1","9d2f5f8c35691c3542606bea1d23b916bcbeda8d","1881d68c-2c8f-452b-8c6e-ee46e0c4e2cc","9a3db3eb463ab40a45485eec284d5e107a6a1f34","org.apache.openjpa.persistence.jdbc.ElementStrategy","openjpa-persistence-jdbc/src/main/java/org/apache/openjpa/persistence/jdbc/ElementStrategy.java","0"
"36","4.1.1","9d2f5f8c35691c3542606bea1d23b916bcbeda8d","1881d68c-2c8f-452b-8c6e-ee46e0c4e2cc","9a3db3eb463ab40a45485eec284d5e107a6a1f34","org.apache.openjpa.persistence.jdbc.EmbeddedMapping","openjpa-persistence-jdbc/src/main/java/org/apache/openjpa/persistence/jdbc/EmbeddedMapping.java","0"
"36","4.1.1","9d2f5f8c35691c3542606bea1d23b916bcbeda8d","1881d68c-2c8f-452b-8c6e-ee46e0c4e2cc","9a3db3eb463ab40a45485eec284d5e107a6a1f34","org.apache.openjpa.persistence.jdbc.FetchDirection","openjpa-persistence-jdbc/src/main/java/org/apache/openjpa/persistence/jdbc/FetchDirection.java","0"
"36","4.1.1","9d2f5f8c35691c3542606bea1d23b916bcbeda8d","1881d68c-2c8f-452b-8c6e-ee46e0c4e2cc","9a3db3eb463ab40a45485eec284d5e107a6a1f34","org.apache.openjpa.persistence.jdbc.FetchMode","openjpa-persistence-jdbc/src/main/java/org/apache/openjpa/persistence/jdbc/FetchMode.java","1"
"36","4.1.1","9d2f5f8c35691c3542606bea1d23b916bcbeda8d","1881d68c-2c8f-452b-8c6e-ee46e0c4e2cc","9a3db3eb463ab40a45485eec284d5e107a6a1f34","org.apache.openjpa.persistence.jdbc.ForeignKey","openjpa-persistence-jdbc/src/main/java/org/apache/openjpa/persistence/jdbc/ForeignKey.java","0"
"36","4.1.1","9d2f5f8c35691c3542606bea1d23b916bcbeda8d","1881d68c-2c8f-452b-8c6e-ee46e0c4e2cc","9a3db3eb463ab40a45485eec284d5e107a6a1f34","org.apache.openjpa.persistence.jdbc.ForeignKeyAction","openjpa-persistence-jdbc/src/main/java/org/apache/openjpa/persistence/jdbc/ForeignKeyAction.java","0"
"36","4.1.1","9d2f5f8c35691c3542606bea1d23b916bcbeda8d","1881d68c-2c8f-452b-8c6e-ee46e0c4e2cc","9a3db3eb463ab40a45485eec284d5e107a6a1f34","org.apache.openjpa.persistence.jdbc.Index","openjpa-persistence-jdbc/src/main/java/org/apache/openjpa/persistence/jdbc/Index.java","0"
"36","4.1.1","9d2f5f8c35691c3542606bea1d23b916bcbeda8d","1881d68c-2c8f-452b-8c6e-ee46e0c4e2cc","9a3db3eb463ab40a45485eec284d5e107a6a1f34","org.apache.openjpa.persistence.jdbc.IsolationLevel","openjpa-persistence-jdbc/src/main/java/org/apache/openjpa/persistence/jdbc/IsolationLevel.java","3"
"36","4.1.1","9d2f5f8c35691c3542606bea1d23b916bcbeda8d","1881d68c-2c8f-452b-8c6e-ee46e0c4e2cc","9a3db3eb463ab40a45485eec284d5e107a6a1f34","org.apache.openjpa.persistence.jdbc.JDBCFetchPlan","openjpa-persistence-jdbc/src/main/java/org/apache/openjpa/persistence/jdbc/JDBCFetchPlan.java","16"
"36","4.1.1","9d2f5f8c35691c3542606bea1d23b916bcbeda8d","1881d68c-2c8f-452b-8c6e-ee46e0c4e2cc","9a3db3eb463ab40a45485eec284d5e107a6a1f34","org.apache.openjpa.persistence.jdbc.JDBCFetchPlanImpl","openjpa-persistence-jdbc/src/main/java/org/apache/openjpa/persistence/jdbc/JDBCFetchPlanImpl.java","3"
"36","4.1.1","9d2f5f8c35691c3542606bea1d23b916bcbeda8d","1881d68c-2c8f-452b-8c6e-ee46e0c4e2cc","9a3db3eb463ab40a45485eec284d5e107a6a1f34","org.apache.openjpa.persistence.jdbc.JDBCPersistenceProductDerivation","openjpa-persistence-jdbc/src/main/java/org/apache/openjpa/persistence/jdbc/JDBCPersistenceProductDerivation.java","2"
"36","4.1.1","9d2f5f8c35691c3542606bea1d23b916bcbeda8d","1881d68c-2c8f-452b-8c6e-ee46e0c4e2cc","9a3db3eb463ab40a45485eec284d5e107a6a1f34","org.apache.openjpa.persistence.jdbc.JoinSyntax","openjpa-persistence-jdbc/src/main/java/org/apache/openjpa/persistence/jdbc/JoinSyntax.java","0"
"36","4.1.1","9d2f5f8c35691c3542606bea1d23b916bcbeda8d","1881d68c-2c8f-452b-8c6e-ee46e0c4e2cc","9a3db3eb463ab40a45485eec284d5e107a6a1f34","org.apache.openjpa.persistence.jdbc.KeyClassCriteria","openjpa-persistence-jdbc/src/main/java/org/apache/openjpa/persistence/jdbc/KeyClassCriteria.java","0"
"36","4.1.1","9d2f5f8c35691c3542606bea1d23b916bcbeda8d","1881d68c-2c8f-452b-8c6e-ee46e0c4e2cc","9a3db3eb463ab40a45485eec284d5e107a6a1f34","org.apache.openjpa.persistence.jdbc.KeyColumn","openjpa-persistence-jdbc/src/main/java/org/apache/openjpa/persistence/jdbc/KeyColumn.java","0"
"36","4.1.1","9d2f5f8c35691c3542606bea1d23b916bcbeda8d","1881d68c-2c8f-452b-8c6e-ee46e0c4e2cc","9a3db3eb463ab40a45485eec284d5e107a6a1f34","org.apache.openjpa.persistence.jdbc.KeyColumns","openjpa-persistence-jdbc/src/main/java/org/apache/openjpa/persistence/jdbc/KeyColumns.java","0"
"36","4.1.1","9d2f5f8c35691c3542606bea1d23b916bcbeda8d","1881d68c-2c8f-452b-8c6e-ee46e0c4e2cc","9a3db3eb463ab40a45485eec284d5e107a6a1f34","org.apache.openjpa.persistence.jdbc.KeyEmbeddedMapping","openjpa-persistence-jdbc/src/main/java/org/apache/openjpa/persistence/jdbc/KeyEmbeddedMapping.java","0"
"36","4.1.1","9d2f5f8c35691c3542606bea1d23b916bcbeda8d","1881d68c-2c8f-452b-8c6e-ee46e0c4e2cc","9a3db3eb463ab40a45485eec284d5e107a6a1f34","org.apache.openjpa.persistence.jdbc.KeyForeignKey","openjpa-persistence-jdbc/src/main/java/org/apache/openjpa/persistence/jdbc/KeyForeignKey.java","0"
"36","4.1.1","9d2f5f8c35691c3542606bea1d23b916bcbeda8d","1881d68c-2c8f-452b-8c6e-ee46e0c4e2cc","9a3db3eb463ab40a45485eec284d5e107a6a1f34","org.apache.openjpa.persistence.jdbc.KeyIndex","openjpa-persistence-jdbc/src/main/java/org/apache/openjpa/persistence/jdbc/KeyIndex.java","0"
"36","4.1.1","9d2f5f8c35691c3542606bea1d23b916bcbeda8d","1881d68c-2c8f-452b-8c6e-ee46e0c4e2cc","9a3db3eb463ab40a45485eec284d5e107a6a1f34","org.apache.openjpa.persistence.jdbc.KeyJoinColumn","openjpa-persistence-jdbc/src/main/java/org/apache/openjpa/persistence/jdbc/KeyJoinColumn.java","0"
"36","4.1.1","9d2f5f8c35691c3542606bea1d23b916bcbeda8d","1881d68c-2c8f-452b-8c6e-ee46e0c4e2cc","9a3db3eb463ab40a45485eec284d5e107a6a1f34","org.apache.openjpa.persistence.jdbc.KeyJoinColumns","openjpa-persistence-jdbc/src/main/java/org/apache/openjpa/persistence/jdbc/KeyJoinColumns.java","0"
"36","4.1.1","9d2f5f8c35691c3542606bea1d23b916bcbeda8d","1881d68c-2c8f-452b-8c6e-ee46e0c4e2cc","9a3db3eb463ab40a45485eec284d5e107a6a1f34","org.apache.openjpa.persistence.jdbc.KeyNonpolymorphic","openjpa-persistence-jdbc/src/main/java/org/apache/openjpa/persistence/jdbc/KeyNonpolymorphic.java","0"
"36","4.1.1","9d2f5f8c35691c3542606bea1d23b916bcbeda8d","1881d68c-2c8f-452b-8c6e-ee46e0c4e2cc","9a3db3eb463ab40a45485eec284d5e107a6a1f34","org.apache.openjpa.persistence.jdbc.KeyStrategy","openjpa-persistence-jdbc/src/main/java/org/apache/openjpa/persistence/jdbc/KeyStrategy.java","0"
"36","4.1.1","9d2f5f8c35691c3542606bea1d23b916bcbeda8d","1881d68c-2c8f-452b-8c6e-ee46e0c4e2cc","9a3db3eb463ab40a45485eec284d5e107a6a1f34","org.apache.openjpa.persistence.jdbc.LRSSizeAlgorithm","openjpa-persistence-jdbc/src/main/java/org/apache/openjpa/persistence/jdbc/LRSSizeAlgorithm.java","1"
"36","4.1.1","9d2f5f8c35691c3542606bea1d23b916bcbeda8d","1881d68c-2c8f-452b-8c6e-ee46e0c4e2cc","9a3db3eb463ab40a45485eec284d5e107a6a1f34","org.apache.openjpa.persistence.jdbc.MappingOverride","openjpa-persistence-jdbc/src/main/java/org/apache/openjpa/persistence/jdbc/MappingOverride.java","0"
"36","4.1.1","9d2f5f8c35691c3542606bea1d23b916bcbeda8d","1881d68c-2c8f-452b-8c6e-ee46e0c4e2cc","9a3db3eb463ab40a45485eec284d5e107a6a1f34","org.apache.openjpa.persistence.jdbc.MappingOverrides","openjpa-persistence-jdbc/src/main/java/org/apache/openjpa/persistence/jdbc/MappingOverrides.java","0"
"36","4.1.1","9d2f5f8c35691c3542606bea1d23b916bcbeda8d","1881d68c-2c8f-452b-8c6e-ee46e0c4e2cc","9a3db3eb463ab40a45485eec284d5e107a6a1f34","org.apache.openjpa.persistence.jdbc.MappingTag","openjpa-persistence-jdbc/src/main/java/org/apache/openjpa/persistence/jdbc/MappingTag.java","0"
"36","4.1.1","9d2f5f8c35691c3542606bea1d23b916bcbeda8d","1881d68c-2c8f-452b-8c6e-ee46e0c4e2cc","9a3db3eb463ab40a45485eec284d5e107a6a1f34","org.apache.openjpa.persistence.jdbc.Nonpolymorphic","openjpa-persistence-jdbc/src/main/java/org/apache/openjpa/persistence/jdbc/Nonpolymorphic.java","0"
"36","4.1.1","9d2f5f8c35691c3542606bea1d23b916bcbeda8d","1881d68c-2c8f-452b-8c6e-ee46e0c4e2cc","9a3db3eb463ab40a45485eec284d5e107a6a1f34","org.apache.openjpa.persistence.jdbc.NonpolymorphicType","openjpa-persistence-jdbc/src/main/java/org/apache/openjpa/persistence/jdbc/NonpolymorphicType.java","0"
"36","4.1.1","9d2f5f8c35691c3542606bea1d23b916bcbeda8d","1881d68c-2c8f-452b-8c6e-ee46e0c4e2cc","9a3db3eb463ab40a45485eec284d5e107a6a1f34","org.apache.openjpa.persistence.jdbc.OrderColumn","openjpa-persistence-jdbc/src/main/java/org/apache/openjpa/persistence/jdbc/OrderColumn.java","0"
"36","4.1.1","9d2f5f8c35691c3542606bea1d23b916bcbeda8d","1881d68c-2c8f-452b-8c6e-ee46e0c4e2cc","9a3db3eb463ab40a45485eec284d5e107a6a1f34","org.apache.openjpa.persistence.jdbc.PersistenceMappingDefaults","openjpa-persistence-jdbc/src/main/java/org/apache/openjpa/persistence/jdbc/PersistenceMappingDefaults.java","1"
"36","4.1.1","9d2f5f8c35691c3542606bea1d23b916bcbeda8d","1881d68c-2c8f-452b-8c6e-ee46e0c4e2cc","9a3db3eb463ab40a45485eec284d5e107a6a1f34","org.apache.openjpa.persistence.jdbc.PersistenceMappingFactory","openjpa-persistence-jdbc/src/main/java/org/apache/openjpa/persistence/jdbc/PersistenceMappingFactory.java","0"
"36","4.1.1","9d2f5f8c35691c3542606bea1d23b916bcbeda8d","1881d68c-2c8f-452b-8c6e-ee46e0c4e2cc","9a3db3eb463ab40a45485eec284d5e107a6a1f34","org.apache.openjpa.persistence.jdbc.ResultSetType","openjpa-persistence-jdbc/src/main/java/org/apache/openjpa/persistence/jdbc/ResultSetType.java","0"
"36","4.1.1","9d2f5f8c35691c3542606bea1d23b916bcbeda8d","1881d68c-2c8f-452b-8c6e-ee46e0c4e2cc","9a3db3eb463ab40a45485eec284d5e107a6a1f34","org.apache.openjpa.persistence.jdbc.Strategy","openjpa-persistence-jdbc/src/main/java/org/apache/openjpa/persistence/jdbc/Strategy.java","0"
"36","4.1.1","9d2f5f8c35691c3542606bea1d23b916bcbeda8d","1881d68c-2c8f-452b-8c6e-ee46e0c4e2cc","9a3db3eb463ab40a45485eec284d5e107a6a1f34","org.apache.openjpa.persistence.jdbc.SubclassFetchMode","openjpa-persistence-jdbc/src/main/java/org/apache/openjpa/persistence/jdbc/SubclassFetchMode.java","0"
"36","4.1.1","9d2f5f8c35691c3542606bea1d23b916bcbeda8d","1881d68c-2c8f-452b-8c6e-ee46e0c4e2cc","9a3db3eb463ab40a45485eec284d5e107a6a1f34","org.apache.openjpa.persistence.jdbc.Unique","openjpa-persistence-jdbc/src/main/java/org/apache/openjpa/persistence/jdbc/Unique.java","0"
"36","4.1.1","9d2f5f8c35691c3542606bea1d23b916bcbeda8d","1881d68c-2c8f-452b-8c6e-ee46e0c4e2cc","9a3db3eb463ab40a45485eec284d5e107a6a1f34","org.apache.openjpa.persistence.jdbc.VersionColumn","openjpa-persistence-jdbc/src/main/java/org/apache/openjpa/persistence/jdbc/VersionColumn.java","0"
"36","4.1.1","9d2f5f8c35691c3542606bea1d23b916bcbeda8d","1881d68c-2c8f-452b-8c6e-ee46e0c4e2cc","9a3db3eb463ab40a45485eec284d5e107a6a1f34","org.apache.openjpa.persistence.jdbc.VersionColumns","openjpa-persistence-jdbc/src/main/java/org/apache/openjpa/persistence/jdbc/VersionColumns.java","0"
"36","4.1.1","9d2f5f8c35691c3542606bea1d23b916bcbeda8d","1881d68c-2c8f-452b-8c6e-ee46e0c4e2cc","9a3db3eb463ab40a45485eec284d5e107a6a1f34","org.apache.openjpa.persistence.jdbc.VersionStrategy","openjpa-persistence-jdbc/src/main/java/org/apache/openjpa/persistence/jdbc/VersionStrategy.java","0"
"36","4.1.1","9d2f5f8c35691c3542606bea1d23b916bcbeda8d","1881d68c-2c8f-452b-8c6e-ee46e0c4e2cc","9a3db3eb463ab40a45485eec284d5e107a6a1f34","org.apache.openjpa.persistence.jdbc.XEmbeddedMapping","openjpa-persistence-jdbc/src/main/java/org/apache/openjpa/persistence/jdbc/XEmbeddedMapping.java","0"
"36","4.1.1","9d2f5f8c35691c3542606bea1d23b916bcbeda8d","1881d68c-2c8f-452b-8c6e-ee46e0c4e2cc","9a3db3eb463ab40a45485eec284d5e107a6a1f34","org.apache.openjpa.persistence.jdbc.XJoinColumn","openjpa-persistence-jdbc/src/main/java/org/apache/openjpa/persistence/jdbc/XJoinColumn.java","0"
"36","4.1.1","9d2f5f8c35691c3542606bea1d23b916bcbeda8d","1881d68c-2c8f-452b-8c6e-ee46e0c4e2cc","9a3db3eb463ab40a45485eec284d5e107a6a1f34","org.apache.openjpa.persistence.jdbc.XJoinColumns","openjpa-persistence-jdbc/src/main/java/org/apache/openjpa/persistence/jdbc/XJoinColumns.java","0"
"36","4.1.1","9d2f5f8c35691c3542606bea1d23b916bcbeda8d","1881d68c-2c8f-452b-8c6e-ee46e0c4e2cc","9a3db3eb463ab40a45485eec284d5e107a6a1f34","org.apache.openjpa.persistence.jdbc.XMLPersistenceMappingParser","openjpa-persistence-jdbc/src/main/java/org/apache/openjpa/persistence/jdbc/XMLPersistenceMappingParser.java","73"
"36","4.1.1","9d2f5f8c35691c3542606bea1d23b916bcbeda8d","1881d68c-2c8f-452b-8c6e-ee46e0c4e2cc","9a3db3eb463ab40a45485eec284d5e107a6a1f34","org.apache.openjpa.persistence.jdbc.XMLPersistenceMappingSerializer","openjpa-persistence-jdbc/src/main/java/org/apache/openjpa/persistence/jdbc/XMLPersistenceMappingSerializer.java","28"
"36","4.1.1","9d2f5f8c35691c3542606bea1d23b916bcbeda8d","1881d68c-2c8f-452b-8c6e-ee46e0c4e2cc","9a3db3eb463ab40a45485eec284d5e107a6a1f34","org.apache.openjpa.persistence.jdbc.XMappingOverride","openjpa-persistence-jdbc/src/main/java/org/apache/openjpa/persistence/jdbc/XMappingOverride.java","0"
"36","4.1.1","9d2f5f8c35691c3542606bea1d23b916bcbeda8d","1881d68c-2c8f-452b-8c6e-ee46e0c4e2cc","9a3db3eb463ab40a45485eec284d5e107a6a1f34","org.apache.openjpa.persistence.jdbc.XMappingOverrides","openjpa-persistence-jdbc/src/main/java/org/apache/openjpa/persistence/jdbc/XMappingOverrides.java","0"
"36","4.1.1","9d2f5f8c35691c3542606bea1d23b916bcbeda8d","1881d68c-2c8f-452b-8c6e-ee46e0c4e2cc","9a3db3eb463ab40a45485eec284d5e107a6a1f34","org.apache.openjpa.persistence.jdbc.XSecondaryTable","openjpa-persistence-jdbc/src/main/java/org/apache/openjpa/persistence/jdbc/XSecondaryTable.java","0"
"36","4.1.1","9d2f5f8c35691c3542606bea1d23b916bcbeda8d","1881d68c-2c8f-452b-8c6e-ee46e0c4e2cc","9a3db3eb463ab40a45485eec284d5e107a6a1f34","org.apache.openjpa.persistence.jdbc.XSecondaryTables","openjpa-persistence-jdbc/src/main/java/org/apache/openjpa/persistence/jdbc/XSecondaryTables.java","0"
"36","4.1.1","9d2f5f8c35691c3542606bea1d23b916bcbeda8d","1881d68c-2c8f-452b-8c6e-ee46e0c4e2cc","9a3db3eb463ab40a45485eec284d5e107a6a1f34","org.apache.openjpa.persistence.jdbc.XTable","openjpa-persistence-jdbc/src/main/java/org/apache/openjpa/persistence/jdbc/XTable.java","0"
"36","4.1.1","9d2f5f8c35691c3542606bea1d23b916bcbeda8d","1881d68c-2c8f-452b-8c6e-ee46e0c4e2cc","9a3db3eb463ab40a45485eec284d5e107a6a1f34","org.apache.openjpa.persistence.jest.AbstractCommand","openjpa-jest/src/main/java/org/apache/openjpa/persistence/jest/AbstractCommand.java","7"
"36","4.1.1","9d2f5f8c35691c3542606bea1d23b916bcbeda8d","1881d68c-2c8f-452b-8c6e-ee46e0c4e2cc","9a3db3eb463ab40a45485eec284d5e107a6a1f34","org.apache.openjpa.persistence.jest.Closure","openjpa-jest/src/main/java/org/apache/openjpa/persistence/jest/Closure.java","3"
"36","4.1.1","9d2f5f8c35691c3542606bea1d23b916bcbeda8d","1881d68c-2c8f-452b-8c6e-ee46e0c4e2cc","9a3db3eb463ab40a45485eec284d5e107a6a1f34","org.apache.openjpa.persistence.jest.Constants","openjpa-jest/src/main/java/org/apache/openjpa/persistence/jest/Constants.java","1"
"36","4.1.1","9d2f5f8c35691c3542606bea1d23b916bcbeda8d","1881d68c-2c8f-452b-8c6e-ee46e0c4e2cc","9a3db3eb463ab40a45485eec284d5e107a6a1f34","org.apache.openjpa.persistence.jest.DomainCommand","openjpa-jest/src/main/java/org/apache/openjpa/persistence/jest/DomainCommand.java","0"
"36","4.1.1","9d2f5f8c35691c3542606bea1d23b916bcbeda8d","1881d68c-2c8f-452b-8c6e-ee46e0c4e2cc","9a3db3eb463ab40a45485eec284d5e107a6a1f34","org.apache.openjpa.persistence.jest.ExceptionFormatter","openjpa-jest/src/main/java/org/apache/openjpa/persistence/jest/ExceptionFormatter.java","0"
"36","4.1.1","9d2f5f8c35691c3542606bea1d23b916bcbeda8d","1881d68c-2c8f-452b-8c6e-ee46e0c4e2cc","9a3db3eb463ab40a45485eec284d5e107a6a1f34","org.apache.openjpa.persistence.jest.FindCommand","openjpa-jest/src/main/java/org/apache/openjpa/persistence/jest/FindCommand.java","0"
"36","4.1.1","9d2f5f8c35691c3542606bea1d23b916bcbeda8d","1881d68c-2c8f-452b-8c6e-ee46e0c4e2cc","9a3db3eb463ab40a45485eec284d5e107a6a1f34","org.apache.openjpa.persistence.jest.IOR","openjpa-jest/src/main/java/org/apache/openjpa/persistence/jest/IOR.java","1"
"36","4.1.1","9d2f5f8c35691c3542606bea1d23b916bcbeda8d","1881d68c-2c8f-452b-8c6e-ee46e0c4e2cc","9a3db3eb463ab40a45485eec284d5e107a6a1f34","org.apache.openjpa.persistence.jest.JESTCommand","openjpa-jest/src/main/java/org/apache/openjpa/persistence/jest/JESTCommand.java","3"
"36","4.1.1","9d2f5f8c35691c3542606bea1d23b916bcbeda8d","1881d68c-2c8f-452b-8c6e-ee46e0c4e2cc","9a3db3eb463ab40a45485eec284d5e107a6a1f34","org.apache.openjpa.persistence.jest.JESTContext","openjpa-jest/src/main/java/org/apache/openjpa/persistence/jest/JESTContext.java","10"
"36","4.1.1","9d2f5f8c35691c3542606bea1d23b916bcbeda8d","1881d68c-2c8f-452b-8c6e-ee46e0c4e2cc","9a3db3eb463ab40a45485eec284d5e107a6a1f34","org.apache.openjpa.persistence.jest.JESTServlet","openjpa-jest/src/main/java/org/apache/openjpa/persistence/jest/JESTServlet.java","12"
"36","4.1.1","9d2f5f8c35691c3542606bea1d23b916bcbeda8d","1881d68c-2c8f-452b-8c6e-ee46e0c4e2cc","9a3db3eb463ab40a45485eec284d5e107a6a1f34","org.apache.openjpa.persistence.jest.JPAServletContext","openjpa-jest/src/main/java/org/apache/openjpa/persistence/jest/JPAServletContext.java","0"
"36","4.1.1","9d2f5f8c35691c3542606bea1d23b916bcbeda8d","1881d68c-2c8f-452b-8c6e-ee46e0c4e2cc","9a3db3eb463ab40a45485eec284d5e107a6a1f34","org.apache.openjpa.persistence.jest.JSON","openjpa-jest/src/main/java/org/apache/openjpa/persistence/jest/JSON.java","0"
"36","4.1.1","9d2f5f8c35691c3542606bea1d23b916bcbeda8d","1881d68c-2c8f-452b-8c6e-ee46e0c4e2cc","9a3db3eb463ab40a45485eec284d5e107a6a1f34","org.apache.openjpa.persistence.jest.JSONObject","openjpa-jest/src/main/java/org/apache/openjpa/persistence/jest/JSONObject.java","9"
"36","4.1.1","9d2f5f8c35691c3542606bea1d23b916bcbeda8d","1881d68c-2c8f-452b-8c6e-ee46e0c4e2cc","9a3db3eb463ab40a45485eec284d5e107a6a1f34","org.apache.openjpa.persistence.jest.JSONObjectFormatter","openjpa-jest/src/main/java/org/apache/openjpa/persistence/jest/JSONObjectFormatter.java","8"
"36","4.1.1","9d2f5f8c35691c3542606bea1d23b916bcbeda8d","1881d68c-2c8f-452b-8c6e-ee46e0c4e2cc","9a3db3eb463ab40a45485eec284d5e107a6a1f34","org.apache.openjpa.persistence.jest.MetamodelHelper","openjpa-jest/src/main/java/org/apache/openjpa/persistence/jest/MetamodelHelper.java","3"
"36","4.1.1","9d2f5f8c35691c3542606bea1d23b916bcbeda8d","1881d68c-2c8f-452b-8c6e-ee46e0c4e2cc","9a3db3eb463ab40a45485eec284d5e107a6a1f34","org.apache.openjpa.persistence.jest.ObjectFormatter","openjpa-jest/src/main/java/org/apache/openjpa/persistence/jest/ObjectFormatter.java","3"
"36","4.1.1","9d2f5f8c35691c3542606bea1d23b916bcbeda8d","1881d68c-2c8f-452b-8c6e-ee46e0c4e2cc","9a3db3eb463ab40a45485eec284d5e107a6a1f34","org.apache.openjpa.persistence.jest.ProcessingException","openjpa-jest/src/main/java/org/apache/openjpa/persistence/jest/ProcessingException.java","4"
"36","4.1.1","9d2f5f8c35691c3542606bea1d23b916bcbeda8d","1881d68c-2c8f-452b-8c6e-ee46e0c4e2cc","9a3db3eb463ab40a45485eec284d5e107a6a1f34","org.apache.openjpa.persistence.jest.PropertiesCommand","openjpa-jest/src/main/java/org/apache/openjpa/persistence/jest/PropertiesCommand.java","0"
"36","4.1.1","9d2f5f8c35691c3542606bea1d23b916bcbeda8d","1881d68c-2c8f-452b-8c6e-ee46e0c4e2cc","9a3db3eb463ab40a45485eec284d5e107a6a1f34","org.apache.openjpa.persistence.jest.PropertiesFormatter","openjpa-jest/src/main/java/org/apache/openjpa/persistence/jest/PropertiesFormatter.java","2"
"36","4.1.1","9d2f5f8c35691c3542606bea1d23b916bcbeda8d","1881d68c-2c8f-452b-8c6e-ee46e0c4e2cc","9a3db3eb463ab40a45485eec284d5e107a6a1f34","org.apache.openjpa.persistence.jest.PrototypeFactory","openjpa-jest/src/main/java/org/apache/openjpa/persistence/jest/PrototypeFactory.java","6"
"36","4.1.1","9d2f5f8c35691c3542606bea1d23b916bcbeda8d","1881d68c-2c8f-452b-8c6e-ee46e0c4e2cc","9a3db3eb463ab40a45485eec284d5e107a6a1f34","org.apache.openjpa.persistence.jest.QueryCommand","openjpa-jest/src/main/java/org/apache/openjpa/persistence/jest/QueryCommand.java","0"
"36","4.1.1","9d2f5f8c35691c3542606bea1d23b916bcbeda8d","1881d68c-2c8f-452b-8c6e-ee46e0c4e2cc","9a3db3eb463ab40a45485eec284d5e107a6a1f34","org.apache.openjpa.persistence.jest.TokenReplacedStream","openjpa-jest/src/main/java/org/apache/openjpa/persistence/jest/TokenReplacedStream.java","4"
"36","4.1.1","9d2f5f8c35691c3542606bea1d23b916bcbeda8d","1881d68c-2c8f-452b-8c6e-ee46e0c4e2cc","9a3db3eb463ab40a45485eec284d5e107a6a1f34","org.apache.openjpa.persistence.jest.XMLFormatter","openjpa-jest/src/main/java/org/apache/openjpa/persistence/jest/XMLFormatter.java","7"
"36","4.1.1","9d2f5f8c35691c3542606bea1d23b916bcbeda8d","1881d68c-2c8f-452b-8c6e-ee46e0c4e2cc","9a3db3eb463ab40a45485eec284d5e107a6a1f34","org.apache.openjpa.persistence.meta.AbstractManagedType","openjpa-persistence/src/main/java/org/apache/openjpa/persistence/meta/AbstractManagedType.java","18"
"36","4.1.1","9d2f5f8c35691c3542606bea1d23b916bcbeda8d","1881d68c-2c8f-452b-8c6e-ee46e0c4e2cc","9a3db3eb463ab40a45485eec284d5e107a6a1f34","org.apache.openjpa.persistence.meta.AnnotationProcessor6","openjpa-persistence/src/main/java/org/apache/openjpa/persistence/meta/AnnotationProcessor6.java","12"
"36","4.1.1","9d2f5f8c35691c3542606bea1d23b916bcbeda8d","1881d68c-2c8f-452b-8c6e-ee46e0c4e2cc","9a3db3eb463ab40a45485eec284d5e107a6a1f34","org.apache.openjpa.persistence.meta.CompileTimeLogger","openjpa-persistence/src/main/java/org/apache/openjpa/persistence/meta/CompileTimeLogger.java","1"
"36","4.1.1","9d2f5f8c35691c3542606bea1d23b916bcbeda8d","1881d68c-2c8f-452b-8c6e-ee46e0c4e2cc","9a3db3eb463ab40a45485eec284d5e107a6a1f34","org.apache.openjpa.persistence.meta.Members","openjpa-persistence/src/main/java/org/apache/openjpa/persistence/meta/Members.java","6"
"36","4.1.1","9d2f5f8c35691c3542606bea1d23b916bcbeda8d","1881d68c-2c8f-452b-8c6e-ee46e0c4e2cc","9a3db3eb463ab40a45485eec284d5e107a6a1f34","org.apache.openjpa.persistence.meta.MetadataProcessor","openjpa-persistence/src/main/java/org/apache/openjpa/persistence/meta/MetadataProcessor.java","0"
"36","4.1.1","9d2f5f8c35691c3542606bea1d23b916bcbeda8d","1881d68c-2c8f-452b-8c6e-ee46e0c4e2cc","9a3db3eb463ab40a45485eec284d5e107a6a1f34","org.apache.openjpa.persistence.meta.MetamodelImpl","openjpa-persistence/src/main/java/org/apache/openjpa/persistence/meta/MetamodelImpl.java","12"
"36","4.1.1","9d2f5f8c35691c3542606bea1d23b916bcbeda8d","1881d68c-2c8f-452b-8c6e-ee46e0c4e2cc","9a3db3eb463ab40a45485eec284d5e107a6a1f34","org.apache.openjpa.persistence.meta.SourceAnnotationHandler","openjpa-persistence/src/main/java/org/apache/openjpa/persistence/meta/SourceAnnotationHandler.java","7"
"36","4.1.1","9d2f5f8c35691c3542606bea1d23b916bcbeda8d","1881d68c-2c8f-452b-8c6e-ee46e0c4e2cc","9a3db3eb463ab40a45485eec284d5e107a6a1f34","org.apache.openjpa.persistence.meta.Types","openjpa-persistence/src/main/java/org/apache/openjpa/persistence/meta/Types.java","4"
"36","4.1.1","9d2f5f8c35691c3542606bea1d23b916bcbeda8d","1881d68c-2c8f-452b-8c6e-ee46e0c4e2cc","9a3db3eb463ab40a45485eec284d5e107a6a1f34","org.apache.openjpa.persistence.osgi.BundleDelegatingClassLoader","openjpa-persistence/src/main/java/org/apache/openjpa/persistence/osgi/BundleDelegatingClassLoader.java","0"
"36","4.1.1","9d2f5f8c35691c3542606bea1d23b916bcbeda8d","1881d68c-2c8f-452b-8c6e-ee46e0c4e2cc","9a3db3eb463ab40a45485eec284d5e107a6a1f34","org.apache.openjpa.persistence.osgi.BundleUtils","openjpa-persistence/src/main/java/org/apache/openjpa/persistence/osgi/BundleUtils.java","2"
"36","4.1.1","9d2f5f8c35691c3542606bea1d23b916bcbeda8d","1881d68c-2c8f-452b-8c6e-ee46e0c4e2cc","9a3db3eb463ab40a45485eec284d5e107a6a1f34","org.apache.openjpa.persistence.osgi.PersistenceActivator","openjpa-persistence/src/main/java/org/apache/openjpa/persistence/osgi/PersistenceActivator.java","6"
"36","4.1.1","9d2f5f8c35691c3542606bea1d23b916bcbeda8d","1881d68c-2c8f-452b-8c6e-ee46e0c4e2cc","9a3db3eb463ab40a45485eec284d5e107a6a1f34","org.apache.openjpa.persistence.query.AbsExpression","openjpa-persistence/src/main/java/org/apache/openjpa/persistence/query/AbsExpression.java","0"
"36","4.1.1","9d2f5f8c35691c3542606bea1d23b916bcbeda8d","1881d68c-2c8f-452b-8c6e-ee46e0c4e2cc","9a3db3eb463ab40a45485eec284d5e107a6a1f34","org.apache.openjpa.persistence.query.AbstractDomainObject","openjpa-persistence/src/main/java/org/apache/openjpa/persistence/query/AbstractDomainObject.java","0"
"36","4.1.1","9d2f5f8c35691c3542606bea1d23b916bcbeda8d","1881d68c-2c8f-452b-8c6e-ee46e0c4e2cc","9a3db3eb463ab40a45485eec284d5e107a6a1f34","org.apache.openjpa.persistence.query.AbstractPath","openjpa-persistence/src/main/java/org/apache/openjpa/persistence/query/AbstractPath.java","6"
"36","4.1.1","9d2f5f8c35691c3542606bea1d23b916bcbeda8d","1881d68c-2c8f-452b-8c6e-ee46e0c4e2cc","9a3db3eb463ab40a45485eec284d5e107a6a1f34","org.apache.openjpa.persistence.query.AbstractVisitable","openjpa-persistence/src/main/java/org/apache/openjpa/persistence/query/AbstractVisitable.java","0"
"36","4.1.1","9d2f5f8c35691c3542606bea1d23b916bcbeda8d","1881d68c-2c8f-452b-8c6e-ee46e0c4e2cc","9a3db3eb463ab40a45485eec284d5e107a6a1f34","org.apache.openjpa.persistence.query.Aggregate","openjpa-persistence/src/main/java/org/apache/openjpa/persistence/query/Aggregate.java","0"
"36","4.1.1","9d2f5f8c35691c3542606bea1d23b916bcbeda8d","1881d68c-2c8f-452b-8c6e-ee46e0c4e2cc","9a3db3eb463ab40a45485eec284d5e107a6a1f34","org.apache.openjpa.persistence.query.AliasContext","openjpa-persistence/src/main/java/org/apache/openjpa/persistence/query/AliasContext.java","5"
"36","4.1.1","9d2f5f8c35691c3542606bea1d23b916bcbeda8d","1881d68c-2c8f-452b-8c6e-ee46e0c4e2cc","9a3db3eb463ab40a45485eec284d5e107a6a1f34","org.apache.openjpa.persistence.query.AllExpression","openjpa-persistence/src/main/java/org/apache/openjpa/persistence/query/AllExpression.java","0"
"36","4.1.1","9d2f5f8c35691c3542606bea1d23b916bcbeda8d","1881d68c-2c8f-452b-8c6e-ee46e0c4e2cc","9a3db3eb463ab40a45485eec284d5e107a6a1f34","org.apache.openjpa.persistence.query.AndPredicate","openjpa-persistence/src/main/java/org/apache/openjpa/persistence/query/AndPredicate.java","0"
"36","4.1.1","9d2f5f8c35691c3542606bea1d23b916bcbeda8d","1881d68c-2c8f-452b-8c6e-ee46e0c4e2cc","9a3db3eb463ab40a45485eec284d5e107a6a1f34","org.apache.openjpa.persistence.query.AnyExpression","openjpa-persistence/src/main/java/org/apache/openjpa/persistence/query/AnyExpression.java","0"
"36","4.1.1","9d2f5f8c35691c3542606bea1d23b916bcbeda8d","1881d68c-2c8f-452b-8c6e-ee46e0c4e2cc","9a3db3eb463ab40a45485eec284d5e107a6a1f34","org.apache.openjpa.persistence.query.ArrayExpression","openjpa-persistence/src/main/java/org/apache/openjpa/persistence/query/ArrayExpression.java","2"
"36","4.1.1","9d2f5f8c35691c3542606bea1d23b916bcbeda8d","1881d68c-2c8f-452b-8c6e-ee46e0c4e2cc","9a3db3eb463ab40a45485eec284d5e107a6a1f34","org.apache.openjpa.persistence.query.AverageExpression","openjpa-persistence/src/main/java/org/apache/openjpa/persistence/query/AverageExpression.java","0"
"36","4.1.1","9d2f5f8c35691c3542606bea1d23b916bcbeda8d","1881d68c-2c8f-452b-8c6e-ee46e0c4e2cc","9a3db3eb463ab40a45485eec284d5e107a6a1f34","org.apache.openjpa.persistence.query.BetweenExpression","openjpa-persistence/src/main/java/org/apache/openjpa/persistence/query/BetweenExpression.java","0"
"36","4.1.1","9d2f5f8c35691c3542606bea1d23b916bcbeda8d","1881d68c-2c8f-452b-8c6e-ee46e0c4e2cc","9a3db3eb463ab40a45485eec284d5e107a6a1f34","org.apache.openjpa.persistence.query.BinaryConditionalOperator","openjpa-persistence/src/main/java/org/apache/openjpa/persistence/query/BinaryConditionalOperator.java","1"
"36","4.1.1","9d2f5f8c35691c3542606bea1d23b916bcbeda8d","1881d68c-2c8f-452b-8c6e-ee46e0c4e2cc","9a3db3eb463ab40a45485eec284d5e107a6a1f34","org.apache.openjpa.persistence.query.BinaryExpressionPredicate","openjpa-persistence/src/main/java/org/apache/openjpa/persistence/query/BinaryExpressionPredicate.java","6"
"36","4.1.1","9d2f5f8c35691c3542606bea1d23b916bcbeda8d","1881d68c-2c8f-452b-8c6e-ee46e0c4e2cc","9a3db3eb463ab40a45485eec284d5e107a6a1f34","org.apache.openjpa.persistence.query.BinaryFunctionalOperator","openjpa-persistence/src/main/java/org/apache/openjpa/persistence/query/BinaryFunctionalOperator.java","1"
"36","4.1.1","9d2f5f8c35691c3542606bea1d23b916bcbeda8d","1881d68c-2c8f-452b-8c6e-ee46e0c4e2cc","9a3db3eb463ab40a45485eec284d5e107a6a1f34","org.apache.openjpa.persistence.query.BinaryOperatorExpression","openjpa-persistence/src/main/java/org/apache/openjpa/persistence/query/BinaryOperatorExpression.java","5"
"36","4.1.1","9d2f5f8c35691c3542606bea1d23b916bcbeda8d","1881d68c-2c8f-452b-8c6e-ee46e0c4e2cc","9a3db3eb463ab40a45485eec284d5e107a6a1f34","org.apache.openjpa.persistence.query.CaseExpression","openjpa-persistence/src/main/java/org/apache/openjpa/persistence/query/CaseExpression.java","0"
"36","4.1.1","9d2f5f8c35691c3542606bea1d23b916bcbeda8d","1881d68c-2c8f-452b-8c6e-ee46e0c4e2cc","9a3db3eb463ab40a45485eec284d5e107a6a1f34","org.apache.openjpa.persistence.query.CaseExpressionImpl","openjpa-persistence/src/main/java/org/apache/openjpa/persistence/query/CaseExpressionImpl.java","4"
"36","4.1.1","9d2f5f8c35691c3542606bea1d23b916bcbeda8d","1881d68c-2c8f-452b-8c6e-ee46e0c4e2cc","9a3db3eb463ab40a45485eec284d5e107a6a1f34","org.apache.openjpa.persistence.query.ConcatExpression","openjpa-persistence/src/main/java/org/apache/openjpa/persistence/query/ConcatExpression.java","0"
"36","4.1.1","9d2f5f8c35691c3542606bea1d23b916bcbeda8d","1881d68c-2c8f-452b-8c6e-ee46e0c4e2cc","9a3db3eb463ab40a45485eec284d5e107a6a1f34","org.apache.openjpa.persistence.query.ConditionalOperator","openjpa-persistence/src/main/java/org/apache/openjpa/persistence/query/ConditionalOperator.java","0"
"36","4.1.1","9d2f5f8c35691c3542606bea1d23b916bcbeda8d","1881d68c-2c8f-452b-8c6e-ee46e0c4e2cc","9a3db3eb463ab40a45485eec284d5e107a6a1f34","org.apache.openjpa.persistence.query.ConstantExpression","openjpa-persistence/src/main/java/org/apache/openjpa/persistence/query/ConstantExpression.java","2"
"36","4.1.1","9d2f5f8c35691c3542606bea1d23b916bcbeda8d","1881d68c-2c8f-452b-8c6e-ee46e0c4e2cc","9a3db3eb463ab40a45485eec284d5e107a6a1f34","org.apache.openjpa.persistence.query.CountExpression","openjpa-persistence/src/main/java/org/apache/openjpa/persistence/query/CountExpression.java","0"
"36","4.1.1","9d2f5f8c35691c3542606bea1d23b916bcbeda8d","1881d68c-2c8f-452b-8c6e-ee46e0c4e2cc","9a3db3eb463ab40a45485eec284d5e107a6a1f34","org.apache.openjpa.persistence.query.CurrentTimeExpression","openjpa-persistence/src/main/java/org/apache/openjpa/persistence/query/CurrentTimeExpression.java","3"
"36","4.1.1","9d2f5f8c35691c3542606bea1d23b916bcbeda8d","1881d68c-2c8f-452b-8c6e-ee46e0c4e2cc","9a3db3eb463ab40a45485eec284d5e107a6a1f34","org.apache.openjpa.persistence.query.DistinctExpression","openjpa-persistence/src/main/java/org/apache/openjpa/persistence/query/DistinctExpression.java","0"
"36","4.1.1","9d2f5f8c35691c3542606bea1d23b916bcbeda8d","1881d68c-2c8f-452b-8c6e-ee46e0c4e2cc","9a3db3eb463ab40a45485eec284d5e107a6a1f34","org.apache.openjpa.persistence.query.DividedByExpression","openjpa-persistence/src/main/java/org/apache/openjpa/persistence/query/DividedByExpression.java","0"
"36","4.1.1","9d2f5f8c35691c3542606bea1d23b916bcbeda8d","1881d68c-2c8f-452b-8c6e-ee46e0c4e2cc","9a3db3eb463ab40a45485eec284d5e107a6a1f34","org.apache.openjpa.persistence.query.DomainObject","openjpa-persistence/src/main/java/org/apache/openjpa/persistence/query/DomainObject.java","0"
"36","4.1.1","9d2f5f8c35691c3542606bea1d23b916bcbeda8d","1881d68c-2c8f-452b-8c6e-ee46e0c4e2cc","9a3db3eb463ab40a45485eec284d5e107a6a1f34","org.apache.openjpa.persistence.query.ElseExpression","openjpa-persistence/src/main/java/org/apache/openjpa/persistence/query/ElseExpression.java","5"
"36","4.1.1","9d2f5f8c35691c3542606bea1d23b916bcbeda8d","1881d68c-2c8f-452b-8c6e-ee46e0c4e2cc","9a3db3eb463ab40a45485eec284d5e107a6a1f34","org.apache.openjpa.persistence.query.EntryExpression","openjpa-persistence/src/main/java/org/apache/openjpa/persistence/query/EntryExpression.java","1"
"36","4.1.1","9d2f5f8c35691c3542606bea1d23b916bcbeda8d","1881d68c-2c8f-452b-8c6e-ee46e0c4e2cc","9a3db3eb463ab40a45485eec284d5e107a6a1f34","org.apache.openjpa.persistence.query.EqualExpression","openjpa-persistence/src/main/java/org/apache/openjpa/persistence/query/EqualExpression.java","0"
"36","4.1.1","9d2f5f8c35691c3542606bea1d23b916bcbeda8d","1881d68c-2c8f-452b-8c6e-ee46e0c4e2cc","9a3db3eb463ab40a45485eec284d5e107a6a1f34","org.apache.openjpa.persistence.query.ExistsExpression","openjpa-persistence/src/main/java/org/apache/openjpa/persistence/query/ExistsExpression.java","0"
"36","4.1.1","9d2f5f8c35691c3542606bea1d23b916bcbeda8d","1881d68c-2c8f-452b-8c6e-ee46e0c4e2cc","9a3db3eb463ab40a45485eec284d5e107a6a1f34","org.apache.openjpa.persistence.query.Expression","openjpa-persistence/src/main/java/org/apache/openjpa/persistence/query/Expression.java","0"
"36","4.1.1","9d2f5f8c35691c3542606bea1d23b916bcbeda8d","1881d68c-2c8f-452b-8c6e-ee46e0c4e2cc","9a3db3eb463ab40a45485eec284d5e107a6a1f34","org.apache.openjpa.persistence.query.ExpressionImpl","openjpa-persistence/src/main/java/org/apache/openjpa/persistence/query/ExpressionImpl.java","0"
"36","4.1.1","9d2f5f8c35691c3542606bea1d23b916bcbeda8d","1881d68c-2c8f-452b-8c6e-ee46e0c4e2cc","9a3db3eb463ab40a45485eec284d5e107a6a1f34","org.apache.openjpa.persistence.query.FetchJoinObject","openjpa-persistence/src/main/java/org/apache/openjpa/persistence/query/FetchJoinObject.java","0"
"36","4.1.1","9d2f5f8c35691c3542606bea1d23b916bcbeda8d","1881d68c-2c8f-452b-8c6e-ee46e0c4e2cc","9a3db3eb463ab40a45485eec284d5e107a6a1f34","org.apache.openjpa.persistence.query.FetchPath","openjpa-persistence/src/main/java/org/apache/openjpa/persistence/query/FetchPath.java","0"
"36","4.1.1","9d2f5f8c35691c3542606bea1d23b916bcbeda8d","1881d68c-2c8f-452b-8c6e-ee46e0c4e2cc","9a3db3eb463ab40a45485eec284d5e107a6a1f34","org.apache.openjpa.persistence.query.GreaterEqualExpression","openjpa-persistence/src/main/java/org/apache/openjpa/persistence/query/GreaterEqualExpression.java","0"
"36","4.1.1","9d2f5f8c35691c3542606bea1d23b916bcbeda8d","1881d68c-2c8f-452b-8c6e-ee46e0c4e2cc","9a3db3eb463ab40a45485eec284d5e107a6a1f34","org.apache.openjpa.persistence.query.GreaterThanExpression","openjpa-persistence/src/main/java/org/apache/openjpa/persistence/query/GreaterThanExpression.java","0"
"36","4.1.1","9d2f5f8c35691c3542606bea1d23b916bcbeda8d","1881d68c-2c8f-452b-8c6e-ee46e0c4e2cc","9a3db3eb463ab40a45485eec284d5e107a6a1f34","org.apache.openjpa.persistence.query.InExpression","openjpa-persistence/src/main/java/org/apache/openjpa/persistence/query/InExpression.java","0"
"36","4.1.1","9d2f5f8c35691c3542606bea1d23b916bcbeda8d","1881d68c-2c8f-452b-8c6e-ee46e0c4e2cc","9a3db3eb463ab40a45485eec284d5e107a6a1f34","org.apache.openjpa.persistence.query.IndexExpression","openjpa-persistence/src/main/java/org/apache/openjpa/persistence/query/IndexExpression.java","0"
"36","4.1.1","9d2f5f8c35691c3542606bea1d23b916bcbeda8d","1881d68c-2c8f-452b-8c6e-ee46e0c4e2cc","9a3db3eb463ab40a45485eec284d5e107a6a1f34","org.apache.openjpa.persistence.query.IsEmptyExpression","openjpa-persistence/src/main/java/org/apache/openjpa/persistence/query/IsEmptyExpression.java","0"
"36","4.1.1","9d2f5f8c35691c3542606bea1d23b916bcbeda8d","1881d68c-2c8f-452b-8c6e-ee46e0c4e2cc","9a3db3eb463ab40a45485eec284d5e107a6a1f34","org.apache.openjpa.persistence.query.IsNullExpression","openjpa-persistence/src/main/java/org/apache/openjpa/persistence/query/IsNullExpression.java","0"
"36","4.1.1","9d2f5f8c35691c3542606bea1d23b916bcbeda8d","1881d68c-2c8f-452b-8c6e-ee46e0c4e2cc","9a3db3eb463ab40a45485eec284d5e107a6a1f34","org.apache.openjpa.persistence.query.JPQLHelper","openjpa-persistence/src/main/java/org/apache/openjpa/persistence/query/JPQLHelper.java","1"
"36","4.1.1","9d2f5f8c35691c3542606bea1d23b916bcbeda8d","1881d68c-2c8f-452b-8c6e-ee46e0c4e2cc","9a3db3eb463ab40a45485eec284d5e107a6a1f34","org.apache.openjpa.persistence.query.JoinPath","openjpa-persistence/src/main/java/org/apache/openjpa/persistence/query/JoinPath.java","0"
"36","4.1.1","9d2f5f8c35691c3542606bea1d23b916bcbeda8d","1881d68c-2c8f-452b-8c6e-ee46e0c4e2cc","9a3db3eb463ab40a45485eec284d5e107a6a1f34","org.apache.openjpa.persistence.query.KeyExpression","openjpa-persistence/src/main/java/org/apache/openjpa/persistence/query/KeyExpression.java","1"
"36","4.1.1","9d2f5f8c35691c3542606bea1d23b916bcbeda8d","1881d68c-2c8f-452b-8c6e-ee46e0c4e2cc","9a3db3eb463ab40a45485eec284d5e107a6a1f34","org.apache.openjpa.persistence.query.LengthExpression","openjpa-persistence/src/main/java/org/apache/openjpa/persistence/query/LengthExpression.java","0"
"36","4.1.1","9d2f5f8c35691c3542606bea1d23b916bcbeda8d","1881d68c-2c8f-452b-8c6e-ee46e0c4e2cc","9a3db3eb463ab40a45485eec284d5e107a6a1f34","org.apache.openjpa.persistence.query.LessEqualExpression","openjpa-persistence/src/main/java/org/apache/openjpa/persistence/query/LessEqualExpression.java","0"
"36","4.1.1","9d2f5f8c35691c3542606bea1d23b916bcbeda8d","1881d68c-2c8f-452b-8c6e-ee46e0c4e2cc","9a3db3eb463ab40a45485eec284d5e107a6a1f34","org.apache.openjpa.persistence.query.LessThanExpression","openjpa-persistence/src/main/java/org/apache/openjpa/persistence/query/LessThanExpression.java","0"
"36","4.1.1","9d2f5f8c35691c3542606bea1d23b916bcbeda8d","1881d68c-2c8f-452b-8c6e-ee46e0c4e2cc","9a3db3eb463ab40a45485eec284d5e107a6a1f34","org.apache.openjpa.persistence.query.LikeExpression","openjpa-persistence/src/main/java/org/apache/openjpa/persistence/query/LikeExpression.java","3"
"36","4.1.1","9d2f5f8c35691c3542606bea1d23b916bcbeda8d","1881d68c-2c8f-452b-8c6e-ee46e0c4e2cc","9a3db3eb463ab40a45485eec284d5e107a6a1f34","org.apache.openjpa.persistence.query.LiteralExpression","openjpa-persistence/src/main/java/org/apache/openjpa/persistence/query/LiteralExpression.java","0"
"36","4.1.1","9d2f5f8c35691c3542606bea1d23b916bcbeda8d","1881d68c-2c8f-452b-8c6e-ee46e0c4e2cc","9a3db3eb463ab40a45485eec284d5e107a6a1f34","org.apache.openjpa.persistence.query.LocateExpression","openjpa-persistence/src/main/java/org/apache/openjpa/persistence/query/LocateExpression.java","2"
"36","4.1.1","9d2f5f8c35691c3542606bea1d23b916bcbeda8d","1881d68c-2c8f-452b-8c6e-ee46e0c4e2cc","9a3db3eb463ab40a45485eec284d5e107a6a1f34","org.apache.openjpa.persistence.query.LogicalPredicate","openjpa-persistence/src/main/java/org/apache/openjpa/persistence/query/LogicalPredicate.java","6"
"36","4.1.1","9d2f5f8c35691c3542606bea1d23b916bcbeda8d","1881d68c-2c8f-452b-8c6e-ee46e0c4e2cc","9a3db3eb463ab40a45485eec284d5e107a6a1f34","org.apache.openjpa.persistence.query.LowerExpression","openjpa-persistence/src/main/java/org/apache/openjpa/persistence/query/LowerExpression.java","0"
"36","4.1.1","9d2f5f8c35691c3542606bea1d23b916bcbeda8d","1881d68c-2c8f-452b-8c6e-ee46e0c4e2cc","9a3db3eb463ab40a45485eec284d5e107a6a1f34","org.apache.openjpa.persistence.query.MaxExpression","openjpa-persistence/src/main/java/org/apache/openjpa/persistence/query/MaxExpression.java","0"
"36","4.1.1","9d2f5f8c35691c3542606bea1d23b916bcbeda8d","1881d68c-2c8f-452b-8c6e-ee46e0c4e2cc","9a3db3eb463ab40a45485eec284d5e107a6a1f34","org.apache.openjpa.persistence.query.MemberOfExpression","openjpa-persistence/src/main/java/org/apache/openjpa/persistence/query/MemberOfExpression.java","0"
"36","4.1.1","9d2f5f8c35691c3542606bea1d23b916bcbeda8d","1881d68c-2c8f-452b-8c6e-ee46e0c4e2cc","9a3db3eb463ab40a45485eec284d5e107a6a1f34","org.apache.openjpa.persistence.query.MinExpression","openjpa-persistence/src/main/java/org/apache/openjpa/persistence/query/MinExpression.java","0"
"36","4.1.1","9d2f5f8c35691c3542606bea1d23b916bcbeda8d","1881d68c-2c8f-452b-8c6e-ee46e0c4e2cc","9a3db3eb463ab40a45485eec284d5e107a6a1f34","org.apache.openjpa.persistence.query.MinusExpression","openjpa-persistence/src/main/java/org/apache/openjpa/persistence/query/MinusExpression.java","0"
"36","4.1.1","9d2f5f8c35691c3542606bea1d23b916bcbeda8d","1881d68c-2c8f-452b-8c6e-ee46e0c4e2cc","9a3db3eb463ab40a45485eec284d5e107a6a1f34","org.apache.openjpa.persistence.query.ModExpression","openjpa-persistence/src/main/java/org/apache/openjpa/persistence/query/ModExpression.java","0"
"36","4.1.1","9d2f5f8c35691c3542606bea1d23b916bcbeda8d","1881d68c-2c8f-452b-8c6e-ee46e0c4e2cc","9a3db3eb463ab40a45485eec284d5e107a6a1f34","org.apache.openjpa.persistence.query.NavigationPath","openjpa-persistence/src/main/java/org/apache/openjpa/persistence/query/NavigationPath.java","0"
"36","4.1.1","9d2f5f8c35691c3542606bea1d23b916bcbeda8d","1881d68c-2c8f-452b-8c6e-ee46e0c4e2cc","9a3db3eb463ab40a45485eec284d5e107a6a1f34","org.apache.openjpa.persistence.query.NewInstance","openjpa-persistence/src/main/java/org/apache/openjpa/persistence/query/NewInstance.java","4"
"36","4.1.1","9d2f5f8c35691c3542606bea1d23b916bcbeda8d","1881d68c-2c8f-452b-8c6e-ee46e0c4e2cc","9a3db3eb463ab40a45485eec284d5e107a6a1f34","org.apache.openjpa.persistence.query.NotEqualExpression","openjpa-persistence/src/main/java/org/apache/openjpa/persistence/query/NotEqualExpression.java","0"
"36","4.1.1","9d2f5f8c35691c3542606bea1d23b916bcbeda8d","1881d68c-2c8f-452b-8c6e-ee46e0c4e2cc","9a3db3eb463ab40a45485eec284d5e107a6a1f34","org.apache.openjpa.persistence.query.OpenJPAQueryBuilder","openjpa-persistence/src/main/java/org/apache/openjpa/persistence/query/OpenJPAQueryBuilder.java","0"
"36","4.1.1","9d2f5f8c35691c3542606bea1d23b916bcbeda8d","1881d68c-2c8f-452b-8c6e-ee46e0c4e2cc","9a3db3eb463ab40a45485eec284d5e107a6a1f34","org.apache.openjpa.persistence.query.OperatorPath","openjpa-persistence/src/main/java/org/apache/openjpa/persistence/query/OperatorPath.java","0"
"36","4.1.1","9d2f5f8c35691c3542606bea1d23b916bcbeda8d","1881d68c-2c8f-452b-8c6e-ee46e0c4e2cc","9a3db3eb463ab40a45485eec284d5e107a6a1f34","org.apache.openjpa.persistence.query.OrPredicate","openjpa-persistence/src/main/java/org/apache/openjpa/persistence/query/OrPredicate.java","0"
"36","4.1.1","9d2f5f8c35691c3542606bea1d23b916bcbeda8d","1881d68c-2c8f-452b-8c6e-ee46e0c4e2cc","9a3db3eb463ab40a45485eec284d5e107a6a1f34","org.apache.openjpa.persistence.query.OrderBy","openjpa-persistence/src/main/java/org/apache/openjpa/persistence/query/OrderBy.java","0"
"36","4.1.1","9d2f5f8c35691c3542606bea1d23b916bcbeda8d","1881d68c-2c8f-452b-8c6e-ee46e0c4e2cc","9a3db3eb463ab40a45485eec284d5e107a6a1f34","org.apache.openjpa.persistence.query.OrderByItem","openjpa-persistence/src/main/java/org/apache/openjpa/persistence/query/OrderByItem.java","0"
"36","4.1.1","9d2f5f8c35691c3542606bea1d23b916bcbeda8d","1881d68c-2c8f-452b-8c6e-ee46e0c4e2cc","9a3db3eb463ab40a45485eec284d5e107a6a1f34","org.apache.openjpa.persistence.query.OrderableItem","openjpa-persistence/src/main/java/org/apache/openjpa/persistence/query/OrderableItem.java","3"
"36","4.1.1","9d2f5f8c35691c3542606bea1d23b916bcbeda8d","1881d68c-2c8f-452b-8c6e-ee46e0c4e2cc","9a3db3eb463ab40a45485eec284d5e107a6a1f34","org.apache.openjpa.persistence.query.ParameterExpression","openjpa-persistence/src/main/java/org/apache/openjpa/persistence/query/ParameterExpression.java","1"
"36","4.1.1","9d2f5f8c35691c3542606bea1d23b916bcbeda8d","1881d68c-2c8f-452b-8c6e-ee46e0c4e2cc","9a3db3eb463ab40a45485eec284d5e107a6a1f34","org.apache.openjpa.persistence.query.PathExpression","openjpa-persistence/src/main/java/org/apache/openjpa/persistence/query/PathExpression.java","0"
"36","4.1.1","9d2f5f8c35691c3542606bea1d23b916bcbeda8d","1881d68c-2c8f-452b-8c6e-ee46e0c4e2cc","9a3db3eb463ab40a45485eec284d5e107a6a1f34","org.apache.openjpa.persistence.query.PathOperator","openjpa-persistence/src/main/java/org/apache/openjpa/persistence/query/PathOperator.java","1"
"36","4.1.1","9d2f5f8c35691c3542606bea1d23b916bcbeda8d","1881d68c-2c8f-452b-8c6e-ee46e0c4e2cc","9a3db3eb463ab40a45485eec284d5e107a6a1f34","org.apache.openjpa.persistence.query.PlusExpression","openjpa-persistence/src/main/java/org/apache/openjpa/persistence/query/PlusExpression.java","0"
"36","4.1.1","9d2f5f8c35691c3542606bea1d23b916bcbeda8d","1881d68c-2c8f-452b-8c6e-ee46e0c4e2cc","9a3db3eb463ab40a45485eec284d5e107a6a1f34","org.apache.openjpa.persistence.query.Predicate","openjpa-persistence/src/main/java/org/apache/openjpa/persistence/query/Predicate.java","0"
"36","4.1.1","9d2f5f8c35691c3542606bea1d23b916bcbeda8d","1881d68c-2c8f-452b-8c6e-ee46e0c4e2cc","9a3db3eb463ab40a45485eec284d5e107a6a1f34","org.apache.openjpa.persistence.query.PredicateOperand","openjpa-persistence/src/main/java/org/apache/openjpa/persistence/query/PredicateOperand.java","0"
"36","4.1.1","9d2f5f8c35691c3542606bea1d23b916bcbeda8d","1881d68c-2c8f-452b-8c6e-ee46e0c4e2cc","9a3db3eb463ab40a45485eec284d5e107a6a1f34","org.apache.openjpa.persistence.query.QueryBuilder","openjpa-persistence/src/main/java/org/apache/openjpa/persistence/query/QueryBuilder.java","0"
"36","4.1.1","9d2f5f8c35691c3542606bea1d23b916bcbeda8d","1881d68c-2c8f-452b-8c6e-ee46e0c4e2cc","9a3db3eb463ab40a45485eec284d5e107a6a1f34","org.apache.openjpa.persistence.query.QueryBuilderImpl","openjpa-persistence/src/main/java/org/apache/openjpa/persistence/query/QueryBuilderImpl.java","1"
"36","4.1.1","9d2f5f8c35691c3542606bea1d23b916bcbeda8d","1881d68c-2c8f-452b-8c6e-ee46e0c4e2cc","9a3db3eb463ab40a45485eec284d5e107a6a1f34","org.apache.openjpa.persistence.query.QueryDefinition","openjpa-persistence/src/main/java/org/apache/openjpa/persistence/query/QueryDefinition.java","0"
"36","4.1.1","9d2f5f8c35691c3542606bea1d23b916bcbeda8d","1881d68c-2c8f-452b-8c6e-ee46e0c4e2cc","9a3db3eb463ab40a45485eec284d5e107a6a1f34","org.apache.openjpa.persistence.query.QueryDefinitionImpl","openjpa-persistence/src/main/java/org/apache/openjpa/persistence/query/QueryDefinitionImpl.java","17"
"36","4.1.1","9d2f5f8c35691c3542606bea1d23b916bcbeda8d","1881d68c-2c8f-452b-8c6e-ee46e0c4e2cc","9a3db3eb463ab40a45485eec284d5e107a6a1f34","org.apache.openjpa.persistence.query.QueryExpression","openjpa-persistence/src/main/java/org/apache/openjpa/persistence/query/QueryExpression.java","1"
"36","4.1.1","9d2f5f8c35691c3542606bea1d23b916bcbeda8d","1881d68c-2c8f-452b-8c6e-ee46e0c4e2cc","9a3db3eb463ab40a45485eec284d5e107a6a1f34","org.apache.openjpa.persistence.query.RangeExpression","openjpa-persistence/src/main/java/org/apache/openjpa/persistence/query/RangeExpression.java","0"
"36","4.1.1","9d2f5f8c35691c3542606bea1d23b916bcbeda8d","1881d68c-2c8f-452b-8c6e-ee46e0c4e2cc","9a3db3eb463ab40a45485eec284d5e107a6a1f34","org.apache.openjpa.persistence.query.RootPath","openjpa-persistence/src/main/java/org/apache/openjpa/persistence/query/RootPath.java","0"
"36","4.1.1","9d2f5f8c35691c3542606bea1d23b916bcbeda8d","1881d68c-2c8f-452b-8c6e-ee46e0c4e2cc","9a3db3eb463ab40a45485eec284d5e107a6a1f34","org.apache.openjpa.persistence.query.SelectItem","openjpa-persistence/src/main/java/org/apache/openjpa/persistence/query/SelectItem.java","0"
"36","4.1.1","9d2f5f8c35691c3542606bea1d23b916bcbeda8d","1881d68c-2c8f-452b-8c6e-ee46e0c4e2cc","9a3db3eb463ab40a45485eec284d5e107a6a1f34","org.apache.openjpa.persistence.query.SizeExpression","openjpa-persistence/src/main/java/org/apache/openjpa/persistence/query/SizeExpression.java","0"
"36","4.1.1","9d2f5f8c35691c3542606bea1d23b916bcbeda8d","1881d68c-2c8f-452b-8c6e-ee46e0c4e2cc","9a3db3eb463ab40a45485eec284d5e107a6a1f34","org.apache.openjpa.persistence.query.SomeExpression","openjpa-persistence/src/main/java/org/apache/openjpa/persistence/query/SomeExpression.java","0"
"36","4.1.1","9d2f5f8c35691c3542606bea1d23b916bcbeda8d","1881d68c-2c8f-452b-8c6e-ee46e0c4e2cc","9a3db3eb463ab40a45485eec284d5e107a6a1f34","org.apache.openjpa.persistence.query.SquareRootExpression","openjpa-persistence/src/main/java/org/apache/openjpa/persistence/query/SquareRootExpression.java","0"
"36","4.1.1","9d2f5f8c35691c3542606bea1d23b916bcbeda8d","1881d68c-2c8f-452b-8c6e-ee46e0c4e2cc","9a3db3eb463ab40a45485eec284d5e107a6a1f34","org.apache.openjpa.persistence.query.SubStringExpression","openjpa-persistence/src/main/java/org/apache/openjpa/persistence/query/SubStringExpression.java","4"
"36","4.1.1","9d2f5f8c35691c3542606bea1d23b916bcbeda8d","1881d68c-2c8f-452b-8c6e-ee46e0c4e2cc","9a3db3eb463ab40a45485eec284d5e107a6a1f34","org.apache.openjpa.persistence.query.Subquery","openjpa-persistence/src/main/java/org/apache/openjpa/persistence/query/Subquery.java","0"
"36","4.1.1","9d2f5f8c35691c3542606bea1d23b916bcbeda8d","1881d68c-2c8f-452b-8c6e-ee46e0c4e2cc","9a3db3eb463ab40a45485eec284d5e107a6a1f34","org.apache.openjpa.persistence.query.SumExpression","openjpa-persistence/src/main/java/org/apache/openjpa/persistence/query/SumExpression.java","0"
"36","4.1.1","9d2f5f8c35691c3542606bea1d23b916bcbeda8d","1881d68c-2c8f-452b-8c6e-ee46e0c4e2cc","9a3db3eb463ab40a45485eec284d5e107a6a1f34","org.apache.openjpa.persistence.query.TimesExpression","openjpa-persistence/src/main/java/org/apache/openjpa/persistence/query/TimesExpression.java","0"
"36","4.1.1","9d2f5f8c35691c3542606bea1d23b916bcbeda8d","1881d68c-2c8f-452b-8c6e-ee46e0c4e2cc","9a3db3eb463ab40a45485eec284d5e107a6a1f34","org.apache.openjpa.persistence.query.TrimExpression","openjpa-persistence/src/main/java/org/apache/openjpa/persistence/query/TrimExpression.java","3"
"36","4.1.1","9d2f5f8c35691c3542606bea1d23b916bcbeda8d","1881d68c-2c8f-452b-8c6e-ee46e0c4e2cc","9a3db3eb463ab40a45485eec284d5e107a6a1f34","org.apache.openjpa.persistence.query.TrimSpec","openjpa-persistence/src/main/java/org/apache/openjpa/persistence/query/TrimSpec.java","0"
"36","4.1.1","9d2f5f8c35691c3542606bea1d23b916bcbeda8d","1881d68c-2c8f-452b-8c6e-ee46e0c4e2cc","9a3db3eb463ab40a45485eec284d5e107a6a1f34","org.apache.openjpa.persistence.query.TypeExpression","openjpa-persistence/src/main/java/org/apache/openjpa/persistence/query/TypeExpression.java","0"
"36","4.1.1","9d2f5f8c35691c3542606bea1d23b916bcbeda8d","1881d68c-2c8f-452b-8c6e-ee46e0c4e2cc","9a3db3eb463ab40a45485eec284d5e107a6a1f34","org.apache.openjpa.persistence.query.UnaryConditionalOperator","openjpa-persistence/src/main/java/org/apache/openjpa/persistence/query/UnaryConditionalOperator.java","1"
"36","4.1.1","9d2f5f8c35691c3542606bea1d23b916bcbeda8d","1881d68c-2c8f-452b-8c6e-ee46e0c4e2cc","9a3db3eb463ab40a45485eec284d5e107a6a1f34","org.apache.openjpa.persistence.query.UnaryExpressionPredicate","openjpa-persistence/src/main/java/org/apache/openjpa/persistence/query/UnaryExpressionPredicate.java","4"
"36","4.1.1","9d2f5f8c35691c3542606bea1d23b916bcbeda8d","1881d68c-2c8f-452b-8c6e-ee46e0c4e2cc","9a3db3eb463ab40a45485eec284d5e107a6a1f34","org.apache.openjpa.persistence.query.UnaryFunctionalOperator","openjpa-persistence/src/main/java/org/apache/openjpa/persistence/query/UnaryFunctionalOperator.java","1"
"36","4.1.1","9d2f5f8c35691c3542606bea1d23b916bcbeda8d","1881d68c-2c8f-452b-8c6e-ee46e0c4e2cc","9a3db3eb463ab40a45485eec284d5e107a6a1f34","org.apache.openjpa.persistence.query.UnaryMinusExpression","openjpa-persistence/src/main/java/org/apache/openjpa/persistence/query/UnaryMinusExpression.java","0"
"36","4.1.1","9d2f5f8c35691c3542606bea1d23b916bcbeda8d","1881d68c-2c8f-452b-8c6e-ee46e0c4e2cc","9a3db3eb463ab40a45485eec284d5e107a6a1f34","org.apache.openjpa.persistence.query.UnaryOperator","openjpa-persistence/src/main/java/org/apache/openjpa/persistence/query/UnaryOperator.java","1"
"36","4.1.1","9d2f5f8c35691c3542606bea1d23b916bcbeda8d","1881d68c-2c8f-452b-8c6e-ee46e0c4e2cc","9a3db3eb463ab40a45485eec284d5e107a6a1f34","org.apache.openjpa.persistence.query.UnaryOperatorExpression","openjpa-persistence/src/main/java/org/apache/openjpa/persistence/query/UnaryOperatorExpression.java","3"
"36","4.1.1","9d2f5f8c35691c3542606bea1d23b916bcbeda8d","1881d68c-2c8f-452b-8c6e-ee46e0c4e2cc","9a3db3eb463ab40a45485eec284d5e107a6a1f34","org.apache.openjpa.persistence.query.UpperExpression","openjpa-persistence/src/main/java/org/apache/openjpa/persistence/query/UpperExpression.java","0"
"36","4.1.1","9d2f5f8c35691c3542606bea1d23b916bcbeda8d","1881d68c-2c8f-452b-8c6e-ee46e0c4e2cc","9a3db3eb463ab40a45485eec284d5e107a6a1f34","org.apache.openjpa.persistence.query.ValueExpression","openjpa-persistence/src/main/java/org/apache/openjpa/persistence/query/ValueExpression.java","1"
"36","4.1.1","9d2f5f8c35691c3542606bea1d23b916bcbeda8d","1881d68c-2c8f-452b-8c6e-ee46e0c4e2cc","9a3db3eb463ab40a45485eec284d5e107a6a1f34","org.apache.openjpa.persistence.query.VarArgsExpression","openjpa-persistence/src/main/java/org/apache/openjpa/persistence/query/VarArgsExpression.java","2"
"36","4.1.1","9d2f5f8c35691c3542606bea1d23b916bcbeda8d","1881d68c-2c8f-452b-8c6e-ee46e0c4e2cc","9a3db3eb463ab40a45485eec284d5e107a6a1f34","org.apache.openjpa.persistence.query.Visitable","openjpa-persistence/src/main/java/org/apache/openjpa/persistence/query/Visitable.java","0"
"36","4.1.1","9d2f5f8c35691c3542606bea1d23b916bcbeda8d","1881d68c-2c8f-452b-8c6e-ee46e0c4e2cc","9a3db3eb463ab40a45485eec284d5e107a6a1f34","org.apache.openjpa.persistence.query.WhenClause","openjpa-persistence/src/main/java/org/apache/openjpa/persistence/query/WhenClause.java","0"
"36","4.1.1","9d2f5f8c35691c3542606bea1d23b916bcbeda8d","1881d68c-2c8f-452b-8c6e-ee46e0c4e2cc","9a3db3eb463ab40a45485eec284d5e107a6a1f34","org.apache.openjpa.persistence.util.ReservedWords","openjpa-persistence/src/main/java/org/apache/openjpa/persistence/util/ReservedWords.java","2"
"36","4.1.1","9d2f5f8c35691c3542606bea1d23b916bcbeda8d","1881d68c-2c8f-452b-8c6e-ee46e0c4e2cc","9a3db3eb463ab40a45485eec284d5e107a6a1f34","org.apache.openjpa.persistence.util.SourceCode","openjpa-persistence/src/main/java/org/apache/openjpa/persistence/util/SourceCode.java","22"
"36","4.1.1","9d2f5f8c35691c3542606bea1d23b916bcbeda8d","1881d68c-2c8f-452b-8c6e-ee46e0c4e2cc","9a3db3eb463ab40a45485eec284d5e107a6a1f34","org.apache.openjpa.persistence.validation.TraversableResolverImpl","openjpa-persistence/src/main/java/org/apache/openjpa/persistence/validation/TraversableResolverImpl.java","4"
"36","4.1.1","9d2f5f8c35691c3542606bea1d23b916bcbeda8d","1881d68c-2c8f-452b-8c6e-ee46e0c4e2cc","9a3db3eb463ab40a45485eec284d5e107a6a1f34","org.apache.openjpa.persistence.validation.ValidationUtils","openjpa-persistence/src/main/java/org/apache/openjpa/persistence/validation/ValidationUtils.java","3"
"36","4.1.1","9d2f5f8c35691c3542606bea1d23b916bcbeda8d","1881d68c-2c8f-452b-8c6e-ee46e0c4e2cc","9a3db3eb463ab40a45485eec284d5e107a6a1f34","org.apache.openjpa.persistence.validation.ValidatorImpl","openjpa-persistence/src/main/java/org/apache/openjpa/persistence/validation/ValidatorImpl.java","15"
"36","4.1.1","9d2f5f8c35691c3542606bea1d23b916bcbeda8d","1881d68c-2c8f-452b-8c6e-ee46e0c4e2cc","9a3db3eb463ab40a45485eec284d5e107a6a1f34","org.apache.openjpa.slice.DistributedBroker","openjpa-slice/src/main/java/org/apache/openjpa/slice/DistributedBroker.java","0"
"36","4.1.1","9d2f5f8c35691c3542606bea1d23b916bcbeda8d","1881d68c-2c8f-452b-8c6e-ee46e0c4e2cc","9a3db3eb463ab40a45485eec284d5e107a6a1f34","org.apache.openjpa.slice.DistributedBrokerFactory","openjpa-slice/src/main/java/org/apache/openjpa/slice/DistributedBrokerFactory.java","0"
"36","4.1.1","9d2f5f8c35691c3542606bea1d23b916bcbeda8d","1881d68c-2c8f-452b-8c6e-ee46e0c4e2cc","9a3db3eb463ab40a45485eec284d5e107a6a1f34","org.apache.openjpa.slice.DistributedBrokerImpl","openjpa-slice/src/main/java/org/apache/openjpa/slice/DistributedBrokerImpl.java","8"
"36","4.1.1","9d2f5f8c35691c3542606bea1d23b916bcbeda8d","1881d68c-2c8f-452b-8c6e-ee46e0c4e2cc","9a3db3eb463ab40a45485eec284d5e107a6a1f34","org.apache.openjpa.slice.DistributedConfiguration","openjpa-slice/src/main/java/org/apache/openjpa/slice/DistributedConfiguration.java","0"
"36","4.1.1","9d2f5f8c35691c3542606bea1d23b916bcbeda8d","1881d68c-2c8f-452b-8c6e-ee46e0c4e2cc","9a3db3eb463ab40a45485eec284d5e107a6a1f34","org.apache.openjpa.slice.DistributedQueryImpl","openjpa-slice/src/main/java/org/apache/openjpa/slice/DistributedQueryImpl.java","2"
"36","4.1.1","9d2f5f8c35691c3542606bea1d23b916bcbeda8d","1881d68c-2c8f-452b-8c6e-ee46e0c4e2cc","9a3db3eb463ab40a45485eec284d5e107a6a1f34","org.apache.openjpa.slice.DistributedStoreManager","openjpa-slice/src/main/java/org/apache/openjpa/slice/DistributedStoreManager.java","0"
"36","4.1.1","9d2f5f8c35691c3542606bea1d23b916bcbeda8d","1881d68c-2c8f-452b-8c6e-ee46e0c4e2cc","9a3db3eb463ab40a45485eec284d5e107a6a1f34","org.apache.openjpa.slice.DistributionPolicy","openjpa-slice/src/main/java/org/apache/openjpa/slice/DistributionPolicy.java","0"
"36","4.1.1","9d2f5f8c35691c3542606bea1d23b916bcbeda8d","1881d68c-2c8f-452b-8c6e-ee46e0c4e2cc","9a3db3eb463ab40a45485eec284d5e107a6a1f34","org.apache.openjpa.slice.FinderTargetPolicy","openjpa-slice/src/main/java/org/apache/openjpa/slice/FinderTargetPolicy.java","0"
"36","4.1.1","9d2f5f8c35691c3542606bea1d23b916bcbeda8d","1881d68c-2c8f-452b-8c6e-ee46e0c4e2cc","9a3db3eb463ab40a45485eec284d5e107a6a1f34","org.apache.openjpa.slice.ProductDerivation","openjpa-slice/src/main/java/org/apache/openjpa/slice/ProductDerivation.java","0"
"36","4.1.1","9d2f5f8c35691c3542606bea1d23b916bcbeda8d","1881d68c-2c8f-452b-8c6e-ee46e0c4e2cc","9a3db3eb463ab40a45485eec284d5e107a6a1f34","org.apache.openjpa.slice.QueryTargetPolicy","openjpa-slice/src/main/java/org/apache/openjpa/slice/QueryTargetPolicy.java","0"
"36","4.1.1","9d2f5f8c35691c3542606bea1d23b916bcbeda8d","1881d68c-2c8f-452b-8c6e-ee46e0c4e2cc","9a3db3eb463ab40a45485eec284d5e107a6a1f34","org.apache.openjpa.slice.ReentrantSliceLock","openjpa-slice/src/main/java/org/apache/openjpa/slice/ReentrantSliceLock.java","0"
"36","4.1.1","9d2f5f8c35691c3542606bea1d23b916bcbeda8d","1881d68c-2c8f-452b-8c6e-ee46e0c4e2cc","9a3db3eb463ab40a45485eec284d5e107a6a1f34","org.apache.openjpa.slice.ReplicationPolicy","openjpa-slice/src/main/java/org/apache/openjpa/slice/ReplicationPolicy.java","0"
"36","4.1.1","9d2f5f8c35691c3542606bea1d23b916bcbeda8d","1881d68c-2c8f-452b-8c6e-ee46e0c4e2cc","9a3db3eb463ab40a45485eec284d5e107a6a1f34","org.apache.openjpa.slice.Slice","openjpa-slice/src/main/java/org/apache/openjpa/slice/Slice.java","1"
"36","4.1.1","9d2f5f8c35691c3542606bea1d23b916bcbeda8d","1881d68c-2c8f-452b-8c6e-ee46e0c4e2cc","9a3db3eb463ab40a45485eec284d5e107a6a1f34","org.apache.openjpa.slice.SliceImplHelper","openjpa-slice/src/main/java/org/apache/openjpa/slice/SliceImplHelper.java","2"
"36","4.1.1","9d2f5f8c35691c3542606bea1d23b916bcbeda8d","1881d68c-2c8f-452b-8c6e-ee46e0c4e2cc","9a3db3eb463ab40a45485eec284d5e107a6a1f34","org.apache.openjpa.slice.SliceInfo","openjpa-slice/src/main/java/org/apache/openjpa/slice/SliceInfo.java","2"
"36","4.1.1","9d2f5f8c35691c3542606bea1d23b916bcbeda8d","1881d68c-2c8f-452b-8c6e-ee46e0c4e2cc","9a3db3eb463ab40a45485eec284d5e107a6a1f34","org.apache.openjpa.slice.SlicePersistence","openjpa-slice/src/main/java/org/apache/openjpa/slice/SlicePersistence.java","1"
"36","4.1.1","9d2f5f8c35691c3542606bea1d23b916bcbeda8d","1881d68c-2c8f-452b-8c6e-ee46e0c4e2cc","9a3db3eb463ab40a45485eec284d5e107a6a1f34","org.apache.openjpa.slice.SliceThread","openjpa-slice/src/main/java/org/apache/openjpa/slice/SliceThread.java","1"
"36","4.1.1","9d2f5f8c35691c3542606bea1d23b916bcbeda8d","1881d68c-2c8f-452b-8c6e-ee46e0c4e2cc","9a3db3eb463ab40a45485eec284d5e107a6a1f34","org.apache.openjpa.slice.jdbc.DistributedConnection","openjpa-slice/src/main/java/org/apache/openjpa/slice/jdbc/DistributedConnection.java","7"
"36","4.1.1","9d2f5f8c35691c3542606bea1d23b916bcbeda8d","1881d68c-2c8f-452b-8c6e-ee46e0c4e2cc","9a3db3eb463ab40a45485eec284d5e107a6a1f34","org.apache.openjpa.slice.jdbc.DistributedDataSource","openjpa-slice/src/main/java/org/apache/openjpa/slice/jdbc/DistributedDataSource.java","1"
"36","4.1.1","9d2f5f8c35691c3542606bea1d23b916bcbeda8d","1881d68c-2c8f-452b-8c6e-ee46e0c4e2cc","9a3db3eb463ab40a45485eec284d5e107a6a1f34","org.apache.openjpa.slice.jdbc.DistributedJDBCBrokerFactory","openjpa-slice/src/main/java/org/apache/openjpa/slice/jdbc/DistributedJDBCBrokerFactory.java","1"
"36","4.1.1","9d2f5f8c35691c3542606bea1d23b916bcbeda8d","1881d68c-2c8f-452b-8c6e-ee46e0c4e2cc","9a3db3eb463ab40a45485eec284d5e107a6a1f34","org.apache.openjpa.slice.jdbc.DistributedJDBCConfiguration","openjpa-slice/src/main/java/org/apache/openjpa/slice/jdbc/DistributedJDBCConfiguration.java","0"
"36","4.1.1","9d2f5f8c35691c3542606bea1d23b916bcbeda8d","1881d68c-2c8f-452b-8c6e-ee46e0c4e2cc","9a3db3eb463ab40a45485eec284d5e107a6a1f34","org.apache.openjpa.slice.jdbc.DistributedJDBCConfigurationImpl","openjpa-slice/src/main/java/org/apache/openjpa/slice/jdbc/DistributedJDBCConfigurationImpl.java","25"
"36","4.1.1","9d2f5f8c35691c3542606bea1d23b916bcbeda8d","1881d68c-2c8f-452b-8c6e-ee46e0c4e2cc","9a3db3eb463ab40a45485eec284d5e107a6a1f34","org.apache.openjpa.slice.jdbc.DistributedJDBCStoreManager","openjpa-slice/src/main/java/org/apache/openjpa/slice/jdbc/DistributedJDBCStoreManager.java","9"
"36","4.1.1","9d2f5f8c35691c3542606bea1d23b916bcbeda8d","1881d68c-2c8f-452b-8c6e-ee46e0c4e2cc","9a3db3eb463ab40a45485eec284d5e107a6a1f34","org.apache.openjpa.slice.jdbc.DistributedPreparedStatement","openjpa-slice/src/main/java/org/apache/openjpa/slice/jdbc/DistributedPreparedStatement.java","32"
"36","4.1.1","9d2f5f8c35691c3542606bea1d23b916bcbeda8d","1881d68c-2c8f-452b-8c6e-ee46e0c4e2cc","9a3db3eb463ab40a45485eec284d5e107a6a1f34","org.apache.openjpa.slice.jdbc.DistributedResultSet","openjpa-slice/src/main/java/org/apache/openjpa/slice/jdbc/DistributedResultSet.java","1"
"36","4.1.1","9d2f5f8c35691c3542606bea1d23b916bcbeda8d","1881d68c-2c8f-452b-8c6e-ee46e0c4e2cc","9a3db3eb463ab40a45485eec284d5e107a6a1f34","org.apache.openjpa.slice.jdbc.DistributedSQLStoreQuery","openjpa-slice/src/main/java/org/apache/openjpa/slice/jdbc/DistributedSQLStoreQuery.java","4"
"36","4.1.1","9d2f5f8c35691c3542606bea1d23b916bcbeda8d","1881d68c-2c8f-452b-8c6e-ee46e0c4e2cc","9a3db3eb463ab40a45485eec284d5e107a6a1f34","org.apache.openjpa.slice.jdbc.DistributedStatement","openjpa-slice/src/main/java/org/apache/openjpa/slice/jdbc/DistributedStatement.java","0"
"36","4.1.1","9d2f5f8c35691c3542606bea1d23b916bcbeda8d","1881d68c-2c8f-452b-8c6e-ee46e0c4e2cc","9a3db3eb463ab40a45485eec284d5e107a6a1f34","org.apache.openjpa.slice.jdbc.DistributedStoreQuery","openjpa-slice/src/main/java/org/apache/openjpa/slice/jdbc/DistributedStoreQuery.java","6"
"36","4.1.1","9d2f5f8c35691c3542606bea1d23b916bcbeda8d","1881d68c-2c8f-452b-8c6e-ee46e0c4e2cc","9a3db3eb463ab40a45485eec284d5e107a6a1f34","org.apache.openjpa.slice.jdbc.DistributedTemplate","openjpa-slice/src/main/java/org/apache/openjpa/slice/jdbc/DistributedTemplate.java","9"
"36","4.1.1","9d2f5f8c35691c3542606bea1d23b916bcbeda8d","1881d68c-2c8f-452b-8c6e-ee46e0c4e2cc","9a3db3eb463ab40a45485eec284d5e107a6a1f34","org.apache.openjpa.slice.jdbc.SliceStoreManager","openjpa-slice/src/main/java/org/apache/openjpa/slice/jdbc/SliceStoreManager.java","1"
"36","4.1.1","9d2f5f8c35691c3542606bea1d23b916bcbeda8d","1881d68c-2c8f-452b-8c6e-ee46e0c4e2cc","9a3db3eb463ab40a45485eec284d5e107a6a1f34","org.apache.openjpa.slice.jdbc.TargetFetchConfiguration","openjpa-slice/src/main/java/org/apache/openjpa/slice/jdbc/TargetFetchConfiguration.java","4"
"36","4.1.1","9d2f5f8c35691c3542606bea1d23b916bcbeda8d","1881d68c-2c8f-452b-8c6e-ee46e0c4e2cc","9a3db3eb463ab40a45485eec284d5e107a6a1f34","org.apache.openjpa.slice.jdbc.UniqueResultObjectProvider","openjpa-slice/src/main/java/org/apache/openjpa/slice/jdbc/UniqueResultObjectProvider.java","7"
"36","4.1.1","9d2f5f8c35691c3542606bea1d23b916bcbeda8d","1881d68c-2c8f-452b-8c6e-ee46e0c4e2cc","9a3db3eb463ab40a45485eec284d5e107a6a1f34","org.apache.openjpa.tools.maven.AbstractOpenJpaEnhancerMojo","openjpa-tools/openjpa-maven-plugin/src/main/java/org/apache/openjpa/tools/maven/AbstractOpenJpaEnhancerMojo.java","0"
"36","4.1.1","9d2f5f8c35691c3542606bea1d23b916bcbeda8d","1881d68c-2c8f-452b-8c6e-ee46e0c4e2cc","9a3db3eb463ab40a45485eec284d5e107a6a1f34","org.apache.openjpa.tools.maven.AbstractOpenJpaMappingToolMojo","openjpa-tools/openjpa-maven-plugin/src/main/java/org/apache/openjpa/tools/maven/AbstractOpenJpaMappingToolMojo.java","0"
"36","4.1.1","9d2f5f8c35691c3542606bea1d23b916bcbeda8d","1881d68c-2c8f-452b-8c6e-ee46e0c4e2cc","9a3db3eb463ab40a45485eec284d5e107a6a1f34","org.apache.openjpa.tools.maven.AbstractOpenJpaMojo","openjpa-tools/openjpa-maven-plugin/src/main/java/org/apache/openjpa/tools/maven/AbstractOpenJpaMojo.java","4"
"36","4.1.1","9d2f5f8c35691c3542606bea1d23b916bcbeda8d","1881d68c-2c8f-452b-8c6e-ee46e0c4e2cc","9a3db3eb463ab40a45485eec284d5e107a6a1f34","org.apache.openjpa.tools.maven.OpenJpaEnhancerMojo","openjpa-tools/openjpa-maven-plugin/src/main/java/org/apache/openjpa/tools/maven/OpenJpaEnhancerMojo.java","0"
"36","4.1.1","9d2f5f8c35691c3542606bea1d23b916bcbeda8d","1881d68c-2c8f-452b-8c6e-ee46e0c4e2cc","9a3db3eb463ab40a45485eec284d5e107a6a1f34","org.apache.openjpa.tools.maven.OpenJpaSchemaMojo","openjpa-tools/openjpa-maven-plugin/src/main/java/org/apache/openjpa/tools/maven/OpenJpaSchemaMojo.java","0"
"36","4.1.1","9d2f5f8c35691c3542606bea1d23b916bcbeda8d","1881d68c-2c8f-452b-8c6e-ee46e0c4e2cc","9a3db3eb463ab40a45485eec284d5e107a6a1f34","org.apache.openjpa.tools.maven.OpenJpaSqlMojo","openjpa-tools/openjpa-maven-plugin/src/main/java/org/apache/openjpa/tools/maven/OpenJpaSqlMojo.java","0"
"36","4.1.1","9d2f5f8c35691c3542606bea1d23b916bcbeda8d","1881d68c-2c8f-452b-8c6e-ee46e0c4e2cc","9a3db3eb463ab40a45485eec284d5e107a6a1f34","org.apache.openjpa.tools.maven.OpenJpaTestEnhancerMojo","openjpa-tools/openjpa-maven-plugin/src/main/java/org/apache/openjpa/tools/maven/OpenJpaTestEnhancerMojo.java","0"
"36","4.1.1","9d2f5f8c35691c3542606bea1d23b916bcbeda8d","1881d68c-2c8f-452b-8c6e-ee46e0c4e2cc","9a3db3eb463ab40a45485eec284d5e107a6a1f34","org.apache.openjpa.util.AbstractChangeTracker","openjpa-kernel/src/main/java/org/apache/openjpa/util/AbstractChangeTracker.java","13"
"36","4.1.1","9d2f5f8c35691c3542606bea1d23b916bcbeda8d","1881d68c-2c8f-452b-8c6e-ee46e0c4e2cc","9a3db3eb463ab40a45485eec284d5e107a6a1f34","org.apache.openjpa.util.AbstractLRSProxyCollection","openjpa-kernel/src/main/java/org/apache/openjpa/util/AbstractLRSProxyCollection.java","15"
"36","4.1.1","9d2f5f8c35691c3542606bea1d23b916bcbeda8d","1881d68c-2c8f-452b-8c6e-ee46e0c4e2cc","9a3db3eb463ab40a45485eec284d5e107a6a1f34","org.apache.openjpa.util.AbstractLRSProxyMap","openjpa-kernel/src/main/java/org/apache/openjpa/util/AbstractLRSProxyMap.java","19"
"36","4.1.1","9d2f5f8c35691c3542606bea1d23b916bcbeda8d","1881d68c-2c8f-452b-8c6e-ee46e0c4e2cc","9a3db3eb463ab40a45485eec284d5e107a6a1f34","org.apache.openjpa.util.ApplicationIds","openjpa-kernel/src/main/java/org/apache/openjpa/util/ApplicationIds.java","14"
"36","4.1.1","9d2f5f8c35691c3542606bea1d23b916bcbeda8d","1881d68c-2c8f-452b-8c6e-ee46e0c4e2cc","9a3db3eb463ab40a45485eec284d5e107a6a1f34","org.apache.openjpa.util.ArrayStateImage","openjpa-kernel/src/main/java/org/apache/openjpa/util/ArrayStateImage.java","1"
"36","4.1.1","9d2f5f8c35691c3542606bea1d23b916bcbeda8d","1881d68c-2c8f-452b-8c6e-ee46e0c4e2cc","9a3db3eb463ab40a45485eec284d5e107a6a1f34","org.apache.openjpa.util.BigDecimalId","openjpa-kernel/src/main/java/org/apache/openjpa/util/BigDecimalId.java","2"
"36","4.1.1","9d2f5f8c35691c3542606bea1d23b916bcbeda8d","1881d68c-2c8f-452b-8c6e-ee46e0c4e2cc","9a3db3eb463ab40a45485eec284d5e107a6a1f34","org.apache.openjpa.util.BigIntegerId","openjpa-kernel/src/main/java/org/apache/openjpa/util/BigIntegerId.java","2"
"36","4.1.1","9d2f5f8c35691c3542606bea1d23b916bcbeda8d","1881d68c-2c8f-452b-8c6e-ee46e0c4e2cc","9a3db3eb463ab40a45485eec284d5e107a6a1f34","org.apache.openjpa.util.BlacklistClassResolver","openjpa-kernel/src/main/java/org/apache/openjpa/util/BlacklistClassResolver.java","0"
"36","4.1.1","9d2f5f8c35691c3542606bea1d23b916bcbeda8d","1881d68c-2c8f-452b-8c6e-ee46e0c4e2cc","9a3db3eb463ab40a45485eec284d5e107a6a1f34","org.apache.openjpa.util.BooleanId","openjpa-kernel/src/main/java/org/apache/openjpa/util/BooleanId.java","2"
"36","4.1.1","9d2f5f8c35691c3542606bea1d23b916bcbeda8d","1881d68c-2c8f-452b-8c6e-ee46e0c4e2cc","9a3db3eb463ab40a45485eec284d5e107a6a1f34","org.apache.openjpa.util.ByteId","openjpa-kernel/src/main/java/org/apache/openjpa/util/ByteId.java","2"
"36","4.1.1","9d2f5f8c35691c3542606bea1d23b916bcbeda8d","1881d68c-2c8f-452b-8c6e-ee46e0c4e2cc","9a3db3eb463ab40a45485eec284d5e107a6a1f34","org.apache.openjpa.util.CacheMap","openjpa-kernel/src/main/java/org/apache/openjpa/util/CacheMap.java","11"
"36","4.1.1","9d2f5f8c35691c3542606bea1d23b916bcbeda8d","1881d68c-2c8f-452b-8c6e-ee46e0c4e2cc","9a3db3eb463ab40a45485eec284d5e107a6a1f34","org.apache.openjpa.util.CallbackException","openjpa-kernel/src/main/java/org/apache/openjpa/util/CallbackException.java","1"
"36","4.1.1","9d2f5f8c35691c3542606bea1d23b916bcbeda8d","1881d68c-2c8f-452b-8c6e-ee46e0c4e2cc","9a3db3eb463ab40a45485eec284d5e107a6a1f34","org.apache.openjpa.util.ChangeTracker","openjpa-kernel/src/main/java/org/apache/openjpa/util/ChangeTracker.java","0"
"36","4.1.1","9d2f5f8c35691c3542606bea1d23b916bcbeda8d","1881d68c-2c8f-452b-8c6e-ee46e0c4e2cc","9a3db3eb463ab40a45485eec284d5e107a6a1f34","org.apache.openjpa.util.CharId","openjpa-kernel/src/main/java/org/apache/openjpa/util/CharId.java","2"
"36","4.1.1","9d2f5f8c35691c3542606bea1d23b916bcbeda8d","1881d68c-2c8f-452b-8c6e-ee46e0c4e2cc","9a3db3eb463ab40a45485eec284d5e107a6a1f34","org.apache.openjpa.util.ClassLoaderProxyService","openjpa-kernel/src/main/java/org/apache/openjpa/util/ClassLoaderProxyService.java","2"
"36","4.1.1","9d2f5f8c35691c3542606bea1d23b916bcbeda8d","1881d68c-2c8f-452b-8c6e-ee46e0c4e2cc","9a3db3eb463ab40a45485eec284d5e107a6a1f34","org.apache.openjpa.util.ClassResolver","openjpa-kernel/src/main/java/org/apache/openjpa/util/ClassResolver.java","0"
"36","4.1.1","9d2f5f8c35691c3542606bea1d23b916bcbeda8d","1881d68c-2c8f-452b-8c6e-ee46e0c4e2cc","9a3db3eb463ab40a45485eec284d5e107a6a1f34","org.apache.openjpa.util.ClassResolverImpl","openjpa-kernel/src/main/java/org/apache/openjpa/util/ClassResolverImpl.java","0"
"36","4.1.1","9d2f5f8c35691c3542606bea1d23b916bcbeda8d","1881d68c-2c8f-452b-8c6e-ee46e0c4e2cc","9a3db3eb463ab40a45485eec284d5e107a6a1f34","org.apache.openjpa.util.CollectionChangeTracker","openjpa-kernel/src/main/java/org/apache/openjpa/util/CollectionChangeTracker.java","0"
"36","4.1.1","9d2f5f8c35691c3542606bea1d23b916bcbeda8d","1881d68c-2c8f-452b-8c6e-ee46e0c4e2cc","9a3db3eb463ab40a45485eec284d5e107a6a1f34","org.apache.openjpa.util.CollectionChangeTrackerImpl","openjpa-kernel/src/main/java/org/apache/openjpa/util/CollectionChangeTrackerImpl.java","4"
"36","4.1.1","9d2f5f8c35691c3542606bea1d23b916bcbeda8d","1881d68c-2c8f-452b-8c6e-ee46e0c4e2cc","9a3db3eb463ab40a45485eec284d5e107a6a1f34","org.apache.openjpa.util.DateId","openjpa-kernel/src/main/java/org/apache/openjpa/util/DateId.java","1"
"36","4.1.1","9d2f5f8c35691c3542606bea1d23b916bcbeda8d","1881d68c-2c8f-452b-8c6e-ee46e0c4e2cc","9a3db3eb463ab40a45485eec284d5e107a6a1f34","org.apache.openjpa.util.DelayedCollectionChangeTrackerImpl","openjpa-kernel/src/main/java/org/apache/openjpa/util/DelayedCollectionChangeTrackerImpl.java","0"
"36","4.1.1","9d2f5f8c35691c3542606bea1d23b916bcbeda8d","1881d68c-2c8f-452b-8c6e-ee46e0c4e2cc","9a3db3eb463ab40a45485eec284d5e107a6a1f34","org.apache.openjpa.util.DoubleId","openjpa-kernel/src/main/java/org/apache/openjpa/util/DoubleId.java","2"
"36","4.1.1","9d2f5f8c35691c3542606bea1d23b916bcbeda8d","1881d68c-2c8f-452b-8c6e-ee46e0c4e2cc","9a3db3eb463ab40a45485eec284d5e107a6a1f34","org.apache.openjpa.util.ExceptionInfo","openjpa-kernel/src/main/java/org/apache/openjpa/util/ExceptionInfo.java","0"
"36","4.1.1","9d2f5f8c35691c3542606bea1d23b916bcbeda8d","1881d68c-2c8f-452b-8c6e-ee46e0c4e2cc","9a3db3eb463ab40a45485eec284d5e107a6a1f34","org.apache.openjpa.util.Exceptions","openjpa-kernel/src/main/java/org/apache/openjpa/util/Exceptions.java","10"
"36","4.1.1","9d2f5f8c35691c3542606bea1d23b916bcbeda8d","1881d68c-2c8f-452b-8c6e-ee46e0c4e2cc","9a3db3eb463ab40a45485eec284d5e107a6a1f34","org.apache.openjpa.util.FloatId","openjpa-kernel/src/main/java/org/apache/openjpa/util/FloatId.java","2"
"36","4.1.1","9d2f5f8c35691c3542606bea1d23b916bcbeda8d","1881d68c-2c8f-452b-8c6e-ee46e0c4e2cc","9a3db3eb463ab40a45485eec284d5e107a6a1f34","org.apache.openjpa.util.GeneralException","openjpa-kernel/src/main/java/org/apache/openjpa/util/GeneralException.java","0"
"36","4.1.1","9d2f5f8c35691c3542606bea1d23b916bcbeda8d","1881d68c-2c8f-452b-8c6e-ee46e0c4e2cc","9a3db3eb463ab40a45485eec284d5e107a6a1f34","org.apache.openjpa.util.GeneratedClasses","openjpa-kernel/src/main/java/org/apache/openjpa/util/GeneratedClasses.java","2"
"36","4.1.1","9d2f5f8c35691c3542606bea1d23b916bcbeda8d","1881d68c-2c8f-452b-8c6e-ee46e0c4e2cc","9a3db3eb463ab40a45485eec284d5e107a6a1f34","org.apache.openjpa.util.Id","openjpa-kernel/src/main/java/org/apache/openjpa/util/Id.java","4"
"36","4.1.1","9d2f5f8c35691c3542606bea1d23b916bcbeda8d","1881d68c-2c8f-452b-8c6e-ee46e0c4e2cc","9a3db3eb463ab40a45485eec284d5e107a6a1f34","org.apache.openjpa.util.ImplHelper","openjpa-kernel/src/main/java/org/apache/openjpa/util/ImplHelper.java","3"
"36","4.1.1","9d2f5f8c35691c3542606bea1d23b916bcbeda8d","1881d68c-2c8f-452b-8c6e-ee46e0c4e2cc","9a3db3eb463ab40a45485eec284d5e107a6a1f34","org.apache.openjpa.util.IntId","openjpa-kernel/src/main/java/org/apache/openjpa/util/IntId.java","2"
"36","4.1.1","9d2f5f8c35691c3542606bea1d23b916bcbeda8d","1881d68c-2c8f-452b-8c6e-ee46e0c4e2cc","9a3db3eb463ab40a45485eec284d5e107a6a1f34","org.apache.openjpa.util.InternalException","openjpa-kernel/src/main/java/org/apache/openjpa/util/InternalException.java","0"
"36","4.1.1","9d2f5f8c35691c3542606bea1d23b916bcbeda8d","1881d68c-2c8f-452b-8c6e-ee46e0c4e2cc","9a3db3eb463ab40a45485eec284d5e107a6a1f34","org.apache.openjpa.util.InvalidStateException","openjpa-kernel/src/main/java/org/apache/openjpa/util/InvalidStateException.java","1"
"36","4.1.1","9d2f5f8c35691c3542606bea1d23b916bcbeda8d","1881d68c-2c8f-452b-8c6e-ee46e0c4e2cc","9a3db3eb463ab40a45485eec284d5e107a6a1f34","org.apache.openjpa.util.LRSProxy","openjpa-kernel/src/main/java/org/apache/openjpa/util/LRSProxy.java","0"
"36","4.1.1","9d2f5f8c35691c3542606bea1d23b916bcbeda8d","1881d68c-2c8f-452b-8c6e-ee46e0c4e2cc","9a3db3eb463ab40a45485eec284d5e107a6a1f34","org.apache.openjpa.util.LockException","openjpa-kernel/src/main/java/org/apache/openjpa/util/LockException.java","3"
"36","4.1.1","9d2f5f8c35691c3542606bea1d23b916bcbeda8d","1881d68c-2c8f-452b-8c6e-ee46e0c4e2cc","9a3db3eb463ab40a45485eec284d5e107a6a1f34","org.apache.openjpa.util.LongId","openjpa-kernel/src/main/java/org/apache/openjpa/util/LongId.java","2"
"36","4.1.1","9d2f5f8c35691c3542606bea1d23b916bcbeda8d","1881d68c-2c8f-452b-8c6e-ee46e0c4e2cc","9a3db3eb463ab40a45485eec284d5e107a6a1f34","org.apache.openjpa.util.MapChangeTracker","openjpa-kernel/src/main/java/org/apache/openjpa/util/MapChangeTracker.java","0"
"36","4.1.1","9d2f5f8c35691c3542606bea1d23b916bcbeda8d","1881d68c-2c8f-452b-8c6e-ee46e0c4e2cc","9a3db3eb463ab40a45485eec284d5e107a6a1f34","org.apache.openjpa.util.MapChangeTrackerImpl","openjpa-kernel/src/main/java/org/apache/openjpa/util/MapChangeTrackerImpl.java","2"
"36","4.1.1","9d2f5f8c35691c3542606bea1d23b916bcbeda8d","1881d68c-2c8f-452b-8c6e-ee46e0c4e2cc","9a3db3eb463ab40a45485eec284d5e107a6a1f34","org.apache.openjpa.util.MetaDataException","openjpa-kernel/src/main/java/org/apache/openjpa/util/MetaDataException.java","1"
"36","4.1.1","9d2f5f8c35691c3542606bea1d23b916bcbeda8d","1881d68c-2c8f-452b-8c6e-ee46e0c4e2cc","9a3db3eb463ab40a45485eec284d5e107a6a1f34","org.apache.openjpa.util.MultiLoaderClassResolver","openjpa-kernel/src/main/java/org/apache/openjpa/util/MultiLoaderClassResolver.java","2"
"36","4.1.1","9d2f5f8c35691c3542606bea1d23b916bcbeda8d","1881d68c-2c8f-452b-8c6e-ee46e0c4e2cc","9a3db3eb463ab40a45485eec284d5e107a6a1f34","org.apache.openjpa.util.NoResultException","openjpa-kernel/src/main/java/org/apache/openjpa/util/NoResultException.java","1"
"36","4.1.1","9d2f5f8c35691c3542606bea1d23b916bcbeda8d","1881d68c-2c8f-452b-8c6e-ee46e0c4e2cc","9a3db3eb463ab40a45485eec284d5e107a6a1f34","org.apache.openjpa.util.NoTransactionException","openjpa-kernel/src/main/java/org/apache/openjpa/util/NoTransactionException.java","1"
"36","4.1.1","9d2f5f8c35691c3542606bea1d23b916bcbeda8d","1881d68c-2c8f-452b-8c6e-ee46e0c4e2cc","9a3db3eb463ab40a45485eec284d5e107a6a1f34","org.apache.openjpa.util.NonUniqueResultException","openjpa-kernel/src/main/java/org/apache/openjpa/util/NonUniqueResultException.java","1"
"36","4.1.1","9d2f5f8c35691c3542606bea1d23b916bcbeda8d","1881d68c-2c8f-452b-8c6e-ee46e0c4e2cc","9a3db3eb463ab40a45485eec284d5e107a6a1f34","org.apache.openjpa.util.ObjectExistsException","openjpa-kernel/src/main/java/org/apache/openjpa/util/ObjectExistsException.java","1"
"36","4.1.1","9d2f5f8c35691c3542606bea1d23b916bcbeda8d","1881d68c-2c8f-452b-8c6e-ee46e0c4e2cc","9a3db3eb463ab40a45485eec284d5e107a6a1f34","org.apache.openjpa.util.ObjectId","openjpa-kernel/src/main/java/org/apache/openjpa/util/ObjectId.java","4"
"36","4.1.1","9d2f5f8c35691c3542606bea1d23b916bcbeda8d","1881d68c-2c8f-452b-8c6e-ee46e0c4e2cc","9a3db3eb463ab40a45485eec284d5e107a6a1f34","org.apache.openjpa.util.ObjectNotFoundException","openjpa-kernel/src/main/java/org/apache/openjpa/util/ObjectNotFoundException.java","1"
"36","4.1.1","9d2f5f8c35691c3542606bea1d23b916bcbeda8d","1881d68c-2c8f-452b-8c6e-ee46e0c4e2cc","9a3db3eb463ab40a45485eec284d5e107a6a1f34","org.apache.openjpa.util.OpenJPAException","openjpa-kernel/src/main/java/org/apache/openjpa/util/OpenJPAException.java","14"
"36","4.1.1","9d2f5f8c35691c3542606bea1d23b916bcbeda8d","1881d68c-2c8f-452b-8c6e-ee46e0c4e2cc","9a3db3eb463ab40a45485eec284d5e107a6a1f34","org.apache.openjpa.util.OpenJPAId","openjpa-kernel/src/main/java/org/apache/openjpa/util/OpenJPAId.java","1"
"36","4.1.1","9d2f5f8c35691c3542606bea1d23b916bcbeda8d","1881d68c-2c8f-452b-8c6e-ee46e0c4e2cc","9a3db3eb463ab40a45485eec284d5e107a6a1f34","org.apache.openjpa.util.OptimisticException","openjpa-kernel/src/main/java/org/apache/openjpa/util/OptimisticException.java","1"
"36","4.1.1","9d2f5f8c35691c3542606bea1d23b916bcbeda8d","1881d68c-2c8f-452b-8c6e-ee46e0c4e2cc","9a3db3eb463ab40a45485eec284d5e107a6a1f34","org.apache.openjpa.util.Proxies","openjpa-kernel/src/main/java/org/apache/openjpa/util/Proxies.java","3"
"36","4.1.1","9d2f5f8c35691c3542606bea1d23b916bcbeda8d","1881d68c-2c8f-452b-8c6e-ee46e0c4e2cc","9a3db3eb463ab40a45485eec284d5e107a6a1f34","org.apache.openjpa.util.Proxy","openjpa-kernel/src/main/java/org/apache/openjpa/util/Proxy.java","0"
"36","4.1.1","9d2f5f8c35691c3542606bea1d23b916bcbeda8d","1881d68c-2c8f-452b-8c6e-ee46e0c4e2cc","9a3db3eb463ab40a45485eec284d5e107a6a1f34","org.apache.openjpa.util.ProxyManager","openjpa-kernel/src/main/java/org/apache/openjpa/util/ProxyManager.java","0"
"36","4.1.1","9d2f5f8c35691c3542606bea1d23b916bcbeda8d","1881d68c-2c8f-452b-8c6e-ee46e0c4e2cc","9a3db3eb463ab40a45485eec284d5e107a6a1f34","org.apache.openjpa.util.ProxyManagerImpl","openjpa-kernel/src/main/java/org/apache/openjpa/util/ProxyManagerImpl.java","61"
"36","4.1.1","9d2f5f8c35691c3542606bea1d23b916bcbeda8d","1881d68c-2c8f-452b-8c6e-ee46e0c4e2cc","9a3db3eb463ab40a45485eec284d5e107a6a1f34","org.apache.openjpa.util.QueryException","openjpa-kernel/src/main/java/org/apache/openjpa/util/QueryException.java","2"
"36","4.1.1","9d2f5f8c35691c3542606bea1d23b916bcbeda8d","1881d68c-2c8f-452b-8c6e-ee46e0c4e2cc","9a3db3eb463ab40a45485eec284d5e107a6a1f34","org.apache.openjpa.util.ReferentialIntegrityException","openjpa-kernel/src/main/java/org/apache/openjpa/util/ReferentialIntegrityException.java","3"
"36","4.1.1","9d2f5f8c35691c3542606bea1d23b916bcbeda8d","1881d68c-2c8f-452b-8c6e-ee46e0c4e2cc","9a3db3eb463ab40a45485eec284d5e107a6a1f34","org.apache.openjpa.util.RuntimeExceptionTranslator","openjpa-kernel/src/main/java/org/apache/openjpa/util/RuntimeExceptionTranslator.java","0"
"36","4.1.1","9d2f5f8c35691c3542606bea1d23b916bcbeda8d","1881d68c-2c8f-452b-8c6e-ee46e0c4e2cc","9a3db3eb463ab40a45485eec284d5e107a6a1f34","org.apache.openjpa.util.Serialization","openjpa-kernel/src/main/java/org/apache/openjpa/util/Serialization.java","4"
"36","4.1.1","9d2f5f8c35691c3542606bea1d23b916bcbeda8d","1881d68c-2c8f-452b-8c6e-ee46e0c4e2cc","9a3db3eb463ab40a45485eec284d5e107a6a1f34","org.apache.openjpa.util.ShortId","openjpa-kernel/src/main/java/org/apache/openjpa/util/ShortId.java","2"
"36","4.1.1","9d2f5f8c35691c3542606bea1d23b916bcbeda8d","1881d68c-2c8f-452b-8c6e-ee46e0c4e2cc","9a3db3eb463ab40a45485eec284d5e107a6a1f34","org.apache.openjpa.util.StoreException","openjpa-kernel/src/main/java/org/apache/openjpa/util/StoreException.java","0"
"36","4.1.1","9d2f5f8c35691c3542606bea1d23b916bcbeda8d","1881d68c-2c8f-452b-8c6e-ee46e0c4e2cc","9a3db3eb463ab40a45485eec284d5e107a6a1f34","org.apache.openjpa.util.StoreFacadeTypeRegistry","openjpa-kernel/src/main/java/org/apache/openjpa/util/StoreFacadeTypeRegistry.java","3"
"36","4.1.1","9d2f5f8c35691c3542606bea1d23b916bcbeda8d","1881d68c-2c8f-452b-8c6e-ee46e0c4e2cc","9a3db3eb463ab40a45485eec284d5e107a6a1f34","org.apache.openjpa.util.StringId","openjpa-kernel/src/main/java/org/apache/openjpa/util/StringId.java","2"
"36","4.1.1","9d2f5f8c35691c3542606bea1d23b916bcbeda8d","1881d68c-2c8f-452b-8c6e-ee46e0c4e2cc","9a3db3eb463ab40a45485eec284d5e107a6a1f34","org.apache.openjpa.util.UnsupportedException","openjpa-kernel/src/main/java/org/apache/openjpa/util/UnsupportedException.java","0"
"36","4.1.1","9d2f5f8c35691c3542606bea1d23b916bcbeda8d","1881d68c-2c8f-452b-8c6e-ee46e0c4e2cc","9a3db3eb463ab40a45485eec284d5e107a6a1f34","org.apache.openjpa.util.UserException","openjpa-kernel/src/main/java/org/apache/openjpa/util/UserException.java","0"
"36","4.1.1","9d2f5f8c35691c3542606bea1d23b916bcbeda8d","1881d68c-2c8f-452b-8c6e-ee46e0c4e2cc","9a3db3eb463ab40a45485eec284d5e107a6a1f34","org.apache.openjpa.util.UuidId","openjpa-kernel/src/main/java/org/apache/openjpa/util/UuidId.java","3"
"36","4.1.1","9d2f5f8c35691c3542606bea1d23b916bcbeda8d","1881d68c-2c8f-452b-8c6e-ee46e0c4e2cc","9a3db3eb463ab40a45485eec284d5e107a6a1f34","org.apache.openjpa.util.WrappedException","openjpa-kernel/src/main/java/org/apache/openjpa/util/WrappedException.java","0"
"36","4.1.1","9d2f5f8c35691c3542606bea1d23b916bcbeda8d","1881d68c-2c8f-452b-8c6e-ee46e0c4e2cc","9a3db3eb463ab40a45485eec284d5e107a6a1f34","org.apache.openjpa.util.asm.AsmHelper","openjpa-kernel/src/main/java/org/apache/openjpa/util/asm/AsmHelper.java","7"
"36","4.1.1","9d2f5f8c35691c3542606bea1d23b916bcbeda8d","1881d68c-2c8f-452b-8c6e-ee46e0c4e2cc","9a3db3eb463ab40a45485eec284d5e107a6a1f34","org.apache.openjpa.util.asm.BCClassWriter","openjpa-kernel/src/main/java/org/apache/openjpa/util/asm/BCClassWriter.java","1"
"36","4.1.1","9d2f5f8c35691c3542606bea1d23b916bcbeda8d","1881d68c-2c8f-452b-8c6e-ee46e0c4e2cc","9a3db3eb463ab40a45485eec284d5e107a6a1f34","org.apache.openjpa.util.asm.BytecodeWriter","openjpa-kernel/src/main/java/org/apache/openjpa/util/asm/BytecodeWriter.java","0"
"36","4.1.1","9d2f5f8c35691c3542606bea1d23b916bcbeda8d","1881d68c-2c8f-452b-8c6e-ee46e0c4e2cc","9a3db3eb463ab40a45485eec284d5e107a6a1f34","org.apache.openjpa.util.asm.ClassNodeTracker","openjpa-kernel/src/main/java/org/apache/openjpa/util/asm/ClassNodeTracker.java","0"
"36","4.1.1","9d2f5f8c35691c3542606bea1d23b916bcbeda8d","1881d68c-2c8f-452b-8c6e-ee46e0c4e2cc","9a3db3eb463ab40a45485eec284d5e107a6a1f34","org.apache.openjpa.util.asm.ClassWriterTracker","openjpa-kernel/src/main/java/org/apache/openjpa/util/asm/ClassWriterTracker.java","0"
"36","4.1.1","9d2f5f8c35691c3542606bea1d23b916bcbeda8d","1881d68c-2c8f-452b-8c6e-ee46e0c4e2cc","9a3db3eb463ab40a45485eec284d5e107a6a1f34","org.apache.openjpa.util.asm.EnhancementClassLoader","openjpa-kernel/src/main/java/org/apache/openjpa/util/asm/EnhancementClassLoader.java","2"
"36","4.1.1","9d2f5f8c35691c3542606bea1d23b916bcbeda8d","1881d68c-2c8f-452b-8c6e-ee46e0c4e2cc","9a3db3eb463ab40a45485eec284d5e107a6a1f34","org.apache.openjpa.util.asm.EnhancementProject","openjpa-kernel/src/main/java/org/apache/openjpa/util/asm/EnhancementProject.java","2"
"36","4.1.1","9d2f5f8c35691c3542606bea1d23b916bcbeda8d","1881d68c-2c8f-452b-8c6e-ee46e0c4e2cc","9a3db3eb463ab40a45485eec284d5e107a6a1f34","org.apache.openjpa.util.asm.RedefinedAttribute","openjpa-kernel/src/main/java/org/apache/openjpa/util/asm/RedefinedAttribute.java","0"
"36","4.1.1","9d2f5f8c35691c3542606bea1d23b916bcbeda8d","1881d68c-2c8f-452b-8c6e-ee46e0c4e2cc","9a3db3eb463ab40a45485eec284d5e107a6a1f34","org.apache.openjpa.util.proxy.DelayedArrayListProxy","openjpa-kernel/src/main/java/org/apache/openjpa/util/proxy/DelayedArrayListProxy.java","12"
"36","4.1.1","9d2f5f8c35691c3542606bea1d23b916bcbeda8d","1881d68c-2c8f-452b-8c6e-ee46e0c4e2cc","9a3db3eb463ab40a45485eec284d5e107a6a1f34","org.apache.openjpa.util.proxy.DelayedHashSetProxy","openjpa-kernel/src/main/java/org/apache/openjpa/util/proxy/DelayedHashSetProxy.java","11"
"36","4.1.1","9d2f5f8c35691c3542606bea1d23b916bcbeda8d","1881d68c-2c8f-452b-8c6e-ee46e0c4e2cc","9a3db3eb463ab40a45485eec284d5e107a6a1f34","org.apache.openjpa.util.proxy.DelayedLinkedHashSetProxy","openjpa-kernel/src/main/java/org/apache/openjpa/util/proxy/DelayedLinkedHashSetProxy.java","11"
"36","4.1.1","9d2f5f8c35691c3542606bea1d23b916bcbeda8d","1881d68c-2c8f-452b-8c6e-ee46e0c4e2cc","9a3db3eb463ab40a45485eec284d5e107a6a1f34","org.apache.openjpa.util.proxy.DelayedLinkedListProxy","openjpa-kernel/src/main/java/org/apache/openjpa/util/proxy/DelayedLinkedListProxy.java","12"
"36","4.1.1","9d2f5f8c35691c3542606bea1d23b916bcbeda8d","1881d68c-2c8f-452b-8c6e-ee46e0c4e2cc","9a3db3eb463ab40a45485eec284d5e107a6a1f34","org.apache.openjpa.util.proxy.DelayedPriorityQueueProxy","openjpa-kernel/src/main/java/org/apache/openjpa/util/proxy/DelayedPriorityQueueProxy.java","11"
"36","4.1.1","9d2f5f8c35691c3542606bea1d23b916bcbeda8d","1881d68c-2c8f-452b-8c6e-ee46e0c4e2cc","9a3db3eb463ab40a45485eec284d5e107a6a1f34","org.apache.openjpa.util.proxy.DelayedProxy","openjpa-kernel/src/main/java/org/apache/openjpa/util/proxy/DelayedProxy.java","0"
"36","4.1.1","9d2f5f8c35691c3542606bea1d23b916bcbeda8d","1881d68c-2c8f-452b-8c6e-ee46e0c4e2cc","9a3db3eb463ab40a45485eec284d5e107a6a1f34","org.apache.openjpa.util.proxy.DelayedTreeSetProxy","openjpa-kernel/src/main/java/org/apache/openjpa/util/proxy/DelayedTreeSetProxy.java","11"
"36","4.1.1","9d2f5f8c35691c3542606bea1d23b916bcbeda8d","1881d68c-2c8f-452b-8c6e-ee46e0c4e2cc","9a3db3eb463ab40a45485eec284d5e107a6a1f34","org.apache.openjpa.util.proxy.DelayedVectorProxy","openjpa-kernel/src/main/java/org/apache/openjpa/util/proxy/DelayedVectorProxy.java","12"
"36","4.1.1","9d2f5f8c35691c3542606bea1d23b916bcbeda8d","1881d68c-2c8f-452b-8c6e-ee46e0c4e2cc","9a3db3eb463ab40a45485eec284d5e107a6a1f34","org.apache.openjpa.util.proxy.ProxyBean","openjpa-kernel/src/main/java/org/apache/openjpa/util/proxy/ProxyBean.java","0"
"36","4.1.1","9d2f5f8c35691c3542606bea1d23b916bcbeda8d","1881d68c-2c8f-452b-8c6e-ee46e0c4e2cc","9a3db3eb463ab40a45485eec284d5e107a6a1f34","org.apache.openjpa.util.proxy.ProxyCalendar","openjpa-kernel/src/main/java/org/apache/openjpa/util/proxy/ProxyCalendar.java","0"
"36","4.1.1","9d2f5f8c35691c3542606bea1d23b916bcbeda8d","1881d68c-2c8f-452b-8c6e-ee46e0c4e2cc","9a3db3eb463ab40a45485eec284d5e107a6a1f34","org.apache.openjpa.util.proxy.ProxyCollection","openjpa-kernel/src/main/java/org/apache/openjpa/util/proxy/ProxyCollection.java","0"
"36","4.1.1","9d2f5f8c35691c3542606bea1d23b916bcbeda8d","1881d68c-2c8f-452b-8c6e-ee46e0c4e2cc","9a3db3eb463ab40a45485eec284d5e107a6a1f34","org.apache.openjpa.util.proxy.ProxyCollections","openjpa-kernel/src/main/java/org/apache/openjpa/util/proxy/ProxyCollections.java","16"
"36","4.1.1","9d2f5f8c35691c3542606bea1d23b916bcbeda8d","1881d68c-2c8f-452b-8c6e-ee46e0c4e2cc","9a3db3eb463ab40a45485eec284d5e107a6a1f34","org.apache.openjpa.util.proxy.ProxyDate","openjpa-kernel/src/main/java/org/apache/openjpa/util/proxy/ProxyDate.java","0"
"36","4.1.1","9d2f5f8c35691c3542606bea1d23b916bcbeda8d","1881d68c-2c8f-452b-8c6e-ee46e0c4e2cc","9a3db3eb463ab40a45485eec284d5e107a6a1f34","org.apache.openjpa.util.proxy.ProxyMap","openjpa-kernel/src/main/java/org/apache/openjpa/util/proxy/ProxyMap.java","0"
"36","4.1.1","9d2f5f8c35691c3542606bea1d23b916bcbeda8d","1881d68c-2c8f-452b-8c6e-ee46e0c4e2cc","9a3db3eb463ab40a45485eec284d5e107a6a1f34","org.apache.openjpa.util.proxy.ProxyMaps","openjpa-kernel/src/main/java/org/apache/openjpa/util/proxy/ProxyMaps.java","13"
"36","4.1.1","9d2f5f8c35691c3542606bea1d23b916bcbeda8d","1881d68c-2c8f-452b-8c6e-ee46e0c4e2cc","9a3db3eb463ab40a45485eec284d5e107a6a1f34","org.apache.openjpa.validation.AbstractValidator","openjpa-kernel/src/main/java/org/apache/openjpa/validation/AbstractValidator.java","3"
"36","4.1.1","9d2f5f8c35691c3542606bea1d23b916bcbeda8d","1881d68c-2c8f-452b-8c6e-ee46e0c4e2cc","9a3db3eb463ab40a45485eec284d5e107a6a1f34","org.apache.openjpa.validation.ValidatingLifecycleEventManager","openjpa-kernel/src/main/java/org/apache/openjpa/validation/ValidatingLifecycleEventManager.java","8"
"36","4.1.1","9d2f5f8c35691c3542606bea1d23b916bcbeda8d","1881d68c-2c8f-452b-8c6e-ee46e0c4e2cc","9a3db3eb463ab40a45485eec284d5e107a6a1f34","org.apache.openjpa.validation.ValidationException","openjpa-kernel/src/main/java/org/apache/openjpa/validation/ValidationException.java","1"
"36","4.1.1","9d2f5f8c35691c3542606bea1d23b916bcbeda8d","1881d68c-2c8f-452b-8c6e-ee46e0c4e2cc","9a3db3eb463ab40a45485eec284d5e107a6a1f34","org.apache.openjpa.validation.ValidationUnavailableException","openjpa-kernel/src/main/java/org/apache/openjpa/validation/ValidationUnavailableException.java","0"
"36","4.1.1","9d2f5f8c35691c3542606bea1d23b916bcbeda8d","1881d68c-2c8f-452b-8c6e-ee46e0c4e2cc","9a3db3eb463ab40a45485eec284d5e107a6a1f34","org.apache.openjpa.validation.Validator","openjpa-kernel/src/main/java/org/apache/openjpa/validation/Validator.java","0"
"36","4.1.1","9d2f5f8c35691c3542606bea1d23b916bcbeda8d","1881d68c-2c8f-452b-8c6e-ee46e0c4e2cc","9a3db3eb463ab40a45485eec284d5e107a6a1f34","org.apache.openjpa.xmlstore.ObjectData","openjpa-xmlstore/src/main/java/org/apache/openjpa/xmlstore/ObjectData.java","9"
"36","4.1.1","9d2f5f8c35691c3542606bea1d23b916bcbeda8d","1881d68c-2c8f-452b-8c6e-ee46e0c4e2cc","9a3db3eb463ab40a45485eec284d5e107a6a1f34","org.apache.openjpa.xmlstore.XMLConfiguration","openjpa-xmlstore/src/main/java/org/apache/openjpa/xmlstore/XMLConfiguration.java","5"
"36","4.1.1","9d2f5f8c35691c3542606bea1d23b916bcbeda8d","1881d68c-2c8f-452b-8c6e-ee46e0c4e2cc","9a3db3eb463ab40a45485eec284d5e107a6a1f34","org.apache.openjpa.xmlstore.XMLFileHandler","openjpa-xmlstore/src/main/java/org/apache/openjpa/xmlstore/XMLFileHandler.java","21"
"36","4.1.1","9d2f5f8c35691c3542606bea1d23b916bcbeda8d","1881d68c-2c8f-452b-8c6e-ee46e0c4e2cc","9a3db3eb463ab40a45485eec284d5e107a6a1f34","org.apache.openjpa.xmlstore.XMLStore","openjpa-xmlstore/src/main/java/org/apache/openjpa/xmlstore/XMLStore.java","4"
"36","4.1.1","9d2f5f8c35691c3542606bea1d23b916bcbeda8d","1881d68c-2c8f-452b-8c6e-ee46e0c4e2cc","9a3db3eb463ab40a45485eec284d5e107a6a1f34","org.apache.openjpa.xmlstore.XMLStoreManager","openjpa-xmlstore/src/main/java/org/apache/openjpa/xmlstore/XMLStoreManager.java","4"
