"Variant","Transition","IssueKey","Rule","C0Line","VariantLine","Message"
"C1","NEW_VS_C0","AaBJIMh7vHQDC_H9Co8I","java:S1066","","4123","Merge this if statement with the enclosing one."
"C1","NEW_VS_C0","AaBJIMh7vHQDC_H9Co8R","java:S1905","","4679","Remove this unnecessary cast to ""String""."
"C1","NEW_VS_C0","AaBJIMh7vHQDC_H9Co8S","java:S1905","","4693","Remove this unnecessary cast to ""String""."
"C1","RESOLVED_FROM_C0","AaAleRvSmNh_xRbasz5R","java:S1066","4091","","Merge this if statement with the enclosing one."
"C1","RESOLVED_FROM_C0","AaAleRvSmNh_xRbasz58","java:S108","186","","Remove this block of code, fill it in, or add a comment explaining why it is empty."
"C1","RESOLVED_FROM_C0","AaAleRvSmNh_xRbasz6W","java:S108","2997","","Remove this block of code, fill it in, or add a comment explaining why it is empty."
"C1","RESOLVED_FROM_C0","AaAleRvSmNh_xRbasz6Y","java:S108","3003","","Remove this block of code, fill it in, or add a comment explaining why it is empty."
"C1","RESOLVED_FROM_C0","AaAleRvSmNh_xRbasz6I","java:S1155","818","","Use isEmpty() to check whether the collection is empty or not."
"C1","RESOLVED_FROM_C0","AaAleRvSmNh_xRbasz6n","java:S1155","5725","","Use isEmpty() to check whether the collection is empty or not."
"C1","RESOLVED_FROM_C0","AaAKIzZERXPx87p8Mp0j","java:S116","198","","Rename this field ""_repos"" to match the regular expression '^[a-z][a-zA-Z0-9]*$'."
"C1","RESOLVED_FROM_C0","AaAKIzZERXPx87p8Mp0k","java:S116","199","","Rename this field ""_meta"" to match the regular expression '^[a-z][a-zA-Z0-9]*$'."
"C1","RESOLVED_FROM_C0","AaAKIzZERXPx87p8Mp0l","java:S116","200","","Rename this field ""_log"" to match the regular expression '^[a-z][a-zA-Z0-9]*$'."
"C1","RESOLVED_FROM_C0","AaAKIzZERXPx87p8Mp0n","java:S116","219","","Rename this field ""_defCons"" to match the regular expression '^[a-z][a-zA-Z0-9]*$'."
"C1","RESOLVED_FROM_C0","AaAKIzZERXPx87p8Mp0o","java:S116","222","","Rename this field ""_fail"" to match the regular expression '^[a-z][a-zA-Z0-9]*$'."
"C1","RESOLVED_FROM_C0","AaAKIzZERXPx87p8Mp0q","java:S116","224","","Rename this field ""_dir"" to match the regular expression '^[a-z][a-zA-Z0-9]*$'."
"C1","RESOLVED_FROM_C0","AaAKIzZERXPx87p8Mp0r","java:S116","225","","Rename this field ""_writer"" to match the regular expression '^[a-z][a-zA-Z0-9]*$'."
"C1","RESOLVED_FROM_C0","AaAKIzZERXPx87p8Mp0t","java:S116","223","","Rename this field ""_violations"" to match the regular expression '^[a-z][a-zA-Z0-9]*$'."
"C1","RESOLVED_FROM_C0","AaAleRvSmNh_xRbasz52","java:S116","226","","Rename this field ""_backingFields"" to match the regular expression '^[a-z][a-zA-Z0-9]*$'."
"C1","RESOLVED_FROM_C0","AaAleRvSmNh_xRbasz53","java:S116","227","","Rename this field ""_attrsToFields"" to match the regular expression '^[a-z][a-zA-Z0-9]*$'."
"C1","RESOLVED_FROM_C0","AaAleRvSmNh_xRbasz54","java:S116","228","","Rename this field ""_fieldsToAttrs"" to match the regular expression '^[a-z][a-zA-Z0-9]*$'."
"C1","RESOLVED_FROM_C0","AaAleRvSmNh_xRbasz55","java:S116","233","","Rename this field ""_optimizeIdCopy"" to match the regular expression '^[a-z][a-zA-Z0-9]*$'."
"C1","RESOLVED_FROM_C0","AaALJJ9gKije7nS94ker","java:S116","220","","Rename this field ""_redefine"" to match the regular expression '^[a-z][a-zA-Z0-9]*$'."
"C1","RESOLVED_FROM_C0","AaALJJ9gKije7nS94kes","java:S116","221","","Rename this field ""_subclass"" to match the regular expression '^[a-z][a-zA-Z0-9]*$'."
"C1","RESOLVED_FROM_C0","AaALJJ9gKije7nS94kew","java:S116","229","","Rename this field ""_isAlreadyRedefined"" to match the regular expression '^[a-z][a-zA-Z0-9]*$'."
"C1","RESOLVED_FROM_C0","AaALJJ9gKije7nS94kex","java:S116","230","","Rename this field ""_isAlreadySubclassed"" to match the regular expression '^[a-z][a-zA-Z0-9]*$'."
"C1","RESOLVED_FROM_C0","AaALJJ9gKije7nS94key","java:S116","231","","Rename this field ""_bcsConfigured"" to match the regular expression '^[a-z][a-zA-Z0-9]*$'."
"C1","RESOLVED_FROM_C0","AaAKIzZERXPx87p8Mp0O","java:S1192","1243","","Define a constant instead of duplicating this literal ""<init>"" 22 times."
"C1","RESOLVED_FROM_C0","AaAleRvSmNh_xRbasz50","java:S1192","3551","","Define a constant instead of duplicating this literal ""writeObject"" 6 times."
"C1","RESOLVED_FROM_C0","AaAleRvSmNh_xRbasz51","java:S1192","3813","","Define a constant instead of duplicating this literal ""GetDetachedState"" 5 times."
"C1","RESOLVED_FROM_C0","AaAleRvSmNh_xRbasz5d","java:S1192","3341","","Define a constant instead of duplicating this literal ""FieldFlags"" 3 times."
"C1","RESOLVED_FROM_C0","AaAleRvSmNh_xRbasz5e","java:S1192","3569","","Define a constant instead of duplicating this literal ""readObject"" 6 times."
"C1","RESOLVED_FROM_C0","AaAleRvSmNh_xRbasz5f","java:S1192","1449","","Define a constant instead of duplicating this literal ""CopyKeyFieldsFromObjectId"" 5 times."
"C1","RESOLVED_FROM_C0","AaAleRvSmNh_xRbasz5g","java:S1192","4809","","Define a constant instead of duplicating this literal ""readExternalFields"" 3 times."
"C1","RESOLVED_FROM_C0","AaAleRvSmNh_xRbasz5h","java:S1192","5040","","Define a constant instead of duplicating this literal ""writeExternalFields"" 3 times."
"C1","RESOLVED_FROM_C0","AaAleRvSmNh_xRbasz5i","java:S1192","340","","Define a constant instead of duplicating this literal ""$pcsubclass"" 3 times."
"C1","RESOLVED_FROM_C0","AaAleRvSmNh_xRbasz5j","java:S1192","4771","","Define a constant instead of duplicating this literal ""ReadUnmanaged"" 3 times."
"C1","RESOLVED_FROM_C0","AaAleRvSmNh_xRbasz5k","java:S1192","3337","","Define a constant instead of duplicating this literal ""FieldNames"" 3 times."
"C1","RESOLVED_FROM_C0","AaAleRvSmNh_xRbasz5l","java:S1192","3106","","Define a constant instead of duplicating this literal ""GetIDOwningClass"" 3 times."
"C1","RESOLVED_FROM_C0","AaAleRvSmNh_xRbasz5m","java:S1192","4709","","Define a constant instead of duplicating this literal ""readExternal"" 3 times."
"C1","RESOLVED_FROM_C0","AaAleRvSmNh_xRbasz5n","java:S1192","4041","","Define a constant instead of duplicating this literal ""<clinit>"" 3 times."
"C1","RESOLVED_FROM_C0","AaAleRvSmNh_xRbasz5o","java:S1192","2216","","Define a constant instead of duplicating this literal ""getId"" 21 times."
"C1","RESOLVED_FROM_C0","AaAleRvSmNh_xRbasz5p","java:S1192","2145","","Define a constant instead of duplicating this literal ""NewObjectIdInstance"" 4 times."
"C1","RESOLVED_FROM_C0","AaAleRvSmNh_xRbasz5q","java:S1192","4075","","Define a constant instead of duplicating this literal ""clone"" 4 times."
"C1","RESOLVED_FROM_C0","AaAleRvSmNh_xRbasz5s","java:S1192","3680","","Define a constant instead of duplicating this literal ""SetDetachedState"" 4 times."
"C1","RESOLVED_FROM_C0","AaAleRvSmNh_xRbasz5t","java:S1192","2360","","Define a constant instead of duplicating this literal ""findField"" 4 times."
"C1","RESOLVED_FROM_C0","AaAleRvSmNh_xRbasz5u","java:S1192","3339","","Define a constant instead of duplicating this literal ""FieldTypes"" 3 times."
"C1","RESOLVED_FROM_C0","AaAleRvSmNh_xRbasz5v","java:S1192","1464","","Define a constant instead of duplicating this literal ""GetManagedFieldCount"" 3 times."
"C1","RESOLVED_FROM_C0","AaAleRvSmNh_xRbasz5w","java:S1192","1342","","Define a constant instead of duplicating this literal ""ClearFields"" 3 times."
"C1","RESOLVED_FROM_C0","AaAleRvSmNh_xRbasz5x","java:S1192","2105","","Define a constant instead of duplicating this literal ""CopyKeyFieldsToObjectId"" 4 times."
"C1","RESOLVED_FROM_C0","AaAleRvSmNh_xRbasz5y","java:S1192","4983","","Define a constant instead of duplicating this literal ""WriteUnmanaged"" 3 times."
"C1","RESOLVED_FROM_C0","AaAleRvSmNh_xRbasz5z","java:S1192","4713","","Define a constant instead of duplicating this literal ""writeExternal"" 3 times."
"C1","RESOLVED_FROM_C0","AaAleRvSmNh_xRbasz6E","java:S1659","705","","Declare ""setter"" on a separate line."
"C1","RESOLVED_FROM_C0","AaAleRvSmNh_xRbasz6F","java:S1659","706","","Declare ""assigned"" on a separate line."
"C1","RESOLVED_FROM_C0","AaAleRvSmNh_xRbasz6K","java:S1659","919","","Declare ""earlierInsn"" on a separate line."
"C1","RESOLVED_FROM_C0","AaAleRvSmNh_xRbasz56","java:S1845","4524","","Rename method ""getfield"" to prevent any misunderstanding/clash with method ""getField""."
"C1","RESOLVED_FROM_C0","AaAleRvSmNh_xRbasz6g","java:S1905","4647","","Remove this unnecessary cast to ""String""."
"C1","RESOLVED_FROM_C0","AaAleRvSmNh_xRbasz6h","java:S1905","4661","","Remove this unnecessary cast to ""String""."
"C1","RESOLVED_FROM_C0","AaAleRvSmNh_xRbasz6D","java:S6213","663","","Rename this method to not match a restricted identifier."
"C1","RETAINED_FROM_C0","AaAKIzZERXPx87p8Mp2V","java:S106","5490","5522","Replace this use of System.err by a logger."
"C1","RETAINED_FROM_C0","AaAleRvSmNh_xRbasz5a","java:S112","4917","4949","Replace generic exceptions with specific library exceptions or a custom exception."
"C1","RETAINED_FROM_C0","AaAleRvSmNh_xRbasz6A","java:S1123","344","371","Add the missing @deprecated Javadoc tag."
"C1","RETAINED_FROM_C0","AaAleRvSmNh_xRbasz5_","java:S1133","344","371","Do not forget to remove this deprecated code someday."
"C1","RETAINED_FROM_C0","AaAleRvSmNh_xRbasz6G","java:S1135","749","778","Complete the task associated to this TODO comment."
"C1","RETAINED_FROM_C0","AaALOanhQulb_Xfn-xTw","java:S116","202","229","Rename this field ""_addVersionInitFlag"" to match the regular expression '^[a-z][a-zA-Z0-9]*$'."
"C1","RETAINED_FROM_C0","AaAleRvSmNh_xRbasz6k","java:S1168","5710","5742","Return an empty collection instead of null."
"C1","RETAINED_FROM_C0","AaAleRvSmNh_xRbasz6l","java:S1168","5715","5747","Return an empty collection instead of null."
"C1","RETAINED_FROM_C0","AaAleRvSmNh_xRbasz6m","java:S1168","5722","5754","Return an empty collection instead of null."
"C1","RETAINED_FROM_C0","AaAleRvSmNh_xRbasz6p","java:S1168","5743","5775","Return an empty array instead of null."
"C1","RETAINED_FROM_C0","AaAleRvSmNh_xRbasz6q","java:S1168","5802","5834","Return an empty array instead of null."
"C1","RETAINED_FROM_C0","AaAleRvSmNh_xRbasz6S","java:S1172","2458","2488","Remove this unused method parameter ""classNode""."
"C1","RETAINED_FROM_C0","AaAleRvSmNh_xRbasz57","java:S1181","168","193","Catch Exception instead of Throwable."
"C1","RETAINED_FROM_C0","AaAleRvSmNh_xRbasz6a","java:S1181","3528","3560","Catch Exception instead of Throwable."
"C1","RETAINED_FROM_C0","AaAleRvSmNh_xRbasz6V","java:S1181","2997","3027","Catch Exception instead of Throwable."
"C1","RETAINED_FROM_C0","AaAleRvSmNh_xRbasz6X","java:S1181","3003","3034","Catch Exception instead of Throwable."
"C1","RETAINED_FROM_C0","AaAleRvSmNh_xRbasz5r","java:S1192","3770","3802","Define a constant instead of duplicating this literal ""FALSE"" 6 times."
"C1","RETAINED_FROM_C0","AaAleRvSmNh_xRbasz5U","java:S1199","2102","2152","Extract this nested code block into a method."
"C1","RETAINED_FROM_C0","AaAleRvSmNh_xRbasz5V","java:S1199","2112","2162","Extract this nested code block into a method."
"C1","RETAINED_FROM_C0","AaAleRvSmNh_xRbasz5W","java:S1199","2122","2172","Extract this nested code block into a method."
"C1","RETAINED_FROM_C0","AaAleRvSmNh_xRbasz5X","java:S1199","2132","2132","Extract this nested code block into a method."
"C1","RETAINED_FROM_C0","AaAleRvSmNh_xRbasz5Y","java:S1199","2142","2142","Extract this nested code block into a method."
"C1","RETAINED_FROM_C0","AaAleRvSmNh_xRbasz5Z","java:S1199","2153","2183","Extract this nested code block into a method."
"C1","RETAINED_FROM_C0","AaAKIzZERXPx87p8Mp0_","java:S125","1423","1453","This block of commented-out lines of code should be removed."
"C1","RETAINED_FROM_C0","AaAKIzZERXPx87p8Mp10","java:S125","3715","3747","This block of commented-out lines of code should be removed."
"C1","RETAINED_FROM_C0","AaAKIzZERXPx87p8Mp12","java:S125","3775","3807","This block of commented-out lines of code should be removed."
"C1","RETAINED_FROM_C0","AaAKIzZERXPx87p8Mp13","java:S125","3802","3834","This block of commented-out lines of code should be removed."
"C1","RETAINED_FROM_C0","AaAKIzZERXPx87p8Mp14","java:S125","3836","3868","This block of commented-out lines of code should be removed."
"C1","RETAINED_FROM_C0","AaAKIzZERXPx87p8Mp15","java:S125","3858","3890","This block of commented-out lines of code should be removed."
"C1","RETAINED_FROM_C0","AaAKIzZERXPx87p8Mp16","java:S125","3976","4008","This block of commented-out lines of code should be removed."
"C1","RETAINED_FROM_C0","AaAKIzZERXPx87p8Mp17","java:S125","3901","3933","This block of commented-out lines of code should be removed."
"C1","RETAINED_FROM_C0","AaAKIzZERXPx87p8Mp18","java:S125","4107","4139","This block of commented-out lines of code should be removed."
"C1","RETAINED_FROM_C0","AaAKIzZERXPx87p8Mp19","java:S125","4128","4160","This block of commented-out lines of code should be removed."
"C1","RETAINED_FROM_C0","AaAKIzZERXPx87p8Mp1A","java:S125","1438","1468","This block of commented-out lines of code should be removed."
"C1","RETAINED_FROM_C0","AaAKIzZERXPx87p8Mp1a","java:S125","2088","2118","This block of commented-out lines of code should be removed."
"C1","RETAINED_FROM_C0","AaAKIzZERXPx87p8Mp1c","java:S125","2212","2242","This block of commented-out lines of code should be removed."
"C1","RETAINED_FROM_C0","AaAKIzZERXPx87p8Mp1d","java:S125","2228","2258","This block of commented-out lines of code should be removed."
"C1","RETAINED_FROM_C0","AaAKIzZERXPx87p8Mp1D","java:S125","1513","1543","This block of commented-out lines of code should be removed."
"C1","RETAINED_FROM_C0","AaAKIzZERXPx87p8Mp1g","java:S125","2776","2806","This block of commented-out lines of code should be removed."
"C1","RETAINED_FROM_C0","AaAKIzZERXPx87p8Mp1G","java:S125","1575","1605","This block of commented-out lines of code should be removed."
"C1","RETAINED_FROM_C0","AaAKIzZERXPx87p8Mp1K","java:S125","1703","1733","This block of commented-out lines of code should be removed."
"C1","RETAINED_FROM_C0","AaAKIzZERXPx87p8Mp1L","java:S125","1799","1829","This block of commented-out lines of code should be removed."
"C1","RETAINED_FROM_C0","AaAKIzZERXPx87p8Mp1M","java:S125","1808","1838","This block of commented-out lines of code should be removed."
"C1","RETAINED_FROM_C0","AaAKIzZERXPx87p8Mp1N","java:S125","1818","1848","This block of commented-out lines of code should be removed."
"C1","RETAINED_FROM_C0","AaAKIzZERXPx87p8Mp1P","java:S125","1929","1959","This block of commented-out lines of code should be removed."
"C1","RETAINED_FROM_C0","AaAKIzZERXPx87p8Mp1Q","java:S125","1960","1990","This block of commented-out lines of code should be removed."
"C1","RETAINED_FROM_C0","AaAKIzZERXPx87p8Mp1R","java:S125","1985","2015","This block of commented-out lines of code should be removed."
"C1","RETAINED_FROM_C0","AaAKIzZERXPx87p8Mp1r","java:S125","3090","3122","This block of commented-out lines of code should be removed."
"C1","RETAINED_FROM_C0","AaAKIzZERXPx87p8Mp1s","java:S125","3377","3409","This block of commented-out lines of code should be removed."
"C1","RETAINED_FROM_C0","AaAKIzZERXPx87p8Mp1t","java:S125","3386","3418","This block of commented-out lines of code should be removed."
"C1","RETAINED_FROM_C0","AaAKIzZERXPx87p8Mp1T","java:S125","1996","2026","This block of commented-out lines of code should be removed."
"C1","RETAINED_FROM_C0","AaAKIzZERXPx87p8Mp1U","java:S125","2014","2044","This block of commented-out lines of code should be removed."
"C1","RETAINED_FROM_C0","AaAKIzZERXPx87p8Mp1u","java:S125","3397","3429","This block of commented-out lines of code should be removed."
"C1","RETAINED_FROM_C0","AaAKIzZERXPx87p8Mp1v","java:S125","3408","3440","This block of commented-out lines of code should be removed."
"C1","RETAINED_FROM_C0","AaAKIzZERXPx87p8Mp1w","java:S125","3421","3453","This block of commented-out lines of code should be removed."
"C1","RETAINED_FROM_C0","AaAKIzZERXPx87p8Mp1W","java:S125","2066","2096","This block of commented-out lines of code should be removed."
"C1","RETAINED_FROM_C0","AaAKIzZERXPx87p8Mp1x","java:S125","3647","3679","This block of commented-out lines of code should be removed."
"C1","RETAINED_FROM_C0","AaAKIzZERXPx87p8Mp1y","java:S125","3657","3689","This block of commented-out lines of code should be removed."
"C1","RETAINED_FROM_C0","AaAKIzZERXPx87p8Mp2B","java:S125","4326","4358","This block of commented-out lines of code should be removed."
"C1","RETAINED_FROM_C0","AaAKIzZERXPx87p8Mp2C","java:S125","4336","4368","This block of commented-out lines of code should be removed."
"C1","RETAINED_FROM_C0","AaAKIzZERXPx87p8Mp2D","java:S125","4343","4375","This block of commented-out lines of code should be removed."
"C1","RETAINED_FROM_C0","AaAKIzZERXPx87p8Mp2F","java:S125","4376","4408","This block of commented-out lines of code should be removed."
"C1","RETAINED_FROM_C0","AaAKIzZERXPx87p8Mp2G","java:S125","4399","4431","This block of commented-out lines of code should be removed."
"C1","RETAINED_FROM_C0","AaAKIzZERXPx87p8Mp2H","java:S125","4490","4522","This block of commented-out lines of code should be removed."
"C1","RETAINED_FROM_C0","AaAKIzZERXPx87p8Mp2I","java:S125","4508","4540","This block of commented-out lines of code should be removed."
"C1","RETAINED_FROM_C0","AaAKIzZERXPx87p8Mp2J","java:S125","4752","4784","This block of commented-out lines of code should be removed."
"C1","RETAINED_FROM_C0","AaAKIzZERXPx87p8Mp2K","java:S125","4766","4798","This block of commented-out lines of code should be removed."
"C1","RETAINED_FROM_C0","AaAKIzZERXPx87p8Mp2L","java:S125","4775","4807","This block of commented-out lines of code should be removed."
"C1","RETAINED_FROM_C0","AaAKIzZERXPx87p8Mp2M","java:S125","4787","4819","This block of commented-out lines of code should be removed."
"C1","RETAINED_FROM_C0","AaAKIzZERXPx87p8Mp2N","java:S125","4863","4895","This block of commented-out lines of code should be removed."
"C1","RETAINED_FROM_C0","AaAKIzZERXPx87p8Mp2P","java:S125","4931","4963","This block of commented-out lines of code should be removed."
"C1","RETAINED_FROM_C0","AaAKIzZERXPx87p8Mp2Q","java:S125","4967","4999","This block of commented-out lines of code should be removed."
"C1","RETAINED_FROM_C0","AaAKIzZERXPx87p8Mp2R","java:S125","4978","5010","This block of commented-out lines of code should be removed."
"C1","RETAINED_FROM_C0","AaAKIzZERXPx87p8Mp2S","java:S125","4989","5021","This block of commented-out lines of code should be removed."
"C1","RETAINED_FROM_C0","AaAKIzZERXPx87p8Mp2T","java:S125","5010","5042","This block of commented-out lines of code should be removed."
"C1","RETAINED_FROM_C0","AaAKIzZERXPx87p8Mp2U","java:S125","5097","5129","This block of commented-out lines of code should be removed."
"C1","RETAINED_FROM_C0","AaAKynG1Kije7nS92BW_","java:S125","2816","2846","This block of commented-out lines of code should be removed."
"C1","RETAINED_FROM_C0","AaAKynG1Kije7nS92BW3","java:S125","2491","2521","This block of commented-out lines of code should be removed."
"C1","RETAINED_FROM_C0","AaALC7_-41jXsmVCsseH","java:S125","2909","2939","This block of commented-out lines of code should be removed."
"C1","RETAINED_FROM_C0","AaALC7_-41jXsmVCsseI","java:S125","2939","2969","This block of commented-out lines of code should be removed."
"C1","RETAINED_FROM_C0","AaAleRvSmNh_xRbasz6c","java:S125","3798","3830","This block of commented-out lines of code should be removed."
"C1","RETAINED_FROM_C0","AaAleRvSmNh_xRbasz6e","java:S125","4534","4566","This block of commented-out lines of code should be removed."
"C1","RETAINED_FROM_C0","AaAleRvSmNh_xRbasz6f","java:S125","4544","4576","This block of commented-out lines of code should be removed."
"C1","RETAINED_FROM_C0","AaAleRvSmNh_xRbasz6j","java:S125","4804","4836","This block of commented-out lines of code should be removed."
"C1","RETAINED_FROM_C0","AaAleRvSmNh_xRbasz6M","java:S125","1520","1550","This block of commented-out lines of code should be removed."
"C1","RETAINED_FROM_C0","AaAleRvSmNh_xRbasz6N","java:S125","1582","1612","This block of commented-out lines of code should be removed."
"C1","RETAINED_FROM_C0","AaAleRvSmNh_xRbasz6T","java:S125","2459","2489","This block of commented-out lines of code should be removed."
"C1","RETAINED_FROM_C0","AaALJJ9gKije7nS94ke4","java:S125","1206","1236","This block of commented-out lines of code should be removed."
"C1","RETAINED_FROM_C0","AaALJJ9gKije7nS94ke5","java:S125","834","863","This block of commented-out lines of code should be removed."
"C1","RETAINED_FROM_C0","AaALJJ9gKije7nS94ke6","java:S125","1951","1981","This block of commented-out lines of code should be removed."
"C1","RETAINED_FROM_C0","AaALJJ9gKije7nS94ke8","java:S125","4532","4564","This block of commented-out lines of code should be removed."
"C1","RETAINED_FROM_C0","AaALJJ9gKije7nS94ke9","java:S125","4608","4640","This block of commented-out lines of code should be removed."
"C1","RETAINED_FROM_C0","AaALMFD81r5TurFMiUn-","java:S125","3745","3777","This block of commented-out lines of code should be removed."
"C1","RETAINED_FROM_C0","AaALOanhQulb_Xfn-xT0","java:S125","4391","4423","This block of commented-out lines of code should be removed."
"C1","RETAINED_FROM_C0","AaALOanhQulb_Xfn-xT1","java:S125","2806","2836","This block of commented-out lines of code should be removed."
"C1","RETAINED_FROM_C0","AaALOanhQulb_Xfn-xT5","java:S125","3871","3903","This block of commented-out lines of code should be removed."
"C1","RETAINED_FROM_C0","AaALOanhQulb_Xfn-xT6","java:S125","3877","3909","This block of commented-out lines of code should be removed."
"C1","RETAINED_FROM_C0","AaALPZMXTV2yRQvmS5BZ","java:S125","1611","1641","This block of commented-out lines of code should be removed."
"C1","RETAINED_FROM_C0","AaAKynG1Kije7nS92BW5","java:S128","2617","2647","End this switch case with an unconditional break, return or throw statement."
"C1","RETAINED_FROM_C0","AaAKynG1Kije7nS92BW6","java:S128","2599","2629","End this switch case with an unconditional break, return or throw statement."
"C1","RETAINED_FROM_C0","AaAKynG1Kije7nS92BW7","java:S128","2581","2611","End this switch case with an unconditional break, return or throw statement."
"C1","RETAINED_FROM_C0","AaAKynG1Kije7nS92BW8","java:S128","2527","2557","End this switch case with an unconditional break, return or throw statement."
"C1","RETAINED_FROM_C0","AaAKynG1Kije7nS92BW9","java:S128","2509","2539","End this switch case with an unconditional break, return or throw statement."
"C1","RETAINED_FROM_C0","AaALC7_-41jXsmVCsseF","java:S128","2563","2593","End this switch case with an unconditional break, return or throw statement."
"C1","RETAINED_FROM_C0","AaALC7_-41jXsmVCsseG","java:S128","2545","2575","End this switch case with an unconditional break, return or throw statement."
"C1","RETAINED_FROM_C0","AaAKIzZERXPx87p8Mp1V","java:S131","2031","2061","Add a default case to this switch."
"C1","RETAINED_FROM_C0","AaAKIzZERXPx87p8Mp2O","java:S131","4923","4955","Add a default case to this switch."
"C1","RETAINED_FROM_C0","AaAleRvSmNh_xRbasz5b","java:S135","708","737","Reduce the total number of break and continue statements in this loop to use at most one."
"C1","RETAINED_FROM_C0","AaAleRvSmNh_xRbasz5c","java:S135","5747","5779","Reduce the total number of break and continue statements in this loop to use at most one."
"C1","RETAINED_FROM_C0","AaAleRvSmNh_xRbasz5S","java:S1488","5334","5366","Immediately return this expression instead of assigning it to the temporary variable ""getter""."
"C1","RETAINED_FROM_C0","AaAleRvSmNh_xRbasz5T","java:S1488","5391","5423","Immediately return this expression instead of assigning it to the temporary variable ""setter""."
"C1","RETAINED_FROM_C0","AaAleRvSmNh_xRbasz6d","java:S1940","4529","4561","Use the opposite operator (""<="") instead."
"C1","RETAINED_FROM_C0","AaAKIzZERXPx87p8Mp1i","java:S2447","2987","3017","Null is returned but a ""Boolean"" is expected."
"C1","RETAINED_FROM_C0","AaAKIzZERXPx87p8Mp1j","java:S2447","3005","3037","Null is returned but a ""Boolean"" is expected."
"C1","RETAINED_FROM_C0","AaAKIzZERXPx87p8Mp00","java:S3776","695","722","Refactor this method to reduce its Cognitive Complexity from 32 to the 15 allowed."
"C1","RETAINED_FROM_C0","AaAKIzZERXPx87p8Mp2W","java:S3776","5540","5572","Refactor this method to reduce its Cognitive Complexity from 31 to the 15 allowed."
"C1","RETAINED_FROM_C0","AaAleRvSmNh_xRbasz6B","java:S3776","610","637","Refactor this method to reduce its Cognitive Complexity from 23 to the 15 allowed."
"C1","RETAINED_FROM_C0","AaAleRvSmNh_xRbasz6b","java:S3776","3765","3797","Refactor this method to reduce its Cognitive Complexity from 32 to the 15 allowed."
"C1","RETAINED_FROM_C0","AaAleRvSmNh_xRbasz6i","java:S3776","4671","4703","Refactor this method to reduce its Cognitive Complexity from 17 to the 15 allowed."
"C1","RETAINED_FROM_C0","AaAleRvSmNh_xRbasz6J","java:S3776","904","933","Refactor this method to reduce its Cognitive Complexity from 25 to the 15 allowed."
"C1","RETAINED_FROM_C0","AaAleRvSmNh_xRbasz6L","java:S3776","1072","1102","Refactor this method to reduce its Cognitive Complexity from 28 to the 15 allowed."
"C1","RETAINED_FROM_C0","AaAleRvSmNh_xRbasz6o","java:S3776","5736","5768","Refactor this method to reduce its Cognitive Complexity from 30 to the 15 allowed."
"C1","RETAINED_FROM_C0","AaAleRvSmNh_xRbasz6O","java:S3776","2170","2200","Refactor this method to reduce its Cognitive Complexity from 99 to the 15 allowed."
"C1","RETAINED_FROM_C0","AaAleRvSmNh_xRbasz6R","java:S3776","2458","2488","Refactor this method to reduce its Cognitive Complexity from 37 to the 15 allowed."
"C1","RETAINED_FROM_C0","AaAleRvSmNh_xRbasz6U","java:S3776","2740","2770","Refactor this method to reduce its Cognitive Complexity from 107 to the 15 allowed."
"C1","RETAINED_FROM_C0","AaAleRvSmNh_xRbasz6Z","java:S3776","3073","3105","Refactor this method to reduce its Cognitive Complexity from 31 to the 15 allowed."
"C1","RETAINED_FROM_C0","AaALJ3Ze1r5TurFMiGnG","java:S3776","3500","3532","Refactor this method to reduce its Cognitive Complexity from 16 to the 15 allowed."
"C1","RETAINED_FROM_C0","AaALJJ9gKije7nS94ke7","java:S3776","4068","4100","Refactor this method to reduce its Cognitive Complexity from 19 to the 15 allowed."
"C1","RETAINED_FROM_C0","AaAKIzZERXPx87p8Mp1l","java:S3878","2994","3024","Remove this array creation and simply pass the elements."
"C1","RETAINED_FROM_C0","AaAKIzZERXPx87p8Mp1o","java:S3878","3000","3031","Remove this array creation and simply pass the elements."
"C1","RETAINED_FROM_C0","AaALC7_-41jXsmVCsseJ","java:S3878","3047","3079","Remove this array creation and simply pass the elements."
"C1","RETAINED_FROM_C0","AaAleRvSmNh_xRbasz6H","java:S3878","763","792","Remove this array creation and simply pass the elements."
"C1","RETAINED_FROM_C0","AaAleRvSmNh_xRbasz6C","java:S6213","652","679","Rename this method to not match a restricted identifier."
"C1","RETAINED_FROM_C0","AaAleRvSmNh_xRbasz5-","java:S6355","343","370","Add 'since' and/or 'forRemoval' arguments to the @Deprecated annotation."
"C1","RETAINED_FROM_C0","AaAleRvSmNh_xRbasz59","java:S6355","267","294","Add 'since' and/or 'forRemoval' arguments to the @Deprecated annotation."
"C2","NEW_VS_C0","AaBJJyuWYKx8-rumvjxR","java:S106","","5520","Replace this use of System.err by a logger."
"C2","NEW_VS_C0","AaBJIMh7vHQDC_H9Co8I","java:S1066","","4121","Merge this if statement with the enclosing one."
"C2","NEW_VS_C0","AaBJJyuWYKx8-rumvjxN","java:S108","","3027","Remove this block of code, fill it in, or add a comment explaining why it is empty."
"C2","NEW_VS_C0","AaBJJyuWYKx8-rumvjxO","java:S108","","3033","Remove this block of code, fill it in, or add a comment explaining why it is empty."
"C2","NEW_VS_C0","AaBJJyuWYKx8-rumvjxS","java:S1155","","5755","Use isEmpty() to check whether the collection is empty or not."
"C2","NEW_VS_C0","AaBJJyuWYKx8-rumvjxK","java:S1845","","4554","Rename method ""getfield"" to prevent any misunderstanding/clash with method ""getField""."
"C2","NEW_VS_C0","AaBJJyuWYKx8-rumvjxP","java:S1905","","4677","Remove this unnecessary cast to ""String""."
"C2","NEW_VS_C0","AaBJJyuWYKx8-rumvjxQ","java:S1905","","4691","Remove this unnecessary cast to ""String""."
"C2","NEW_VS_C0","AaBJJyuWYKx8-rumvjxM","java:S6213","","690","Rename this method to not match a restricted identifier."
"C2","RESOLVED_FROM_C0","AaAKIzZERXPx87p8Mp2V","java:S106","5490","","Replace this use of System.err by a logger."
"C2","RESOLVED_FROM_C0","AaAleRvSmNh_xRbasz5R","java:S1066","4091","","Merge this if statement with the enclosing one."
"C2","RESOLVED_FROM_C0","AaAleRvSmNh_xRbasz58","java:S108","186","","Remove this block of code, fill it in, or add a comment explaining why it is empty."
"C2","RESOLVED_FROM_C0","AaAleRvSmNh_xRbasz6W","java:S108","2997","","Remove this block of code, fill it in, or add a comment explaining why it is empty."
"C2","RESOLVED_FROM_C0","AaAleRvSmNh_xRbasz6Y","java:S108","3003","","Remove this block of code, fill it in, or add a comment explaining why it is empty."
"C2","RESOLVED_FROM_C0","AaAleRvSmNh_xRbasz6I","java:S1155","818","","Use isEmpty() to check whether the collection is empty or not."
"C2","RESOLVED_FROM_C0","AaAleRvSmNh_xRbasz6n","java:S1155","5725","","Use isEmpty() to check whether the collection is empty or not."
"C2","RESOLVED_FROM_C0","AaAKIzZERXPx87p8Mp0j","java:S116","198","","Rename this field ""_repos"" to match the regular expression '^[a-z][a-zA-Z0-9]*$'."
"C2","RESOLVED_FROM_C0","AaAKIzZERXPx87p8Mp0k","java:S116","199","","Rename this field ""_meta"" to match the regular expression '^[a-z][a-zA-Z0-9]*$'."
"C2","RESOLVED_FROM_C0","AaAKIzZERXPx87p8Mp0l","java:S116","200","","Rename this field ""_log"" to match the regular expression '^[a-z][a-zA-Z0-9]*$'."
"C2","RESOLVED_FROM_C0","AaAKIzZERXPx87p8Mp0n","java:S116","219","","Rename this field ""_defCons"" to match the regular expression '^[a-z][a-zA-Z0-9]*$'."
"C2","RESOLVED_FROM_C0","AaAKIzZERXPx87p8Mp0o","java:S116","222","","Rename this field ""_fail"" to match the regular expression '^[a-z][a-zA-Z0-9]*$'."
"C2","RESOLVED_FROM_C0","AaAKIzZERXPx87p8Mp0q","java:S116","224","","Rename this field ""_dir"" to match the regular expression '^[a-z][a-zA-Z0-9]*$'."
"C2","RESOLVED_FROM_C0","AaAKIzZERXPx87p8Mp0r","java:S116","225","","Rename this field ""_writer"" to match the regular expression '^[a-z][a-zA-Z0-9]*$'."
"C2","RESOLVED_FROM_C0","AaAKIzZERXPx87p8Mp0t","java:S116","223","","Rename this field ""_violations"" to match the regular expression '^[a-z][a-zA-Z0-9]*$'."
"C2","RESOLVED_FROM_C0","AaAleRvSmNh_xRbasz52","java:S116","226","","Rename this field ""_backingFields"" to match the regular expression '^[a-z][a-zA-Z0-9]*$'."
"C2","RESOLVED_FROM_C0","AaAleRvSmNh_xRbasz53","java:S116","227","","Rename this field ""_attrsToFields"" to match the regular expression '^[a-z][a-zA-Z0-9]*$'."
"C2","RESOLVED_FROM_C0","AaAleRvSmNh_xRbasz54","java:S116","228","","Rename this field ""_fieldsToAttrs"" to match the regular expression '^[a-z][a-zA-Z0-9]*$'."
"C2","RESOLVED_FROM_C0","AaAleRvSmNh_xRbasz55","java:S116","233","","Rename this field ""_optimizeIdCopy"" to match the regular expression '^[a-z][a-zA-Z0-9]*$'."
"C2","RESOLVED_FROM_C0","AaALJJ9gKije7nS94ker","java:S116","220","","Rename this field ""_redefine"" to match the regular expression '^[a-z][a-zA-Z0-9]*$'."
"C2","RESOLVED_FROM_C0","AaALJJ9gKije7nS94kes","java:S116","221","","Rename this field ""_subclass"" to match the regular expression '^[a-z][a-zA-Z0-9]*$'."
"C2","RESOLVED_FROM_C0","AaALJJ9gKije7nS94kew","java:S116","229","","Rename this field ""_isAlreadyRedefined"" to match the regular expression '^[a-z][a-zA-Z0-9]*$'."
"C2","RESOLVED_FROM_C0","AaALJJ9gKije7nS94kex","java:S116","230","","Rename this field ""_isAlreadySubclassed"" to match the regular expression '^[a-z][a-zA-Z0-9]*$'."
"C2","RESOLVED_FROM_C0","AaALJJ9gKije7nS94key","java:S116","231","","Rename this field ""_bcsConfigured"" to match the regular expression '^[a-z][a-zA-Z0-9]*$'."
"C2","RESOLVED_FROM_C0","AaALOanhQulb_Xfn-xTw","java:S116","202","","Rename this field ""_addVersionInitFlag"" to match the regular expression '^[a-z][a-zA-Z0-9]*$'."
"C2","RESOLVED_FROM_C0","AaAKIzZERXPx87p8Mp0O","java:S1192","1243","","Define a constant instead of duplicating this literal ""<init>"" 22 times."
"C2","RESOLVED_FROM_C0","AaAleRvSmNh_xRbasz50","java:S1192","3551","","Define a constant instead of duplicating this literal ""writeObject"" 6 times."
"C2","RESOLVED_FROM_C0","AaAleRvSmNh_xRbasz51","java:S1192","3813","","Define a constant instead of duplicating this literal ""GetDetachedState"" 5 times."
"C2","RESOLVED_FROM_C0","AaAleRvSmNh_xRbasz5d","java:S1192","3341","","Define a constant instead of duplicating this literal ""FieldFlags"" 3 times."
"C2","RESOLVED_FROM_C0","AaAleRvSmNh_xRbasz5e","java:S1192","3569","","Define a constant instead of duplicating this literal ""readObject"" 6 times."
"C2","RESOLVED_FROM_C0","AaAleRvSmNh_xRbasz5f","java:S1192","1449","","Define a constant instead of duplicating this literal ""CopyKeyFieldsFromObjectId"" 5 times."
"C2","RESOLVED_FROM_C0","AaAleRvSmNh_xRbasz5g","java:S1192","4809","","Define a constant instead of duplicating this literal ""readExternalFields"" 3 times."
"C2","RESOLVED_FROM_C0","AaAleRvSmNh_xRbasz5h","java:S1192","5040","","Define a constant instead of duplicating this literal ""writeExternalFields"" 3 times."
"C2","RESOLVED_FROM_C0","AaAleRvSmNh_xRbasz5i","java:S1192","340","","Define a constant instead of duplicating this literal ""$pcsubclass"" 3 times."
"C2","RESOLVED_FROM_C0","AaAleRvSmNh_xRbasz5j","java:S1192","4771","","Define a constant instead of duplicating this literal ""ReadUnmanaged"" 3 times."
"C2","RESOLVED_FROM_C0","AaAleRvSmNh_xRbasz5k","java:S1192","3337","","Define a constant instead of duplicating this literal ""FieldNames"" 3 times."
"C2","RESOLVED_FROM_C0","AaAleRvSmNh_xRbasz5l","java:S1192","3106","","Define a constant instead of duplicating this literal ""GetIDOwningClass"" 3 times."
"C2","RESOLVED_FROM_C0","AaAleRvSmNh_xRbasz5m","java:S1192","4709","","Define a constant instead of duplicating this literal ""readExternal"" 3 times."
"C2","RESOLVED_FROM_C0","AaAleRvSmNh_xRbasz5n","java:S1192","4041","","Define a constant instead of duplicating this literal ""<clinit>"" 3 times."
"C2","RESOLVED_FROM_C0","AaAleRvSmNh_xRbasz5o","java:S1192","2216","","Define a constant instead of duplicating this literal ""getId"" 21 times."
"C2","RESOLVED_FROM_C0","AaAleRvSmNh_xRbasz5p","java:S1192","2145","","Define a constant instead of duplicating this literal ""NewObjectIdInstance"" 4 times."
"C2","RESOLVED_FROM_C0","AaAleRvSmNh_xRbasz5q","java:S1192","4075","","Define a constant instead of duplicating this literal ""clone"" 4 times."
"C2","RESOLVED_FROM_C0","AaAleRvSmNh_xRbasz5s","java:S1192","3680","","Define a constant instead of duplicating this literal ""SetDetachedState"" 4 times."
"C2","RESOLVED_FROM_C0","AaAleRvSmNh_xRbasz5t","java:S1192","2360","","Define a constant instead of duplicating this literal ""findField"" 4 times."
"C2","RESOLVED_FROM_C0","AaAleRvSmNh_xRbasz5u","java:S1192","3339","","Define a constant instead of duplicating this literal ""FieldTypes"" 3 times."
"C2","RESOLVED_FROM_C0","AaAleRvSmNh_xRbasz5v","java:S1192","1464","","Define a constant instead of duplicating this literal ""GetManagedFieldCount"" 3 times."
"C2","RESOLVED_FROM_C0","AaAleRvSmNh_xRbasz5w","java:S1192","1342","","Define a constant instead of duplicating this literal ""ClearFields"" 3 times."
"C2","RESOLVED_FROM_C0","AaAleRvSmNh_xRbasz5x","java:S1192","2105","","Define a constant instead of duplicating this literal ""CopyKeyFieldsToObjectId"" 4 times."
"C2","RESOLVED_FROM_C0","AaAleRvSmNh_xRbasz5y","java:S1192","4983","","Define a constant instead of duplicating this literal ""WriteUnmanaged"" 3 times."
"C2","RESOLVED_FROM_C0","AaAleRvSmNh_xRbasz5z","java:S1192","4713","","Define a constant instead of duplicating this literal ""writeExternal"" 3 times."
"C2","RESOLVED_FROM_C0","AaAleRvSmNh_xRbasz6E","java:S1659","705","","Declare ""setter"" on a separate line."
"C2","RESOLVED_FROM_C0","AaAleRvSmNh_xRbasz6F","java:S1659","706","","Declare ""assigned"" on a separate line."
"C2","RESOLVED_FROM_C0","AaAleRvSmNh_xRbasz6K","java:S1659","919","","Declare ""earlierInsn"" on a separate line."
"C2","RESOLVED_FROM_C0","AaAleRvSmNh_xRbasz56","java:S1845","4524","","Rename method ""getfield"" to prevent any misunderstanding/clash with method ""getField""."
"C2","RESOLVED_FROM_C0","AaAleRvSmNh_xRbasz6g","java:S1905","4647","","Remove this unnecessary cast to ""String""."
"C2","RESOLVED_FROM_C0","AaAleRvSmNh_xRbasz6h","java:S1905","4661","","Remove this unnecessary cast to ""String""."
"C2","RESOLVED_FROM_C0","AaAleRvSmNh_xRbasz6H","java:S3878","763","","Remove this array creation and simply pass the elements."
"C2","RESOLVED_FROM_C0","AaAleRvSmNh_xRbasz6D","java:S6213","663","","Rename this method to not match a restricted identifier."
"C2","RETAINED_FROM_C0","AaAleRvSmNh_xRbasz5a","java:S112","4917","4947","Replace generic exceptions with specific library exceptions or a custom exception."
"C2","RETAINED_FROM_C0","AaAleRvSmNh_xRbasz6A","java:S1123","344","371","Add the missing @deprecated Javadoc tag."
"C2","RETAINED_FROM_C0","AaAleRvSmNh_xRbasz5_","java:S1133","344","371","Do not forget to remove this deprecated code someday."
"C2","RETAINED_FROM_C0","AaAleRvSmNh_xRbasz6G","java:S1135","749","778","Complete the task associated to this TODO comment."
"C2","RETAINED_FROM_C0","AaAleRvSmNh_xRbasz6k","java:S1168","5710","5740","Return an empty collection instead of null."
"C2","RETAINED_FROM_C0","AaAleRvSmNh_xRbasz6l","java:S1168","5715","5745","Return an empty collection instead of null."
"C2","RETAINED_FROM_C0","AaAleRvSmNh_xRbasz6m","java:S1168","5722","5752","Return an empty collection instead of null."
"C2","RETAINED_FROM_C0","AaAleRvSmNh_xRbasz6p","java:S1168","5743","5773","Return an empty array instead of null."
"C2","RETAINED_FROM_C0","AaAleRvSmNh_xRbasz6q","java:S1168","5802","5832","Return an empty array instead of null."
"C2","RETAINED_FROM_C0","AaAleRvSmNh_xRbasz6S","java:S1172","2458","2488","Remove this unused method parameter ""classNode""."
"C2","RETAINED_FROM_C0","AaAleRvSmNh_xRbasz57","java:S1181","168","193","Catch Exception instead of Throwable."
"C2","RETAINED_FROM_C0","AaAleRvSmNh_xRbasz6a","java:S1181","3528","3558","Catch Exception instead of Throwable."
"C2","RETAINED_FROM_C0","AaAleRvSmNh_xRbasz6V","java:S1181","2997","3027","Catch Exception instead of Throwable."
"C2","RETAINED_FROM_C0","AaAleRvSmNh_xRbasz6X","java:S1181","3003","3033","Catch Exception instead of Throwable."
"C2","RETAINED_FROM_C0","AaAleRvSmNh_xRbasz5r","java:S1192","3770","3800","Define a constant instead of duplicating this literal ""FALSE"" 6 times."
"C2","RETAINED_FROM_C0","AaAleRvSmNh_xRbasz5U","java:S1199","2102","2152","Extract this nested code block into a method."
"C2","RETAINED_FROM_C0","AaAleRvSmNh_xRbasz5V","java:S1199","2112","2162","Extract this nested code block into a method."
"C2","RETAINED_FROM_C0","AaAleRvSmNh_xRbasz5W","java:S1199","2122","2172","Extract this nested code block into a method."
"C2","RETAINED_FROM_C0","AaAleRvSmNh_xRbasz5X","java:S1199","2132","2132","Extract this nested code block into a method."
"C2","RETAINED_FROM_C0","AaAleRvSmNh_xRbasz5Y","java:S1199","2142","2142","Extract this nested code block into a method."
"C2","RETAINED_FROM_C0","AaAleRvSmNh_xRbasz5Z","java:S1199","2153","2183","Extract this nested code block into a method."
"C2","RETAINED_FROM_C0","AaAKIzZERXPx87p8Mp0_","java:S125","1423","1453","This block of commented-out lines of code should be removed."
"C2","RETAINED_FROM_C0","AaAKIzZERXPx87p8Mp10","java:S125","3715","3745","This block of commented-out lines of code should be removed."
"C2","RETAINED_FROM_C0","AaAKIzZERXPx87p8Mp12","java:S125","3775","3805","This block of commented-out lines of code should be removed."
"C2","RETAINED_FROM_C0","AaAKIzZERXPx87p8Mp13","java:S125","3802","3832","This block of commented-out lines of code should be removed."
"C2","RETAINED_FROM_C0","AaAKIzZERXPx87p8Mp14","java:S125","3836","3866","This block of commented-out lines of code should be removed."
"C2","RETAINED_FROM_C0","AaAKIzZERXPx87p8Mp15","java:S125","3858","3888","This block of commented-out lines of code should be removed."
"C2","RETAINED_FROM_C0","AaAKIzZERXPx87p8Mp16","java:S125","3976","4006","This block of commented-out lines of code should be removed."
"C2","RETAINED_FROM_C0","AaAKIzZERXPx87p8Mp17","java:S125","3901","3931","This block of commented-out lines of code should be removed."
"C2","RETAINED_FROM_C0","AaAKIzZERXPx87p8Mp18","java:S125","4107","4137","This block of commented-out lines of code should be removed."
"C2","RETAINED_FROM_C0","AaAKIzZERXPx87p8Mp19","java:S125","4128","4158","This block of commented-out lines of code should be removed."
"C2","RETAINED_FROM_C0","AaAKIzZERXPx87p8Mp1A","java:S125","1438","1468","This block of commented-out lines of code should be removed."
"C2","RETAINED_FROM_C0","AaAKIzZERXPx87p8Mp1a","java:S125","2088","2118","This block of commented-out lines of code should be removed."
"C2","RETAINED_FROM_C0","AaAKIzZERXPx87p8Mp1c","java:S125","2212","2242","This block of commented-out lines of code should be removed."
"C2","RETAINED_FROM_C0","AaAKIzZERXPx87p8Mp1d","java:S125","2228","2258","This block of commented-out lines of code should be removed."
"C2","RETAINED_FROM_C0","AaAKIzZERXPx87p8Mp1D","java:S125","1513","1543","This block of commented-out lines of code should be removed."
"C2","RETAINED_FROM_C0","AaAKIzZERXPx87p8Mp1G","java:S125","1575","1605","This block of commented-out lines of code should be removed."
"C2","RETAINED_FROM_C0","AaAKIzZERXPx87p8Mp1g","java:S125","2776","2806","This block of commented-out lines of code should be removed."
"C2","RETAINED_FROM_C0","AaAKIzZERXPx87p8Mp1K","java:S125","1703","1733","This block of commented-out lines of code should be removed."
"C2","RETAINED_FROM_C0","AaAKIzZERXPx87p8Mp1L","java:S125","1799","1829","This block of commented-out lines of code should be removed."
"C2","RETAINED_FROM_C0","AaAKIzZERXPx87p8Mp1M","java:S125","1808","1838","This block of commented-out lines of code should be removed."
"C2","RETAINED_FROM_C0","AaAKIzZERXPx87p8Mp1N","java:S125","1818","1848","This block of commented-out lines of code should be removed."
"C2","RETAINED_FROM_C0","AaAKIzZERXPx87p8Mp1P","java:S125","1929","1959","This block of commented-out lines of code should be removed."
"C2","RETAINED_FROM_C0","AaAKIzZERXPx87p8Mp1Q","java:S125","1960","1990","This block of commented-out lines of code should be removed."
"C2","RETAINED_FROM_C0","AaAKIzZERXPx87p8Mp1r","java:S125","3090","3120","This block of commented-out lines of code should be removed."
"C2","RETAINED_FROM_C0","AaAKIzZERXPx87p8Mp1R","java:S125","1985","2015","This block of commented-out lines of code should be removed."
"C2","RETAINED_FROM_C0","AaAKIzZERXPx87p8Mp1s","java:S125","3377","3407","This block of commented-out lines of code should be removed."
"C2","RETAINED_FROM_C0","AaAKIzZERXPx87p8Mp1T","java:S125","1996","2026","This block of commented-out lines of code should be removed."
"C2","RETAINED_FROM_C0","AaAKIzZERXPx87p8Mp1t","java:S125","3386","3416","This block of commented-out lines of code should be removed."
"C2","RETAINED_FROM_C0","AaAKIzZERXPx87p8Mp1u","java:S125","3397","3427","This block of commented-out lines of code should be removed."
"C2","RETAINED_FROM_C0","AaAKIzZERXPx87p8Mp1U","java:S125","2014","2044","This block of commented-out lines of code should be removed."
"C2","RETAINED_FROM_C0","AaAKIzZERXPx87p8Mp1v","java:S125","3408","3438","This block of commented-out lines of code should be removed."
"C2","RETAINED_FROM_C0","AaAKIzZERXPx87p8Mp1w","java:S125","3421","3451","This block of commented-out lines of code should be removed."
"C2","RETAINED_FROM_C0","AaAKIzZERXPx87p8Mp1W","java:S125","2066","2096","This block of commented-out lines of code should be removed."
"C2","RETAINED_FROM_C0","AaAKIzZERXPx87p8Mp1x","java:S125","3647","3677","This block of commented-out lines of code should be removed."
"C2","RETAINED_FROM_C0","AaAKIzZERXPx87p8Mp1y","java:S125","3657","3687","This block of commented-out lines of code should be removed."
"C2","RETAINED_FROM_C0","AaAKIzZERXPx87p8Mp2B","java:S125","4326","4356","This block of commented-out lines of code should be removed."
"C2","RETAINED_FROM_C0","AaAKIzZERXPx87p8Mp2C","java:S125","4336","4366","This block of commented-out lines of code should be removed."
"C2","RETAINED_FROM_C0","AaAKIzZERXPx87p8Mp2D","java:S125","4343","4373","This block of commented-out lines of code should be removed."
"C2","RETAINED_FROM_C0","AaAKIzZERXPx87p8Mp2F","java:S125","4376","4406","This block of commented-out lines of code should be removed."
"C2","RETAINED_FROM_C0","AaAKIzZERXPx87p8Mp2G","java:S125","4399","4429","This block of commented-out lines of code should be removed."
"C2","RETAINED_FROM_C0","AaAKIzZERXPx87p8Mp2H","java:S125","4490","4520","This block of commented-out lines of code should be removed."
"C2","RETAINED_FROM_C0","AaAKIzZERXPx87p8Mp2I","java:S125","4508","4538","This block of commented-out lines of code should be removed."
"C2","RETAINED_FROM_C0","AaAKIzZERXPx87p8Mp2J","java:S125","4752","4782","This block of commented-out lines of code should be removed."
"C2","RETAINED_FROM_C0","AaAKIzZERXPx87p8Mp2K","java:S125","4766","4796","This block of commented-out lines of code should be removed."
"C2","RETAINED_FROM_C0","AaAKIzZERXPx87p8Mp2L","java:S125","4775","4805","This block of commented-out lines of code should be removed."
"C2","RETAINED_FROM_C0","AaAKIzZERXPx87p8Mp2M","java:S125","4787","4817","This block of commented-out lines of code should be removed."
"C2","RETAINED_FROM_C0","AaAKIzZERXPx87p8Mp2N","java:S125","4863","4893","This block of commented-out lines of code should be removed."
"C2","RETAINED_FROM_C0","AaAKIzZERXPx87p8Mp2P","java:S125","4931","4961","This block of commented-out lines of code should be removed."
"C2","RETAINED_FROM_C0","AaAKIzZERXPx87p8Mp2Q","java:S125","4967","4997","This block of commented-out lines of code should be removed."
"C2","RETAINED_FROM_C0","AaAKIzZERXPx87p8Mp2R","java:S125","4978","5008","This block of commented-out lines of code should be removed."
"C2","RETAINED_FROM_C0","AaAKIzZERXPx87p8Mp2S","java:S125","4989","5019","This block of commented-out lines of code should be removed."
"C2","RETAINED_FROM_C0","AaAKIzZERXPx87p8Mp2T","java:S125","5010","5040","This block of commented-out lines of code should be removed."
"C2","RETAINED_FROM_C0","AaAKIzZERXPx87p8Mp2U","java:S125","5097","5127","This block of commented-out lines of code should be removed."
"C2","RETAINED_FROM_C0","AaAKynG1Kije7nS92BW_","java:S125","2816","2846","This block of commented-out lines of code should be removed."
"C2","RETAINED_FROM_C0","AaAKynG1Kije7nS92BW3","java:S125","2491","2521","This block of commented-out lines of code should be removed."
"C2","RETAINED_FROM_C0","AaALC7_-41jXsmVCsseH","java:S125","2909","2939","This block of commented-out lines of code should be removed."
"C2","RETAINED_FROM_C0","AaALC7_-41jXsmVCsseI","java:S125","2939","2969","This block of commented-out lines of code should be removed."
"C2","RETAINED_FROM_C0","AaAleRvSmNh_xRbasz6c","java:S125","3798","3828","This block of commented-out lines of code should be removed."
"C2","RETAINED_FROM_C0","AaAleRvSmNh_xRbasz6e","java:S125","4534","4564","This block of commented-out lines of code should be removed."
"C2","RETAINED_FROM_C0","AaAleRvSmNh_xRbasz6f","java:S125","4544","4574","This block of commented-out lines of code should be removed."
"C2","RETAINED_FROM_C0","AaAleRvSmNh_xRbasz6j","java:S125","4804","4834","This block of commented-out lines of code should be removed."
"C2","RETAINED_FROM_C0","AaAleRvSmNh_xRbasz6M","java:S125","1520","1550","This block of commented-out lines of code should be removed."
"C2","RETAINED_FROM_C0","AaAleRvSmNh_xRbasz6N","java:S125","1582","1612","This block of commented-out lines of code should be removed."
"C2","RETAINED_FROM_C0","AaAleRvSmNh_xRbasz6T","java:S125","2459","2489","This block of commented-out lines of code should be removed."
"C2","RETAINED_FROM_C0","AaALJJ9gKije7nS94ke4","java:S125","1206","1236","This block of commented-out lines of code should be removed."
"C2","RETAINED_FROM_C0","AaALJJ9gKije7nS94ke5","java:S125","834","863","This block of commented-out lines of code should be removed."
"C2","RETAINED_FROM_C0","AaALJJ9gKije7nS94ke6","java:S125","1951","1981","This block of commented-out lines of code should be removed."
"C2","RETAINED_FROM_C0","AaALJJ9gKije7nS94ke8","java:S125","4532","4562","This block of commented-out lines of code should be removed."
"C2","RETAINED_FROM_C0","AaALJJ9gKije7nS94ke9","java:S125","4608","4638","This block of commented-out lines of code should be removed."
"C2","RETAINED_FROM_C0","AaALMFD81r5TurFMiUn-","java:S125","3745","3775","This block of commented-out lines of code should be removed."
"C2","RETAINED_FROM_C0","AaALOanhQulb_Xfn-xT0","java:S125","4391","4421","This block of commented-out lines of code should be removed."
"C2","RETAINED_FROM_C0","AaALOanhQulb_Xfn-xT1","java:S125","2806","2836","This block of commented-out lines of code should be removed."
"C2","RETAINED_FROM_C0","AaALOanhQulb_Xfn-xT5","java:S125","3871","3901","This block of commented-out lines of code should be removed."
"C2","RETAINED_FROM_C0","AaALOanhQulb_Xfn-xT6","java:S125","3877","3907","This block of commented-out lines of code should be removed."
"C2","RETAINED_FROM_C0","AaALPZMXTV2yRQvmS5BZ","java:S125","1611","1641","This block of commented-out lines of code should be removed."
"C2","RETAINED_FROM_C0","AaAKynG1Kije7nS92BW5","java:S128","2617","2647","End this switch case with an unconditional break, return or throw statement."
"C2","RETAINED_FROM_C0","AaAKynG1Kije7nS92BW6","java:S128","2599","2629","End this switch case with an unconditional break, return or throw statement."
"C2","RETAINED_FROM_C0","AaAKynG1Kije7nS92BW7","java:S128","2581","2611","End this switch case with an unconditional break, return or throw statement."
"C2","RETAINED_FROM_C0","AaAKynG1Kije7nS92BW8","java:S128","2527","2557","End this switch case with an unconditional break, return or throw statement."
"C2","RETAINED_FROM_C0","AaAKynG1Kije7nS92BW9","java:S128","2509","2539","End this switch case with an unconditional break, return or throw statement."
"C2","RETAINED_FROM_C0","AaALC7_-41jXsmVCsseF","java:S128","2563","2593","End this switch case with an unconditional break, return or throw statement."
"C2","RETAINED_FROM_C0","AaALC7_-41jXsmVCsseG","java:S128","2545","2575","End this switch case with an unconditional break, return or throw statement."
"C2","RETAINED_FROM_C0","AaAKIzZERXPx87p8Mp1V","java:S131","2031","2061","Add a default case to this switch."
"C2","RETAINED_FROM_C0","AaAKIzZERXPx87p8Mp2O","java:S131","4923","4953","Add a default case to this switch."
"C2","RETAINED_FROM_C0","AaAleRvSmNh_xRbasz5b","java:S135","708","737","Reduce the total number of break and continue statements in this loop to use at most one."
"C2","RETAINED_FROM_C0","AaAleRvSmNh_xRbasz5c","java:S135","5747","5777","Reduce the total number of break and continue statements in this loop to use at most one."
"C2","RETAINED_FROM_C0","AaAleRvSmNh_xRbasz5S","java:S1488","5334","5364","Immediately return this expression instead of assigning it to the temporary variable ""getter""."
"C2","RETAINED_FROM_C0","AaAleRvSmNh_xRbasz5T","java:S1488","5391","5421","Immediately return this expression instead of assigning it to the temporary variable ""setter""."
"C2","RETAINED_FROM_C0","AaAleRvSmNh_xRbasz6d","java:S1940","4529","4559","Use the opposite operator (""<="") instead."
"C2","RETAINED_FROM_C0","AaAKIzZERXPx87p8Mp1i","java:S2447","2987","3017","Null is returned but a ""Boolean"" is expected."
"C2","RETAINED_FROM_C0","AaAKIzZERXPx87p8Mp1j","java:S2447","3005","3035","Null is returned but a ""Boolean"" is expected."
"C2","RETAINED_FROM_C0","AaAKIzZERXPx87p8Mp00","java:S3776","695","722","Refactor this method to reduce its Cognitive Complexity from 32 to the 15 allowed."
"C2","RETAINED_FROM_C0","AaAKIzZERXPx87p8Mp2W","java:S3776","5540","5570","Refactor this method to reduce its Cognitive Complexity from 31 to the 15 allowed."
"C2","RETAINED_FROM_C0","AaAleRvSmNh_xRbasz6b","java:S3776","3765","3795","Refactor this method to reduce its Cognitive Complexity from 32 to the 15 allowed."
"C2","RETAINED_FROM_C0","AaAleRvSmNh_xRbasz6B","java:S3776","610","637","Refactor this method to reduce its Cognitive Complexity from 23 to the 15 allowed."
"C2","RETAINED_FROM_C0","AaAleRvSmNh_xRbasz6i","java:S3776","4671","4701","Refactor this method to reduce its Cognitive Complexity from 17 to the 15 allowed."
"C2","RETAINED_FROM_C0","AaAleRvSmNh_xRbasz6J","java:S3776","904","933","Refactor this method to reduce its Cognitive Complexity from 25 to the 15 allowed."
"C2","RETAINED_FROM_C0","AaAleRvSmNh_xRbasz6L","java:S3776","1072","1102","Refactor this method to reduce its Cognitive Complexity from 28 to the 15 allowed."
"C2","RETAINED_FROM_C0","AaAleRvSmNh_xRbasz6O","java:S3776","2170","2200","Refactor this method to reduce its Cognitive Complexity from 99 to the 15 allowed."
"C2","RETAINED_FROM_C0","AaAleRvSmNh_xRbasz6o","java:S3776","5736","5766","Refactor this method to reduce its Cognitive Complexity from 30 to the 15 allowed."
"C2","RETAINED_FROM_C0","AaAleRvSmNh_xRbasz6R","java:S3776","2458","2488","Refactor this method to reduce its Cognitive Complexity from 37 to the 15 allowed."
"C2","RETAINED_FROM_C0","AaAleRvSmNh_xRbasz6U","java:S3776","2740","2770","Refactor this method to reduce its Cognitive Complexity from 107 to the 15 allowed."
"C2","RETAINED_FROM_C0","AaAleRvSmNh_xRbasz6Z","java:S3776","3073","3103","Refactor this method to reduce its Cognitive Complexity from 31 to the 15 allowed."
"C2","RETAINED_FROM_C0","AaALJ3Ze1r5TurFMiGnG","java:S3776","3500","3530","Refactor this method to reduce its Cognitive Complexity from 16 to the 15 allowed."
"C2","RETAINED_FROM_C0","AaALJJ9gKije7nS94ke7","java:S3776","4068","4098","Refactor this method to reduce its Cognitive Complexity from 19 to the 15 allowed."
"C2","RETAINED_FROM_C0","AaAKIzZERXPx87p8Mp1l","java:S3878","2994","3024","Remove this array creation and simply pass the elements."
"C2","RETAINED_FROM_C0","AaAKIzZERXPx87p8Mp1o","java:S3878","3000","3030","Remove this array creation and simply pass the elements."
"C2","RETAINED_FROM_C0","AaALC7_-41jXsmVCsseJ","java:S3878","3047","3077","Remove this array creation and simply pass the elements."
"C2","RETAINED_FROM_C0","AaAleRvSmNh_xRbasz6C","java:S6213","652","679","Rename this method to not match a restricted identifier."
"C2","RETAINED_FROM_C0","AaAleRvSmNh_xRbasz5-","java:S6355","343","370","Add 'since' and/or 'forRemoval' arguments to the @Deprecated annotation."
"C2","RETAINED_FROM_C0","AaAleRvSmNh_xRbasz59","java:S6355","267","294","Add 'since' and/or 'forRemoval' arguments to the @Deprecated annotation."
"C3","NEW_VS_C0","AaBJLXcfieAPpelvt7EW","java:S106","","5494","Replace this use of System.err by a logger."
"C3","NEW_VS_C0","AaBJIMh7vHQDC_H9Co8I","java:S1066","","4095","Merge this if statement with the enclosing one."
"C3","NEW_VS_C0","AaBJJyuWYKx8-rumvjxN","java:S108","","3001","Remove this block of code, fill it in, or add a comment explaining why it is empty."
"C3","NEW_VS_C0","AaBJJyuWYKx8-rumvjxO","java:S108","","3007","Remove this block of code, fill it in, or add a comment explaining why it is empty."
"C3","NEW_VS_C0","AaBJJyuWYKx8-rumvjxS","java:S1155","","5729","Use isEmpty() to check whether the collection is empty or not."
"C3","NEW_VS_C0","AaBJLXceieAPpelvt7D-","java:S1192","","1247","Define a constant instead of duplicating this literal ""<init>"" 22 times."
"C3","NEW_VS_C0","AaBJLXceieAPpelvt7D_","java:S1192","","3573","Define a constant instead of duplicating this literal ""readObject"" 6 times."
"C3","NEW_VS_C0","AaBJLXceieAPpelvt7D9","java:S1192","","3345","Define a constant instead of duplicating this literal ""FieldFlags"" 3 times."
"C3","NEW_VS_C0","AaBJLXcfieAPpelvt7EA","java:S1192","","1453","Define a constant instead of duplicating this literal ""CopyKeyFieldsFromObjectId"" 5 times."
"C3","NEW_VS_C0","AaBJLXcfieAPpelvt7EB","java:S1192","","4813","Define a constant instead of duplicating this literal ""readExternalFields"" 3 times."
"C3","NEW_VS_C0","AaBJLXcfieAPpelvt7EC","java:S1192","","5044","Define a constant instead of duplicating this literal ""writeExternalFields"" 3 times."
"C3","NEW_VS_C0","AaBJLXcfieAPpelvt7ED","java:S1192","","341","Define a constant instead of duplicating this literal ""$pcsubclass"" 3 times."
"C3","NEW_VS_C0","AaBJLXcfieAPpelvt7EE","java:S1192","","4775","Define a constant instead of duplicating this literal ""ReadUnmanaged"" 3 times."
"C3","NEW_VS_C0","AaBJLXcfieAPpelvt7EF","java:S1192","","3341","Define a constant instead of duplicating this literal ""FieldNames"" 3 times."
"C3","NEW_VS_C0","AaBJLXcfieAPpelvt7EG","java:S1192","","3110","Define a constant instead of duplicating this literal ""GetIDOwningClass"" 3 times."
"C3","NEW_VS_C0","AaBJLXcfieAPpelvt7EH","java:S1192","","4713","Define a constant instead of duplicating this literal ""readExternal"" 3 times."
"C3","NEW_VS_C0","AaBJLXcfieAPpelvt7EI","java:S1192","","4045","Define a constant instead of duplicating this literal ""<clinit>"" 3 times."
"C3","NEW_VS_C0","AaBJLXcfieAPpelvt7EJ","java:S1192","","2220","Define a constant instead of duplicating this literal ""getId"" 21 times."
"C3","NEW_VS_C0","AaBJLXcfieAPpelvt7EK","java:S1192","","2149","Define a constant instead of duplicating this literal ""NewObjectIdInstance"" 4 times."
"C3","NEW_VS_C0","AaBJLXcfieAPpelvt7EL","java:S1192","","4079","Define a constant instead of duplicating this literal ""clone"" 4 times."
"C3","NEW_VS_C0","AaBJLXcfieAPpelvt7EM","java:S1192","","3684","Define a constant instead of duplicating this literal ""SetDetachedState"" 4 times."
"C3","NEW_VS_C0","AaBJLXcfieAPpelvt7EN","java:S1192","","2364","Define a constant instead of duplicating this literal ""findField"" 4 times."
"C3","NEW_VS_C0","AaBJLXcfieAPpelvt7EO","java:S1192","","3343","Define a constant instead of duplicating this literal ""FieldTypes"" 3 times."
"C3","NEW_VS_C0","AaBJLXcfieAPpelvt7EP","java:S1192","","1468","Define a constant instead of duplicating this literal ""GetManagedFieldCount"" 3 times."
"C3","NEW_VS_C0","AaBJLXcfieAPpelvt7EQ","java:S1192","","1346","Define a constant instead of duplicating this literal ""ClearFields"" 3 times."
"C3","NEW_VS_C0","AaBJLXcfieAPpelvt7ER","java:S1192","","2109","Define a constant instead of duplicating this literal ""CopyKeyFieldsToObjectId"" 4 times."
"C3","NEW_VS_C0","AaBJLXcfieAPpelvt7ES","java:S1192","","4987","Define a constant instead of duplicating this literal ""WriteUnmanaged"" 3 times."
"C3","NEW_VS_C0","AaBJLXcfieAPpelvt7ET","java:S1192","","4717","Define a constant instead of duplicating this literal ""writeExternal"" 3 times."
"C3","NEW_VS_C0","AaBJLXcfieAPpelvt7EU","java:S1192","","3555","Define a constant instead of duplicating this literal ""writeObject"" 6 times."
"C3","NEW_VS_C0","AaBJLXcfieAPpelvt7EV","java:S1192","","3817","Define a constant instead of duplicating this literal ""GetDetachedState"" 5 times."
"C3","NEW_VS_C0","AaBJJyuWYKx8-rumvjxK","java:S1845","","4528","Rename method ""getfield"" to prevent any misunderstanding/clash with method ""getField""."
"C3","NEW_VS_C0","AaBJJyuWYKx8-rumvjxP","java:S1905","","4651","Remove this unnecessary cast to ""String""."
"C3","NEW_VS_C0","AaBJJyuWYKx8-rumvjxQ","java:S1905","","4665","Remove this unnecessary cast to ""String""."
"C3","NEW_VS_C0","AaBJJyuWYKx8-rumvjxM","java:S6213","","664","Rename this method to not match a restricted identifier."
"C3","RESOLVED_FROM_C0","AaAKIzZERXPx87p8Mp2V","java:S106","5490","","Replace this use of System.err by a logger."
"C3","RESOLVED_FROM_C0","AaAleRvSmNh_xRbasz5R","java:S1066","4091","","Merge this if statement with the enclosing one."
"C3","RESOLVED_FROM_C0","AaAleRvSmNh_xRbasz58","java:S108","186","","Remove this block of code, fill it in, or add a comment explaining why it is empty."
"C3","RESOLVED_FROM_C0","AaAleRvSmNh_xRbasz6W","java:S108","2997","","Remove this block of code, fill it in, or add a comment explaining why it is empty."
"C3","RESOLVED_FROM_C0","AaAleRvSmNh_xRbasz6Y","java:S108","3003","","Remove this block of code, fill it in, or add a comment explaining why it is empty."
"C3","RESOLVED_FROM_C0","AaAleRvSmNh_xRbasz5_","java:S1133","344","","Do not forget to remove this deprecated code someday."
"C3","RESOLVED_FROM_C0","AaAleRvSmNh_xRbasz6G","java:S1135","749","","Complete the task associated to this TODO comment."
"C3","RESOLVED_FROM_C0","AaAleRvSmNh_xRbasz6I","java:S1155","818","","Use isEmpty() to check whether the collection is empty or not."
"C3","RESOLVED_FROM_C0","AaAleRvSmNh_xRbasz6n","java:S1155","5725","","Use isEmpty() to check whether the collection is empty or not."
"C3","RESOLVED_FROM_C0","AaAKIzZERXPx87p8Mp0j","java:S116","198","","Rename this field ""_repos"" to match the regular expression '^[a-z][a-zA-Z0-9]*$'."
"C3","RESOLVED_FROM_C0","AaAKIzZERXPx87p8Mp0k","java:S116","199","","Rename this field ""_meta"" to match the regular expression '^[a-z][a-zA-Z0-9]*$'."
"C3","RESOLVED_FROM_C0","AaAKIzZERXPx87p8Mp0l","java:S116","200","","Rename this field ""_log"" to match the regular expression '^[a-z][a-zA-Z0-9]*$'."
"C3","RESOLVED_FROM_C0","AaAKIzZERXPx87p8Mp0n","java:S116","219","","Rename this field ""_defCons"" to match the regular expression '^[a-z][a-zA-Z0-9]*$'."
"C3","RESOLVED_FROM_C0","AaAKIzZERXPx87p8Mp0o","java:S116","222","","Rename this field ""_fail"" to match the regular expression '^[a-z][a-zA-Z0-9]*$'."
"C3","RESOLVED_FROM_C0","AaAKIzZERXPx87p8Mp0q","java:S116","224","","Rename this field ""_dir"" to match the regular expression '^[a-z][a-zA-Z0-9]*$'."
"C3","RESOLVED_FROM_C0","AaAKIzZERXPx87p8Mp0r","java:S116","225","","Rename this field ""_writer"" to match the regular expression '^[a-z][a-zA-Z0-9]*$'."
"C3","RESOLVED_FROM_C0","AaAKIzZERXPx87p8Mp0t","java:S116","223","","Rename this field ""_violations"" to match the regular expression '^[a-z][a-zA-Z0-9]*$'."
"C3","RESOLVED_FROM_C0","AaAleRvSmNh_xRbasz52","java:S116","226","","Rename this field ""_backingFields"" to match the regular expression '^[a-z][a-zA-Z0-9]*$'."
"C3","RESOLVED_FROM_C0","AaAleRvSmNh_xRbasz53","java:S116","227","","Rename this field ""_attrsToFields"" to match the regular expression '^[a-z][a-zA-Z0-9]*$'."
"C3","RESOLVED_FROM_C0","AaAleRvSmNh_xRbasz54","java:S116","228","","Rename this field ""_fieldsToAttrs"" to match the regular expression '^[a-z][a-zA-Z0-9]*$'."
"C3","RESOLVED_FROM_C0","AaAleRvSmNh_xRbasz55","java:S116","233","","Rename this field ""_optimizeIdCopy"" to match the regular expression '^[a-z][a-zA-Z0-9]*$'."
"C3","RESOLVED_FROM_C0","AaALJJ9gKije7nS94ker","java:S116","220","","Rename this field ""_redefine"" to match the regular expression '^[a-z][a-zA-Z0-9]*$'."
"C3","RESOLVED_FROM_C0","AaALJJ9gKije7nS94kes","java:S116","221","","Rename this field ""_subclass"" to match the regular expression '^[a-z][a-zA-Z0-9]*$'."
"C3","RESOLVED_FROM_C0","AaALJJ9gKije7nS94kew","java:S116","229","","Rename this field ""_isAlreadyRedefined"" to match the regular expression '^[a-z][a-zA-Z0-9]*$'."
"C3","RESOLVED_FROM_C0","AaALJJ9gKije7nS94kex","java:S116","230","","Rename this field ""_isAlreadySubclassed"" to match the regular expression '^[a-z][a-zA-Z0-9]*$'."
"C3","RESOLVED_FROM_C0","AaALJJ9gKije7nS94key","java:S116","231","","Rename this field ""_bcsConfigured"" to match the regular expression '^[a-z][a-zA-Z0-9]*$'."
"C3","RESOLVED_FROM_C0","AaALOanhQulb_Xfn-xTw","java:S116","202","","Rename this field ""_addVersionInitFlag"" to match the regular expression '^[a-z][a-zA-Z0-9]*$'."
"C3","RESOLVED_FROM_C0","AaAKIzZERXPx87p8Mp0O","java:S1192","1243","","Define a constant instead of duplicating this literal ""<init>"" 22 times."
"C3","RESOLVED_FROM_C0","AaAleRvSmNh_xRbasz50","java:S1192","3551","","Define a constant instead of duplicating this literal ""writeObject"" 6 times."
"C3","RESOLVED_FROM_C0","AaAleRvSmNh_xRbasz51","java:S1192","3813","","Define a constant instead of duplicating this literal ""GetDetachedState"" 5 times."
"C3","RESOLVED_FROM_C0","AaAleRvSmNh_xRbasz5d","java:S1192","3341","","Define a constant instead of duplicating this literal ""FieldFlags"" 3 times."
"C3","RESOLVED_FROM_C0","AaAleRvSmNh_xRbasz5e","java:S1192","3569","","Define a constant instead of duplicating this literal ""readObject"" 6 times."
"C3","RESOLVED_FROM_C0","AaAleRvSmNh_xRbasz5f","java:S1192","1449","","Define a constant instead of duplicating this literal ""CopyKeyFieldsFromObjectId"" 5 times."
"C3","RESOLVED_FROM_C0","AaAleRvSmNh_xRbasz5g","java:S1192","4809","","Define a constant instead of duplicating this literal ""readExternalFields"" 3 times."
"C3","RESOLVED_FROM_C0","AaAleRvSmNh_xRbasz5h","java:S1192","5040","","Define a constant instead of duplicating this literal ""writeExternalFields"" 3 times."
"C3","RESOLVED_FROM_C0","AaAleRvSmNh_xRbasz5i","java:S1192","340","","Define a constant instead of duplicating this literal ""$pcsubclass"" 3 times."
"C3","RESOLVED_FROM_C0","AaAleRvSmNh_xRbasz5j","java:S1192","4771","","Define a constant instead of duplicating this literal ""ReadUnmanaged"" 3 times."
"C3","RESOLVED_FROM_C0","AaAleRvSmNh_xRbasz5k","java:S1192","3337","","Define a constant instead of duplicating this literal ""FieldNames"" 3 times."
"C3","RESOLVED_FROM_C0","AaAleRvSmNh_xRbasz5l","java:S1192","3106","","Define a constant instead of duplicating this literal ""GetIDOwningClass"" 3 times."
"C3","RESOLVED_FROM_C0","AaAleRvSmNh_xRbasz5m","java:S1192","4709","","Define a constant instead of duplicating this literal ""readExternal"" 3 times."
"C3","RESOLVED_FROM_C0","AaAleRvSmNh_xRbasz5n","java:S1192","4041","","Define a constant instead of duplicating this literal ""<clinit>"" 3 times."
"C3","RESOLVED_FROM_C0","AaAleRvSmNh_xRbasz5o","java:S1192","2216","","Define a constant instead of duplicating this literal ""getId"" 21 times."
"C3","RESOLVED_FROM_C0","AaAleRvSmNh_xRbasz5p","java:S1192","2145","","Define a constant instead of duplicating this literal ""NewObjectIdInstance"" 4 times."
"C3","RESOLVED_FROM_C0","AaAleRvSmNh_xRbasz5q","java:S1192","4075","","Define a constant instead of duplicating this literal ""clone"" 4 times."
"C3","RESOLVED_FROM_C0","AaAleRvSmNh_xRbasz5s","java:S1192","3680","","Define a constant instead of duplicating this literal ""SetDetachedState"" 4 times."
"C3","RESOLVED_FROM_C0","AaAleRvSmNh_xRbasz5t","java:S1192","2360","","Define a constant instead of duplicating this literal ""findField"" 4 times."
"C3","RESOLVED_FROM_C0","AaAleRvSmNh_xRbasz5u","java:S1192","3339","","Define a constant instead of duplicating this literal ""FieldTypes"" 3 times."
"C3","RESOLVED_FROM_C0","AaAleRvSmNh_xRbasz5v","java:S1192","1464","","Define a constant instead of duplicating this literal ""GetManagedFieldCount"" 3 times."
"C3","RESOLVED_FROM_C0","AaAleRvSmNh_xRbasz5w","java:S1192","1342","","Define a constant instead of duplicating this literal ""ClearFields"" 3 times."
"C3","RESOLVED_FROM_C0","AaAleRvSmNh_xRbasz5x","java:S1192","2105","","Define a constant instead of duplicating this literal ""CopyKeyFieldsToObjectId"" 4 times."
"C3","RESOLVED_FROM_C0","AaAleRvSmNh_xRbasz5y","java:S1192","4983","","Define a constant instead of duplicating this literal ""WriteUnmanaged"" 3 times."
"C3","RESOLVED_FROM_C0","AaAleRvSmNh_xRbasz5z","java:S1192","4713","","Define a constant instead of duplicating this literal ""writeExternal"" 3 times."
"C3","RESOLVED_FROM_C0","AaAleRvSmNh_xRbasz6E","java:S1659","705","","Declare ""setter"" on a separate line."
"C3","RESOLVED_FROM_C0","AaAleRvSmNh_xRbasz6F","java:S1659","706","","Declare ""assigned"" on a separate line."
"C3","RESOLVED_FROM_C0","AaAleRvSmNh_xRbasz6K","java:S1659","919","","Declare ""earlierInsn"" on a separate line."
"C3","RESOLVED_FROM_C0","AaAleRvSmNh_xRbasz56","java:S1845","4524","","Rename method ""getfield"" to prevent any misunderstanding/clash with method ""getField""."
"C3","RESOLVED_FROM_C0","AaAleRvSmNh_xRbasz6g","java:S1905","4647","","Remove this unnecessary cast to ""String""."
"C3","RESOLVED_FROM_C0","AaAleRvSmNh_xRbasz6h","java:S1905","4661","","Remove this unnecessary cast to ""String""."
"C3","RESOLVED_FROM_C0","AaAleRvSmNh_xRbasz6H","java:S3878","763","","Remove this array creation and simply pass the elements."
"C3","RESOLVED_FROM_C0","AaAleRvSmNh_xRbasz6D","java:S6213","663","","Rename this method to not match a restricted identifier."
"C3","RESOLVED_FROM_C0","AaAleRvSmNh_xRbasz5-","java:S6355","343","","Add 'since' and/or 'forRemoval' arguments to the @Deprecated annotation."
"C3","RESOLVED_FROM_C0","AaAleRvSmNh_xRbasz59","java:S6355","267","","Add 'since' and/or 'forRemoval' arguments to the @Deprecated annotation."
"C3","RETAINED_FROM_C0","AaAleRvSmNh_xRbasz5a","java:S112","4917","4921","Replace generic exceptions with specific library exceptions or a custom exception."
"C3","RETAINED_FROM_C0","AaAleRvSmNh_xRbasz6A","java:S1123","344","345","Add the missing @deprecated Javadoc tag."
"C3","RETAINED_FROM_C0","AaAleRvSmNh_xRbasz6k","java:S1168","5710","5714","Return an empty collection instead of null."
"C3","RETAINED_FROM_C0","AaAleRvSmNh_xRbasz6l","java:S1168","5715","5719","Return an empty collection instead of null."
"C3","RETAINED_FROM_C0","AaAleRvSmNh_xRbasz6m","java:S1168","5722","5726","Return an empty collection instead of null."
"C3","RETAINED_FROM_C0","AaAleRvSmNh_xRbasz6p","java:S1168","5743","5747","Return an empty array instead of null."
"C3","RETAINED_FROM_C0","AaAleRvSmNh_xRbasz6q","java:S1168","5802","5806","Return an empty array instead of null."
"C3","RETAINED_FROM_C0","AaAleRvSmNh_xRbasz6S","java:S1172","2458","2462","Remove this unused method parameter ""classNode""."
"C3","RETAINED_FROM_C0","AaAleRvSmNh_xRbasz57","java:S1181","168","168","Catch Exception instead of Throwable."
"C3","RETAINED_FROM_C0","AaAleRvSmNh_xRbasz6a","java:S1181","3528","3532","Catch Exception instead of Throwable."
"C3","RETAINED_FROM_C0","AaAleRvSmNh_xRbasz6V","java:S1181","2997","3001","Catch Exception instead of Throwable."
"C3","RETAINED_FROM_C0","AaAleRvSmNh_xRbasz6X","java:S1181","3003","3007","Catch Exception instead of Throwable."
"C3","RETAINED_FROM_C0","AaAleRvSmNh_xRbasz5r","java:S1192","3770","3774","Define a constant instead of duplicating this literal ""FALSE"" 6 times."
"C3","RETAINED_FROM_C0","AaAleRvSmNh_xRbasz5U","java:S1199","2102","2106","Extract this nested code block into a method."
"C3","RETAINED_FROM_C0","AaAleRvSmNh_xRbasz5V","java:S1199","2112","2116","Extract this nested code block into a method."
"C3","RETAINED_FROM_C0","AaAleRvSmNh_xRbasz5W","java:S1199","2122","2126","Extract this nested code block into a method."
"C3","RETAINED_FROM_C0","AaAleRvSmNh_xRbasz5X","java:S1199","2132","2136","Extract this nested code block into a method."
"C3","RETAINED_FROM_C0","AaAleRvSmNh_xRbasz5Y","java:S1199","2142","2146","Extract this nested code block into a method."
"C3","RETAINED_FROM_C0","AaAleRvSmNh_xRbasz5Z","java:S1199","2153","2157","Extract this nested code block into a method."
"C3","RETAINED_FROM_C0","AaAKIzZERXPx87p8Mp0_","java:S125","1423","1427","This block of commented-out lines of code should be removed."
"C3","RETAINED_FROM_C0","AaAKIzZERXPx87p8Mp10","java:S125","3715","3719","This block of commented-out lines of code should be removed."
"C3","RETAINED_FROM_C0","AaAKIzZERXPx87p8Mp12","java:S125","3775","3779","This block of commented-out lines of code should be removed."
"C3","RETAINED_FROM_C0","AaAKIzZERXPx87p8Mp13","java:S125","3802","3806","This block of commented-out lines of code should be removed."
"C3","RETAINED_FROM_C0","AaAKIzZERXPx87p8Mp14","java:S125","3836","3840","This block of commented-out lines of code should be removed."
"C3","RETAINED_FROM_C0","AaAKIzZERXPx87p8Mp15","java:S125","3858","3862","This block of commented-out lines of code should be removed."
"C3","RETAINED_FROM_C0","AaAKIzZERXPx87p8Mp16","java:S125","3976","3980","This block of commented-out lines of code should be removed."
"C3","RETAINED_FROM_C0","AaAKIzZERXPx87p8Mp17","java:S125","3901","3905","This block of commented-out lines of code should be removed."
"C3","RETAINED_FROM_C0","AaAKIzZERXPx87p8Mp18","java:S125","4107","4111","This block of commented-out lines of code should be removed."
"C3","RETAINED_FROM_C0","AaAKIzZERXPx87p8Mp19","java:S125","4128","4132","This block of commented-out lines of code should be removed."
"C3","RETAINED_FROM_C0","AaAKIzZERXPx87p8Mp1A","java:S125","1438","1442","This block of commented-out lines of code should be removed."
"C3","RETAINED_FROM_C0","AaAKIzZERXPx87p8Mp1a","java:S125","2088","2092","This block of commented-out lines of code should be removed."
"C3","RETAINED_FROM_C0","AaAKIzZERXPx87p8Mp1c","java:S125","2212","2216","This block of commented-out lines of code should be removed."
"C3","RETAINED_FROM_C0","AaAKIzZERXPx87p8Mp1d","java:S125","2228","2232","This block of commented-out lines of code should be removed."
"C3","RETAINED_FROM_C0","AaAKIzZERXPx87p8Mp1D","java:S125","1513","1517","This block of commented-out lines of code should be removed."
"C3","RETAINED_FROM_C0","AaAKIzZERXPx87p8Mp1G","java:S125","1575","1579","This block of commented-out lines of code should be removed."
"C3","RETAINED_FROM_C0","AaAKIzZERXPx87p8Mp1g","java:S125","2776","2780","This block of commented-out lines of code should be removed."
"C3","RETAINED_FROM_C0","AaAKIzZERXPx87p8Mp1K","java:S125","1703","1707","This block of commented-out lines of code should be removed."
"C3","RETAINED_FROM_C0","AaAKIzZERXPx87p8Mp1L","java:S125","1799","1803","This block of commented-out lines of code should be removed."
"C3","RETAINED_FROM_C0","AaAKIzZERXPx87p8Mp1M","java:S125","1808","1812","This block of commented-out lines of code should be removed."
"C3","RETAINED_FROM_C0","AaAKIzZERXPx87p8Mp1N","java:S125","1818","1822","This block of commented-out lines of code should be removed."
"C3","RETAINED_FROM_C0","AaAKIzZERXPx87p8Mp1P","java:S125","1929","1933","This block of commented-out lines of code should be removed."
"C3","RETAINED_FROM_C0","AaAKIzZERXPx87p8Mp1Q","java:S125","1960","1964","This block of commented-out lines of code should be removed."
"C3","RETAINED_FROM_C0","AaAKIzZERXPx87p8Mp1R","java:S125","1985","1989","This block of commented-out lines of code should be removed."
"C3","RETAINED_FROM_C0","AaAKIzZERXPx87p8Mp1r","java:S125","3090","3094","This block of commented-out lines of code should be removed."
"C3","RETAINED_FROM_C0","AaAKIzZERXPx87p8Mp1s","java:S125","3377","3381","This block of commented-out lines of code should be removed."
"C3","RETAINED_FROM_C0","AaAKIzZERXPx87p8Mp1T","java:S125","1996","2000","This block of commented-out lines of code should be removed."
"C3","RETAINED_FROM_C0","AaAKIzZERXPx87p8Mp1t","java:S125","3386","3390","This block of commented-out lines of code should be removed."
"C3","RETAINED_FROM_C0","AaAKIzZERXPx87p8Mp1u","java:S125","3397","3401","This block of commented-out lines of code should be removed."
"C3","RETAINED_FROM_C0","AaAKIzZERXPx87p8Mp1U","java:S125","2014","2018","This block of commented-out lines of code should be removed."
"C3","RETAINED_FROM_C0","AaAKIzZERXPx87p8Mp1v","java:S125","3408","3412","This block of commented-out lines of code should be removed."
"C3","RETAINED_FROM_C0","AaAKIzZERXPx87p8Mp1W","java:S125","2066","2070","This block of commented-out lines of code should be removed."
"C3","RETAINED_FROM_C0","AaAKIzZERXPx87p8Mp1w","java:S125","3421","3425","This block of commented-out lines of code should be removed."
"C3","RETAINED_FROM_C0","AaAKIzZERXPx87p8Mp1x","java:S125","3647","3651","This block of commented-out lines of code should be removed."
"C3","RETAINED_FROM_C0","AaAKIzZERXPx87p8Mp1y","java:S125","3657","3661","This block of commented-out lines of code should be removed."
"C3","RETAINED_FROM_C0","AaAKIzZERXPx87p8Mp2B","java:S125","4326","4330","This block of commented-out lines of code should be removed."
"C3","RETAINED_FROM_C0","AaAKIzZERXPx87p8Mp2C","java:S125","4336","4340","This block of commented-out lines of code should be removed."
"C3","RETAINED_FROM_C0","AaAKIzZERXPx87p8Mp2D","java:S125","4343","4347","This block of commented-out lines of code should be removed."
"C3","RETAINED_FROM_C0","AaAKIzZERXPx87p8Mp2F","java:S125","4376","4380","This block of commented-out lines of code should be removed."
"C3","RETAINED_FROM_C0","AaAKIzZERXPx87p8Mp2G","java:S125","4399","4403","This block of commented-out lines of code should be removed."
"C3","RETAINED_FROM_C0","AaAKIzZERXPx87p8Mp2H","java:S125","4490","4494","This block of commented-out lines of code should be removed."
"C3","RETAINED_FROM_C0","AaAKIzZERXPx87p8Mp2I","java:S125","4508","4512","This block of commented-out lines of code should be removed."
"C3","RETAINED_FROM_C0","AaAKIzZERXPx87p8Mp2J","java:S125","4752","4756","This block of commented-out lines of code should be removed."
"C3","RETAINED_FROM_C0","AaAKIzZERXPx87p8Mp2K","java:S125","4766","4770","This block of commented-out lines of code should be removed."
"C3","RETAINED_FROM_C0","AaAKIzZERXPx87p8Mp2L","java:S125","4775","4779","This block of commented-out lines of code should be removed."
"C3","RETAINED_FROM_C0","AaAKIzZERXPx87p8Mp2M","java:S125","4787","4791","This block of commented-out lines of code should be removed."
"C3","RETAINED_FROM_C0","AaAKIzZERXPx87p8Mp2N","java:S125","4863","4867","This block of commented-out lines of code should be removed."
"C3","RETAINED_FROM_C0","AaAKIzZERXPx87p8Mp2P","java:S125","4931","4935","This block of commented-out lines of code should be removed."
"C3","RETAINED_FROM_C0","AaAKIzZERXPx87p8Mp2Q","java:S125","4967","4971","This block of commented-out lines of code should be removed."
"C3","RETAINED_FROM_C0","AaAKIzZERXPx87p8Mp2R","java:S125","4978","4982","This block of commented-out lines of code should be removed."
"C3","RETAINED_FROM_C0","AaAKIzZERXPx87p8Mp2S","java:S125","4989","4993","This block of commented-out lines of code should be removed."
"C3","RETAINED_FROM_C0","AaAKIzZERXPx87p8Mp2T","java:S125","5010","5014","This block of commented-out lines of code should be removed."
"C3","RETAINED_FROM_C0","AaAKIzZERXPx87p8Mp2U","java:S125","5097","5101","This block of commented-out lines of code should be removed."
"C3","RETAINED_FROM_C0","AaAKynG1Kije7nS92BW_","java:S125","2816","2820","This block of commented-out lines of code should be removed."
"C3","RETAINED_FROM_C0","AaAKynG1Kije7nS92BW3","java:S125","2491","2495","This block of commented-out lines of code should be removed."
"C3","RETAINED_FROM_C0","AaALC7_-41jXsmVCsseH","java:S125","2909","2913","This block of commented-out lines of code should be removed."
"C3","RETAINED_FROM_C0","AaALC7_-41jXsmVCsseI","java:S125","2939","2943","This block of commented-out lines of code should be removed."
"C3","RETAINED_FROM_C0","AaAleRvSmNh_xRbasz6c","java:S125","3798","3802","This block of commented-out lines of code should be removed."
"C3","RETAINED_FROM_C0","AaAleRvSmNh_xRbasz6e","java:S125","4534","4538","This block of commented-out lines of code should be removed."
"C3","RETAINED_FROM_C0","AaAleRvSmNh_xRbasz6f","java:S125","4544","4548","This block of commented-out lines of code should be removed."
"C3","RETAINED_FROM_C0","AaAleRvSmNh_xRbasz6j","java:S125","4804","4808","This block of commented-out lines of code should be removed."
"C3","RETAINED_FROM_C0","AaAleRvSmNh_xRbasz6M","java:S125","1520","1524","This block of commented-out lines of code should be removed."
"C3","RETAINED_FROM_C0","AaAleRvSmNh_xRbasz6N","java:S125","1582","1586","This block of commented-out lines of code should be removed."
"C3","RETAINED_FROM_C0","AaAleRvSmNh_xRbasz6T","java:S125","2459","2463","This block of commented-out lines of code should be removed."
"C3","RETAINED_FROM_C0","AaALJJ9gKije7nS94ke4","java:S125","1206","1210","This block of commented-out lines of code should be removed."
"C3","RETAINED_FROM_C0","AaALJJ9gKije7nS94ke5","java:S125","834","837","This block of commented-out lines of code should be removed."
"C3","RETAINED_FROM_C0","AaALJJ9gKije7nS94ke6","java:S125","1951","1955","This block of commented-out lines of code should be removed."
"C3","RETAINED_FROM_C0","AaALJJ9gKije7nS94ke8","java:S125","4532","4536","This block of commented-out lines of code should be removed."
"C3","RETAINED_FROM_C0","AaALJJ9gKije7nS94ke9","java:S125","4608","4612","This block of commented-out lines of code should be removed."
"C3","RETAINED_FROM_C0","AaALMFD81r5TurFMiUn-","java:S125","3745","3749","This block of commented-out lines of code should be removed."
"C3","RETAINED_FROM_C0","AaALOanhQulb_Xfn-xT0","java:S125","4391","4395","This block of commented-out lines of code should be removed."
"C3","RETAINED_FROM_C0","AaALOanhQulb_Xfn-xT1","java:S125","2806","2810","This block of commented-out lines of code should be removed."
"C3","RETAINED_FROM_C0","AaALOanhQulb_Xfn-xT5","java:S125","3871","3875","This block of commented-out lines of code should be removed."
"C3","RETAINED_FROM_C0","AaALOanhQulb_Xfn-xT6","java:S125","3877","3881","This block of commented-out lines of code should be removed."
"C3","RETAINED_FROM_C0","AaALPZMXTV2yRQvmS5BZ","java:S125","1611","1615","This block of commented-out lines of code should be removed."
"C3","RETAINED_FROM_C0","AaAKynG1Kije7nS92BW5","java:S128","2617","2621","End this switch case with an unconditional break, return or throw statement."
"C3","RETAINED_FROM_C0","AaAKynG1Kije7nS92BW6","java:S128","2599","2603","End this switch case with an unconditional break, return or throw statement."
"C3","RETAINED_FROM_C0","AaAKynG1Kije7nS92BW7","java:S128","2581","2585","End this switch case with an unconditional break, return or throw statement."
"C3","RETAINED_FROM_C0","AaAKynG1Kije7nS92BW8","java:S128","2527","2531","End this switch case with an unconditional break, return or throw statement."
"C3","RETAINED_FROM_C0","AaAKynG1Kije7nS92BW9","java:S128","2509","2513","End this switch case with an unconditional break, return or throw statement."
"C3","RETAINED_FROM_C0","AaALC7_-41jXsmVCsseF","java:S128","2563","2567","End this switch case with an unconditional break, return or throw statement."
"C3","RETAINED_FROM_C0","AaALC7_-41jXsmVCsseG","java:S128","2545","2549","End this switch case with an unconditional break, return or throw statement."
"C3","RETAINED_FROM_C0","AaAKIzZERXPx87p8Mp1V","java:S131","2031","2035","Add a default case to this switch."
"C3","RETAINED_FROM_C0","AaAKIzZERXPx87p8Mp2O","java:S131","4923","4927","Add a default case to this switch."
"C3","RETAINED_FROM_C0","AaAleRvSmNh_xRbasz5b","java:S135","708","711","Reduce the total number of break and continue statements in this loop to use at most one."
"C3","RETAINED_FROM_C0","AaAleRvSmNh_xRbasz5c","java:S135","5747","5751","Reduce the total number of break and continue statements in this loop to use at most one."
"C3","RETAINED_FROM_C0","AaAleRvSmNh_xRbasz5S","java:S1488","5334","5338","Immediately return this expression instead of assigning it to the temporary variable ""getter""."
"C3","RETAINED_FROM_C0","AaAleRvSmNh_xRbasz5T","java:S1488","5391","5395","Immediately return this expression instead of assigning it to the temporary variable ""setter""."
"C3","RETAINED_FROM_C0","AaAleRvSmNh_xRbasz6d","java:S1940","4529","4533","Use the opposite operator (""<="") instead."
"C3","RETAINED_FROM_C0","AaAKIzZERXPx87p8Mp1i","java:S2447","2987","2991","Null is returned but a ""Boolean"" is expected."
"C3","RETAINED_FROM_C0","AaAKIzZERXPx87p8Mp1j","java:S2447","3005","3009","Null is returned but a ""Boolean"" is expected."
"C3","RETAINED_FROM_C0","AaAKIzZERXPx87p8Mp00","java:S3776","695","696","Refactor this method to reduce its Cognitive Complexity from 32 to the 15 allowed."
"C3","RETAINED_FROM_C0","AaAKIzZERXPx87p8Mp2W","java:S3776","5540","5544","Refactor this method to reduce its Cognitive Complexity from 31 to the 15 allowed."
"C3","RETAINED_FROM_C0","AaAleRvSmNh_xRbasz6B","java:S3776","610","611","Refactor this method to reduce its Cognitive Complexity from 23 to the 15 allowed."
"C3","RETAINED_FROM_C0","AaAleRvSmNh_xRbasz6b","java:S3776","3765","3769","Refactor this method to reduce its Cognitive Complexity from 32 to the 15 allowed."
"C3","RETAINED_FROM_C0","AaAleRvSmNh_xRbasz6i","java:S3776","4671","4675","Refactor this method to reduce its Cognitive Complexity from 17 to the 15 allowed."
"C3","RETAINED_FROM_C0","AaAleRvSmNh_xRbasz6J","java:S3776","904","907","Refactor this method to reduce its Cognitive Complexity from 25 to the 15 allowed."
"C3","RETAINED_FROM_C0","AaAleRvSmNh_xRbasz6L","java:S3776","1072","1076","Refactor this method to reduce its Cognitive Complexity from 28 to the 15 allowed."
"C3","RETAINED_FROM_C0","AaAleRvSmNh_xRbasz6o","java:S3776","5736","5740","Refactor this method to reduce its Cognitive Complexity from 30 to the 15 allowed."
"C3","RETAINED_FROM_C0","AaAleRvSmNh_xRbasz6O","java:S3776","2170","2174","Refactor this method to reduce its Cognitive Complexity from 99 to the 15 allowed."
"C3","RETAINED_FROM_C0","AaAleRvSmNh_xRbasz6R","java:S3776","2458","2462","Refactor this method to reduce its Cognitive Complexity from 37 to the 15 allowed."
"C3","RETAINED_FROM_C0","AaAleRvSmNh_xRbasz6U","java:S3776","2740","2744","Refactor this method to reduce its Cognitive Complexity from 107 to the 15 allowed."
"C3","RETAINED_FROM_C0","AaAleRvSmNh_xRbasz6Z","java:S3776","3073","3077","Refactor this method to reduce its Cognitive Complexity from 31 to the 15 allowed."
"C3","RETAINED_FROM_C0","AaALJ3Ze1r5TurFMiGnG","java:S3776","3500","3504","Refactor this method to reduce its Cognitive Complexity from 16 to the 15 allowed."
"C3","RETAINED_FROM_C0","AaALJJ9gKije7nS94ke7","java:S3776","4068","4072","Refactor this method to reduce its Cognitive Complexity from 19 to the 15 allowed."
"C3","RETAINED_FROM_C0","AaAKIzZERXPx87p8Mp1l","java:S3878","2994","2998","Remove this array creation and simply pass the elements."
"C3","RETAINED_FROM_C0","AaAKIzZERXPx87p8Mp1o","java:S3878","3000","3004","Remove this array creation and simply pass the elements."
"C3","RETAINED_FROM_C0","AaALC7_-41jXsmVCsseJ","java:S3878","3047","3051","Remove this array creation and simply pass the elements."
"C3","RETAINED_FROM_C0","AaAleRvSmNh_xRbasz6C","java:S6213","652","653","Rename this method to not match a restricted identifier."
"C4","NEW_VS_C0","AaBJLXcfieAPpelvt7EW","java:S106","","5495","Replace this use of System.err by a logger."
"C4","NEW_VS_C0","AaBJIMh7vHQDC_H9Co8I","java:S1066","","4096","Merge this if statement with the enclosing one."
"C4","NEW_VS_C0","AaBJJyuWYKx8-rumvjxN","java:S108","","3002","Remove this block of code, fill it in, or add a comment explaining why it is empty."
"C4","NEW_VS_C0","AaBJJyuWYKx8-rumvjxO","java:S108","","3008","Remove this block of code, fill it in, or add a comment explaining why it is empty."
"C4","NEW_VS_C0","AaBJMbmQDiEd9r7Vsgw5","java:S1133","","346","Do not forget to remove this deprecated code someday."
"C4","NEW_VS_C0","AaBJMbmQDiEd9r7Vsgw6","java:S1135","","753","Complete the task associated to this TODO comment."
"C4","NEW_VS_C0","AaBJJyuWYKx8-rumvjxS","java:S1155","","5730","Use isEmpty() to check whether the collection is empty or not."
"C4","NEW_VS_C0","AaBJLXceieAPpelvt7D-","java:S1192","","1248","Define a constant instead of duplicating this literal ""<init>"" 22 times."
"C4","NEW_VS_C0","AaBJLXceieAPpelvt7D_","java:S1192","","3574","Define a constant instead of duplicating this literal ""readObject"" 6 times."
"C4","NEW_VS_C0","AaBJLXceieAPpelvt7D9","java:S1192","","3346","Define a constant instead of duplicating this literal ""FieldFlags"" 3 times."
"C4","NEW_VS_C0","AaBJLXcfieAPpelvt7EA","java:S1192","","1454","Define a constant instead of duplicating this literal ""CopyKeyFieldsFromObjectId"" 5 times."
"C4","NEW_VS_C0","AaBJLXcfieAPpelvt7EB","java:S1192","","4814","Define a constant instead of duplicating this literal ""readExternalFields"" 3 times."
"C4","NEW_VS_C0","AaBJLXcfieAPpelvt7EC","java:S1192","","5045","Define a constant instead of duplicating this literal ""writeExternalFields"" 3 times."
"C4","NEW_VS_C0","AaBJLXcfieAPpelvt7ED","java:S1192","","342","Define a constant instead of duplicating this literal ""$pcsubclass"" 3 times."
"C4","NEW_VS_C0","AaBJLXcfieAPpelvt7EE","java:S1192","","4776","Define a constant instead of duplicating this literal ""ReadUnmanaged"" 3 times."
"C4","NEW_VS_C0","AaBJLXcfieAPpelvt7EF","java:S1192","","3342","Define a constant instead of duplicating this literal ""FieldNames"" 3 times."
"C4","NEW_VS_C0","AaBJLXcfieAPpelvt7EG","java:S1192","","3111","Define a constant instead of duplicating this literal ""GetIDOwningClass"" 3 times."
"C4","NEW_VS_C0","AaBJLXcfieAPpelvt7EH","java:S1192","","4714","Define a constant instead of duplicating this literal ""readExternal"" 3 times."
"C4","NEW_VS_C0","AaBJLXcfieAPpelvt7EI","java:S1192","","4046","Define a constant instead of duplicating this literal ""<clinit>"" 3 times."
"C4","NEW_VS_C0","AaBJLXcfieAPpelvt7EJ","java:S1192","","2221","Define a constant instead of duplicating this literal ""getId"" 21 times."
"C4","NEW_VS_C0","AaBJLXcfieAPpelvt7EK","java:S1192","","2150","Define a constant instead of duplicating this literal ""NewObjectIdInstance"" 4 times."
"C4","NEW_VS_C0","AaBJLXcfieAPpelvt7EL","java:S1192","","4080","Define a constant instead of duplicating this literal ""clone"" 4 times."
"C4","NEW_VS_C0","AaBJLXcfieAPpelvt7EM","java:S1192","","3685","Define a constant instead of duplicating this literal ""SetDetachedState"" 4 times."
"C4","NEW_VS_C0","AaBJLXcfieAPpelvt7EN","java:S1192","","2365","Define a constant instead of duplicating this literal ""findField"" 4 times."
"C4","NEW_VS_C0","AaBJLXcfieAPpelvt7EO","java:S1192","","3344","Define a constant instead of duplicating this literal ""FieldTypes"" 3 times."
"C4","NEW_VS_C0","AaBJLXcfieAPpelvt7EP","java:S1192","","1469","Define a constant instead of duplicating this literal ""GetManagedFieldCount"" 3 times."
"C4","NEW_VS_C0","AaBJLXcfieAPpelvt7EQ","java:S1192","","1347","Define a constant instead of duplicating this literal ""ClearFields"" 3 times."
"C4","NEW_VS_C0","AaBJLXcfieAPpelvt7ER","java:S1192","","2110","Define a constant instead of duplicating this literal ""CopyKeyFieldsToObjectId"" 4 times."
"C4","NEW_VS_C0","AaBJLXcfieAPpelvt7ES","java:S1192","","4988","Define a constant instead of duplicating this literal ""WriteUnmanaged"" 3 times."
"C4","NEW_VS_C0","AaBJLXcfieAPpelvt7ET","java:S1192","","4718","Define a constant instead of duplicating this literal ""writeExternal"" 3 times."
"C4","NEW_VS_C0","AaBJLXcfieAPpelvt7EU","java:S1192","","3556","Define a constant instead of duplicating this literal ""writeObject"" 6 times."
"C4","NEW_VS_C0","AaBJLXcfieAPpelvt7EV","java:S1192","","3818","Define a constant instead of duplicating this literal ""GetDetachedState"" 5 times."
"C4","NEW_VS_C0","AaBJJyuWYKx8-rumvjxK","java:S1845","","4529","Rename method ""getfield"" to prevent any misunderstanding/clash with method ""getField""."
"C4","NEW_VS_C0","AaBJJyuWYKx8-rumvjxP","java:S1905","","4652","Remove this unnecessary cast to ""String""."
"C4","NEW_VS_C0","AaBJJyuWYKx8-rumvjxQ","java:S1905","","4666","Remove this unnecessary cast to ""String""."
"C4","NEW_VS_C0","AaBJMbmQDiEd9r7Vsgw7","java:S3878","","767","Remove this array creation and simply pass the elements."
"C4","NEW_VS_C0","AaBJJyuWYKx8-rumvjxM","java:S6213","","665","Rename this method to not match a restricted identifier."
"C4","NEW_VS_C0","AaBJMbmQDiEd9r7Vsgw0","java:S6355","","269","Add 'since' and/or 'forRemoval' arguments to the @Deprecated annotation."
"C4","NEW_VS_C0","AaBJMbmQDiEd9r7Vsgw4","java:S6355","","345","Add 'since' and/or 'forRemoval' arguments to the @Deprecated annotation."
"C4","RESOLVED_FROM_C0","AaAKIzZERXPx87p8Mp2V","java:S106","5490","","Replace this use of System.err by a logger."
"C4","RESOLVED_FROM_C0","AaAleRvSmNh_xRbasz5R","java:S1066","4091","","Merge this if statement with the enclosing one."
"C4","RESOLVED_FROM_C0","AaAleRvSmNh_xRbasz58","java:S108","186","","Remove this block of code, fill it in, or add a comment explaining why it is empty."
"C4","RESOLVED_FROM_C0","AaAleRvSmNh_xRbasz6W","java:S108","2997","","Remove this block of code, fill it in, or add a comment explaining why it is empty."
"C4","RESOLVED_FROM_C0","AaAleRvSmNh_xRbasz6Y","java:S108","3003","","Remove this block of code, fill it in, or add a comment explaining why it is empty."
"C4","RESOLVED_FROM_C0","AaAleRvSmNh_xRbasz5_","java:S1133","344","","Do not forget to remove this deprecated code someday."
"C4","RESOLVED_FROM_C0","AaAleRvSmNh_xRbasz6G","java:S1135","749","","Complete the task associated to this TODO comment."
"C4","RESOLVED_FROM_C0","AaAleRvSmNh_xRbasz6I","java:S1155","818","","Use isEmpty() to check whether the collection is empty or not."
"C4","RESOLVED_FROM_C0","AaAleRvSmNh_xRbasz6n","java:S1155","5725","","Use isEmpty() to check whether the collection is empty or not."
"C4","RESOLVED_FROM_C0","AaAKIzZERXPx87p8Mp0j","java:S116","198","","Rename this field ""_repos"" to match the regular expression '^[a-z][a-zA-Z0-9]*$'."
"C4","RESOLVED_FROM_C0","AaAKIzZERXPx87p8Mp0k","java:S116","199","","Rename this field ""_meta"" to match the regular expression '^[a-z][a-zA-Z0-9]*$'."
"C4","RESOLVED_FROM_C0","AaAKIzZERXPx87p8Mp0l","java:S116","200","","Rename this field ""_log"" to match the regular expression '^[a-z][a-zA-Z0-9]*$'."
"C4","RESOLVED_FROM_C0","AaAKIzZERXPx87p8Mp0n","java:S116","219","","Rename this field ""_defCons"" to match the regular expression '^[a-z][a-zA-Z0-9]*$'."
"C4","RESOLVED_FROM_C0","AaAKIzZERXPx87p8Mp0o","java:S116","222","","Rename this field ""_fail"" to match the regular expression '^[a-z][a-zA-Z0-9]*$'."
"C4","RESOLVED_FROM_C0","AaAKIzZERXPx87p8Mp0q","java:S116","224","","Rename this field ""_dir"" to match the regular expression '^[a-z][a-zA-Z0-9]*$'."
"C4","RESOLVED_FROM_C0","AaAKIzZERXPx87p8Mp0r","java:S116","225","","Rename this field ""_writer"" to match the regular expression '^[a-z][a-zA-Z0-9]*$'."
"C4","RESOLVED_FROM_C0","AaAKIzZERXPx87p8Mp0t","java:S116","223","","Rename this field ""_violations"" to match the regular expression '^[a-z][a-zA-Z0-9]*$'."
"C4","RESOLVED_FROM_C0","AaAleRvSmNh_xRbasz52","java:S116","226","","Rename this field ""_backingFields"" to match the regular expression '^[a-z][a-zA-Z0-9]*$'."
"C4","RESOLVED_FROM_C0","AaAleRvSmNh_xRbasz53","java:S116","227","","Rename this field ""_attrsToFields"" to match the regular expression '^[a-z][a-zA-Z0-9]*$'."
"C4","RESOLVED_FROM_C0","AaAleRvSmNh_xRbasz54","java:S116","228","","Rename this field ""_fieldsToAttrs"" to match the regular expression '^[a-z][a-zA-Z0-9]*$'."
"C4","RESOLVED_FROM_C0","AaAleRvSmNh_xRbasz55","java:S116","233","","Rename this field ""_optimizeIdCopy"" to match the regular expression '^[a-z][a-zA-Z0-9]*$'."
"C4","RESOLVED_FROM_C0","AaALJJ9gKije7nS94ker","java:S116","220","","Rename this field ""_redefine"" to match the regular expression '^[a-z][a-zA-Z0-9]*$'."
"C4","RESOLVED_FROM_C0","AaALJJ9gKije7nS94kes","java:S116","221","","Rename this field ""_subclass"" to match the regular expression '^[a-z][a-zA-Z0-9]*$'."
"C4","RESOLVED_FROM_C0","AaALJJ9gKije7nS94kew","java:S116","229","","Rename this field ""_isAlreadyRedefined"" to match the regular expression '^[a-z][a-zA-Z0-9]*$'."
"C4","RESOLVED_FROM_C0","AaALJJ9gKije7nS94kex","java:S116","230","","Rename this field ""_isAlreadySubclassed"" to match the regular expression '^[a-z][a-zA-Z0-9]*$'."
"C4","RESOLVED_FROM_C0","AaALJJ9gKije7nS94key","java:S116","231","","Rename this field ""_bcsConfigured"" to match the regular expression '^[a-z][a-zA-Z0-9]*$'."
"C4","RESOLVED_FROM_C0","AaALOanhQulb_Xfn-xTw","java:S116","202","","Rename this field ""_addVersionInitFlag"" to match the regular expression '^[a-z][a-zA-Z0-9]*$'."
"C4","RESOLVED_FROM_C0","AaAKIzZERXPx87p8Mp0O","java:S1192","1243","","Define a constant instead of duplicating this literal ""<init>"" 22 times."
"C4","RESOLVED_FROM_C0","AaAleRvSmNh_xRbasz50","java:S1192","3551","","Define a constant instead of duplicating this literal ""writeObject"" 6 times."
"C4","RESOLVED_FROM_C0","AaAleRvSmNh_xRbasz51","java:S1192","3813","","Define a constant instead of duplicating this literal ""GetDetachedState"" 5 times."
"C4","RESOLVED_FROM_C0","AaAleRvSmNh_xRbasz5d","java:S1192","3341","","Define a constant instead of duplicating this literal ""FieldFlags"" 3 times."
"C4","RESOLVED_FROM_C0","AaAleRvSmNh_xRbasz5e","java:S1192","3569","","Define a constant instead of duplicating this literal ""readObject"" 6 times."
"C4","RESOLVED_FROM_C0","AaAleRvSmNh_xRbasz5f","java:S1192","1449","","Define a constant instead of duplicating this literal ""CopyKeyFieldsFromObjectId"" 5 times."
"C4","RESOLVED_FROM_C0","AaAleRvSmNh_xRbasz5g","java:S1192","4809","","Define a constant instead of duplicating this literal ""readExternalFields"" 3 times."
"C4","RESOLVED_FROM_C0","AaAleRvSmNh_xRbasz5h","java:S1192","5040","","Define a constant instead of duplicating this literal ""writeExternalFields"" 3 times."
"C4","RESOLVED_FROM_C0","AaAleRvSmNh_xRbasz5i","java:S1192","340","","Define a constant instead of duplicating this literal ""$pcsubclass"" 3 times."
"C4","RESOLVED_FROM_C0","AaAleRvSmNh_xRbasz5j","java:S1192","4771","","Define a constant instead of duplicating this literal ""ReadUnmanaged"" 3 times."
"C4","RESOLVED_FROM_C0","AaAleRvSmNh_xRbasz5k","java:S1192","3337","","Define a constant instead of duplicating this literal ""FieldNames"" 3 times."
"C4","RESOLVED_FROM_C0","AaAleRvSmNh_xRbasz5l","java:S1192","3106","","Define a constant instead of duplicating this literal ""GetIDOwningClass"" 3 times."
"C4","RESOLVED_FROM_C0","AaAleRvSmNh_xRbasz5m","java:S1192","4709","","Define a constant instead of duplicating this literal ""readExternal"" 3 times."
"C4","RESOLVED_FROM_C0","AaAleRvSmNh_xRbasz5n","java:S1192","4041","","Define a constant instead of duplicating this literal ""<clinit>"" 3 times."
"C4","RESOLVED_FROM_C0","AaAleRvSmNh_xRbasz5o","java:S1192","2216","","Define a constant instead of duplicating this literal ""getId"" 21 times."
"C4","RESOLVED_FROM_C0","AaAleRvSmNh_xRbasz5p","java:S1192","2145","","Define a constant instead of duplicating this literal ""NewObjectIdInstance"" 4 times."
"C4","RESOLVED_FROM_C0","AaAleRvSmNh_xRbasz5q","java:S1192","4075","","Define a constant instead of duplicating this literal ""clone"" 4 times."
"C4","RESOLVED_FROM_C0","AaAleRvSmNh_xRbasz5s","java:S1192","3680","","Define a constant instead of duplicating this literal ""SetDetachedState"" 4 times."
"C4","RESOLVED_FROM_C0","AaAleRvSmNh_xRbasz5t","java:S1192","2360","","Define a constant instead of duplicating this literal ""findField"" 4 times."
"C4","RESOLVED_FROM_C0","AaAleRvSmNh_xRbasz5u","java:S1192","3339","","Define a constant instead of duplicating this literal ""FieldTypes"" 3 times."
"C4","RESOLVED_FROM_C0","AaAleRvSmNh_xRbasz5v","java:S1192","1464","","Define a constant instead of duplicating this literal ""GetManagedFieldCount"" 3 times."
"C4","RESOLVED_FROM_C0","AaAleRvSmNh_xRbasz5w","java:S1192","1342","","Define a constant instead of duplicating this literal ""ClearFields"" 3 times."
"C4","RESOLVED_FROM_C0","AaAleRvSmNh_xRbasz5x","java:S1192","2105","","Define a constant instead of duplicating this literal ""CopyKeyFieldsToObjectId"" 4 times."
"C4","RESOLVED_FROM_C0","AaAleRvSmNh_xRbasz5y","java:S1192","4983","","Define a constant instead of duplicating this literal ""WriteUnmanaged"" 3 times."
"C4","RESOLVED_FROM_C0","AaAleRvSmNh_xRbasz5z","java:S1192","4713","","Define a constant instead of duplicating this literal ""writeExternal"" 3 times."
"C4","RESOLVED_FROM_C0","AaAleRvSmNh_xRbasz6E","java:S1659","705","","Declare ""setter"" on a separate line."
"C4","RESOLVED_FROM_C0","AaAleRvSmNh_xRbasz6F","java:S1659","706","","Declare ""assigned"" on a separate line."
"C4","RESOLVED_FROM_C0","AaAleRvSmNh_xRbasz6K","java:S1659","919","","Declare ""earlierInsn"" on a separate line."
"C4","RESOLVED_FROM_C0","AaAleRvSmNh_xRbasz56","java:S1845","4524","","Rename method ""getfield"" to prevent any misunderstanding/clash with method ""getField""."
"C4","RESOLVED_FROM_C0","AaAleRvSmNh_xRbasz6g","java:S1905","4647","","Remove this unnecessary cast to ""String""."
"C4","RESOLVED_FROM_C0","AaAleRvSmNh_xRbasz6h","java:S1905","4661","","Remove this unnecessary cast to ""String""."
"C4","RESOLVED_FROM_C0","AaAleRvSmNh_xRbasz6H","java:S3878","763","","Remove this array creation and simply pass the elements."
"C4","RESOLVED_FROM_C0","AaAleRvSmNh_xRbasz6D","java:S6213","663","","Rename this method to not match a restricted identifier."
"C4","RESOLVED_FROM_C0","AaAleRvSmNh_xRbasz5-","java:S6355","343","","Add 'since' and/or 'forRemoval' arguments to the @Deprecated annotation."
"C4","RESOLVED_FROM_C0","AaAleRvSmNh_xRbasz59","java:S6355","267","","Add 'since' and/or 'forRemoval' arguments to the @Deprecated annotation."
"C4","RETAINED_FROM_C0","AaAleRvSmNh_xRbasz5a","java:S112","4917","4922","Replace generic exceptions with specific library exceptions or a custom exception."
"C4","RETAINED_FROM_C0","AaAleRvSmNh_xRbasz6A","java:S1123","344","346","Add the missing @deprecated Javadoc tag."
"C4","RETAINED_FROM_C0","AaAleRvSmNh_xRbasz6k","java:S1168","5710","5715","Return an empty collection instead of null."
"C4","RETAINED_FROM_C0","AaAleRvSmNh_xRbasz6l","java:S1168","5715","5720","Return an empty collection instead of null."
"C4","RETAINED_FROM_C0","AaAleRvSmNh_xRbasz6m","java:S1168","5722","5727","Return an empty collection instead of null."
"C4","RETAINED_FROM_C0","AaAleRvSmNh_xRbasz6p","java:S1168","5743","5748","Return an empty array instead of null."
"C4","RETAINED_FROM_C0","AaAleRvSmNh_xRbasz6q","java:S1168","5802","5807","Return an empty array instead of null."
"C4","RETAINED_FROM_C0","AaAleRvSmNh_xRbasz6S","java:S1172","2458","2463","Remove this unused method parameter ""classNode""."
"C4","RETAINED_FROM_C0","AaAleRvSmNh_xRbasz57","java:S1181","168","168","Catch Exception instead of Throwable."
"C4","RETAINED_FROM_C0","AaAleRvSmNh_xRbasz6a","java:S1181","3528","3533","Catch Exception instead of Throwable."
"C4","RETAINED_FROM_C0","AaAleRvSmNh_xRbasz6V","java:S1181","2997","3002","Catch Exception instead of Throwable."
"C4","RETAINED_FROM_C0","AaAleRvSmNh_xRbasz6X","java:S1181","3003","3008","Catch Exception instead of Throwable."
"C4","RETAINED_FROM_C0","AaAleRvSmNh_xRbasz5r","java:S1192","3770","3775","Define a constant instead of duplicating this literal ""FALSE"" 6 times."
"C4","RETAINED_FROM_C0","AaAleRvSmNh_xRbasz5U","java:S1199","2102","2107","Extract this nested code block into a method."
"C4","RETAINED_FROM_C0","AaAleRvSmNh_xRbasz5V","java:S1199","2112","2117","Extract this nested code block into a method."
"C4","RETAINED_FROM_C0","AaAleRvSmNh_xRbasz5W","java:S1199","2122","2127","Extract this nested code block into a method."
"C4","RETAINED_FROM_C0","AaAleRvSmNh_xRbasz5X","java:S1199","2132","2137","Extract this nested code block into a method."
"C4","RETAINED_FROM_C0","AaAleRvSmNh_xRbasz5Y","java:S1199","2142","2147","Extract this nested code block into a method."
"C4","RETAINED_FROM_C0","AaAleRvSmNh_xRbasz5Z","java:S1199","2153","2158","Extract this nested code block into a method."
"C4","RETAINED_FROM_C0","AaAKIzZERXPx87p8Mp0_","java:S125","1423","1428","This block of commented-out lines of code should be removed."
"C4","RETAINED_FROM_C0","AaAKIzZERXPx87p8Mp10","java:S125","3715","3720","This block of commented-out lines of code should be removed."
"C4","RETAINED_FROM_C0","AaAKIzZERXPx87p8Mp12","java:S125","3775","3780","This block of commented-out lines of code should be removed."
"C4","RETAINED_FROM_C0","AaAKIzZERXPx87p8Mp13","java:S125","3802","3807","This block of commented-out lines of code should be removed."
"C4","RETAINED_FROM_C0","AaAKIzZERXPx87p8Mp14","java:S125","3836","3841","This block of commented-out lines of code should be removed."
"C4","RETAINED_FROM_C0","AaAKIzZERXPx87p8Mp15","java:S125","3858","3863","This block of commented-out lines of code should be removed."
"C4","RETAINED_FROM_C0","AaAKIzZERXPx87p8Mp16","java:S125","3976","3981","This block of commented-out lines of code should be removed."
"C4","RETAINED_FROM_C0","AaAKIzZERXPx87p8Mp17","java:S125","3901","3906","This block of commented-out lines of code should be removed."
"C4","RETAINED_FROM_C0","AaAKIzZERXPx87p8Mp18","java:S125","4107","4112","This block of commented-out lines of code should be removed."
"C4","RETAINED_FROM_C0","AaAKIzZERXPx87p8Mp19","java:S125","4128","4133","This block of commented-out lines of code should be removed."
"C4","RETAINED_FROM_C0","AaAKIzZERXPx87p8Mp1a","java:S125","2088","2093","This block of commented-out lines of code should be removed."
"C4","RETAINED_FROM_C0","AaAKIzZERXPx87p8Mp1A","java:S125","1438","1443","This block of commented-out lines of code should be removed."
"C4","RETAINED_FROM_C0","AaAKIzZERXPx87p8Mp1c","java:S125","2212","2217","This block of commented-out lines of code should be removed."
"C4","RETAINED_FROM_C0","AaAKIzZERXPx87p8Mp1d","java:S125","2228","2233","This block of commented-out lines of code should be removed."
"C4","RETAINED_FROM_C0","AaAKIzZERXPx87p8Mp1D","java:S125","1513","1518","This block of commented-out lines of code should be removed."
"C4","RETAINED_FROM_C0","AaAKIzZERXPx87p8Mp1G","java:S125","1575","1580","This block of commented-out lines of code should be removed."
"C4","RETAINED_FROM_C0","AaAKIzZERXPx87p8Mp1g","java:S125","2776","2781","This block of commented-out lines of code should be removed."
"C4","RETAINED_FROM_C0","AaAKIzZERXPx87p8Mp1K","java:S125","1703","1708","This block of commented-out lines of code should be removed."
"C4","RETAINED_FROM_C0","AaAKIzZERXPx87p8Mp1L","java:S125","1799","1804","This block of commented-out lines of code should be removed."
"C4","RETAINED_FROM_C0","AaAKIzZERXPx87p8Mp1M","java:S125","1808","1813","This block of commented-out lines of code should be removed."
"C4","RETAINED_FROM_C0","AaAKIzZERXPx87p8Mp1N","java:S125","1818","1823","This block of commented-out lines of code should be removed."
"C4","RETAINED_FROM_C0","AaAKIzZERXPx87p8Mp1P","java:S125","1929","1934","This block of commented-out lines of code should be removed."
"C4","RETAINED_FROM_C0","AaAKIzZERXPx87p8Mp1Q","java:S125","1960","1965","This block of commented-out lines of code should be removed."
"C4","RETAINED_FROM_C0","AaAKIzZERXPx87p8Mp1r","java:S125","3090","3095","This block of commented-out lines of code should be removed."
"C4","RETAINED_FROM_C0","AaAKIzZERXPx87p8Mp1R","java:S125","1985","1990","This block of commented-out lines of code should be removed."
"C4","RETAINED_FROM_C0","AaAKIzZERXPx87p8Mp1s","java:S125","3377","3382","This block of commented-out lines of code should be removed."
"C4","RETAINED_FROM_C0","AaAKIzZERXPx87p8Mp1t","java:S125","3386","3391","This block of commented-out lines of code should be removed."
"C4","RETAINED_FROM_C0","AaAKIzZERXPx87p8Mp1T","java:S125","1996","2001","This block of commented-out lines of code should be removed."
"C4","RETAINED_FROM_C0","AaAKIzZERXPx87p8Mp1U","java:S125","2014","2019","This block of commented-out lines of code should be removed."
"C4","RETAINED_FROM_C0","AaAKIzZERXPx87p8Mp1u","java:S125","3397","3402","This block of commented-out lines of code should be removed."
"C4","RETAINED_FROM_C0","AaAKIzZERXPx87p8Mp1v","java:S125","3408","3413","This block of commented-out lines of code should be removed."
"C4","RETAINED_FROM_C0","AaAKIzZERXPx87p8Mp1W","java:S125","2066","2071","This block of commented-out lines of code should be removed."
"C4","RETAINED_FROM_C0","AaAKIzZERXPx87p8Mp1w","java:S125","3421","3426","This block of commented-out lines of code should be removed."
"C4","RETAINED_FROM_C0","AaAKIzZERXPx87p8Mp1x","java:S125","3647","3652","This block of commented-out lines of code should be removed."
"C4","RETAINED_FROM_C0","AaAKIzZERXPx87p8Mp1y","java:S125","3657","3662","This block of commented-out lines of code should be removed."
"C4","RETAINED_FROM_C0","AaAKIzZERXPx87p8Mp2B","java:S125","4326","4331","This block of commented-out lines of code should be removed."
"C4","RETAINED_FROM_C0","AaAKIzZERXPx87p8Mp2C","java:S125","4336","4341","This block of commented-out lines of code should be removed."
"C4","RETAINED_FROM_C0","AaAKIzZERXPx87p8Mp2D","java:S125","4343","4348","This block of commented-out lines of code should be removed."
"C4","RETAINED_FROM_C0","AaAKIzZERXPx87p8Mp2F","java:S125","4376","4381","This block of commented-out lines of code should be removed."
"C4","RETAINED_FROM_C0","AaAKIzZERXPx87p8Mp2G","java:S125","4399","4404","This block of commented-out lines of code should be removed."
"C4","RETAINED_FROM_C0","AaAKIzZERXPx87p8Mp2H","java:S125","4490","4495","This block of commented-out lines of code should be removed."
"C4","RETAINED_FROM_C0","AaAKIzZERXPx87p8Mp2I","java:S125","4508","4513","This block of commented-out lines of code should be removed."
"C4","RETAINED_FROM_C0","AaAKIzZERXPx87p8Mp2J","java:S125","4752","4757","This block of commented-out lines of code should be removed."
"C4","RETAINED_FROM_C0","AaAKIzZERXPx87p8Mp2K","java:S125","4766","4771","This block of commented-out lines of code should be removed."
"C4","RETAINED_FROM_C0","AaAKIzZERXPx87p8Mp2L","java:S125","4775","4780","This block of commented-out lines of code should be removed."
"C4","RETAINED_FROM_C0","AaAKIzZERXPx87p8Mp2M","java:S125","4787","4792","This block of commented-out lines of code should be removed."
"C4","RETAINED_FROM_C0","AaAKIzZERXPx87p8Mp2N","java:S125","4863","4868","This block of commented-out lines of code should be removed."
"C4","RETAINED_FROM_C0","AaAKIzZERXPx87p8Mp2P","java:S125","4931","4936","This block of commented-out lines of code should be removed."
"C4","RETAINED_FROM_C0","AaAKIzZERXPx87p8Mp2Q","java:S125","4967","4972","This block of commented-out lines of code should be removed."
"C4","RETAINED_FROM_C0","AaAKIzZERXPx87p8Mp2R","java:S125","4978","4983","This block of commented-out lines of code should be removed."
"C4","RETAINED_FROM_C0","AaAKIzZERXPx87p8Mp2S","java:S125","4989","4994","This block of commented-out lines of code should be removed."
"C4","RETAINED_FROM_C0","AaAKIzZERXPx87p8Mp2T","java:S125","5010","5015","This block of commented-out lines of code should be removed."
"C4","RETAINED_FROM_C0","AaAKIzZERXPx87p8Mp2U","java:S125","5097","5102","This block of commented-out lines of code should be removed."
"C4","RETAINED_FROM_C0","AaAKynG1Kije7nS92BW_","java:S125","2816","2821","This block of commented-out lines of code should be removed."
"C4","RETAINED_FROM_C0","AaAKynG1Kije7nS92BW3","java:S125","2491","2496","This block of commented-out lines of code should be removed."
"C4","RETAINED_FROM_C0","AaALC7_-41jXsmVCsseH","java:S125","2909","2914","This block of commented-out lines of code should be removed."
"C4","RETAINED_FROM_C0","AaALC7_-41jXsmVCsseI","java:S125","2939","2944","This block of commented-out lines of code should be removed."
"C4","RETAINED_FROM_C0","AaAleRvSmNh_xRbasz6c","java:S125","3798","3803","This block of commented-out lines of code should be removed."
"C4","RETAINED_FROM_C0","AaAleRvSmNh_xRbasz6e","java:S125","4534","4539","This block of commented-out lines of code should be removed."
"C4","RETAINED_FROM_C0","AaAleRvSmNh_xRbasz6f","java:S125","4544","4549","This block of commented-out lines of code should be removed."
"C4","RETAINED_FROM_C0","AaAleRvSmNh_xRbasz6j","java:S125","4804","4809","This block of commented-out lines of code should be removed."
"C4","RETAINED_FROM_C0","AaAleRvSmNh_xRbasz6M","java:S125","1520","1525","This block of commented-out lines of code should be removed."
"C4","RETAINED_FROM_C0","AaAleRvSmNh_xRbasz6N","java:S125","1582","1587","This block of commented-out lines of code should be removed."
"C4","RETAINED_FROM_C0","AaAleRvSmNh_xRbasz6T","java:S125","2459","2464","This block of commented-out lines of code should be removed."
"C4","RETAINED_FROM_C0","AaALJJ9gKije7nS94ke4","java:S125","1206","1211","This block of commented-out lines of code should be removed."
"C4","RETAINED_FROM_C0","AaALJJ9gKije7nS94ke5","java:S125","834","838","This block of commented-out lines of code should be removed."
"C4","RETAINED_FROM_C0","AaALJJ9gKije7nS94ke6","java:S125","1951","1956","This block of commented-out lines of code should be removed."
"C4","RETAINED_FROM_C0","AaALJJ9gKije7nS94ke8","java:S125","4532","4537","This block of commented-out lines of code should be removed."
"C4","RETAINED_FROM_C0","AaALJJ9gKije7nS94ke9","java:S125","4608","4613","This block of commented-out lines of code should be removed."
"C4","RETAINED_FROM_C0","AaALMFD81r5TurFMiUn-","java:S125","3745","3750","This block of commented-out lines of code should be removed."
"C4","RETAINED_FROM_C0","AaALOanhQulb_Xfn-xT0","java:S125","4391","4396","This block of commented-out lines of code should be removed."
"C4","RETAINED_FROM_C0","AaALOanhQulb_Xfn-xT1","java:S125","2806","2811","This block of commented-out lines of code should be removed."
"C4","RETAINED_FROM_C0","AaALOanhQulb_Xfn-xT5","java:S125","3871","3876","This block of commented-out lines of code should be removed."
"C4","RETAINED_FROM_C0","AaALOanhQulb_Xfn-xT6","java:S125","3877","3882","This block of commented-out lines of code should be removed."
"C4","RETAINED_FROM_C0","AaALPZMXTV2yRQvmS5BZ","java:S125","1611","1616","This block of commented-out lines of code should be removed."
"C4","RETAINED_FROM_C0","AaAKynG1Kije7nS92BW5","java:S128","2617","2622","End this switch case with an unconditional break, return or throw statement."
"C4","RETAINED_FROM_C0","AaAKynG1Kije7nS92BW6","java:S128","2599","2604","End this switch case with an unconditional break, return or throw statement."
"C4","RETAINED_FROM_C0","AaAKynG1Kije7nS92BW7","java:S128","2581","2586","End this switch case with an unconditional break, return or throw statement."
"C4","RETAINED_FROM_C0","AaAKynG1Kije7nS92BW8","java:S128","2527","2532","End this switch case with an unconditional break, return or throw statement."
"C4","RETAINED_FROM_C0","AaAKynG1Kije7nS92BW9","java:S128","2509","2514","End this switch case with an unconditional break, return or throw statement."
"C4","RETAINED_FROM_C0","AaALC7_-41jXsmVCsseF","java:S128","2563","2568","End this switch case with an unconditional break, return or throw statement."
"C4","RETAINED_FROM_C0","AaALC7_-41jXsmVCsseG","java:S128","2545","2550","End this switch case with an unconditional break, return or throw statement."
"C4","RETAINED_FROM_C0","AaAKIzZERXPx87p8Mp1V","java:S131","2031","2036","Add a default case to this switch."
"C4","RETAINED_FROM_C0","AaAKIzZERXPx87p8Mp2O","java:S131","4923","4928","Add a default case to this switch."
"C4","RETAINED_FROM_C0","AaAleRvSmNh_xRbasz5b","java:S135","708","712","Reduce the total number of break and continue statements in this loop to use at most one."
"C4","RETAINED_FROM_C0","AaAleRvSmNh_xRbasz5c","java:S135","5747","5752","Reduce the total number of break and continue statements in this loop to use at most one."
"C4","RETAINED_FROM_C0","AaAleRvSmNh_xRbasz5S","java:S1488","5334","5339","Immediately return this expression instead of assigning it to the temporary variable ""getter""."
"C4","RETAINED_FROM_C0","AaAleRvSmNh_xRbasz5T","java:S1488","5391","5396","Immediately return this expression instead of assigning it to the temporary variable ""setter""."
"C4","RETAINED_FROM_C0","AaAleRvSmNh_xRbasz6d","java:S1940","4529","4534","Use the opposite operator (""<="") instead."
"C4","RETAINED_FROM_C0","AaAKIzZERXPx87p8Mp1i","java:S2447","2987","2992","Null is returned but a ""Boolean"" is expected."
"C4","RETAINED_FROM_C0","AaAKIzZERXPx87p8Mp1j","java:S2447","3005","3010","Null is returned but a ""Boolean"" is expected."
"C4","RETAINED_FROM_C0","AaAKIzZERXPx87p8Mp00","java:S3776","695","697","Refactor this method to reduce its Cognitive Complexity from 32 to the 15 allowed."
"C4","RETAINED_FROM_C0","AaAKIzZERXPx87p8Mp2W","java:S3776","5540","5545","Refactor this method to reduce its Cognitive Complexity from 31 to the 15 allowed."
"C4","RETAINED_FROM_C0","AaAleRvSmNh_xRbasz6b","java:S3776","3765","3770","Refactor this method to reduce its Cognitive Complexity from 32 to the 15 allowed."
"C4","RETAINED_FROM_C0","AaAleRvSmNh_xRbasz6B","java:S3776","610","612","Refactor this method to reduce its Cognitive Complexity from 23 to the 15 allowed."
"C4","RETAINED_FROM_C0","AaAleRvSmNh_xRbasz6i","java:S3776","4671","4676","Refactor this method to reduce its Cognitive Complexity from 17 to the 15 allowed."
"C4","RETAINED_FROM_C0","AaAleRvSmNh_xRbasz6J","java:S3776","904","908","Refactor this method to reduce its Cognitive Complexity from 25 to the 15 allowed."
"C4","RETAINED_FROM_C0","AaAleRvSmNh_xRbasz6L","java:S3776","1072","1077","Refactor this method to reduce its Cognitive Complexity from 28 to the 15 allowed."
"C4","RETAINED_FROM_C0","AaAleRvSmNh_xRbasz6O","java:S3776","2170","2175","Refactor this method to reduce its Cognitive Complexity from 99 to the 15 allowed."
"C4","RETAINED_FROM_C0","AaAleRvSmNh_xRbasz6o","java:S3776","5736","5741","Refactor this method to reduce its Cognitive Complexity from 30 to the 15 allowed."
"C4","RETAINED_FROM_C0","AaAleRvSmNh_xRbasz6R","java:S3776","2458","2463","Refactor this method to reduce its Cognitive Complexity from 37 to the 15 allowed."
"C4","RETAINED_FROM_C0","AaAleRvSmNh_xRbasz6U","java:S3776","2740","2745","Refactor this method to reduce its Cognitive Complexity from 107 to the 15 allowed."
"C4","RETAINED_FROM_C0","AaAleRvSmNh_xRbasz6Z","java:S3776","3073","3078","Refactor this method to reduce its Cognitive Complexity from 31 to the 15 allowed."
"C4","RETAINED_FROM_C0","AaALJ3Ze1r5TurFMiGnG","java:S3776","3500","3505","Refactor this method to reduce its Cognitive Complexity from 16 to the 15 allowed."
"C4","RETAINED_FROM_C0","AaALJJ9gKije7nS94ke7","java:S3776","4068","4073","Refactor this method to reduce its Cognitive Complexity from 19 to the 15 allowed."
"C4","RETAINED_FROM_C0","AaAKIzZERXPx87p8Mp1l","java:S3878","2994","2999","Remove this array creation and simply pass the elements."
"C4","RETAINED_FROM_C0","AaAKIzZERXPx87p8Mp1o","java:S3878","3000","3005","Remove this array creation and simply pass the elements."
"C4","RETAINED_FROM_C0","AaALC7_-41jXsmVCsseJ","java:S3878","3047","3052","Remove this array creation and simply pass the elements."
"C4","RETAINED_FROM_C0","AaAleRvSmNh_xRbasz6C","java:S6213","652","654","Rename this method to not match a restricted identifier."
