ReleaseIndex,Version,CommitId,Class,NFIX
1,"0.9.0","dc1f0bf2046cf08d9484a287dee02ff058961ca4","openjpa-jdbc-5/src/main/java/org/apache/openjpa/jdbc/kernel/JDBC3SavepointManager.java",0
1,"0.9.0","dc1f0bf2046cf08d9484a287dee02ff058961ca4","openjpa-jdbc-5/src/main/java/org/apache/openjpa/jdbc/meta/strats/EnumValueHandler.java",0
1,"0.9.0","dc1f0bf2046cf08d9484a287dee02ff058961ca4","openjpa-jdbc/src/main/java/org/apache/openjpa/jdbc/ant/MappingToolTask.java",0
1,"0.9.0","dc1f0bf2046cf08d9484a287dee02ff058961ca4","openjpa-jdbc/src/main/java/org/apache/openjpa/jdbc/ant/ReverseMappingToolTask.java",0
1,"0.9.0","dc1f0bf2046cf08d9484a287dee02ff058961ca4","openjpa-jdbc/src/main/java/org/apache/openjpa/jdbc/ant/SchemaToolTask.java",0
1,"0.9.0","dc1f0bf2046cf08d9484a287dee02ff058961ca4","openjpa-jdbc/src/main/java/org/apache/openjpa/jdbc/conf/FetchModeValue.java",0
1,"0.9.0","dc1f0bf2046cf08d9484a287dee02ff058961ca4","openjpa-jdbc/src/main/java/org/apache/openjpa/jdbc/conf/JDBCConfiguration.java",0
1,"0.9.0","dc1f0bf2046cf08d9484a287dee02ff058961ca4","openjpa-jdbc/src/main/java/org/apache/openjpa/jdbc/conf/JDBCConfigurationImpl.java",0
1,"0.9.0","dc1f0bf2046cf08d9484a287dee02ff058961ca4","openjpa-jdbc/src/main/java/org/apache/openjpa/jdbc/conf/JDBCProductDerivation.java",0
1,"0.9.0","dc1f0bf2046cf08d9484a287dee02ff058961ca4","openjpa-jdbc/src/main/java/org/apache/openjpa/jdbc/conf/JDBCSeqValue.java",0
1,"0.9.0","dc1f0bf2046cf08d9484a287dee02ff058961ca4","openjpa-jdbc/src/main/java/org/apache/openjpa/jdbc/conf/MappingFactoryValue.java",0
1,"0.9.0","dc1f0bf2046cf08d9484a287dee02ff058961ca4","openjpa-jdbc/src/main/java/org/apache/openjpa/jdbc/conf/MappingRepositoryValue.java",0
1,"0.9.0","dc1f0bf2046cf08d9484a287dee02ff058961ca4","openjpa-jdbc/src/main/java/org/apache/openjpa/jdbc/kernel/AbstractJDBCSavepointManager.java",0
1,"0.9.0","dc1f0bf2046cf08d9484a287dee02ff058961ca4","openjpa-jdbc/src/main/java/org/apache/openjpa/jdbc/kernel/AbstractJDBCSeq.java",0
1,"0.9.0","dc1f0bf2046cf08d9484a287dee02ff058961ca4","openjpa-jdbc/src/main/java/org/apache/openjpa/jdbc/kernel/AbstractUpdateManager.java",0
1,"0.9.0","dc1f0bf2046cf08d9484a287dee02ff058961ca4","openjpa-jdbc/src/main/java/org/apache/openjpa/jdbc/kernel/ClassTableJDBCSeq.java",0
1,"0.9.0","dc1f0bf2046cf08d9484a287dee02ff058961ca4","openjpa-jdbc/src/main/java/org/apache/openjpa/jdbc/kernel/ConnectionInfo.java",0
1,"0.9.0","dc1f0bf2046cf08d9484a287dee02ff058961ca4","openjpa-jdbc/src/main/java/org/apache/openjpa/jdbc/kernel/DelegatingJDBCFetchConfiguration.java",0
1,"0.9.0","dc1f0bf2046cf08d9484a287dee02ff058961ca4","openjpa-jdbc/src/main/java/org/apache/openjpa/jdbc/kernel/EagerFetchModes.java",0
1,"0.9.0","dc1f0bf2046cf08d9484a287dee02ff058961ca4","openjpa-jdbc/src/main/java/org/apache/openjpa/jdbc/kernel/GenericResultObjectProvider.java",0
1,"0.9.0","dc1f0bf2046cf08d9484a287dee02ff058961ca4","openjpa-jdbc/src/main/java/org/apache/openjpa/jdbc/kernel/InstanceResultObjectProvider.java",0
1,"0.9.0","dc1f0bf2046cf08d9484a287dee02ff058961ca4","openjpa-jdbc/src/main/java/org/apache/openjpa/jdbc/kernel/JDBCBrokerFactory.java",0
1,"0.9.0","dc1f0bf2046cf08d9484a287dee02ff058961ca4","openjpa-jdbc/src/main/java/org/apache/openjpa/jdbc/kernel/JDBCFetchConfiguration.java",0
1,"0.9.0","dc1f0bf2046cf08d9484a287dee02ff058961ca4","openjpa-jdbc/src/main/java/org/apache/openjpa/jdbc/kernel/JDBCFetchConfigurationImpl.java",0
1,"0.9.0","dc1f0bf2046cf08d9484a287dee02ff058961ca4","openjpa-jdbc/src/main/java/org/apache/openjpa/jdbc/kernel/JDBCLockManager.java",0
1,"0.9.0","dc1f0bf2046cf08d9484a287dee02ff058961ca4","openjpa-jdbc/src/main/java/org/apache/openjpa/jdbc/kernel/JDBCSeq.java",0
1,"0.9.0","dc1f0bf2046cf08d9484a287dee02ff058961ca4","openjpa-jdbc/src/main/java/org/apache/openjpa/jdbc/kernel/JDBCStore.java",0
1,"0.9.0","dc1f0bf2046cf08d9484a287dee02ff058961ca4","openjpa-jdbc/src/main/java/org/apache/openjpa/jdbc/kernel/JDBCStoreManager.java",0
1,"0.9.0","dc1f0bf2046cf08d9484a287dee02ff058961ca4","openjpa-jdbc/src/main/java/org/apache/openjpa/jdbc/kernel/JDBCStoreQuery.java",0
1,"0.9.0","dc1f0bf2046cf08d9484a287dee02ff058961ca4","openjpa-jdbc/src/main/java/org/apache/openjpa/jdbc/kernel/LRSSizes.java",0
1,"0.9.0","dc1f0bf2046cf08d9484a287dee02ff058961ca4","openjpa-jdbc/src/main/java/org/apache/openjpa/jdbc/kernel/MappedQueryResultObjectProvider.java",0
1,"0.9.0","dc1f0bf2046cf08d9484a287dee02ff058961ca4","openjpa-jdbc/src/main/java/org/apache/openjpa/jdbc/kernel/NativeJDBCSeq.java",0
1,"0.9.0","dc1f0bf2046cf08d9484a287dee02ff058961ca4","openjpa-jdbc/src/main/java/org/apache/openjpa/jdbc/kernel/OperationOrderUpdateManager.java",0
1,"0.9.0","dc1f0bf2046cf08d9484a287dee02ff058961ca4","openjpa-jdbc/src/main/java/org/apache/openjpa/jdbc/kernel/PagingResultObjectProvider.java",0
1,"0.9.0","dc1f0bf2046cf08d9484a287dee02ff058961ca4","openjpa-jdbc/src/main/java/org/apache/openjpa/jdbc/kernel/PessimisticLockManager.java",0
1,"0.9.0","dc1f0bf2046cf08d9484a287dee02ff058961ca4","openjpa-jdbc/src/main/java/org/apache/openjpa/jdbc/kernel/PreparedStatementManager.java",0
1,"0.9.0","dc1f0bf2046cf08d9484a287dee02ff058961ca4","openjpa-jdbc/src/main/java/org/apache/openjpa/jdbc/kernel/PreparedStatementManagerImpl.java",0
1,"0.9.0","dc1f0bf2046cf08d9484a287dee02ff058961ca4","openjpa-jdbc/src/main/java/org/apache/openjpa/jdbc/kernel/ProjectionResultObjectProvider.java",0
1,"0.9.0","dc1f0bf2046cf08d9484a287dee02ff058961ca4","openjpa-jdbc/src/main/java/org/apache/openjpa/jdbc/kernel/SQLProjectionResultObjectProvider.java",0
1,"0.9.0","dc1f0bf2046cf08d9484a287dee02ff058961ca4","openjpa-jdbc/src/main/java/org/apache/openjpa/jdbc/kernel/SQLStoreQuery.java",0
1,"0.9.0","dc1f0bf2046cf08d9484a287dee02ff058961ca4","openjpa-jdbc/src/main/java/org/apache/openjpa/jdbc/kernel/SelectResultObjectProvider.java",0
1,"0.9.0","dc1f0bf2046cf08d9484a287dee02ff058961ca4","openjpa-jdbc/src/main/java/org/apache/openjpa/jdbc/kernel/TableJDBCSeq.java",0
1,"0.9.0","dc1f0bf2046cf08d9484a287dee02ff058961ca4","openjpa-jdbc/src/main/java/org/apache/openjpa/jdbc/kernel/UpdateManager.java",0
1,"0.9.0","dc1f0bf2046cf08d9484a287dee02ff058961ca4","openjpa-jdbc/src/main/java/org/apache/openjpa/jdbc/kernel/ValueTableJDBCSeq.java",0
1,"0.9.0","dc1f0bf2046cf08d9484a287dee02ff058961ca4","openjpa-jdbc/src/main/java/org/apache/openjpa/jdbc/kernel/exps/Abs.java",0
1,"0.9.0","dc1f0bf2046cf08d9484a287dee02ff058961ca4","openjpa-jdbc/src/main/java/org/apache/openjpa/jdbc/kernel/exps/AbstractVal.java",0
1,"0.9.0","dc1f0bf2046cf08d9484a287dee02ff058961ca4","openjpa-jdbc/src/main/java/org/apache/openjpa/jdbc/kernel/exps/Aggregate.java",0
1,"0.9.0","dc1f0bf2046cf08d9484a287dee02ff058961ca4","openjpa-jdbc/src/main/java/org/apache/openjpa/jdbc/kernel/exps/All.java",0
1,"0.9.0","dc1f0bf2046cf08d9484a287dee02ff058961ca4","openjpa-jdbc/src/main/java/org/apache/openjpa/jdbc/kernel/exps/AndExpression.java",0
1,"0.9.0","dc1f0bf2046cf08d9484a287dee02ff058961ca4","openjpa-jdbc/src/main/java/org/apache/openjpa/jdbc/kernel/exps/Any.java",0
1,"0.9.0","dc1f0bf2046cf08d9484a287dee02ff058961ca4","openjpa-jdbc/src/main/java/org/apache/openjpa/jdbc/kernel/exps/Args.java",0
1,"0.9.0","dc1f0bf2046cf08d9484a287dee02ff058961ca4","openjpa-jdbc/src/main/java/org/apache/openjpa/jdbc/kernel/exps/Avg.java",0
1,"0.9.0","dc1f0bf2046cf08d9484a287dee02ff058961ca4","openjpa-jdbc/src/main/java/org/apache/openjpa/jdbc/kernel/exps/BindVariableAndExpression.java",0
1,"0.9.0","dc1f0bf2046cf08d9484a287dee02ff058961ca4","openjpa-jdbc/src/main/java/org/apache/openjpa/jdbc/kernel/exps/BindVariableExpression.java",0
1,"0.9.0","dc1f0bf2046cf08d9484a287dee02ff058961ca4","openjpa-jdbc/src/main/java/org/apache/openjpa/jdbc/kernel/exps/CompareEqualExpression.java",0
1,"0.9.0","dc1f0bf2046cf08d9484a287dee02ff058961ca4","openjpa-jdbc/src/main/java/org/apache/openjpa/jdbc/kernel/exps/CompareExpression.java",0
1,"0.9.0","dc1f0bf2046cf08d9484a287dee02ff058961ca4","openjpa-jdbc/src/main/java/org/apache/openjpa/jdbc/kernel/exps/Concat.java",0
1,"0.9.0","dc1f0bf2046cf08d9484a287dee02ff058961ca4","openjpa-jdbc/src/main/java/org/apache/openjpa/jdbc/kernel/exps/Const.java",0
1,"0.9.0","dc1f0bf2046cf08d9484a287dee02ff058961ca4","openjpa-jdbc/src/main/java/org/apache/openjpa/jdbc/kernel/exps/ConstGetObjectId.java",0
1,"0.9.0","dc1f0bf2046cf08d9484a287dee02ff058961ca4","openjpa-jdbc/src/main/java/org/apache/openjpa/jdbc/kernel/exps/ConstInstanceofExpression.java",0
1,"0.9.0","dc1f0bf2046cf08d9484a287dee02ff058961ca4","openjpa-jdbc/src/main/java/org/apache/openjpa/jdbc/kernel/exps/ConstPath.java",0
1,"0.9.0","dc1f0bf2046cf08d9484a287dee02ff058961ca4","openjpa-jdbc/src/main/java/org/apache/openjpa/jdbc/kernel/exps/ContainsExpression.java",0
1,"0.9.0","dc1f0bf2046cf08d9484a287dee02ff058961ca4","openjpa-jdbc/src/main/java/org/apache/openjpa/jdbc/kernel/exps/ContainsKeyExpression.java",0
1,"0.9.0","dc1f0bf2046cf08d9484a287dee02ff058961ca4","openjpa-jdbc/src/main/java/org/apache/openjpa/jdbc/kernel/exps/Count.java",0
1,"0.9.0","dc1f0bf2046cf08d9484a287dee02ff058961ca4","openjpa-jdbc/src/main/java/org/apache/openjpa/jdbc/kernel/exps/CurrentDate.java",0
1,"0.9.0","dc1f0bf2046cf08d9484a287dee02ff058961ca4","openjpa-jdbc/src/main/java/org/apache/openjpa/jdbc/kernel/exps/Distinct.java",0
1,"0.9.0","dc1f0bf2046cf08d9484a287dee02ff058961ca4","openjpa-jdbc/src/main/java/org/apache/openjpa/jdbc/kernel/exps/EmptyExpression.java",0
1,"0.9.0","dc1f0bf2046cf08d9484a287dee02ff058961ca4","openjpa-jdbc/src/main/java/org/apache/openjpa/jdbc/kernel/exps/EndsWithExpression.java",0
1,"0.9.0","dc1f0bf2046cf08d9484a287dee02ff058961ca4","openjpa-jdbc/src/main/java/org/apache/openjpa/jdbc/kernel/exps/EqualExpression.java",0
1,"0.9.0","dc1f0bf2046cf08d9484a287dee02ff058961ca4","openjpa-jdbc/src/main/java/org/apache/openjpa/jdbc/kernel/exps/Exp.java",0
1,"0.9.0","dc1f0bf2046cf08d9484a287dee02ff058961ca4","openjpa-jdbc/src/main/java/org/apache/openjpa/jdbc/kernel/exps/Extension.java",0
1,"0.9.0","dc1f0bf2046cf08d9484a287dee02ff058961ca4","openjpa-jdbc/src/main/java/org/apache/openjpa/jdbc/kernel/exps/FilterValue.java",0
1,"0.9.0","dc1f0bf2046cf08d9484a287dee02ff058961ca4","openjpa-jdbc/src/main/java/org/apache/openjpa/jdbc/kernel/exps/FilterValueImpl.java",0
1,"0.9.0","dc1f0bf2046cf08d9484a287dee02ff058961ca4","openjpa-jdbc/src/main/java/org/apache/openjpa/jdbc/kernel/exps/GetColumn.java",0
1,"0.9.0","dc1f0bf2046cf08d9484a287dee02ff058961ca4","openjpa-jdbc/src/main/java/org/apache/openjpa/jdbc/kernel/exps/GetMapValue.java",0
1,"0.9.0","dc1f0bf2046cf08d9484a287dee02ff058961ca4","openjpa-jdbc/src/main/java/org/apache/openjpa/jdbc/kernel/exps/GetObjectId.java",0
1,"0.9.0","dc1f0bf2046cf08d9484a287dee02ff058961ca4","openjpa-jdbc/src/main/java/org/apache/openjpa/jdbc/kernel/exps/HasContainsExpressionVisitor.java",0
1,"0.9.0","dc1f0bf2046cf08d9484a287dee02ff058961ca4","openjpa-jdbc/src/main/java/org/apache/openjpa/jdbc/kernel/exps/InExpression.java",0
1,"0.9.0","dc1f0bf2046cf08d9484a287dee02ff058961ca4","openjpa-jdbc/src/main/java/org/apache/openjpa/jdbc/kernel/exps/InKeyExpression.java",0
1,"0.9.0","dc1f0bf2046cf08d9484a287dee02ff058961ca4","openjpa-jdbc/src/main/java/org/apache/openjpa/jdbc/kernel/exps/InSubQExpression.java",0
1,"0.9.0","dc1f0bf2046cf08d9484a287dee02ff058961ca4","openjpa-jdbc/src/main/java/org/apache/openjpa/jdbc/kernel/exps/InValueExpression.java",0
1,"0.9.0","dc1f0bf2046cf08d9484a287dee02ff058961ca4","openjpa-jdbc/src/main/java/org/apache/openjpa/jdbc/kernel/exps/IndexOf.java",0
1,"0.9.0","dc1f0bf2046cf08d9484a287dee02ff058961ca4","openjpa-jdbc/src/main/java/org/apache/openjpa/jdbc/kernel/exps/InstanceofExpression.java",0
1,"0.9.0","dc1f0bf2046cf08d9484a287dee02ff058961ca4","openjpa-jdbc/src/main/java/org/apache/openjpa/jdbc/kernel/exps/IsEmptyExpression.java",0
1,"0.9.0","dc1f0bf2046cf08d9484a287dee02ff058961ca4","openjpa-jdbc/src/main/java/org/apache/openjpa/jdbc/kernel/exps/IsNotEmptyExpression.java",0
1,"0.9.0","dc1f0bf2046cf08d9484a287dee02ff058961ca4","openjpa-jdbc/src/main/java/org/apache/openjpa/jdbc/kernel/exps/JDBCAggregateListener.java",0
1,"0.9.0","dc1f0bf2046cf08d9484a287dee02ff058961ca4","openjpa-jdbc/src/main/java/org/apache/openjpa/jdbc/kernel/exps/JDBCExpressionFactory.java",0
1,"0.9.0","dc1f0bf2046cf08d9484a287dee02ff058961ca4","openjpa-jdbc/src/main/java/org/apache/openjpa/jdbc/kernel/exps/JDBCFilterListener.java",0
1,"0.9.0","dc1f0bf2046cf08d9484a287dee02ff058961ca4","openjpa-jdbc/src/main/java/org/apache/openjpa/jdbc/kernel/exps/JDBCPath.java",0
1,"0.9.0","dc1f0bf2046cf08d9484a287dee02ff058961ca4","openjpa-jdbc/src/main/java/org/apache/openjpa/jdbc/kernel/exps/JDBCStringContains.java",0
1,"0.9.0","dc1f0bf2046cf08d9484a287dee02ff058961ca4","openjpa-jdbc/src/main/java/org/apache/openjpa/jdbc/kernel/exps/JDBCWildcardMatch.java",0
1,"0.9.0","dc1f0bf2046cf08d9484a287dee02ff058961ca4","openjpa-jdbc/src/main/java/org/apache/openjpa/jdbc/kernel/exps/Lit.java",0
1,"0.9.0","dc1f0bf2046cf08d9484a287dee02ff058961ca4","openjpa-jdbc/src/main/java/org/apache/openjpa/jdbc/kernel/exps/MatchesExpression.java",0
1,"0.9.0","dc1f0bf2046cf08d9484a287dee02ff058961ca4","openjpa-jdbc/src/main/java/org/apache/openjpa/jdbc/kernel/exps/Math.java",0
1,"0.9.0","dc1f0bf2046cf08d9484a287dee02ff058961ca4","openjpa-jdbc/src/main/java/org/apache/openjpa/jdbc/kernel/exps/Max.java",0
1,"0.9.0","dc1f0bf2046cf08d9484a287dee02ff058961ca4","openjpa-jdbc/src/main/java/org/apache/openjpa/jdbc/kernel/exps/Min.java",0
1,"0.9.0","dc1f0bf2046cf08d9484a287dee02ff058961ca4","openjpa-jdbc/src/main/java/org/apache/openjpa/jdbc/kernel/exps/NotContainsExpression.java",0
1,"0.9.0","dc1f0bf2046cf08d9484a287dee02ff058961ca4","openjpa-jdbc/src/main/java/org/apache/openjpa/jdbc/kernel/exps/NotEqualExpression.java",0
1,"0.9.0","dc1f0bf2046cf08d9484a287dee02ff058961ca4","openjpa-jdbc/src/main/java/org/apache/openjpa/jdbc/kernel/exps/NotExpression.java",0
1,"0.9.0","dc1f0bf2046cf08d9484a287dee02ff058961ca4","openjpa-jdbc/src/main/java/org/apache/openjpa/jdbc/kernel/exps/Null.java",0
1,"0.9.0","dc1f0bf2046cf08d9484a287dee02ff058961ca4","openjpa-jdbc/src/main/java/org/apache/openjpa/jdbc/kernel/exps/OrExpression.java",0
1,"0.9.0","dc1f0bf2046cf08d9484a287dee02ff058961ca4","openjpa-jdbc/src/main/java/org/apache/openjpa/jdbc/kernel/exps/PCPath.java",0
1,"0.9.0","dc1f0bf2046cf08d9484a287dee02ff058961ca4","openjpa-jdbc/src/main/java/org/apache/openjpa/jdbc/kernel/exps/Param.java",0
1,"0.9.0","dc1f0bf2046cf08d9484a287dee02ff058961ca4","openjpa-jdbc/src/main/java/org/apache/openjpa/jdbc/kernel/exps/SQLEmbed.java",0
1,"0.9.0","dc1f0bf2046cf08d9484a287dee02ff058961ca4","openjpa-jdbc/src/main/java/org/apache/openjpa/jdbc/kernel/exps/SQLExpression.java",0
1,"0.9.0","dc1f0bf2046cf08d9484a287dee02ff058961ca4","openjpa-jdbc/src/main/java/org/apache/openjpa/jdbc/kernel/exps/SQLValue.java",0
1,"0.9.0","dc1f0bf2046cf08d9484a287dee02ff058961ca4","openjpa-jdbc/src/main/java/org/apache/openjpa/jdbc/kernel/exps/SelectConstructor.java",0
1,"0.9.0","dc1f0bf2046cf08d9484a287dee02ff058961ca4","openjpa-jdbc/src/main/java/org/apache/openjpa/jdbc/kernel/exps/Size.java",0
1,"0.9.0","dc1f0bf2046cf08d9484a287dee02ff058961ca4","openjpa-jdbc/src/main/java/org/apache/openjpa/jdbc/kernel/exps/Sqrt.java",0
1,"0.9.0","dc1f0bf2046cf08d9484a287dee02ff058961ca4","openjpa-jdbc/src/main/java/org/apache/openjpa/jdbc/kernel/exps/StartsWithExpression.java",0
1,"0.9.0","dc1f0bf2046cf08d9484a287dee02ff058961ca4","openjpa-jdbc/src/main/java/org/apache/openjpa/jdbc/kernel/exps/StringFunction.java",0
1,"0.9.0","dc1f0bf2046cf08d9484a287dee02ff058961ca4","openjpa-jdbc/src/main/java/org/apache/openjpa/jdbc/kernel/exps/StringLength.java",0
1,"0.9.0","dc1f0bf2046cf08d9484a287dee02ff058961ca4","openjpa-jdbc/src/main/java/org/apache/openjpa/jdbc/kernel/exps/SubQ.java",0
1,"0.9.0","dc1f0bf2046cf08d9484a287dee02ff058961ca4","openjpa-jdbc/src/main/java/org/apache/openjpa/jdbc/kernel/exps/Substring.java",0
1,"0.9.0","dc1f0bf2046cf08d9484a287dee02ff058961ca4","openjpa-jdbc/src/main/java/org/apache/openjpa/jdbc/kernel/exps/Sum.java",0
1,"0.9.0","dc1f0bf2046cf08d9484a287dee02ff058961ca4","openjpa-jdbc/src/main/java/org/apache/openjpa/jdbc/kernel/exps/ToLowerCase.java",0
1,"0.9.0","dc1f0bf2046cf08d9484a287dee02ff058961ca4","openjpa-jdbc/src/main/java/org/apache/openjpa/jdbc/kernel/exps/ToUpperCase.java",0
1,"0.9.0","dc1f0bf2046cf08d9484a287dee02ff058961ca4","openjpa-jdbc/src/main/java/org/apache/openjpa/jdbc/kernel/exps/Trim.java",0
1,"0.9.0","dc1f0bf2046cf08d9484a287dee02ff058961ca4","openjpa-jdbc/src/main/java/org/apache/openjpa/jdbc/kernel/exps/UnaryOp.java",0
1,"0.9.0","dc1f0bf2046cf08d9484a287dee02ff058961ca4","openjpa-jdbc/src/main/java/org/apache/openjpa/jdbc/kernel/exps/Val.java",0
1,"0.9.0","dc1f0bf2046cf08d9484a287dee02ff058961ca4","openjpa-jdbc/src/main/java/org/apache/openjpa/jdbc/kernel/exps/Variable.java",0
1,"0.9.0","dc1f0bf2046cf08d9484a287dee02ff058961ca4","openjpa-jdbc/src/main/java/org/apache/openjpa/jdbc/meta/ClassMapping.java",0
1,"0.9.0","dc1f0bf2046cf08d9484a287dee02ff058961ca4","openjpa-jdbc/src/main/java/org/apache/openjpa/jdbc/meta/ClassMappingInfo.java",0
1,"0.9.0","dc1f0bf2046cf08d9484a287dee02ff058961ca4","openjpa-jdbc/src/main/java/org/apache/openjpa/jdbc/meta/ClassStrategy.java",0
1,"0.9.0","dc1f0bf2046cf08d9484a287dee02ff058961ca4","openjpa-jdbc/src/main/java/org/apache/openjpa/jdbc/meta/DelegatingJoinable.java",0
1,"0.9.0","dc1f0bf2046cf08d9484a287dee02ff058961ca4","openjpa-jdbc/src/main/java/org/apache/openjpa/jdbc/meta/Discriminator.java",0
1,"0.9.0","dc1f0bf2046cf08d9484a287dee02ff058961ca4","openjpa-jdbc/src/main/java/org/apache/openjpa/jdbc/meta/DiscriminatorMappingInfo.java",0
1,"0.9.0","dc1f0bf2046cf08d9484a287dee02ff058961ca4","openjpa-jdbc/src/main/java/org/apache/openjpa/jdbc/meta/DiscriminatorStrategy.java",0
1,"0.9.0","dc1f0bf2046cf08d9484a287dee02ff058961ca4","openjpa-jdbc/src/main/java/org/apache/openjpa/jdbc/meta/Embeddable.java",0
1,"0.9.0","dc1f0bf2046cf08d9484a287dee02ff058961ca4","openjpa-jdbc/src/main/java/org/apache/openjpa/jdbc/meta/FieldMapping.java",0
1,"0.9.0","dc1f0bf2046cf08d9484a287dee02ff058961ca4","openjpa-jdbc/src/main/java/org/apache/openjpa/jdbc/meta/FieldMappingInfo.java",0
1,"0.9.0","dc1f0bf2046cf08d9484a287dee02ff058961ca4","openjpa-jdbc/src/main/java/org/apache/openjpa/jdbc/meta/FieldStrategy.java",0
1,"0.9.0","dc1f0bf2046cf08d9484a287dee02ff058961ca4","openjpa-jdbc/src/main/java/org/apache/openjpa/jdbc/meta/JDBCColumnOrder.java",0
1,"0.9.0","dc1f0bf2046cf08d9484a287dee02ff058961ca4","openjpa-jdbc/src/main/java/org/apache/openjpa/jdbc/meta/JDBCOrder.java",0
1,"0.9.0","dc1f0bf2046cf08d9484a287dee02ff058961ca4","openjpa-jdbc/src/main/java/org/apache/openjpa/jdbc/meta/JDBCRelatedFieldOrder.java",0
1,"0.9.0","dc1f0bf2046cf08d9484a287dee02ff058961ca4","openjpa-jdbc/src/main/java/org/apache/openjpa/jdbc/meta/JDBCValueOrder.java",0
1,"0.9.0","dc1f0bf2046cf08d9484a287dee02ff058961ca4","openjpa-jdbc/src/main/java/org/apache/openjpa/jdbc/meta/JavaSQLTypes.java",0
1,"0.9.0","dc1f0bf2046cf08d9484a287dee02ff058961ca4","openjpa-jdbc/src/main/java/org/apache/openjpa/jdbc/meta/Joinable.java",0
1,"0.9.0","dc1f0bf2046cf08d9484a287dee02ff058961ca4","openjpa-jdbc/src/main/java/org/apache/openjpa/jdbc/meta/MappingDefaults.java",0
1,"0.9.0","dc1f0bf2046cf08d9484a287dee02ff058961ca4","openjpa-jdbc/src/main/java/org/apache/openjpa/jdbc/meta/MappingDefaultsImpl.java",0
1,"0.9.0","dc1f0bf2046cf08d9484a287dee02ff058961ca4","openjpa-jdbc/src/main/java/org/apache/openjpa/jdbc/meta/MappingInfo.java",0
1,"0.9.0","dc1f0bf2046cf08d9484a287dee02ff058961ca4","openjpa-jdbc/src/main/java/org/apache/openjpa/jdbc/meta/MappingRepository.java",0
1,"0.9.0","dc1f0bf2046cf08d9484a287dee02ff058961ca4","openjpa-jdbc/src/main/java/org/apache/openjpa/jdbc/meta/MappingStrategyInstaller.java",0
1,"0.9.0","dc1f0bf2046cf08d9484a287dee02ff058961ca4","openjpa-jdbc/src/main/java/org/apache/openjpa/jdbc/meta/MappingTool.java",0
1,"0.9.0","dc1f0bf2046cf08d9484a287dee02ff058961ca4","openjpa-jdbc/src/main/java/org/apache/openjpa/jdbc/meta/MetaDataPlusMappingFactory.java",0
1,"0.9.0","dc1f0bf2046cf08d9484a287dee02ff058961ca4","openjpa-jdbc/src/main/java/org/apache/openjpa/jdbc/meta/NoneMappingDefaults.java",0
1,"0.9.0","dc1f0bf2046cf08d9484a287dee02ff058961ca4","openjpa-jdbc/src/main/java/org/apache/openjpa/jdbc/meta/NoneStrategyInstaller.java",0
1,"0.9.0","dc1f0bf2046cf08d9484a287dee02ff058961ca4","openjpa-jdbc/src/main/java/org/apache/openjpa/jdbc/meta/PropertiesReverseCustomizer.java",0
1,"0.9.0","dc1f0bf2046cf08d9484a287dee02ff058961ca4","openjpa-jdbc/src/main/java/org/apache/openjpa/jdbc/meta/QueryResultMapping.java",0
1,"0.9.0","dc1f0bf2046cf08d9484a287dee02ff058961ca4","openjpa-jdbc/src/main/java/org/apache/openjpa/jdbc/meta/RefreshStrategyInstaller.java",0
1,"0.9.0","dc1f0bf2046cf08d9484a287dee02ff058961ca4","openjpa-jdbc/src/main/java/org/apache/openjpa/jdbc/meta/RelationId.java",0
1,"0.9.0","dc1f0bf2046cf08d9484a287dee02ff058961ca4","openjpa-jdbc/src/main/java/org/apache/openjpa/jdbc/meta/ReverseCustomizer.java",0
1,"0.9.0","dc1f0bf2046cf08d9484a287dee02ff058961ca4","openjpa-jdbc/src/main/java/org/apache/openjpa/jdbc/meta/ReverseMappingTool.java",0
1,"0.9.0","dc1f0bf2046cf08d9484a287dee02ff058961ca4","openjpa-jdbc/src/main/java/org/apache/openjpa/jdbc/meta/RuntimeStrategyInstaller.java",0
1,"0.9.0","dc1f0bf2046cf08d9484a287dee02ff058961ca4","openjpa-jdbc/src/main/java/org/apache/openjpa/jdbc/meta/SequenceMapping.java",0
1,"0.9.0","dc1f0bf2046cf08d9484a287dee02ff058961ca4","openjpa-jdbc/src/main/java/org/apache/openjpa/jdbc/meta/Strategy.java",0
1,"0.9.0","dc1f0bf2046cf08d9484a287dee02ff058961ca4","openjpa-jdbc/src/main/java/org/apache/openjpa/jdbc/meta/StrategyInstaller.java",0
1,"0.9.0","dc1f0bf2046cf08d9484a287dee02ff058961ca4","openjpa-jdbc/src/main/java/org/apache/openjpa/jdbc/meta/ValueHandler.java",0
1,"0.9.0","dc1f0bf2046cf08d9484a287dee02ff058961ca4","openjpa-jdbc/src/main/java/org/apache/openjpa/jdbc/meta/ValueMapping.java",0
1,"0.9.0","dc1f0bf2046cf08d9484a287dee02ff058961ca4","openjpa-jdbc/src/main/java/org/apache/openjpa/jdbc/meta/ValueMappingImpl.java",0
1,"0.9.0","dc1f0bf2046cf08d9484a287dee02ff058961ca4","openjpa-jdbc/src/main/java/org/apache/openjpa/jdbc/meta/ValueMappingInfo.java",0
1,"0.9.0","dc1f0bf2046cf08d9484a287dee02ff058961ca4","openjpa-jdbc/src/main/java/org/apache/openjpa/jdbc/meta/Version.java",0
1,"0.9.0","dc1f0bf2046cf08d9484a287dee02ff058961ca4","openjpa-jdbc/src/main/java/org/apache/openjpa/jdbc/meta/VersionMappingInfo.java",0
1,"0.9.0","dc1f0bf2046cf08d9484a287dee02ff058961ca4","openjpa-jdbc/src/main/java/org/apache/openjpa/jdbc/meta/VersionStrategy.java",0
1,"0.9.0","dc1f0bf2046cf08d9484a287dee02ff058961ca4","openjpa-jdbc/src/main/java/org/apache/openjpa/jdbc/meta/strats/AbstractClassStrategy.java",0
1,"0.9.0","dc1f0bf2046cf08d9484a287dee02ff058961ca4","openjpa-jdbc/src/main/java/org/apache/openjpa/jdbc/meta/strats/AbstractDiscriminatorStrategy.java",0
1,"0.9.0","dc1f0bf2046cf08d9484a287dee02ff058961ca4","openjpa-jdbc/src/main/java/org/apache/openjpa/jdbc/meta/strats/AbstractFieldStrategy.java",0
1,"0.9.0","dc1f0bf2046cf08d9484a287dee02ff058961ca4","openjpa-jdbc/src/main/java/org/apache/openjpa/jdbc/meta/strats/AbstractStrategy.java",0
1,"0.9.0","dc1f0bf2046cf08d9484a287dee02ff058961ca4","openjpa-jdbc/src/main/java/org/apache/openjpa/jdbc/meta/strats/AbstractValueHandler.java",0
1,"0.9.0","dc1f0bf2046cf08d9484a287dee02ff058961ca4","openjpa-jdbc/src/main/java/org/apache/openjpa/jdbc/meta/strats/AbstractVersionStrategy.java",0
1,"0.9.0","dc1f0bf2046cf08d9484a287dee02ff058961ca4","openjpa-jdbc/src/main/java/org/apache/openjpa/jdbc/meta/strats/BlobValueHandler.java",0
1,"0.9.0","dc1f0bf2046cf08d9484a287dee02ff058961ca4","openjpa-jdbc/src/main/java/org/apache/openjpa/jdbc/meta/strats/ByteArrayValueHandler.java",0
1,"0.9.0","dc1f0bf2046cf08d9484a287dee02ff058961ca4","openjpa-jdbc/src/main/java/org/apache/openjpa/jdbc/meta/strats/CharArrayStreamValueHandler.java",0
1,"0.9.0","dc1f0bf2046cf08d9484a287dee02ff058961ca4","openjpa-jdbc/src/main/java/org/apache/openjpa/jdbc/meta/strats/CharArrayValueHandler.java",0
1,"0.9.0","dc1f0bf2046cf08d9484a287dee02ff058961ca4","openjpa-jdbc/src/main/java/org/apache/openjpa/jdbc/meta/strats/ClassNameDiscriminatorStrategy.java",0
1,"0.9.0","dc1f0bf2046cf08d9484a287dee02ff058961ca4","openjpa-jdbc/src/main/java/org/apache/openjpa/jdbc/meta/strats/ClobValueHandler.java",0
1,"0.9.0","dc1f0bf2046cf08d9484a287dee02ff058961ca4","openjpa-jdbc/src/main/java/org/apache/openjpa/jdbc/meta/strats/ColumnVersionStrategy.java",0
1,"0.9.0","dc1f0bf2046cf08d9484a287dee02ff058961ca4","openjpa-jdbc/src/main/java/org/apache/openjpa/jdbc/meta/strats/ContainerFieldStrategy.java",0
1,"0.9.0","dc1f0bf2046cf08d9484a287dee02ff058961ca4","openjpa-jdbc/src/main/java/org/apache/openjpa/jdbc/meta/strats/EmbedFieldStrategy.java",0
1,"0.9.0","dc1f0bf2046cf08d9484a287dee02ff058961ca4","openjpa-jdbc/src/main/java/org/apache/openjpa/jdbc/meta/strats/EmbedValueHandler.java",0
1,"0.9.0","dc1f0bf2046cf08d9484a287dee02ff058961ca4","openjpa-jdbc/src/main/java/org/apache/openjpa/jdbc/meta/strats/EmbeddedClassStrategy.java",0
1,"0.9.0","dc1f0bf2046cf08d9484a287dee02ff058961ca4","openjpa-jdbc/src/main/java/org/apache/openjpa/jdbc/meta/strats/FlatClassStrategy.java",0
1,"0.9.0","dc1f0bf2046cf08d9484a287dee02ff058961ca4","openjpa-jdbc/src/main/java/org/apache/openjpa/jdbc/meta/strats/FullClassStrategy.java",0
1,"0.9.0","dc1f0bf2046cf08d9484a287dee02ff058961ca4","openjpa-jdbc/src/main/java/org/apache/openjpa/jdbc/meta/strats/HandlerFieldStrategy.java",0
1,"0.9.0","dc1f0bf2046cf08d9484a287dee02ff058961ca4","openjpa-jdbc/src/main/java/org/apache/openjpa/jdbc/meta/strats/HandlerHandlerMapTableFieldStrategy.java",0
1,"0.9.0","dc1f0bf2046cf08d9484a287dee02ff058961ca4","openjpa-jdbc/src/main/java/org/apache/openjpa/jdbc/meta/strats/HandlerStrategies.java",0
1,"0.9.0","dc1f0bf2046cf08d9484a287dee02ff058961ca4","openjpa-jdbc/src/main/java/org/apache/openjpa/jdbc/meta/strats/IdentityJoinable.java",0
1,"0.9.0","dc1f0bf2046cf08d9484a287dee02ff058961ca4","openjpa-jdbc/src/main/java/org/apache/openjpa/jdbc/meta/strats/ImmutableValueHandler.java",0
1,"0.9.0","dc1f0bf2046cf08d9484a287dee02ff058961ca4","openjpa-jdbc/src/main/java/org/apache/openjpa/jdbc/meta/strats/InValueDiscriminatorStrategy.java",0
1,"0.9.0","dc1f0bf2046cf08d9484a287dee02ff058961ca4","openjpa-jdbc/src/main/java/org/apache/openjpa/jdbc/meta/strats/LRSCollectionFieldStrategy.java",0
1,"0.9.0","dc1f0bf2046cf08d9484a287dee02ff058961ca4","openjpa-jdbc/src/main/java/org/apache/openjpa/jdbc/meta/strats/LRSMapFieldStrategy.java",0
1,"0.9.0","dc1f0bf2046cf08d9484a287dee02ff058961ca4","openjpa-jdbc/src/main/java/org/apache/openjpa/jdbc/meta/strats/LRSProxyCollection.java",0
1,"0.9.0","dc1f0bf2046cf08d9484a287dee02ff058961ca4","openjpa-jdbc/src/main/java/org/apache/openjpa/jdbc/meta/strats/LRSProxyMap.java",0
1,"0.9.0","dc1f0bf2046cf08d9484a287dee02ff058961ca4","openjpa-jdbc/src/main/java/org/apache/openjpa/jdbc/meta/strats/MapTableFieldStrategy.java",0
1,"0.9.0","dc1f0bf2046cf08d9484a287dee02ff058961ca4","openjpa-jdbc/src/main/java/org/apache/openjpa/jdbc/meta/strats/MaxEmbeddedBlobFieldStrategy.java",0
1,"0.9.0","dc1f0bf2046cf08d9484a287dee02ff058961ca4","openjpa-jdbc/src/main/java/org/apache/openjpa/jdbc/meta/strats/MaxEmbeddedByteArrayFieldStrategy.java",0
1,"0.9.0","dc1f0bf2046cf08d9484a287dee02ff058961ca4","openjpa-jdbc/src/main/java/org/apache/openjpa/jdbc/meta/strats/MaxEmbeddedCharArrayFieldStrategy.java",0
1,"0.9.0","dc1f0bf2046cf08d9484a287dee02ff058961ca4","openjpa-jdbc/src/main/java/org/apache/openjpa/jdbc/meta/strats/MaxEmbeddedClobFieldStrategy.java",0
1,"0.9.0","dc1f0bf2046cf08d9484a287dee02ff058961ca4","openjpa-jdbc/src/main/java/org/apache/openjpa/jdbc/meta/strats/MaxEmbeddedLobFieldStrategy.java",0
1,"0.9.0","dc1f0bf2046cf08d9484a287dee02ff058961ca4","openjpa-jdbc/src/main/java/org/apache/openjpa/jdbc/meta/strats/NoneClassStrategy.java",0
1,"0.9.0","dc1f0bf2046cf08d9484a287dee02ff058961ca4","openjpa-jdbc/src/main/java/org/apache/openjpa/jdbc/meta/strats/NoneDiscriminatorStrategy.java",0
1,"0.9.0","dc1f0bf2046cf08d9484a287dee02ff058961ca4","openjpa-jdbc/src/main/java/org/apache/openjpa/jdbc/meta/strats/NoneFieldStrategy.java",0
1,"0.9.0","dc1f0bf2046cf08d9484a287dee02ff058961ca4","openjpa-jdbc/src/main/java/org/apache/openjpa/jdbc/meta/strats/NoneVersionStrategy.java",0
1,"0.9.0","dc1f0bf2046cf08d9484a287dee02ff058961ca4","openjpa-jdbc/src/main/java/org/apache/openjpa/jdbc/meta/strats/NumberVersionStrategy.java",0
1,"0.9.0","dc1f0bf2046cf08d9484a287dee02ff058961ca4","openjpa-jdbc/src/main/java/org/apache/openjpa/jdbc/meta/strats/ObjectIdClassStrategy.java",0
1,"0.9.0","dc1f0bf2046cf08d9484a287dee02ff058961ca4","openjpa-jdbc/src/main/java/org/apache/openjpa/jdbc/meta/strats/ObjectIdValueHandler.java",0
1,"0.9.0","dc1f0bf2046cf08d9484a287dee02ff058961ca4","openjpa-jdbc/src/main/java/org/apache/openjpa/jdbc/meta/strats/PrimitiveFieldStrategy.java",0
1,"0.9.0","dc1f0bf2046cf08d9484a287dee02ff058961ca4","openjpa-jdbc/src/main/java/org/apache/openjpa/jdbc/meta/strats/PrimitiveWrapperArrays.java",0
1,"0.9.0","dc1f0bf2046cf08d9484a287dee02ff058961ca4","openjpa-jdbc/src/main/java/org/apache/openjpa/jdbc/meta/strats/RelationCollectionInverseKeyFieldStrategy.java",0
1,"0.9.0","dc1f0bf2046cf08d9484a287dee02ff058961ca4","openjpa-jdbc/src/main/java/org/apache/openjpa/jdbc/meta/strats/RelationCollectionTableFieldStrategy.java",0
1,"0.9.0","dc1f0bf2046cf08d9484a287dee02ff058961ca4","openjpa-jdbc/src/main/java/org/apache/openjpa/jdbc/meta/strats/RelationFieldStrategy.java",0
1,"0.9.0","dc1f0bf2046cf08d9484a287dee02ff058961ca4","openjpa-jdbc/src/main/java/org/apache/openjpa/jdbc/meta/strats/RelationMapInverseKeyFieldStrategy.java",0
1,"0.9.0","dc1f0bf2046cf08d9484a287dee02ff058961ca4","openjpa-jdbc/src/main/java/org/apache/openjpa/jdbc/meta/strats/RelationMapTableFieldStrategy.java",0
1,"0.9.0","dc1f0bf2046cf08d9484a287dee02ff058961ca4","openjpa-jdbc/src/main/java/org/apache/openjpa/jdbc/meta/strats/RelationStrategies.java",0
1,"0.9.0","dc1f0bf2046cf08d9484a287dee02ff058961ca4","openjpa-jdbc/src/main/java/org/apache/openjpa/jdbc/meta/strats/RelationToManyInverseKeyFieldStrategy.java",0
1,"0.9.0","dc1f0bf2046cf08d9484a287dee02ff058961ca4","openjpa-jdbc/src/main/java/org/apache/openjpa/jdbc/meta/strats/RelationToManyTableFieldStrategy.java",0
1,"0.9.0","dc1f0bf2046cf08d9484a287dee02ff058961ca4","openjpa-jdbc/src/main/java/org/apache/openjpa/jdbc/meta/strats/StateComparisonVersionStrategy.java",0
1,"0.9.0","dc1f0bf2046cf08d9484a287dee02ff058961ca4","openjpa-jdbc/src/main/java/org/apache/openjpa/jdbc/meta/strats/StoreCollectionFieldStrategy.java",0
1,"0.9.0","dc1f0bf2046cf08d9484a287dee02ff058961ca4","openjpa-jdbc/src/main/java/org/apache/openjpa/jdbc/meta/strats/StringFieldStrategy.java",0
1,"0.9.0","dc1f0bf2046cf08d9484a287dee02ff058961ca4","openjpa-jdbc/src/main/java/org/apache/openjpa/jdbc/meta/strats/SubclassJoinDiscriminatorStrategy.java",0
1,"0.9.0","dc1f0bf2046cf08d9484a287dee02ff058961ca4","openjpa-jdbc/src/main/java/org/apache/openjpa/jdbc/meta/strats/SuperclassDiscriminatorStrategy.java",0
1,"0.9.0","dc1f0bf2046cf08d9484a287dee02ff058961ca4","openjpa-jdbc/src/main/java/org/apache/openjpa/jdbc/meta/strats/SuperclassVersionStrategy.java",0
1,"0.9.0","dc1f0bf2046cf08d9484a287dee02ff058961ca4","openjpa-jdbc/src/main/java/org/apache/openjpa/jdbc/meta/strats/TimestampVersionStrategy.java",0
1,"0.9.0","dc1f0bf2046cf08d9484a287dee02ff058961ca4","openjpa-jdbc/src/main/java/org/apache/openjpa/jdbc/meta/strats/UntypedPCValueHandler.java",0
1,"0.9.0","dc1f0bf2046cf08d9484a287dee02ff058961ca4","openjpa-jdbc/src/main/java/org/apache/openjpa/jdbc/meta/strats/ValueMapDiscriminatorStrategy.java",0
1,"0.9.0","dc1f0bf2046cf08d9484a287dee02ff058961ca4","openjpa-jdbc/src/main/java/org/apache/openjpa/jdbc/meta/strats/VerticalClassStrategy.java",0
1,"0.9.0","dc1f0bf2046cf08d9484a287dee02ff058961ca4","openjpa-jdbc/src/main/java/org/apache/openjpa/jdbc/schema/Column.java",0
1,"0.9.0","dc1f0bf2046cf08d9484a287dee02ff058961ca4","openjpa-jdbc/src/main/java/org/apache/openjpa/jdbc/schema/ColumnIO.java",0
1,"0.9.0","dc1f0bf2046cf08d9484a287dee02ff058961ca4","openjpa-jdbc/src/main/java/org/apache/openjpa/jdbc/schema/Constraint.java",0
1,"0.9.0","dc1f0bf2046cf08d9484a287dee02ff058961ca4","openjpa-jdbc/src/main/java/org/apache/openjpa/jdbc/schema/DataSourceFactory.java",0
1,"0.9.0","dc1f0bf2046cf08d9484a287dee02ff058961ca4","openjpa-jdbc/src/main/java/org/apache/openjpa/jdbc/schema/DriverDataSource.java",0
1,"0.9.0","dc1f0bf2046cf08d9484a287dee02ff058961ca4","openjpa-jdbc/src/main/java/org/apache/openjpa/jdbc/schema/DynamicSchemaFactory.java",0
1,"0.9.0","dc1f0bf2046cf08d9484a287dee02ff058961ca4","openjpa-jdbc/src/main/java/org/apache/openjpa/jdbc/schema/FileSchemaFactory.java",0
1,"0.9.0","dc1f0bf2046cf08d9484a287dee02ff058961ca4","openjpa-jdbc/src/main/java/org/apache/openjpa/jdbc/schema/ForeignKey.java",0
1,"0.9.0","dc1f0bf2046cf08d9484a287dee02ff058961ca4","openjpa-jdbc/src/main/java/org/apache/openjpa/jdbc/schema/Index.java",0
1,"0.9.0","dc1f0bf2046cf08d9484a287dee02ff058961ca4","openjpa-jdbc/src/main/java/org/apache/openjpa/jdbc/schema/LazySchemaFactory.java",0
1,"0.9.0","dc1f0bf2046cf08d9484a287dee02ff058961ca4","openjpa-jdbc/src/main/java/org/apache/openjpa/jdbc/schema/LocalConstraint.java",0
1,"0.9.0","dc1f0bf2046cf08d9484a287dee02ff058961ca4","openjpa-jdbc/src/main/java/org/apache/openjpa/jdbc/schema/NameSet.java",0
1,"0.9.0","dc1f0bf2046cf08d9484a287dee02ff058961ca4","openjpa-jdbc/src/main/java/org/apache/openjpa/jdbc/schema/PrimaryKey.java",0
1,"0.9.0","dc1f0bf2046cf08d9484a287dee02ff058961ca4","openjpa-jdbc/src/main/java/org/apache/openjpa/jdbc/schema/ReferenceCounter.java",0
1,"0.9.0","dc1f0bf2046cf08d9484a287dee02ff058961ca4","openjpa-jdbc/src/main/java/org/apache/openjpa/jdbc/schema/Schema.java",0
1,"0.9.0","dc1f0bf2046cf08d9484a287dee02ff058961ca4","openjpa-jdbc/src/main/java/org/apache/openjpa/jdbc/schema/SchemaFactory.java",0
1,"0.9.0","dc1f0bf2046cf08d9484a287dee02ff058961ca4","openjpa-jdbc/src/main/java/org/apache/openjpa/jdbc/schema/SchemaGenerator.java",0
1,"0.9.0","dc1f0bf2046cf08d9484a287dee02ff058961ca4","openjpa-jdbc/src/main/java/org/apache/openjpa/jdbc/schema/SchemaGroup.java",0
1,"0.9.0","dc1f0bf2046cf08d9484a287dee02ff058961ca4","openjpa-jdbc/src/main/java/org/apache/openjpa/jdbc/schema/SchemaParser.java",0
1,"0.9.0","dc1f0bf2046cf08d9484a287dee02ff058961ca4","openjpa-jdbc/src/main/java/org/apache/openjpa/jdbc/schema/SchemaSerializer.java",0
1,"0.9.0","dc1f0bf2046cf08d9484a287dee02ff058961ca4","openjpa-jdbc/src/main/java/org/apache/openjpa/jdbc/schema/SchemaTool.java",0
1,"0.9.0","dc1f0bf2046cf08d9484a287dee02ff058961ca4","openjpa-jdbc/src/main/java/org/apache/openjpa/jdbc/schema/Schemas.java",0
1,"0.9.0","dc1f0bf2046cf08d9484a287dee02ff058961ca4","openjpa-jdbc/src/main/java/org/apache/openjpa/jdbc/schema/Sequence.java",0
1,"0.9.0","dc1f0bf2046cf08d9484a287dee02ff058961ca4","openjpa-jdbc/src/main/java/org/apache/openjpa/jdbc/schema/SimpleDriverDataSource.java",0
1,"0.9.0","dc1f0bf2046cf08d9484a287dee02ff058961ca4","openjpa-jdbc/src/main/java/org/apache/openjpa/jdbc/schema/Table.java",0
1,"0.9.0","dc1f0bf2046cf08d9484a287dee02ff058961ca4","openjpa-jdbc/src/main/java/org/apache/openjpa/jdbc/schema/TableSchemaFactory.java",0
1,"0.9.0","dc1f0bf2046cf08d9484a287dee02ff058961ca4","openjpa-jdbc/src/main/java/org/apache/openjpa/jdbc/schema/Unique.java",0
1,"0.9.0","dc1f0bf2046cf08d9484a287dee02ff058961ca4","openjpa-jdbc/src/main/java/org/apache/openjpa/jdbc/schema/XMLSchemaParser.java",0
1,"0.9.0","dc1f0bf2046cf08d9484a287dee02ff058961ca4","openjpa-jdbc/src/main/java/org/apache/openjpa/jdbc/schema/XMLSchemaSerializer.java",0
1,"0.9.0","dc1f0bf2046cf08d9484a287dee02ff058961ca4","openjpa-jdbc/src/main/java/org/apache/openjpa/jdbc/sql/AbstractDB2Dictionary.java",0
1,"0.9.0","dc1f0bf2046cf08d9484a287dee02ff058961ca4","openjpa-jdbc/src/main/java/org/apache/openjpa/jdbc/sql/AbstractResult.java",0
1,"0.9.0","dc1f0bf2046cf08d9484a287dee02ff058961ca4","openjpa-jdbc/src/main/java/org/apache/openjpa/jdbc/sql/AbstractSQLServerDictionary.java",0
1,"0.9.0","dc1f0bf2046cf08d9484a287dee02ff058961ca4","openjpa-jdbc/src/main/java/org/apache/openjpa/jdbc/sql/AccessDictionary.java",0
1,"0.9.0","dc1f0bf2046cf08d9484a287dee02ff058961ca4","openjpa-jdbc/src/main/java/org/apache/openjpa/jdbc/sql/CacheDictionary.java",0
1,"0.9.0","dc1f0bf2046cf08d9484a287dee02ff058961ca4","openjpa-jdbc/src/main/java/org/apache/openjpa/jdbc/sql/Calendard.java",0
1,"0.9.0","dc1f0bf2046cf08d9484a287dee02ff058961ca4","openjpa-jdbc/src/main/java/org/apache/openjpa/jdbc/sql/DB2Dictionary.java",0
1,"0.9.0","dc1f0bf2046cf08d9484a287dee02ff058961ca4","openjpa-jdbc/src/main/java/org/apache/openjpa/jdbc/sql/DBDictionary.java",0
1,"0.9.0","dc1f0bf2046cf08d9484a287dee02ff058961ca4","openjpa-jdbc/src/main/java/org/apache/openjpa/jdbc/sql/DBDictionaryFactory.java",0
1,"0.9.0","dc1f0bf2046cf08d9484a287dee02ff058961ca4","openjpa-jdbc/src/main/java/org/apache/openjpa/jdbc/sql/DerbyDictionary.java",0
1,"0.9.0","dc1f0bf2046cf08d9484a287dee02ff058961ca4","openjpa-jdbc/src/main/java/org/apache/openjpa/jdbc/sql/EmpressDictionary.java",0
1,"0.9.0","dc1f0bf2046cf08d9484a287dee02ff058961ca4","openjpa-jdbc/src/main/java/org/apache/openjpa/jdbc/sql/FirebirdDictionary.java",0
1,"0.9.0","dc1f0bf2046cf08d9484a287dee02ff058961ca4","openjpa-jdbc/src/main/java/org/apache/openjpa/jdbc/sql/FoxProDictionary.java",0
1,"0.9.0","dc1f0bf2046cf08d9484a287dee02ff058961ca4","openjpa-jdbc/src/main/java/org/apache/openjpa/jdbc/sql/HSQLDictionary.java",0
1,"0.9.0","dc1f0bf2046cf08d9484a287dee02ff058961ca4","openjpa-jdbc/src/main/java/org/apache/openjpa/jdbc/sql/InformixDictionary.java",0
1,"0.9.0","dc1f0bf2046cf08d9484a287dee02ff058961ca4","openjpa-jdbc/src/main/java/org/apache/openjpa/jdbc/sql/InterbaseDictionary.java",0
1,"0.9.0","dc1f0bf2046cf08d9484a287dee02ff058961ca4","openjpa-jdbc/src/main/java/org/apache/openjpa/jdbc/sql/JDataStoreDictionary.java",0
1,"0.9.0","dc1f0bf2046cf08d9484a287dee02ff058961ca4","openjpa-jdbc/src/main/java/org/apache/openjpa/jdbc/sql/Join.java",0
1,"0.9.0","dc1f0bf2046cf08d9484a287dee02ff058961ca4","openjpa-jdbc/src/main/java/org/apache/openjpa/jdbc/sql/JoinSet.java",0
1,"0.9.0","dc1f0bf2046cf08d9484a287dee02ff058961ca4","openjpa-jdbc/src/main/java/org/apache/openjpa/jdbc/sql/JoinSyntaxes.java",0
1,"0.9.0","dc1f0bf2046cf08d9484a287dee02ff058961ca4","openjpa-jdbc/src/main/java/org/apache/openjpa/jdbc/sql/Joins.java",0
1,"0.9.0","dc1f0bf2046cf08d9484a287dee02ff058961ca4","openjpa-jdbc/src/main/java/org/apache/openjpa/jdbc/sql/LogicalUnion.java",0
1,"0.9.0","dc1f0bf2046cf08d9484a287dee02ff058961ca4","openjpa-jdbc/src/main/java/org/apache/openjpa/jdbc/sql/MergedResult.java",0
1,"0.9.0","dc1f0bf2046cf08d9484a287dee02ff058961ca4","openjpa-jdbc/src/main/java/org/apache/openjpa/jdbc/sql/MySQLDictionary.java",0
1,"0.9.0","dc1f0bf2046cf08d9484a287dee02ff058961ca4","openjpa-jdbc/src/main/java/org/apache/openjpa/jdbc/sql/OracleDictionary.java",0
1,"0.9.0","dc1f0bf2046cf08d9484a287dee02ff058961ca4","openjpa-jdbc/src/main/java/org/apache/openjpa/jdbc/sql/PointbaseDictionary.java",0
1,"0.9.0","dc1f0bf2046cf08d9484a287dee02ff058961ca4","openjpa-jdbc/src/main/java/org/apache/openjpa/jdbc/sql/PostgresDictionary.java",0
1,"0.9.0","dc1f0bf2046cf08d9484a287dee02ff058961ca4","openjpa-jdbc/src/main/java/org/apache/openjpa/jdbc/sql/PrimaryRow.java",0
1,"0.9.0","dc1f0bf2046cf08d9484a287dee02ff058961ca4","openjpa-jdbc/src/main/java/org/apache/openjpa/jdbc/sql/Raw.java",0
1,"0.9.0","dc1f0bf2046cf08d9484a287dee02ff058961ca4","openjpa-jdbc/src/main/java/org/apache/openjpa/jdbc/sql/Result.java",0
1,"0.9.0","dc1f0bf2046cf08d9484a287dee02ff058961ca4","openjpa-jdbc/src/main/java/org/apache/openjpa/jdbc/sql/ResultSetResult.java",0
1,"0.9.0","dc1f0bf2046cf08d9484a287dee02ff058961ca4","openjpa-jdbc/src/main/java/org/apache/openjpa/jdbc/sql/Row.java",0
1,"0.9.0","dc1f0bf2046cf08d9484a287dee02ff058961ca4","openjpa-jdbc/src/main/java/org/apache/openjpa/jdbc/sql/RowImpl.java",0
1,"0.9.0","dc1f0bf2046cf08d9484a287dee02ff058961ca4","openjpa-jdbc/src/main/java/org/apache/openjpa/jdbc/sql/RowManager.java",0
1,"0.9.0","dc1f0bf2046cf08d9484a287dee02ff058961ca4","openjpa-jdbc/src/main/java/org/apache/openjpa/jdbc/sql/RowManagerImpl.java",0
1,"0.9.0","dc1f0bf2046cf08d9484a287dee02ff058961ca4","openjpa-jdbc/src/main/java/org/apache/openjpa/jdbc/sql/SQLBuffer.java",0
1,"0.9.0","dc1f0bf2046cf08d9484a287dee02ff058961ca4","openjpa-jdbc/src/main/java/org/apache/openjpa/jdbc/sql/SQLExceptions.java",0
1,"0.9.0","dc1f0bf2046cf08d9484a287dee02ff058961ca4","openjpa-jdbc/src/main/java/org/apache/openjpa/jdbc/sql/SQLFactory.java",0
1,"0.9.0","dc1f0bf2046cf08d9484a287dee02ff058961ca4","openjpa-jdbc/src/main/java/org/apache/openjpa/jdbc/sql/SQLFactoryImpl.java",0
1,"0.9.0","dc1f0bf2046cf08d9484a287dee02ff058961ca4","openjpa-jdbc/src/main/java/org/apache/openjpa/jdbc/sql/SQLServerDictionary.java",0
1,"0.9.0","dc1f0bf2046cf08d9484a287dee02ff058961ca4","openjpa-jdbc/src/main/java/org/apache/openjpa/jdbc/sql/SecondaryRow.java",0
1,"0.9.0","dc1f0bf2046cf08d9484a287dee02ff058961ca4","openjpa-jdbc/src/main/java/org/apache/openjpa/jdbc/sql/Select.java",0
1,"0.9.0","dc1f0bf2046cf08d9484a287dee02ff058961ca4","openjpa-jdbc/src/main/java/org/apache/openjpa/jdbc/sql/SelectExecutor.java",0
1,"0.9.0","dc1f0bf2046cf08d9484a287dee02ff058961ca4","openjpa-jdbc/src/main/java/org/apache/openjpa/jdbc/sql/SelectImpl.java",0
1,"0.9.0","dc1f0bf2046cf08d9484a287dee02ff058961ca4","openjpa-jdbc/src/main/java/org/apache/openjpa/jdbc/sql/Sized.java",0
1,"0.9.0","dc1f0bf2046cf08d9484a287dee02ff058961ca4","openjpa-jdbc/src/main/java/org/apache/openjpa/jdbc/sql/SybaseDictionary.java",0
1,"0.9.0","dc1f0bf2046cf08d9484a287dee02ff058961ca4","openjpa-jdbc/src/main/java/org/apache/openjpa/jdbc/sql/Union.java",0
1,"0.9.0","dc1f0bf2046cf08d9484a287dee02ff058961ca4","openjpa-kernel-4/src/main/java/org/apache/openjpa/util/ProxyGregorianCalendar4.java",0
1,"0.9.0","dc1f0bf2046cf08d9484a287dee02ff058961ca4","openjpa-kernel-5/src/main/java/org/apache/openjpa/enhance/PCClassFileTransformer.java",0
1,"0.9.0","dc1f0bf2046cf08d9484a287dee02ff058961ca4","openjpa-kernel-5/src/main/java/org/apache/openjpa/enhance/PCEnhancerAgent.java",0
1,"0.9.0","dc1f0bf2046cf08d9484a287dee02ff058961ca4","openjpa-kernel/src/main/java/org/apache/openjpa/abstractstore/AbstractStoreBrokerFactory.java",0
1,"0.9.0","dc1f0bf2046cf08d9484a287dee02ff058961ca4","openjpa-kernel/src/main/java/org/apache/openjpa/abstractstore/AbstractStoreManager.java",0
1,"0.9.0","dc1f0bf2046cf08d9484a287dee02ff058961ca4","openjpa-kernel/src/main/java/org/apache/openjpa/ant/MetaDataToolTask.java",0
1,"0.9.0","dc1f0bf2046cf08d9484a287dee02ff058961ca4","openjpa-kernel/src/main/java/org/apache/openjpa/ant/PCEnhancerTask.java",0
1,"0.9.0","dc1f0bf2046cf08d9484a287dee02ff058961ca4","openjpa-kernel/src/main/java/org/apache/openjpa/conf/AutoDetachValue.java",0
1,"0.9.0","dc1f0bf2046cf08d9484a287dee02ff058961ca4","openjpa-kernel/src/main/java/org/apache/openjpa/conf/BrokerFactoryValue.java",0
1,"0.9.0","dc1f0bf2046cf08d9484a287dee02ff058961ca4","openjpa-kernel/src/main/java/org/apache/openjpa/conf/Compatibility.java",0
1,"0.9.0","dc1f0bf2046cf08d9484a287dee02ff058961ca4","openjpa-kernel/src/main/java/org/apache/openjpa/conf/DetachOptions.java",0
1,"0.9.0","dc1f0bf2046cf08d9484a287dee02ff058961ca4","openjpa-kernel/src/main/java/org/apache/openjpa/conf/OpenJPAConfiguration.java",0
1,"0.9.0","dc1f0bf2046cf08d9484a287dee02ff058961ca4","openjpa-kernel/src/main/java/org/apache/openjpa/conf/OpenJPAConfigurationImpl.java",0
1,"0.9.0","dc1f0bf2046cf08d9484a287dee02ff058961ca4","openjpa-kernel/src/main/java/org/apache/openjpa/conf/OpenJPAVersion.java",0
1,"0.9.0","dc1f0bf2046cf08d9484a287dee02ff058961ca4","openjpa-kernel/src/main/java/org/apache/openjpa/conf/ProductDerivation.java",0
1,"0.9.0","dc1f0bf2046cf08d9484a287dee02ff058961ca4","openjpa-kernel/src/main/java/org/apache/openjpa/conf/ProductDerivations.java",1
1,"0.9.0","dc1f0bf2046cf08d9484a287dee02ff058961ca4","openjpa-kernel/src/main/java/org/apache/openjpa/conf/RemoteCommitProviderValue.java",0
1,"0.9.0","dc1f0bf2046cf08d9484a287dee02ff058961ca4","openjpa-kernel/src/main/java/org/apache/openjpa/conf/SeqValue.java",0
1,"0.9.0","dc1f0bf2046cf08d9484a287dee02ff058961ca4","openjpa-kernel/src/main/java/org/apache/openjpa/datacache/AbstractDataCache.java",0
1,"0.9.0","dc1f0bf2046cf08d9484a287dee02ff058961ca4","openjpa-kernel/src/main/java/org/apache/openjpa/datacache/AbstractQueryCache.java",0
1,"0.9.0","dc1f0bf2046cf08d9484a287dee02ff058961ca4","openjpa-kernel/src/main/java/org/apache/openjpa/datacache/Caches.java",0
1,"0.9.0","dc1f0bf2046cf08d9484a287dee02ff058961ca4","openjpa-kernel/src/main/java/org/apache/openjpa/datacache/ConcurrentDataCache.java",0
1,"0.9.0","dc1f0bf2046cf08d9484a287dee02ff058961ca4","openjpa-kernel/src/main/java/org/apache/openjpa/datacache/ConcurrentQueryCache.java",0
1,"0.9.0","dc1f0bf2046cf08d9484a287dee02ff058961ca4","openjpa-kernel/src/main/java/org/apache/openjpa/datacache/DataCache.java",0
1,"0.9.0","dc1f0bf2046cf08d9484a287dee02ff058961ca4","openjpa-kernel/src/main/java/org/apache/openjpa/datacache/DataCacheManager.java",0
1,"0.9.0","dc1f0bf2046cf08d9484a287dee02ff058961ca4","openjpa-kernel/src/main/java/org/apache/openjpa/datacache/DataCacheManagerImpl.java",0
1,"0.9.0","dc1f0bf2046cf08d9484a287dee02ff058961ca4","openjpa-kernel/src/main/java/org/apache/openjpa/datacache/DataCachePCData.java",0
1,"0.9.0","dc1f0bf2046cf08d9484a287dee02ff058961ca4","openjpa-kernel/src/main/java/org/apache/openjpa/datacache/DataCachePCDataGenerator.java",0
1,"0.9.0","dc1f0bf2046cf08d9484a287dee02ff058961ca4","openjpa-kernel/src/main/java/org/apache/openjpa/datacache/DataCachePCDataImpl.java",0
1,"0.9.0","dc1f0bf2046cf08d9484a287dee02ff058961ca4","openjpa-kernel/src/main/java/org/apache/openjpa/datacache/DataCacheScheduler.java",0
1,"0.9.0","dc1f0bf2046cf08d9484a287dee02ff058961ca4","openjpa-kernel/src/main/java/org/apache/openjpa/datacache/DataCacheStoreManager.java",0
1,"0.9.0","dc1f0bf2046cf08d9484a287dee02ff058961ca4","openjpa-kernel/src/main/java/org/apache/openjpa/datacache/DelegatingDataCache.java",0
1,"0.9.0","dc1f0bf2046cf08d9484a287dee02ff058961ca4","openjpa-kernel/src/main/java/org/apache/openjpa/datacache/DelegatingQueryCache.java",0
1,"0.9.0","dc1f0bf2046cf08d9484a287dee02ff058961ca4","openjpa-kernel/src/main/java/org/apache/openjpa/datacache/ExpirationEvent.java",0
1,"0.9.0","dc1f0bf2046cf08d9484a287dee02ff058961ca4","openjpa-kernel/src/main/java/org/apache/openjpa/datacache/ExpirationListener.java",0
1,"0.9.0","dc1f0bf2046cf08d9484a287dee02ff058961ca4","openjpa-kernel/src/main/java/org/apache/openjpa/datacache/QueryCache.java",0
1,"0.9.0","dc1f0bf2046cf08d9484a287dee02ff058961ca4","openjpa-kernel/src/main/java/org/apache/openjpa/datacache/QueryCacheStoreQuery.java",0
1,"0.9.0","dc1f0bf2046cf08d9484a287dee02ff058961ca4","openjpa-kernel/src/main/java/org/apache/openjpa/datacache/QueryKey.java",0
1,"0.9.0","dc1f0bf2046cf08d9484a287dee02ff058961ca4","openjpa-kernel/src/main/java/org/apache/openjpa/datacache/QueryResult.java",0
1,"0.9.0","dc1f0bf2046cf08d9484a287dee02ff058961ca4","openjpa-kernel/src/main/java/org/apache/openjpa/datacache/TypesChangedEvent.java",0
1,"0.9.0","dc1f0bf2046cf08d9484a287dee02ff058961ca4","openjpa-kernel/src/main/java/org/apache/openjpa/datacache/TypesChangedListener.java",0
1,"0.9.0","dc1f0bf2046cf08d9484a287dee02ff058961ca4","openjpa-kernel/src/main/java/org/apache/openjpa/ee/AutomaticManagedRuntime.java",0
1,"0.9.0","dc1f0bf2046cf08d9484a287dee02ff058961ca4","openjpa-kernel/src/main/java/org/apache/openjpa/ee/InvocationManagedRuntime.java",0
1,"0.9.0","dc1f0bf2046cf08d9484a287dee02ff058961ca4","openjpa-kernel/src/main/java/org/apache/openjpa/ee/JNDIManagedRuntime.java",0
1,"0.9.0","dc1f0bf2046cf08d9484a287dee02ff058961ca4","openjpa-kernel/src/main/java/org/apache/openjpa/ee/ManagedRuntime.java",0
1,"0.9.0","dc1f0bf2046cf08d9484a287dee02ff058961ca4","openjpa-kernel/src/main/java/org/apache/openjpa/ee/SunOneManagedRuntime.java",0
1,"0.9.0","dc1f0bf2046cf08d9484a287dee02ff058961ca4","openjpa-kernel/src/main/java/org/apache/openjpa/ee/WLSManagedRuntime.java",0
1,"0.9.0","dc1f0bf2046cf08d9484a287dee02ff058961ca4","openjpa-kernel/src/main/java/org/apache/openjpa/enhance/ApplicationIdTool.java",0
1,"0.9.0","dc1f0bf2046cf08d9484a287dee02ff058961ca4","openjpa-kernel/src/main/java/org/apache/openjpa/enhance/CodeGenerator.java",0
1,"0.9.0","dc1f0bf2046cf08d9484a287dee02ff058961ca4","openjpa-kernel/src/main/java/org/apache/openjpa/enhance/DynamicStorage.java",0
1,"0.9.0","dc1f0bf2046cf08d9484a287dee02ff058961ca4","openjpa-kernel/src/main/java/org/apache/openjpa/enhance/DynamicStorageGenerator.java",0
1,"0.9.0","dc1f0bf2046cf08d9484a287dee02ff058961ca4","openjpa-kernel/src/main/java/org/apache/openjpa/enhance/FieldConsumer.java",0
1,"0.9.0","dc1f0bf2046cf08d9484a287dee02ff058961ca4","openjpa-kernel/src/main/java/org/apache/openjpa/enhance/FieldManager.java",0
1,"0.9.0","dc1f0bf2046cf08d9484a287dee02ff058961ca4","openjpa-kernel/src/main/java/org/apache/openjpa/enhance/FieldSupplier.java",0
1,"0.9.0","dc1f0bf2046cf08d9484a287dee02ff058961ca4","openjpa-kernel/src/main/java/org/apache/openjpa/enhance/PCDataGenerator.java",0
1,"0.9.0","dc1f0bf2046cf08d9484a287dee02ff058961ca4","openjpa-kernel/src/main/java/org/apache/openjpa/enhance/PCEnhancer.java",1
1,"0.9.0","dc1f0bf2046cf08d9484a287dee02ff058961ca4","openjpa-kernel/src/main/java/org/apache/openjpa/enhance/PCRegistry.java",0
1,"0.9.0","dc1f0bf2046cf08d9484a287dee02ff058961ca4","openjpa-kernel/src/main/java/org/apache/openjpa/enhance/PersistenceCapable.java",0
1,"0.9.0","dc1f0bf2046cf08d9484a287dee02ff058961ca4","openjpa-kernel/src/main/java/org/apache/openjpa/enhance/StateManager.java",0
1,"0.9.0","dc1f0bf2046cf08d9484a287dee02ff058961ca4","openjpa-kernel/src/main/java/org/apache/openjpa/event/AbstractLifecycleListener.java",0
1,"0.9.0","dc1f0bf2046cf08d9484a287dee02ff058961ca4","openjpa-kernel/src/main/java/org/apache/openjpa/event/AbstractRemoteCommitProvider.java",0
1,"0.9.0","dc1f0bf2046cf08d9484a287dee02ff058961ca4","openjpa-kernel/src/main/java/org/apache/openjpa/event/AbstractTransactionListener.java",0
1,"0.9.0","dc1f0bf2046cf08d9484a287dee02ff058961ca4","openjpa-kernel/src/main/java/org/apache/openjpa/event/AttachListener.java",0
1,"0.9.0","dc1f0bf2046cf08d9484a287dee02ff058961ca4","openjpa-kernel/src/main/java/org/apache/openjpa/event/BeanLifecycleCallbacks.java",0
1,"0.9.0","dc1f0bf2046cf08d9484a287dee02ff058961ca4","openjpa-kernel/src/main/java/org/apache/openjpa/event/BeginTransactionListener.java",0
1,"0.9.0","dc1f0bf2046cf08d9484a287dee02ff058961ca4","openjpa-kernel/src/main/java/org/apache/openjpa/event/CallbackModes.java",0
1,"0.9.0","dc1f0bf2046cf08d9484a287dee02ff058961ca4","openjpa-kernel/src/main/java/org/apache/openjpa/event/ClearListener.java",0
1,"0.9.0","dc1f0bf2046cf08d9484a287dee02ff058961ca4","openjpa-kernel/src/main/java/org/apache/openjpa/event/DeleteListener.java",0
1,"0.9.0","dc1f0bf2046cf08d9484a287dee02ff058961ca4","openjpa-kernel/src/main/java/org/apache/openjpa/event/DetachListener.java",0
1,"0.9.0","dc1f0bf2046cf08d9484a287dee02ff058961ca4","openjpa-kernel/src/main/java/org/apache/openjpa/event/DirtyListener.java",0
1,"0.9.0","dc1f0bf2046cf08d9484a287dee02ff058961ca4","openjpa-kernel/src/main/java/org/apache/openjpa/event/EndTransactionListener.java",0
1,"0.9.0","dc1f0bf2046cf08d9484a287dee02ff058961ca4","openjpa-kernel/src/main/java/org/apache/openjpa/event/ExceptionOrphanedKeyAction.java",0
1,"0.9.0","dc1f0bf2046cf08d9484a287dee02ff058961ca4","openjpa-kernel/src/main/java/org/apache/openjpa/event/FlushTransactionListener.java",0
1,"0.9.0","dc1f0bf2046cf08d9484a287dee02ff058961ca4","openjpa-kernel/src/main/java/org/apache/openjpa/event/JMSRemoteCommitProvider.java",0
1,"0.9.0","dc1f0bf2046cf08d9484a287dee02ff058961ca4","openjpa-kernel/src/main/java/org/apache/openjpa/event/LifecycleCallbacks.java",0
1,"0.9.0","dc1f0bf2046cf08d9484a287dee02ff058961ca4","openjpa-kernel/src/main/java/org/apache/openjpa/event/LifecycleEvent.java",0
1,"0.9.0","dc1f0bf2046cf08d9484a287dee02ff058961ca4","openjpa-kernel/src/main/java/org/apache/openjpa/event/LifecycleEventManager.java",0
1,"0.9.0","dc1f0bf2046cf08d9484a287dee02ff058961ca4","openjpa-kernel/src/main/java/org/apache/openjpa/event/LifecycleListener.java",0
1,"0.9.0","dc1f0bf2046cf08d9484a287dee02ff058961ca4","openjpa-kernel/src/main/java/org/apache/openjpa/event/LoadListener.java",0
1,"0.9.0","dc1f0bf2046cf08d9484a287dee02ff058961ca4","openjpa-kernel/src/main/java/org/apache/openjpa/event/LogOrphanedKeyAction.java",0
1,"0.9.0","dc1f0bf2046cf08d9484a287dee02ff058961ca4","openjpa-kernel/src/main/java/org/apache/openjpa/event/MethodLifecycleCallbacks.java",0
1,"0.9.0","dc1f0bf2046cf08d9484a287dee02ff058961ca4","openjpa-kernel/src/main/java/org/apache/openjpa/event/NoneOrphanedKeyAction.java",0
1,"0.9.0","dc1f0bf2046cf08d9484a287dee02ff058961ca4","openjpa-kernel/src/main/java/org/apache/openjpa/event/OrphanedKeyAction.java",0
1,"0.9.0","dc1f0bf2046cf08d9484a287dee02ff058961ca4","openjpa-kernel/src/main/java/org/apache/openjpa/event/PersistListener.java",0
1,"0.9.0","dc1f0bf2046cf08d9484a287dee02ff058961ca4","openjpa-kernel/src/main/java/org/apache/openjpa/event/RemoteCommitEvent.java",0
1,"0.9.0","dc1f0bf2046cf08d9484a287dee02ff058961ca4","openjpa-kernel/src/main/java/org/apache/openjpa/event/RemoteCommitEventManager.java",0
1,"0.9.0","dc1f0bf2046cf08d9484a287dee02ff058961ca4","openjpa-kernel/src/main/java/org/apache/openjpa/event/RemoteCommitListener.java",0
1,"0.9.0","dc1f0bf2046cf08d9484a287dee02ff058961ca4","openjpa-kernel/src/main/java/org/apache/openjpa/event/RemoteCommitProvider.java",0
1,"0.9.0","dc1f0bf2046cf08d9484a287dee02ff058961ca4","openjpa-kernel/src/main/java/org/apache/openjpa/event/SingleJVMRemoteCommitProvider.java",0
1,"0.9.0","dc1f0bf2046cf08d9484a287dee02ff058961ca4","openjpa-kernel/src/main/java/org/apache/openjpa/event/StoreListener.java",0
1,"0.9.0","dc1f0bf2046cf08d9484a287dee02ff058961ca4","openjpa-kernel/src/main/java/org/apache/openjpa/event/TCPRemoteCommitProvider.java",0
1,"0.9.0","dc1f0bf2046cf08d9484a287dee02ff058961ca4","openjpa-kernel/src/main/java/org/apache/openjpa/event/TransactionEvent.java",0
1,"0.9.0","dc1f0bf2046cf08d9484a287dee02ff058961ca4","openjpa-kernel/src/main/java/org/apache/openjpa/event/TransactionEventManager.java",0
1,"0.9.0","dc1f0bf2046cf08d9484a287dee02ff058961ca4","openjpa-kernel/src/main/java/org/apache/openjpa/event/TransactionListener.java",0
1,"0.9.0","dc1f0bf2046cf08d9484a287dee02ff058961ca4","openjpa-kernel/src/main/java/org/apache/openjpa/kernel/AbstractBrokerFactory.java",0
1,"0.9.0","dc1f0bf2046cf08d9484a287dee02ff058961ca4","openjpa-kernel/src/main/java/org/apache/openjpa/kernel/AbstractFieldManager.java",0
1,"0.9.0","dc1f0bf2046cf08d9484a287dee02ff058961ca4","openjpa-kernel/src/main/java/org/apache/openjpa/kernel/AbstractLockManager.java",0
1,"0.9.0","dc1f0bf2046cf08d9484a287dee02ff058961ca4","openjpa-kernel/src/main/java/org/apache/openjpa/kernel/AbstractPCData.java",0
1,"0.9.0","dc1f0bf2046cf08d9484a287dee02ff058961ca4","openjpa-kernel/src/main/java/org/apache/openjpa/kernel/AbstractPCResultObjectProvider.java",0
1,"0.9.0","dc1f0bf2046cf08d9484a287dee02ff058961ca4","openjpa-kernel/src/main/java/org/apache/openjpa/kernel/AbstractStoreQuery.java",0
1,"0.9.0","dc1f0bf2046cf08d9484a287dee02ff058961ca4","openjpa-kernel/src/main/java/org/apache/openjpa/kernel/AttachManager.java",0
1,"0.9.0","dc1f0bf2046cf08d9484a287dee02ff058961ca4","openjpa-kernel/src/main/java/org/apache/openjpa/kernel/AttachStrategy.java",0
1,"0.9.0","dc1f0bf2046cf08d9484a287dee02ff058961ca4","openjpa-kernel/src/main/java/org/apache/openjpa/kernel/AutoClear.java",0
1,"0.9.0","dc1f0bf2046cf08d9484a287dee02ff058961ca4","openjpa-kernel/src/main/java/org/apache/openjpa/kernel/AutoDetach.java",0
1,"0.9.0","dc1f0bf2046cf08d9484a287dee02ff058961ca4","openjpa-kernel/src/main/java/org/apache/openjpa/kernel/Bootstrap.java",0
1,"0.9.0","dc1f0bf2046cf08d9484a287dee02ff058961ca4","openjpa-kernel/src/main/java/org/apache/openjpa/kernel/Broker.java",0
1,"0.9.0","dc1f0bf2046cf08d9484a287dee02ff058961ca4","openjpa-kernel/src/main/java/org/apache/openjpa/kernel/BrokerFactory.java",0
1,"0.9.0","dc1f0bf2046cf08d9484a287dee02ff058961ca4","openjpa-kernel/src/main/java/org/apache/openjpa/kernel/BrokerImpl.java",0
1,"0.9.0","dc1f0bf2046cf08d9484a287dee02ff058961ca4","openjpa-kernel/src/main/java/org/apache/openjpa/kernel/ClearFieldManager.java",0
1,"0.9.0","dc1f0bf2046cf08d9484a287dee02ff058961ca4","openjpa-kernel/src/main/java/org/apache/openjpa/kernel/ConnectionRetainModes.java",0
1,"0.9.0","dc1f0bf2046cf08d9484a287dee02ff058961ca4","openjpa-kernel/src/main/java/org/apache/openjpa/kernel/DelegatingBroker.java",0
1,"0.9.0","dc1f0bf2046cf08d9484a287dee02ff058961ca4","openjpa-kernel/src/main/java/org/apache/openjpa/kernel/DelegatingBrokerFactory.java",0
1,"0.9.0","dc1f0bf2046cf08d9484a287dee02ff058961ca4","openjpa-kernel/src/main/java/org/apache/openjpa/kernel/DelegatingExtent.java",0
1,"0.9.0","dc1f0bf2046cf08d9484a287dee02ff058961ca4","openjpa-kernel/src/main/java/org/apache/openjpa/kernel/DelegatingFetchConfiguration.java",0
1,"0.9.0","dc1f0bf2046cf08d9484a287dee02ff058961ca4","openjpa-kernel/src/main/java/org/apache/openjpa/kernel/DelegatingQuery.java",0
1,"0.9.0","dc1f0bf2046cf08d9484a287dee02ff058961ca4","openjpa-kernel/src/main/java/org/apache/openjpa/kernel/DelegatingResultList.java",0
1,"0.9.0","dc1f0bf2046cf08d9484a287dee02ff058961ca4","openjpa-kernel/src/main/java/org/apache/openjpa/kernel/DelegatingSeq.java",0
1,"0.9.0","dc1f0bf2046cf08d9484a287dee02ff058961ca4","openjpa-kernel/src/main/java/org/apache/openjpa/kernel/DelegatingStoreManager.java",0
1,"0.9.0","dc1f0bf2046cf08d9484a287dee02ff058961ca4","openjpa-kernel/src/main/java/org/apache/openjpa/kernel/DetachManager.java",0
1,"0.9.0","dc1f0bf2046cf08d9484a287dee02ff058961ca4","openjpa-kernel/src/main/java/org/apache/openjpa/kernel/DetachState.java",0
1,"0.9.0","dc1f0bf2046cf08d9484a287dee02ff058961ca4","openjpa-kernel/src/main/java/org/apache/openjpa/kernel/DetachedStateAttachStrategy.java",0
1,"0.9.0","dc1f0bf2046cf08d9484a287dee02ff058961ca4","openjpa-kernel/src/main/java/org/apache/openjpa/kernel/DetachedStateManager.java",0
1,"0.9.0","dc1f0bf2046cf08d9484a287dee02ff058961ca4","openjpa-kernel/src/main/java/org/apache/openjpa/kernel/DetachedValueStateManager.java",0
1,"0.9.0","dc1f0bf2046cf08d9484a287dee02ff058961ca4","openjpa-kernel/src/main/java/org/apache/openjpa/kernel/ECleanState.java",0
1,"0.9.0","dc1f0bf2046cf08d9484a287dee02ff058961ca4","openjpa-kernel/src/main/java/org/apache/openjpa/kernel/ECopyState.java",0
1,"0.9.0","dc1f0bf2046cf08d9484a287dee02ff058961ca4","openjpa-kernel/src/main/java/org/apache/openjpa/kernel/EDeletedState.java",0
1,"0.9.0","dc1f0bf2046cf08d9484a287dee02ff058961ca4","openjpa-kernel/src/main/java/org/apache/openjpa/kernel/EDirtyState.java",0
1,"0.9.0","dc1f0bf2046cf08d9484a287dee02ff058961ca4","openjpa-kernel/src/main/java/org/apache/openjpa/kernel/ENonTransState.java",0
1,"0.9.0","dc1f0bf2046cf08d9484a287dee02ff058961ca4","openjpa-kernel/src/main/java/org/apache/openjpa/kernel/ExpressionStoreQuery.java",0
1,"0.9.0","dc1f0bf2046cf08d9484a287dee02ff058961ca4","openjpa-kernel/src/main/java/org/apache/openjpa/kernel/Extent.java",0
1,"0.9.0","dc1f0bf2046cf08d9484a287dee02ff058961ca4","openjpa-kernel/src/main/java/org/apache/openjpa/kernel/ExtentImpl.java",0
1,"0.9.0","dc1f0bf2046cf08d9484a287dee02ff058961ca4","openjpa-kernel/src/main/java/org/apache/openjpa/kernel/FetchConfiguration.java",0
1,"0.9.0","dc1f0bf2046cf08d9484a287dee02ff058961ca4","openjpa-kernel/src/main/java/org/apache/openjpa/kernel/FetchConfigurationImpl.java",0
1,"0.9.0","dc1f0bf2046cf08d9484a287dee02ff058961ca4","openjpa-kernel/src/main/java/org/apache/openjpa/kernel/Filters.java",0
1,"0.9.0","dc1f0bf2046cf08d9484a287dee02ff058961ca4","openjpa-kernel/src/main/java/org/apache/openjpa/kernel/FindCallbacks.java",0
1,"0.9.0","dc1f0bf2046cf08d9484a287dee02ff058961ca4","openjpa-kernel/src/main/java/org/apache/openjpa/kernel/HollowState.java",0
1,"0.9.0","dc1f0bf2046cf08d9484a287dee02ff058961ca4","openjpa-kernel/src/main/java/org/apache/openjpa/kernel/InMemorySavepointManager.java",0
1,"0.9.0","dc1f0bf2046cf08d9484a287dee02ff058961ca4","openjpa-kernel/src/main/java/org/apache/openjpa/kernel/InverseManager.java",0
1,"0.9.0","dc1f0bf2046cf08d9484a287dee02ff058961ca4","openjpa-kernel/src/main/java/org/apache/openjpa/kernel/LocalManagedRuntime.java",0
1,"0.9.0","dc1f0bf2046cf08d9484a287dee02ff058961ca4","openjpa-kernel/src/main/java/org/apache/openjpa/kernel/LockLevels.java",0
1,"0.9.0","dc1f0bf2046cf08d9484a287dee02ff058961ca4","openjpa-kernel/src/main/java/org/apache/openjpa/kernel/LockManager.java",0
1,"0.9.0","dc1f0bf2046cf08d9484a287dee02ff058961ca4","openjpa-kernel/src/main/java/org/apache/openjpa/kernel/MethodStoreQuery.java",0
1,"0.9.0","dc1f0bf2046cf08d9484a287dee02ff058961ca4","openjpa-kernel/src/main/java/org/apache/openjpa/kernel/NoneLockManager.java",0
1,"0.9.0","dc1f0bf2046cf08d9484a287dee02ff058961ca4","openjpa-kernel/src/main/java/org/apache/openjpa/kernel/ObjectIdStateManager.java",0
1,"0.9.0","dc1f0bf2046cf08d9484a287dee02ff058961ca4","openjpa-kernel/src/main/java/org/apache/openjpa/kernel/OpCallbacks.java",0
1,"0.9.0","dc1f0bf2046cf08d9484a287dee02ff058961ca4","openjpa-kernel/src/main/java/org/apache/openjpa/kernel/OpenJPASavepoint.java",0
1,"0.9.0","dc1f0bf2046cf08d9484a287dee02ff058961ca4","openjpa-kernel/src/main/java/org/apache/openjpa/kernel/OpenJPAStateManager.java",0
1,"0.9.0","dc1f0bf2046cf08d9484a287dee02ff058961ca4","openjpa-kernel/src/main/java/org/apache/openjpa/kernel/OrderingMergedResultObjectProvider.java",0
1,"0.9.0","dc1f0bf2046cf08d9484a287dee02ff058961ca4","openjpa-kernel/src/main/java/org/apache/openjpa/kernel/PCData.java",0
1,"0.9.0","dc1f0bf2046cf08d9484a287dee02ff058961ca4","openjpa-kernel/src/main/java/org/apache/openjpa/kernel/PCDataImpl.java",0
1,"0.9.0","dc1f0bf2046cf08d9484a287dee02ff058961ca4","openjpa-kernel/src/main/java/org/apache/openjpa/kernel/PCResultObjectProvider.java",0
1,"0.9.0","dc1f0bf2046cf08d9484a287dee02ff058961ca4","openjpa-kernel/src/main/java/org/apache/openjpa/kernel/PCState.java",0
1,"0.9.0","dc1f0bf2046cf08d9484a287dee02ff058961ca4","openjpa-kernel/src/main/java/org/apache/openjpa/kernel/PCleanState.java",0
1,"0.9.0","dc1f0bf2046cf08d9484a287dee02ff058961ca4","openjpa-kernel/src/main/java/org/apache/openjpa/kernel/PDeletedFlushedState.java",0
1,"0.9.0","dc1f0bf2046cf08d9484a287dee02ff058961ca4","openjpa-kernel/src/main/java/org/apache/openjpa/kernel/PDeletedState.java",0
1,"0.9.0","dc1f0bf2046cf08d9484a287dee02ff058961ca4","openjpa-kernel/src/main/java/org/apache/openjpa/kernel/PDirtyState.java",0
1,"0.9.0","dc1f0bf2046cf08d9484a287dee02ff058961ca4","openjpa-kernel/src/main/java/org/apache/openjpa/kernel/PNewDeletedState.java",0
1,"0.9.0","dc1f0bf2046cf08d9484a287dee02ff058961ca4","openjpa-kernel/src/main/java/org/apache/openjpa/kernel/PNewFlushedDeletedFlushedState.java",0
1,"0.9.0","dc1f0bf2046cf08d9484a287dee02ff058961ca4","openjpa-kernel/src/main/java/org/apache/openjpa/kernel/PNewFlushedDeletedState.java",0
1,"0.9.0","dc1f0bf2046cf08d9484a287dee02ff058961ca4","openjpa-kernel/src/main/java/org/apache/openjpa/kernel/PNewState.java",0
1,"0.9.0","dc1f0bf2046cf08d9484a287dee02ff058961ca4","openjpa-kernel/src/main/java/org/apache/openjpa/kernel/PNonTransDeletedState.java",0
1,"0.9.0","dc1f0bf2046cf08d9484a287dee02ff058961ca4","openjpa-kernel/src/main/java/org/apache/openjpa/kernel/PNonTransDirtyState.java",0
1,"0.9.0","dc1f0bf2046cf08d9484a287dee02ff058961ca4","openjpa-kernel/src/main/java/org/apache/openjpa/kernel/PNonTransNewState.java",0
1,"0.9.0","dc1f0bf2046cf08d9484a287dee02ff058961ca4","openjpa-kernel/src/main/java/org/apache/openjpa/kernel/PNonTransState.java",0
1,"0.9.0","dc1f0bf2046cf08d9484a287dee02ff058961ca4","openjpa-kernel/src/main/java/org/apache/openjpa/kernel/Query.java",0
1,"0.9.0","dc1f0bf2046cf08d9484a287dee02ff058961ca4","openjpa-kernel/src/main/java/org/apache/openjpa/kernel/QueryContext.java",0
1,"0.9.0","dc1f0bf2046cf08d9484a287dee02ff058961ca4","openjpa-kernel/src/main/java/org/apache/openjpa/kernel/QueryFlushModes.java",0
1,"0.9.0","dc1f0bf2046cf08d9484a287dee02ff058961ca4","openjpa-kernel/src/main/java/org/apache/openjpa/kernel/QueryImpl.java",0
1,"0.9.0","dc1f0bf2046cf08d9484a287dee02ff058961ca4","openjpa-kernel/src/main/java/org/apache/openjpa/kernel/QueryLanguages.java",1
1,"0.9.0","dc1f0bf2046cf08d9484a287dee02ff058961ca4","openjpa-kernel/src/main/java/org/apache/openjpa/kernel/QueryOperations.java",0
1,"0.9.0","dc1f0bf2046cf08d9484a287dee02ff058961ca4","openjpa-kernel/src/main/java/org/apache/openjpa/kernel/ROPStoreManager.java",0
1,"0.9.0","dc1f0bf2046cf08d9484a287dee02ff058961ca4","openjpa-kernel/src/main/java/org/apache/openjpa/kernel/RestoreState.java",0
1,"0.9.0","dc1f0bf2046cf08d9484a287dee02ff058961ca4","openjpa-kernel/src/main/java/org/apache/openjpa/kernel/ResultPacker.java",0
1,"0.9.0","dc1f0bf2046cf08d9484a287dee02ff058961ca4","openjpa-kernel/src/main/java/org/apache/openjpa/kernel/SaveFieldManager.java",0
1,"0.9.0","dc1f0bf2046cf08d9484a287dee02ff058961ca4","openjpa-kernel/src/main/java/org/apache/openjpa/kernel/SavepointFieldManager.java",0
1,"0.9.0","dc1f0bf2046cf08d9484a287dee02ff058961ca4","openjpa-kernel/src/main/java/org/apache/openjpa/kernel/SavepointManager.java",0
1,"0.9.0","dc1f0bf2046cf08d9484a287dee02ff058961ca4","openjpa-kernel/src/main/java/org/apache/openjpa/kernel/Seq.java",0
1,"0.9.0","dc1f0bf2046cf08d9484a287dee02ff058961ca4","openjpa-kernel/src/main/java/org/apache/openjpa/kernel/SingleFieldManager.java",0
1,"0.9.0","dc1f0bf2046cf08d9484a287dee02ff058961ca4","openjpa-kernel/src/main/java/org/apache/openjpa/kernel/StateManagerImpl.java",0
1,"0.9.0","dc1f0bf2046cf08d9484a287dee02ff058961ca4","openjpa-kernel/src/main/java/org/apache/openjpa/kernel/StoreContext.java",0
1,"0.9.0","dc1f0bf2046cf08d9484a287dee02ff058961ca4","openjpa-kernel/src/main/java/org/apache/openjpa/kernel/StoreManager.java",0
1,"0.9.0","dc1f0bf2046cf08d9484a287dee02ff058961ca4","openjpa-kernel/src/main/java/org/apache/openjpa/kernel/StoreQuery.java",0
1,"0.9.0","dc1f0bf2046cf08d9484a287dee02ff058961ca4","openjpa-kernel/src/main/java/org/apache/openjpa/kernel/TCleanState.java",0
1,"0.9.0","dc1f0bf2046cf08d9484a287dee02ff058961ca4","openjpa-kernel/src/main/java/org/apache/openjpa/kernel/TDirtyState.java",0
1,"0.9.0","dc1f0bf2046cf08d9484a287dee02ff058961ca4","openjpa-kernel/src/main/java/org/apache/openjpa/kernel/TLoadedState.java",0
1,"0.9.0","dc1f0bf2046cf08d9484a287dee02ff058961ca4","openjpa-kernel/src/main/java/org/apache/openjpa/kernel/TimeSeededSeq.java",0
1,"0.9.0","dc1f0bf2046cf08d9484a287dee02ff058961ca4","openjpa-kernel/src/main/java/org/apache/openjpa/kernel/TransferFieldManager.java",0
1,"0.9.0","dc1f0bf2046cf08d9484a287dee02ff058961ca4","openjpa-kernel/src/main/java/org/apache/openjpa/kernel/TransientState.java",0
1,"0.9.0","dc1f0bf2046cf08d9484a287dee02ff058961ca4","openjpa-kernel/src/main/java/org/apache/openjpa/kernel/UUIDHexSeq.java",0
1,"0.9.0","dc1f0bf2046cf08d9484a287dee02ff058961ca4","openjpa-kernel/src/main/java/org/apache/openjpa/kernel/UUIDStringSeq.java",0
1,"0.9.0","dc1f0bf2046cf08d9484a287dee02ff058961ca4","openjpa-kernel/src/main/java/org/apache/openjpa/kernel/VersionAttachStrategy.java",0
1,"0.9.0","dc1f0bf2046cf08d9484a287dee02ff058961ca4","openjpa-kernel/src/main/java/org/apache/openjpa/kernel/VersionLockManager.java",0
1,"0.9.0","dc1f0bf2046cf08d9484a287dee02ff058961ca4","openjpa-kernel/src/main/java/org/apache/openjpa/kernel/exps/Abs.java",0
1,"0.9.0","dc1f0bf2046cf08d9484a287dee02ff058961ca4","openjpa-kernel/src/main/java/org/apache/openjpa/kernel/exps/AbstractExpressionBuilder.java",0
1,"0.9.0","dc1f0bf2046cf08d9484a287dee02ff058961ca4","openjpa-kernel/src/main/java/org/apache/openjpa/kernel/exps/AbstractExpressionVisitor.java",0
1,"0.9.0","dc1f0bf2046cf08d9484a287dee02ff058961ca4","openjpa-kernel/src/main/java/org/apache/openjpa/kernel/exps/Add.java",0
1,"0.9.0","dc1f0bf2046cf08d9484a287dee02ff058961ca4","openjpa-kernel/src/main/java/org/apache/openjpa/kernel/exps/Aggregate.java",0
1,"0.9.0","dc1f0bf2046cf08d9484a287dee02ff058961ca4","openjpa-kernel/src/main/java/org/apache/openjpa/kernel/exps/AggregateListener.java",0
1,"0.9.0","dc1f0bf2046cf08d9484a287dee02ff058961ca4","openjpa-kernel/src/main/java/org/apache/openjpa/kernel/exps/AggregateVal.java",0
1,"0.9.0","dc1f0bf2046cf08d9484a287dee02ff058961ca4","openjpa-kernel/src/main/java/org/apache/openjpa/kernel/exps/All.java",0
1,"0.9.0","dc1f0bf2046cf08d9484a287dee02ff058961ca4","openjpa-kernel/src/main/java/org/apache/openjpa/kernel/exps/AndExpression.java",0
1,"0.9.0","dc1f0bf2046cf08d9484a287dee02ff058961ca4","openjpa-kernel/src/main/java/org/apache/openjpa/kernel/exps/Any.java",0
1,"0.9.0","dc1f0bf2046cf08d9484a287dee02ff058961ca4","openjpa-kernel/src/main/java/org/apache/openjpa/kernel/exps/Args.java",0
1,"0.9.0","dc1f0bf2046cf08d9484a287dee02ff058961ca4","openjpa-kernel/src/main/java/org/apache/openjpa/kernel/exps/Arguments.java",0
1,"0.9.0","dc1f0bf2046cf08d9484a287dee02ff058961ca4","openjpa-kernel/src/main/java/org/apache/openjpa/kernel/exps/Avg.java",0
1,"0.9.0","dc1f0bf2046cf08d9484a287dee02ff058961ca4","openjpa-kernel/src/main/java/org/apache/openjpa/kernel/exps/BindKeyVariableExpression.java",0
1,"0.9.0","dc1f0bf2046cf08d9484a287dee02ff058961ca4","openjpa-kernel/src/main/java/org/apache/openjpa/kernel/exps/BindValueVariableExpression.java",0
1,"0.9.0","dc1f0bf2046cf08d9484a287dee02ff058961ca4","openjpa-kernel/src/main/java/org/apache/openjpa/kernel/exps/BindVariableAndExpression.java",0
1,"0.9.0","dc1f0bf2046cf08d9484a287dee02ff058961ca4","openjpa-kernel/src/main/java/org/apache/openjpa/kernel/exps/BindVariableExpression.java",0
1,"0.9.0","dc1f0bf2046cf08d9484a287dee02ff058961ca4","openjpa-kernel/src/main/java/org/apache/openjpa/kernel/exps/BoundVariable.java",0
1,"0.9.0","dc1f0bf2046cf08d9484a287dee02ff058961ca4","openjpa-kernel/src/main/java/org/apache/openjpa/kernel/exps/CandidatePath.java",0
1,"0.9.0","dc1f0bf2046cf08d9484a287dee02ff058961ca4","openjpa-kernel/src/main/java/org/apache/openjpa/kernel/exps/Cast.java",0
1,"0.9.0","dc1f0bf2046cf08d9484a287dee02ff058961ca4","openjpa-kernel/src/main/java/org/apache/openjpa/kernel/exps/CompareExpression.java",0
1,"0.9.0","dc1f0bf2046cf08d9484a287dee02ff058961ca4","openjpa-kernel/src/main/java/org/apache/openjpa/kernel/exps/Concat.java",0
1,"0.9.0","dc1f0bf2046cf08d9484a287dee02ff058961ca4","openjpa-kernel/src/main/java/org/apache/openjpa/kernel/exps/Constant.java",0
1,"0.9.0","dc1f0bf2046cf08d9484a287dee02ff058961ca4","openjpa-kernel/src/main/java/org/apache/openjpa/kernel/exps/ContainsExpression.java",0
1,"0.9.0","dc1f0bf2046cf08d9484a287dee02ff058961ca4","openjpa-kernel/src/main/java/org/apache/openjpa/kernel/exps/ContainsKeyExpression.java",0
1,"0.9.0","dc1f0bf2046cf08d9484a287dee02ff058961ca4","openjpa-kernel/src/main/java/org/apache/openjpa/kernel/exps/ContainsValueExpression.java",0
1,"0.9.0","dc1f0bf2046cf08d9484a287dee02ff058961ca4","openjpa-kernel/src/main/java/org/apache/openjpa/kernel/exps/Count.java",0
1,"0.9.0","dc1f0bf2046cf08d9484a287dee02ff058961ca4","openjpa-kernel/src/main/java/org/apache/openjpa/kernel/exps/CurrentDate.java",0
1,"0.9.0","dc1f0bf2046cf08d9484a287dee02ff058961ca4","openjpa-kernel/src/main/java/org/apache/openjpa/kernel/exps/Distinct.java",0
1,"0.9.0","dc1f0bf2046cf08d9484a287dee02ff058961ca4","openjpa-kernel/src/main/java/org/apache/openjpa/kernel/exps/Divide.java",0
1,"0.9.0","dc1f0bf2046cf08d9484a287dee02ff058961ca4","openjpa-kernel/src/main/java/org/apache/openjpa/kernel/exps/EndsWithExpression.java",0
1,"0.9.0","dc1f0bf2046cf08d9484a287dee02ff058961ca4","openjpa-kernel/src/main/java/org/apache/openjpa/kernel/exps/EqualExpression.java",0
1,"0.9.0","dc1f0bf2046cf08d9484a287dee02ff058961ca4","openjpa-kernel/src/main/java/org/apache/openjpa/kernel/exps/Exp.java",0
1,"0.9.0","dc1f0bf2046cf08d9484a287dee02ff058961ca4","openjpa-kernel/src/main/java/org/apache/openjpa/kernel/exps/Expression.java",0
1,"0.9.0","dc1f0bf2046cf08d9484a287dee02ff058961ca4","openjpa-kernel/src/main/java/org/apache/openjpa/kernel/exps/ExpressionFactory.java",0
1,"0.9.0","dc1f0bf2046cf08d9484a287dee02ff058961ca4","openjpa-kernel/src/main/java/org/apache/openjpa/kernel/exps/ExpressionParser.java",0
1,"0.9.0","dc1f0bf2046cf08d9484a287dee02ff058961ca4","openjpa-kernel/src/main/java/org/apache/openjpa/kernel/exps/ExpressionVisitor.java",0
1,"0.9.0","dc1f0bf2046cf08d9484a287dee02ff058961ca4","openjpa-kernel/src/main/java/org/apache/openjpa/kernel/exps/Extension.java",0
1,"0.9.0","dc1f0bf2046cf08d9484a287dee02ff058961ca4","openjpa-kernel/src/main/java/org/apache/openjpa/kernel/exps/FilterListener.java",0
1,"0.9.0","dc1f0bf2046cf08d9484a287dee02ff058961ca4","openjpa-kernel/src/main/java/org/apache/openjpa/kernel/exps/GetMapValue.java",0
1,"0.9.0","dc1f0bf2046cf08d9484a287dee02ff058961ca4","openjpa-kernel/src/main/java/org/apache/openjpa/kernel/exps/GetObjectId.java",0
1,"0.9.0","dc1f0bf2046cf08d9484a287dee02ff058961ca4","openjpa-kernel/src/main/java/org/apache/openjpa/kernel/exps/GreaterThanEqualExpression.java",0
1,"0.9.0","dc1f0bf2046cf08d9484a287dee02ff058961ca4","openjpa-kernel/src/main/java/org/apache/openjpa/kernel/exps/GreaterThanExpression.java",0
1,"0.9.0","dc1f0bf2046cf08d9484a287dee02ff058961ca4","openjpa-kernel/src/main/java/org/apache/openjpa/kernel/exps/InMemoryExpressionFactory.java",0
1,"0.9.0","dc1f0bf2046cf08d9484a287dee02ff058961ca4","openjpa-kernel/src/main/java/org/apache/openjpa/kernel/exps/IndexOf.java",0
1,"0.9.0","dc1f0bf2046cf08d9484a287dee02ff058961ca4","openjpa-kernel/src/main/java/org/apache/openjpa/kernel/exps/InstanceofExpression.java",0
1,"0.9.0","dc1f0bf2046cf08d9484a287dee02ff058961ca4","openjpa-kernel/src/main/java/org/apache/openjpa/kernel/exps/IsEmptyExpression.java",0
1,"0.9.0","dc1f0bf2046cf08d9484a287dee02ff058961ca4","openjpa-kernel/src/main/java/org/apache/openjpa/kernel/exps/LessThanEqualExpression.java",0
1,"0.9.0","dc1f0bf2046cf08d9484a287dee02ff058961ca4","openjpa-kernel/src/main/java/org/apache/openjpa/kernel/exps/LessThanExpression.java",0
1,"0.9.0","dc1f0bf2046cf08d9484a287dee02ff058961ca4","openjpa-kernel/src/main/java/org/apache/openjpa/kernel/exps/Lit.java",0
1,"0.9.0","dc1f0bf2046cf08d9484a287dee02ff058961ca4","openjpa-kernel/src/main/java/org/apache/openjpa/kernel/exps/Literal.java",0
1,"0.9.0","dc1f0bf2046cf08d9484a287dee02ff058961ca4","openjpa-kernel/src/main/java/org/apache/openjpa/kernel/exps/MatchesExpression.java",0
1,"0.9.0","dc1f0bf2046cf08d9484a287dee02ff058961ca4","openjpa-kernel/src/main/java/org/apache/openjpa/kernel/exps/MathVal.java",0
1,"0.9.0","dc1f0bf2046cf08d9484a287dee02ff058961ca4","openjpa-kernel/src/main/java/org/apache/openjpa/kernel/exps/Max.java",0
1,"0.9.0","dc1f0bf2046cf08d9484a287dee02ff058961ca4","openjpa-kernel/src/main/java/org/apache/openjpa/kernel/exps/Min.java",0
1,"0.9.0","dc1f0bf2046cf08d9484a287dee02ff058961ca4","openjpa-kernel/src/main/java/org/apache/openjpa/kernel/exps/Mod.java",0
1,"0.9.0","dc1f0bf2046cf08d9484a287dee02ff058961ca4","openjpa-kernel/src/main/java/org/apache/openjpa/kernel/exps/Multiply.java",0
1,"0.9.0","dc1f0bf2046cf08d9484a287dee02ff058961ca4","openjpa-kernel/src/main/java/org/apache/openjpa/kernel/exps/NotEqualExpression.java",0
1,"0.9.0","dc1f0bf2046cf08d9484a287dee02ff058961ca4","openjpa-kernel/src/main/java/org/apache/openjpa/kernel/exps/NotExpression.java",0
1,"0.9.0","dc1f0bf2046cf08d9484a287dee02ff058961ca4","openjpa-kernel/src/main/java/org/apache/openjpa/kernel/exps/Null.java",0
1,"0.9.0","dc1f0bf2046cf08d9484a287dee02ff058961ca4","openjpa-kernel/src/main/java/org/apache/openjpa/kernel/exps/OrExpression.java",0
1,"0.9.0","dc1f0bf2046cf08d9484a287dee02ff058961ca4","openjpa-kernel/src/main/java/org/apache/openjpa/kernel/exps/Param.java",0
1,"0.9.0","dc1f0bf2046cf08d9484a287dee02ff058961ca4","openjpa-kernel/src/main/java/org/apache/openjpa/kernel/exps/Parameter.java",0
1,"0.9.0","dc1f0bf2046cf08d9484a287dee02ff058961ca4","openjpa-kernel/src/main/java/org/apache/openjpa/kernel/exps/Path.java",0
1,"0.9.0","dc1f0bf2046cf08d9484a287dee02ff058961ca4","openjpa-kernel/src/main/java/org/apache/openjpa/kernel/exps/QueryExpressions.java",0
1,"0.9.0","dc1f0bf2046cf08d9484a287dee02ff058961ca4","openjpa-kernel/src/main/java/org/apache/openjpa/kernel/exps/Resolver.java",0
1,"0.9.0","dc1f0bf2046cf08d9484a287dee02ff058961ca4","openjpa-kernel/src/main/java/org/apache/openjpa/kernel/exps/Size.java",0
1,"0.9.0","dc1f0bf2046cf08d9484a287dee02ff058961ca4","openjpa-kernel/src/main/java/org/apache/openjpa/kernel/exps/Sqrt.java",0
1,"0.9.0","dc1f0bf2046cf08d9484a287dee02ff058961ca4","openjpa-kernel/src/main/java/org/apache/openjpa/kernel/exps/StartsWithExpression.java",0
1,"0.9.0","dc1f0bf2046cf08d9484a287dee02ff058961ca4","openjpa-kernel/src/main/java/org/apache/openjpa/kernel/exps/StringContains.java",0
1,"0.9.0","dc1f0bf2046cf08d9484a287dee02ff058961ca4","openjpa-kernel/src/main/java/org/apache/openjpa/kernel/exps/StringLength.java",0
1,"0.9.0","dc1f0bf2046cf08d9484a287dee02ff058961ca4","openjpa-kernel/src/main/java/org/apache/openjpa/kernel/exps/SubQ.java",0
1,"0.9.0","dc1f0bf2046cf08d9484a287dee02ff058961ca4","openjpa-kernel/src/main/java/org/apache/openjpa/kernel/exps/Subquery.java",0
1,"0.9.0","dc1f0bf2046cf08d9484a287dee02ff058961ca4","openjpa-kernel/src/main/java/org/apache/openjpa/kernel/exps/Substring.java",0
1,"0.9.0","dc1f0bf2046cf08d9484a287dee02ff058961ca4","openjpa-kernel/src/main/java/org/apache/openjpa/kernel/exps/Subtract.java",0
1,"0.9.0","dc1f0bf2046cf08d9484a287dee02ff058961ca4","openjpa-kernel/src/main/java/org/apache/openjpa/kernel/exps/Sum.java",0
1,"0.9.0","dc1f0bf2046cf08d9484a287dee02ff058961ca4","openjpa-kernel/src/main/java/org/apache/openjpa/kernel/exps/This.java",0
1,"0.9.0","dc1f0bf2046cf08d9484a287dee02ff058961ca4","openjpa-kernel/src/main/java/org/apache/openjpa/kernel/exps/ToLowerCase.java",0
1,"0.9.0","dc1f0bf2046cf08d9484a287dee02ff058961ca4","openjpa-kernel/src/main/java/org/apache/openjpa/kernel/exps/ToUpperCase.java",0
1,"0.9.0","dc1f0bf2046cf08d9484a287dee02ff058961ca4","openjpa-kernel/src/main/java/org/apache/openjpa/kernel/exps/Trim.java",0
1,"0.9.0","dc1f0bf2046cf08d9484a287dee02ff058961ca4","openjpa-kernel/src/main/java/org/apache/openjpa/kernel/exps/UnaryMathVal.java",0
1,"0.9.0","dc1f0bf2046cf08d9484a287dee02ff058961ca4","openjpa-kernel/src/main/java/org/apache/openjpa/kernel/exps/UnboundVariable.java",0
1,"0.9.0","dc1f0bf2046cf08d9484a287dee02ff058961ca4","openjpa-kernel/src/main/java/org/apache/openjpa/kernel/exps/Val.java",0
1,"0.9.0","dc1f0bf2046cf08d9484a287dee02ff058961ca4","openjpa-kernel/src/main/java/org/apache/openjpa/kernel/exps/ValExpression.java",0
1,"0.9.0","dc1f0bf2046cf08d9484a287dee02ff058961ca4","openjpa-kernel/src/main/java/org/apache/openjpa/kernel/exps/Value.java",0
1,"0.9.0","dc1f0bf2046cf08d9484a287dee02ff058961ca4","openjpa-kernel/src/main/java/org/apache/openjpa/kernel/exps/ValuePath.java",0
1,"0.9.0","dc1f0bf2046cf08d9484a287dee02ff058961ca4","openjpa-kernel/src/main/java/org/apache/openjpa/kernel/exps/WildcardMatch.java",0
1,"0.9.0","dc1f0bf2046cf08d9484a287dee02ff058961ca4","openjpa-kernel/src/main/java/org/apache/openjpa/kernel/jpql/JPQLExpressionBuilder.java",0
1,"0.9.0","dc1f0bf2046cf08d9484a287dee02ff058961ca4","openjpa-kernel/src/main/java/org/apache/openjpa/kernel/jpql/JPQLParser.java",0
1,"0.9.0","dc1f0bf2046cf08d9484a287dee02ff058961ca4","openjpa-kernel/src/main/java/org/apache/openjpa/kernel/jpql/ParseException.java",0
1,"0.9.0","dc1f0bf2046cf08d9484a287dee02ff058961ca4","openjpa-kernel/src/main/java/org/apache/openjpa/kernel/jpql/SimpleNode.java",0
1,"0.9.0","dc1f0bf2046cf08d9484a287dee02ff058961ca4","openjpa-kernel/src/main/java/org/apache/openjpa/meta/AbstractCFMetaDataFactory.java",0
1,"0.9.0","dc1f0bf2046cf08d9484a287dee02ff058961ca4","openjpa-kernel/src/main/java/org/apache/openjpa/meta/AbstractMetaDataDefaults.java",0
1,"0.9.0","dc1f0bf2046cf08d9484a287dee02ff058961ca4","openjpa-kernel/src/main/java/org/apache/openjpa/meta/AbstractMetaDataFactory.java",0
1,"0.9.0","dc1f0bf2046cf08d9484a287dee02ff058961ca4","openjpa-kernel/src/main/java/org/apache/openjpa/meta/ClassMetaData.java",0
1,"0.9.0","dc1f0bf2046cf08d9484a287dee02ff058961ca4","openjpa-kernel/src/main/java/org/apache/openjpa/meta/DelegatingMetaDataFactory.java",0
1,"0.9.0","dc1f0bf2046cf08d9484a287dee02ff058961ca4","openjpa-kernel/src/main/java/org/apache/openjpa/meta/Extensions.java",0
1,"0.9.0","dc1f0bf2046cf08d9484a287dee02ff058961ca4","openjpa-kernel/src/main/java/org/apache/openjpa/meta/FetchGroup.java",0
1,"0.9.0","dc1f0bf2046cf08d9484a287dee02ff058961ca4","openjpa-kernel/src/main/java/org/apache/openjpa/meta/FieldMetaData.java",0
1,"0.9.0","dc1f0bf2046cf08d9484a287dee02ff058961ca4","openjpa-kernel/src/main/java/org/apache/openjpa/meta/InMemoryRelatedFieldOrder.java",0
1,"0.9.0","dc1f0bf2046cf08d9484a287dee02ff058961ca4","openjpa-kernel/src/main/java/org/apache/openjpa/meta/InMemoryValueOrder.java",0
1,"0.9.0","dc1f0bf2046cf08d9484a287dee02ff058961ca4","openjpa-kernel/src/main/java/org/apache/openjpa/meta/InheritanceComparator.java",0
1,"0.9.0","dc1f0bf2046cf08d9484a287dee02ff058961ca4","openjpa-kernel/src/main/java/org/apache/openjpa/meta/JavaTypes.java",0
1,"0.9.0","dc1f0bf2046cf08d9484a287dee02ff058961ca4","openjpa-kernel/src/main/java/org/apache/openjpa/meta/LifecycleMetaData.java",0
1,"0.9.0","dc1f0bf2046cf08d9484a287dee02ff058961ca4","openjpa-kernel/src/main/java/org/apache/openjpa/meta/MetaDataContext.java",0
1,"0.9.0","dc1f0bf2046cf08d9484a287dee02ff058961ca4","openjpa-kernel/src/main/java/org/apache/openjpa/meta/MetaDataDefaults.java",0
1,"0.9.0","dc1f0bf2046cf08d9484a287dee02ff058961ca4","openjpa-kernel/src/main/java/org/apache/openjpa/meta/MetaDataFactory.java",0
1,"0.9.0","dc1f0bf2046cf08d9484a287dee02ff058961ca4","openjpa-kernel/src/main/java/org/apache/openjpa/meta/MetaDataInheritanceComparator.java",0
1,"0.9.0","dc1f0bf2046cf08d9484a287dee02ff058961ca4","openjpa-kernel/src/main/java/org/apache/openjpa/meta/MetaDataModes.java",0
1,"0.9.0","dc1f0bf2046cf08d9484a287dee02ff058961ca4","openjpa-kernel/src/main/java/org/apache/openjpa/meta/MetaDataRepository.java",1
1,"0.9.0","dc1f0bf2046cf08d9484a287dee02ff058961ca4","openjpa-kernel/src/main/java/org/apache/openjpa/meta/MetaDataTool.java",0
1,"0.9.0","dc1f0bf2046cf08d9484a287dee02ff058961ca4","openjpa-kernel/src/main/java/org/apache/openjpa/meta/NoneMetaDataFactory.java",0
1,"0.9.0","dc1f0bf2046cf08d9484a287dee02ff058961ca4","openjpa-kernel/src/main/java/org/apache/openjpa/meta/Order.java",0
1,"0.9.0","dc1f0bf2046cf08d9484a287dee02ff058961ca4","openjpa-kernel/src/main/java/org/apache/openjpa/meta/PersistenceAwareClass.java",0
1,"0.9.0","dc1f0bf2046cf08d9484a287dee02ff058961ca4","openjpa-kernel/src/main/java/org/apache/openjpa/meta/ProxySetupStateManager.java",0
1,"0.9.0","dc1f0bf2046cf08d9484a287dee02ff058961ca4","openjpa-kernel/src/main/java/org/apache/openjpa/meta/QueryMetaData.java",0
1,"0.9.0","dc1f0bf2046cf08d9484a287dee02ff058961ca4","openjpa-kernel/src/main/java/org/apache/openjpa/meta/SequenceMetaData.java",0
1,"0.9.0","dc1f0bf2046cf08d9484a287dee02ff058961ca4","openjpa-kernel/src/main/java/org/apache/openjpa/meta/UpdateStrategies.java",0
1,"0.9.0","dc1f0bf2046cf08d9484a287dee02ff058961ca4","openjpa-kernel/src/main/java/org/apache/openjpa/meta/ValueMetaData.java",0
1,"0.9.0","dc1f0bf2046cf08d9484a287dee02ff058961ca4","openjpa-kernel/src/main/java/org/apache/openjpa/meta/ValueMetaDataImpl.java",0
1,"0.9.0","dc1f0bf2046cf08d9484a287dee02ff058961ca4","openjpa-kernel/src/main/java/org/apache/openjpa/meta/ValueStrategies.java",0
1,"0.9.0","dc1f0bf2046cf08d9484a287dee02ff058961ca4","openjpa-kernel/src/main/java/org/apache/openjpa/util/AbstractChangeTracker.java",0
1,"0.9.0","dc1f0bf2046cf08d9484a287dee02ff058961ca4","openjpa-kernel/src/main/java/org/apache/openjpa/util/AbstractLRSProxyCollection.java",0
1,"0.9.0","dc1f0bf2046cf08d9484a287dee02ff058961ca4","openjpa-kernel/src/main/java/org/apache/openjpa/util/AbstractLRSProxyMap.java",0
1,"0.9.0","dc1f0bf2046cf08d9484a287dee02ff058961ca4","openjpa-kernel/src/main/java/org/apache/openjpa/util/ApplicationIds.java",0
1,"0.9.0","dc1f0bf2046cf08d9484a287dee02ff058961ca4","openjpa-kernel/src/main/java/org/apache/openjpa/util/ArrayStateImage.java",0
1,"0.9.0","dc1f0bf2046cf08d9484a287dee02ff058961ca4","openjpa-kernel/src/main/java/org/apache/openjpa/util/ByteId.java",0
1,"0.9.0","dc1f0bf2046cf08d9484a287dee02ff058961ca4","openjpa-kernel/src/main/java/org/apache/openjpa/util/CacheMap.java",0
1,"0.9.0","dc1f0bf2046cf08d9484a287dee02ff058961ca4","openjpa-kernel/src/main/java/org/apache/openjpa/util/CallbackException.java",0
1,"0.9.0","dc1f0bf2046cf08d9484a287dee02ff058961ca4","openjpa-kernel/src/main/java/org/apache/openjpa/util/ChangeTracker.java",0
1,"0.9.0","dc1f0bf2046cf08d9484a287dee02ff058961ca4","openjpa-kernel/src/main/java/org/apache/openjpa/util/CharId.java",0
1,"0.9.0","dc1f0bf2046cf08d9484a287dee02ff058961ca4","openjpa-kernel/src/main/java/org/apache/openjpa/util/ClassResolver.java",0
1,"0.9.0","dc1f0bf2046cf08d9484a287dee02ff058961ca4","openjpa-kernel/src/main/java/org/apache/openjpa/util/ClassResolverImpl.java",0
1,"0.9.0","dc1f0bf2046cf08d9484a287dee02ff058961ca4","openjpa-kernel/src/main/java/org/apache/openjpa/util/CollectionChangeTracker.java",0
1,"0.9.0","dc1f0bf2046cf08d9484a287dee02ff058961ca4","openjpa-kernel/src/main/java/org/apache/openjpa/util/CollectionChangeTrackerImpl.java",0
1,"0.9.0","dc1f0bf2046cf08d9484a287dee02ff058961ca4","openjpa-kernel/src/main/java/org/apache/openjpa/util/DateId.java",0
1,"0.9.0","dc1f0bf2046cf08d9484a287dee02ff058961ca4","openjpa-kernel/src/main/java/org/apache/openjpa/util/ExceptionInfo.java",0
1,"0.9.0","dc1f0bf2046cf08d9484a287dee02ff058961ca4","openjpa-kernel/src/main/java/org/apache/openjpa/util/Exceptions.java",0
1,"0.9.0","dc1f0bf2046cf08d9484a287dee02ff058961ca4","openjpa-kernel/src/main/java/org/apache/openjpa/util/GeneralException.java",0
1,"0.9.0","dc1f0bf2046cf08d9484a287dee02ff058961ca4","openjpa-kernel/src/main/java/org/apache/openjpa/util/Id.java",0
1,"0.9.0","dc1f0bf2046cf08d9484a287dee02ff058961ca4","openjpa-kernel/src/main/java/org/apache/openjpa/util/ImplHelper.java",0
1,"0.9.0","dc1f0bf2046cf08d9484a287dee02ff058961ca4","openjpa-kernel/src/main/java/org/apache/openjpa/util/IntId.java",0
1,"0.9.0","dc1f0bf2046cf08d9484a287dee02ff058961ca4","openjpa-kernel/src/main/java/org/apache/openjpa/util/InternalException.java",0
1,"0.9.0","dc1f0bf2046cf08d9484a287dee02ff058961ca4","openjpa-kernel/src/main/java/org/apache/openjpa/util/InvalidStateException.java",0
1,"0.9.0","dc1f0bf2046cf08d9484a287dee02ff058961ca4","openjpa-kernel/src/main/java/org/apache/openjpa/util/LRSProxy.java",0
1,"0.9.0","dc1f0bf2046cf08d9484a287dee02ff058961ca4","openjpa-kernel/src/main/java/org/apache/openjpa/util/LockException.java",0
1,"0.9.0","dc1f0bf2046cf08d9484a287dee02ff058961ca4","openjpa-kernel/src/main/java/org/apache/openjpa/util/LongId.java",0
1,"0.9.0","dc1f0bf2046cf08d9484a287dee02ff058961ca4","openjpa-kernel/src/main/java/org/apache/openjpa/util/MapChangeTracker.java",0
1,"0.9.0","dc1f0bf2046cf08d9484a287dee02ff058961ca4","openjpa-kernel/src/main/java/org/apache/openjpa/util/MapChangeTrackerImpl.java",0
1,"0.9.0","dc1f0bf2046cf08d9484a287dee02ff058961ca4","openjpa-kernel/src/main/java/org/apache/openjpa/util/MetaDataException.java",0
1,"0.9.0","dc1f0bf2046cf08d9484a287dee02ff058961ca4","openjpa-kernel/src/main/java/org/apache/openjpa/util/MultiLoaderClassResolver.java",0
1,"0.9.0","dc1f0bf2046cf08d9484a287dee02ff058961ca4","openjpa-kernel/src/main/java/org/apache/openjpa/util/NoTransactionException.java",0
1,"0.9.0","dc1f0bf2046cf08d9484a287dee02ff058961ca4","openjpa-kernel/src/main/java/org/apache/openjpa/util/ObjectExistsException.java",0
1,"0.9.0","dc1f0bf2046cf08d9484a287dee02ff058961ca4","openjpa-kernel/src/main/java/org/apache/openjpa/util/ObjectId.java",0
1,"0.9.0","dc1f0bf2046cf08d9484a287dee02ff058961ca4","openjpa-kernel/src/main/java/org/apache/openjpa/util/ObjectNotFoundException.java",0
1,"0.9.0","dc1f0bf2046cf08d9484a287dee02ff058961ca4","openjpa-kernel/src/main/java/org/apache/openjpa/util/OpenJPAException.java",0
1,"0.9.0","dc1f0bf2046cf08d9484a287dee02ff058961ca4","openjpa-kernel/src/main/java/org/apache/openjpa/util/OpenJPAId.java",0
1,"0.9.0","dc1f0bf2046cf08d9484a287dee02ff058961ca4","openjpa-kernel/src/main/java/org/apache/openjpa/util/OptimisticException.java",0
1,"0.9.0","dc1f0bf2046cf08d9484a287dee02ff058961ca4","openjpa-kernel/src/main/java/org/apache/openjpa/util/Proxies.java",0
1,"0.9.0","dc1f0bf2046cf08d9484a287dee02ff058961ca4","openjpa-kernel/src/main/java/org/apache/openjpa/util/Proxy.java",0
1,"0.9.0","dc1f0bf2046cf08d9484a287dee02ff058961ca4","openjpa-kernel/src/main/java/org/apache/openjpa/util/ProxyArrayList.java",0
1,"0.9.0","dc1f0bf2046cf08d9484a287dee02ff058961ca4","openjpa-kernel/src/main/java/org/apache/openjpa/util/ProxyCalendar.java",0
1,"0.9.0","dc1f0bf2046cf08d9484a287dee02ff058961ca4","openjpa-kernel/src/main/java/org/apache/openjpa/util/ProxyCollection.java",0
1,"0.9.0","dc1f0bf2046cf08d9484a287dee02ff058961ca4","openjpa-kernel/src/main/java/org/apache/openjpa/util/ProxyDate.java",0
1,"0.9.0","dc1f0bf2046cf08d9484a287dee02ff058961ca4","openjpa-kernel/src/main/java/org/apache/openjpa/util/ProxyGregorianCalendar.java",0
1,"0.9.0","dc1f0bf2046cf08d9484a287dee02ff058961ca4","openjpa-kernel/src/main/java/org/apache/openjpa/util/ProxyHashMap.java",0
1,"0.9.0","dc1f0bf2046cf08d9484a287dee02ff058961ca4","openjpa-kernel/src/main/java/org/apache/openjpa/util/ProxyHashSet.java",0
1,"0.9.0","dc1f0bf2046cf08d9484a287dee02ff058961ca4","openjpa-kernel/src/main/java/org/apache/openjpa/util/ProxyHashtable.java",0
1,"0.9.0","dc1f0bf2046cf08d9484a287dee02ff058961ca4","openjpa-kernel/src/main/java/org/apache/openjpa/util/ProxyLinkedList.java",0
1,"0.9.0","dc1f0bf2046cf08d9484a287dee02ff058961ca4","openjpa-kernel/src/main/java/org/apache/openjpa/util/ProxyManager.java",0
1,"0.9.0","dc1f0bf2046cf08d9484a287dee02ff058961ca4","openjpa-kernel/src/main/java/org/apache/openjpa/util/ProxyManagerImpl.java",0
1,"0.9.0","dc1f0bf2046cf08d9484a287dee02ff058961ca4","openjpa-kernel/src/main/java/org/apache/openjpa/util/ProxyMap.java",0
1,"0.9.0","dc1f0bf2046cf08d9484a287dee02ff058961ca4","openjpa-kernel/src/main/java/org/apache/openjpa/util/ProxyProperties.java",0
1,"0.9.0","dc1f0bf2046cf08d9484a287dee02ff058961ca4","openjpa-kernel/src/main/java/org/apache/openjpa/util/ProxySQLDate.java",0
1,"0.9.0","dc1f0bf2046cf08d9484a287dee02ff058961ca4","openjpa-kernel/src/main/java/org/apache/openjpa/util/ProxyTime.java",0
1,"0.9.0","dc1f0bf2046cf08d9484a287dee02ff058961ca4","openjpa-kernel/src/main/java/org/apache/openjpa/util/ProxyTimestamp.java",0
1,"0.9.0","dc1f0bf2046cf08d9484a287dee02ff058961ca4","openjpa-kernel/src/main/java/org/apache/openjpa/util/ProxyTreeMap.java",0
1,"0.9.0","dc1f0bf2046cf08d9484a287dee02ff058961ca4","openjpa-kernel/src/main/java/org/apache/openjpa/util/ProxyTreeSet.java",0
1,"0.9.0","dc1f0bf2046cf08d9484a287dee02ff058961ca4","openjpa-kernel/src/main/java/org/apache/openjpa/util/ProxyUtilDate.java",0
1,"0.9.0","dc1f0bf2046cf08d9484a287dee02ff058961ca4","openjpa-kernel/src/main/java/org/apache/openjpa/util/ProxyVector.java",0
1,"0.9.0","dc1f0bf2046cf08d9484a287dee02ff058961ca4","openjpa-kernel/src/main/java/org/apache/openjpa/util/ReferentialIntegrityException.java",0
1,"0.9.0","dc1f0bf2046cf08d9484a287dee02ff058961ca4","openjpa-kernel/src/main/java/org/apache/openjpa/util/RuntimeExceptionTranslator.java",0
1,"0.9.0","dc1f0bf2046cf08d9484a287dee02ff058961ca4","openjpa-kernel/src/main/java/org/apache/openjpa/util/Serialization.java",0
1,"0.9.0","dc1f0bf2046cf08d9484a287dee02ff058961ca4","openjpa-kernel/src/main/java/org/apache/openjpa/util/ShortId.java",0
1,"0.9.0","dc1f0bf2046cf08d9484a287dee02ff058961ca4","openjpa-kernel/src/main/java/org/apache/openjpa/util/StoreException.java",0
1,"0.9.0","dc1f0bf2046cf08d9484a287dee02ff058961ca4","openjpa-kernel/src/main/java/org/apache/openjpa/util/StoreFacadeTypeRegistry.java",0
1,"0.9.0","dc1f0bf2046cf08d9484a287dee02ff058961ca4","openjpa-kernel/src/main/java/org/apache/openjpa/util/StringId.java",0
1,"0.9.0","dc1f0bf2046cf08d9484a287dee02ff058961ca4","openjpa-kernel/src/main/java/org/apache/openjpa/util/UnsupportedException.java",0
1,"0.9.0","dc1f0bf2046cf08d9484a287dee02ff058961ca4","openjpa-kernel/src/main/java/org/apache/openjpa/util/UserException.java",0
1,"0.9.0","dc1f0bf2046cf08d9484a287dee02ff058961ca4","openjpa-lib/src/main/java/org/apache/openjpa/lib/ant/AbstractTask.java",1
1,"0.9.0","dc1f0bf2046cf08d9484a287dee02ff058961ca4","openjpa-lib/src/main/java/org/apache/openjpa/lib/conf/BooleanValue.java",0
1,"0.9.0","dc1f0bf2046cf08d9484a287dee02ff058961ca4","openjpa-lib/src/main/java/org/apache/openjpa/lib/conf/Configurable.java",0
1,"0.9.0","dc1f0bf2046cf08d9484a287dee02ff058961ca4","openjpa-lib/src/main/java/org/apache/openjpa/lib/conf/Configuration.java",0
1,"0.9.0","dc1f0bf2046cf08d9484a287dee02ff058961ca4","openjpa-lib/src/main/java/org/apache/openjpa/lib/conf/ConfigurationImpl.java",0
1,"0.9.0","dc1f0bf2046cf08d9484a287dee02ff058961ca4","openjpa-lib/src/main/java/org/apache/openjpa/lib/conf/ConfigurationProvider.java",0
1,"0.9.0","dc1f0bf2046cf08d9484a287dee02ff058961ca4","openjpa-lib/src/main/java/org/apache/openjpa/lib/conf/Configurations.java",0
1,"0.9.0","dc1f0bf2046cf08d9484a287dee02ff058961ca4","openjpa-lib/src/main/java/org/apache/openjpa/lib/conf/DoubleValue.java",0
1,"0.9.0","dc1f0bf2046cf08d9484a287dee02ff058961ca4","openjpa-lib/src/main/java/org/apache/openjpa/lib/conf/FileValue.java",0
1,"0.9.0","dc1f0bf2046cf08d9484a287dee02ff058961ca4","openjpa-lib/src/main/java/org/apache/openjpa/lib/conf/GenericConfigurable.java",0
1,"0.9.0","dc1f0bf2046cf08d9484a287dee02ff058961ca4","openjpa-lib/src/main/java/org/apache/openjpa/lib/conf/IntValue.java",0
1,"0.9.0","dc1f0bf2046cf08d9484a287dee02ff058961ca4","openjpa-lib/src/main/java/org/apache/openjpa/lib/conf/MapConfigurationProvider.java",0
1,"0.9.0","dc1f0bf2046cf08d9484a287dee02ff058961ca4","openjpa-lib/src/main/java/org/apache/openjpa/lib/conf/ObjectValue.java",0
1,"0.9.0","dc1f0bf2046cf08d9484a287dee02ff058961ca4","openjpa-lib/src/main/java/org/apache/openjpa/lib/conf/PluginListValue.java",0
1,"0.9.0","dc1f0bf2046cf08d9484a287dee02ff058961ca4","openjpa-lib/src/main/java/org/apache/openjpa/lib/conf/PluginValue.java",0
1,"0.9.0","dc1f0bf2046cf08d9484a287dee02ff058961ca4","openjpa-lib/src/main/java/org/apache/openjpa/lib/conf/StringListValue.java",0
1,"0.9.0","dc1f0bf2046cf08d9484a287dee02ff058961ca4","openjpa-lib/src/main/java/org/apache/openjpa/lib/conf/StringValue.java",0
1,"0.9.0","dc1f0bf2046cf08d9484a287dee02ff058961ca4","openjpa-lib/src/main/java/org/apache/openjpa/lib/conf/Value.java",0
1,"0.9.0","dc1f0bf2046cf08d9484a287dee02ff058961ca4","openjpa-lib/src/main/java/org/apache/openjpa/lib/conf/ValueListener.java",0
1,"0.9.0","dc1f0bf2046cf08d9484a287dee02ff058961ca4","openjpa-lib/src/main/java/org/apache/openjpa/lib/jdbc/AbstractJDBCListener.java",0
1,"0.9.0","dc1f0bf2046cf08d9484a287dee02ff058961ca4","openjpa-lib/src/main/java/org/apache/openjpa/lib/jdbc/ConfiguringConnectionDecorator.java",0
1,"0.9.0","dc1f0bf2046cf08d9484a287dee02ff058961ca4","openjpa-lib/src/main/java/org/apache/openjpa/lib/jdbc/ConnectionDecorator.java",0
1,"0.9.0","dc1f0bf2046cf08d9484a287dee02ff058961ca4","openjpa-lib/src/main/java/org/apache/openjpa/lib/jdbc/DataSourceLogs.java",0
1,"0.9.0","dc1f0bf2046cf08d9484a287dee02ff058961ca4","openjpa-lib/src/main/java/org/apache/openjpa/lib/jdbc/DecoratingDataSource.java",0
1,"0.9.0","dc1f0bf2046cf08d9484a287dee02ff058961ca4","openjpa-lib/src/main/java/org/apache/openjpa/lib/jdbc/DelegatingCallableStatement.java",0
1,"0.9.0","dc1f0bf2046cf08d9484a287dee02ff058961ca4","openjpa-lib/src/main/java/org/apache/openjpa/lib/jdbc/DelegatingConnection.java",0
1,"0.9.0","dc1f0bf2046cf08d9484a287dee02ff058961ca4","openjpa-lib/src/main/java/org/apache/openjpa/lib/jdbc/DelegatingDataSource.java",0
1,"0.9.0","dc1f0bf2046cf08d9484a287dee02ff058961ca4","openjpa-lib/src/main/java/org/apache/openjpa/lib/jdbc/DelegatingDatabaseMetaData.java",0
1,"0.9.0","dc1f0bf2046cf08d9484a287dee02ff058961ca4","openjpa-lib/src/main/java/org/apache/openjpa/lib/jdbc/DelegatingPreparedStatement.java",0
1,"0.9.0","dc1f0bf2046cf08d9484a287dee02ff058961ca4","openjpa-lib/src/main/java/org/apache/openjpa/lib/jdbc/DelegatingResultSet.java",0
1,"0.9.0","dc1f0bf2046cf08d9484a287dee02ff058961ca4","openjpa-lib/src/main/java/org/apache/openjpa/lib/jdbc/DelegatingStatement.java",0
1,"0.9.0","dc1f0bf2046cf08d9484a287dee02ff058961ca4","openjpa-lib/src/main/java/org/apache/openjpa/lib/jdbc/JDBCEvent.java",0
1,"0.9.0","dc1f0bf2046cf08d9484a287dee02ff058961ca4","openjpa-lib/src/main/java/org/apache/openjpa/lib/jdbc/JDBCEventConnectionDecorator.java",0
1,"0.9.0","dc1f0bf2046cf08d9484a287dee02ff058961ca4","openjpa-lib/src/main/java/org/apache/openjpa/lib/jdbc/JDBCListener.java",0
1,"0.9.0","dc1f0bf2046cf08d9484a287dee02ff058961ca4","openjpa-lib/src/main/java/org/apache/openjpa/lib/jdbc/LoggingConnectionDecorator.java",0
1,"0.9.0","dc1f0bf2046cf08d9484a287dee02ff058961ca4","openjpa-lib/src/main/java/org/apache/openjpa/lib/jdbc/ReportingSQLException.java",0
1,"0.9.0","dc1f0bf2046cf08d9484a287dee02ff058961ca4","openjpa-lib/src/main/java/org/apache/openjpa/lib/jdbc/SQLFormatter.java",0
1,"0.9.0","dc1f0bf2046cf08d9484a287dee02ff058961ca4","openjpa-lib/src/main/java/org/apache/openjpa/lib/log/AbstractLog.java",0
1,"0.9.0","dc1f0bf2046cf08d9484a287dee02ff058961ca4","openjpa-lib/src/main/java/org/apache/openjpa/lib/log/CommonsLogFactory.java",0
1,"0.9.0","dc1f0bf2046cf08d9484a287dee02ff058961ca4","openjpa-lib/src/main/java/org/apache/openjpa/lib/log/Log.java",0
1,"0.9.0","dc1f0bf2046cf08d9484a287dee02ff058961ca4","openjpa-lib/src/main/java/org/apache/openjpa/lib/log/Log4JLogFactory.java",0
1,"0.9.0","dc1f0bf2046cf08d9484a287dee02ff058961ca4","openjpa-lib/src/main/java/org/apache/openjpa/lib/log/LogFactory.java",0
1,"0.9.0","dc1f0bf2046cf08d9484a287dee02ff058961ca4","openjpa-lib/src/main/java/org/apache/openjpa/lib/log/LogFactoryAdapter.java",0
1,"0.9.0","dc1f0bf2046cf08d9484a287dee02ff058961ca4","openjpa-lib/src/main/java/org/apache/openjpa/lib/log/LogFactoryImpl.java",0
1,"0.9.0","dc1f0bf2046cf08d9484a287dee02ff058961ca4","openjpa-lib/src/main/java/org/apache/openjpa/lib/log/LogOutputStream.java",0
1,"0.9.0","dc1f0bf2046cf08d9484a287dee02ff058961ca4","openjpa-lib/src/main/java/org/apache/openjpa/lib/log/MultiLogFactory.java",0
1,"0.9.0","dc1f0bf2046cf08d9484a287dee02ff058961ca4","openjpa-lib/src/main/java/org/apache/openjpa/lib/log/NoneLogFactory.java",0
1,"0.9.0","dc1f0bf2046cf08d9484a287dee02ff058961ca4","openjpa-lib/src/main/java/org/apache/openjpa/lib/meta/CFMetaDataParser.java",0
1,"0.9.0","dc1f0bf2046cf08d9484a287dee02ff058961ca4","openjpa-lib/src/main/java/org/apache/openjpa/lib/meta/CFMetaDataSerializer.java",0
1,"0.9.0","dc1f0bf2046cf08d9484a287dee02ff058961ca4","openjpa-lib/src/main/java/org/apache/openjpa/lib/meta/ClassAnnotationMetaDataFilter.java",0
1,"0.9.0","dc1f0bf2046cf08d9484a287dee02ff058961ca4","openjpa-lib/src/main/java/org/apache/openjpa/lib/meta/ClassArgParser.java",0
1,"0.9.0","dc1f0bf2046cf08d9484a287dee02ff058961ca4","openjpa-lib/src/main/java/org/apache/openjpa/lib/meta/ClassMetaDataIterator.java",0
1,"0.9.0","dc1f0bf2046cf08d9484a287dee02ff058961ca4","openjpa-lib/src/main/java/org/apache/openjpa/lib/meta/ClasspathMetaDataIterator.java",0
1,"0.9.0","dc1f0bf2046cf08d9484a287dee02ff058961ca4","openjpa-lib/src/main/java/org/apache/openjpa/lib/meta/FileMetaDataIterator.java",0
1,"0.9.0","dc1f0bf2046cf08d9484a287dee02ff058961ca4","openjpa-lib/src/main/java/org/apache/openjpa/lib/meta/MetaDataFilter.java",0
1,"0.9.0","dc1f0bf2046cf08d9484a287dee02ff058961ca4","openjpa-lib/src/main/java/org/apache/openjpa/lib/meta/MetaDataIterator.java",0
1,"0.9.0","dc1f0bf2046cf08d9484a287dee02ff058961ca4","openjpa-lib/src/main/java/org/apache/openjpa/lib/meta/MetaDataIteratorChain.java",0
1,"0.9.0","dc1f0bf2046cf08d9484a287dee02ff058961ca4","openjpa-lib/src/main/java/org/apache/openjpa/lib/meta/MetaDataParser.java",0
1,"0.9.0","dc1f0bf2046cf08d9484a287dee02ff058961ca4","openjpa-lib/src/main/java/org/apache/openjpa/lib/meta/MetaDataSerializer.java",0
1,"0.9.0","dc1f0bf2046cf08d9484a287dee02ff058961ca4","openjpa-lib/src/main/java/org/apache/openjpa/lib/meta/ResourceMetaDataIterator.java",0
1,"0.9.0","dc1f0bf2046cf08d9484a287dee02ff058961ca4","openjpa-lib/src/main/java/org/apache/openjpa/lib/meta/SourceTracker.java",0
1,"0.9.0","dc1f0bf2046cf08d9484a287dee02ff058961ca4","openjpa-lib/src/main/java/org/apache/openjpa/lib/meta/SourceTrackers.java",0
1,"0.9.0","dc1f0bf2046cf08d9484a287dee02ff058961ca4","openjpa-lib/src/main/java/org/apache/openjpa/lib/meta/SuffixMetaDataFilter.java",0
1,"0.9.0","dc1f0bf2046cf08d9484a287dee02ff058961ca4","openjpa-lib/src/main/java/org/apache/openjpa/lib/meta/URLMetaDataIterator.java",0
1,"0.9.0","dc1f0bf2046cf08d9484a287dee02ff058961ca4","openjpa-lib/src/main/java/org/apache/openjpa/lib/meta/XMLMetaDataParser.java",0
1,"0.9.0","dc1f0bf2046cf08d9484a287dee02ff058961ca4","openjpa-lib/src/main/java/org/apache/openjpa/lib/meta/XMLMetaDataSerializer.java",0
1,"0.9.0","dc1f0bf2046cf08d9484a287dee02ff058961ca4","openjpa-lib/src/main/java/org/apache/openjpa/lib/meta/ZipFileMetaDataIterator.java",0
1,"0.9.0","dc1f0bf2046cf08d9484a287dee02ff058961ca4","openjpa-lib/src/main/java/org/apache/openjpa/lib/meta/ZipStreamMetaDataIterator.java",0
1,"0.9.0","dc1f0bf2046cf08d9484a287dee02ff058961ca4","openjpa-lib/src/main/java/org/apache/openjpa/lib/rop/AbstractListIterator.java",0
1,"0.9.0","dc1f0bf2046cf08d9484a287dee02ff058961ca4","openjpa-lib/src/main/java/org/apache/openjpa/lib/rop/AbstractNonSequentialResultList.java",0
1,"0.9.0","dc1f0bf2046cf08d9484a287dee02ff058961ca4","openjpa-lib/src/main/java/org/apache/openjpa/lib/rop/AbstractResultList.java",0
1,"0.9.0","dc1f0bf2046cf08d9484a287dee02ff058961ca4","openjpa-lib/src/main/java/org/apache/openjpa/lib/rop/AbstractSequentialResultList.java",0
1,"0.9.0","dc1f0bf2046cf08d9484a287dee02ff058961ca4","openjpa-lib/src/main/java/org/apache/openjpa/lib/rop/EagerResultList.java",0
1,"0.9.0","dc1f0bf2046cf08d9484a287dee02ff058961ca4","openjpa-lib/src/main/java/org/apache/openjpa/lib/rop/LazyForwardResultList.java",0
1,"0.9.0","dc1f0bf2046cf08d9484a287dee02ff058961ca4","openjpa-lib/src/main/java/org/apache/openjpa/lib/rop/ListResultList.java",0
1,"0.9.0","dc1f0bf2046cf08d9484a287dee02ff058961ca4","openjpa-lib/src/main/java/org/apache/openjpa/lib/rop/ListResultObjectProvider.java",0
1,"0.9.0","dc1f0bf2046cf08d9484a287dee02ff058961ca4","openjpa-lib/src/main/java/org/apache/openjpa/lib/rop/MergedResultObjectProvider.java",0
1,"0.9.0","dc1f0bf2046cf08d9484a287dee02ff058961ca4","openjpa-lib/src/main/java/org/apache/openjpa/lib/rop/RandomAccessResultList.java",0
1,"0.9.0","dc1f0bf2046cf08d9484a287dee02ff058961ca4","openjpa-lib/src/main/java/org/apache/openjpa/lib/rop/RangeResultObjectProvider.java",0
1,"0.9.0","dc1f0bf2046cf08d9484a287dee02ff058961ca4","openjpa-lib/src/main/java/org/apache/openjpa/lib/rop/ResultList.java",0
1,"0.9.0","dc1f0bf2046cf08d9484a287dee02ff058961ca4","openjpa-lib/src/main/java/org/apache/openjpa/lib/rop/ResultListIterator.java",0
1,"0.9.0","dc1f0bf2046cf08d9484a287dee02ff058961ca4","openjpa-lib/src/main/java/org/apache/openjpa/lib/rop/ResultObjectProvider.java",0
1,"0.9.0","dc1f0bf2046cf08d9484a287dee02ff058961ca4","openjpa-lib/src/main/java/org/apache/openjpa/lib/rop/ResultObjectProviderIterator.java",0
1,"0.9.0","dc1f0bf2046cf08d9484a287dee02ff058961ca4","openjpa-lib/src/main/java/org/apache/openjpa/lib/rop/SimpleResultList.java",0
1,"0.9.0","dc1f0bf2046cf08d9484a287dee02ff058961ca4","openjpa-lib/src/main/java/org/apache/openjpa/lib/rop/SoftRandomAccessResultList.java",0
1,"0.9.0","dc1f0bf2046cf08d9484a287dee02ff058961ca4","openjpa-lib/src/main/java/org/apache/openjpa/lib/rop/WindowResultList.java",0
1,"0.9.0","dc1f0bf2046cf08d9484a287dee02ff058961ca4","openjpa-lib/src/main/java/org/apache/openjpa/lib/util/AbstractEventManager.java",0
1,"0.9.0","dc1f0bf2046cf08d9484a287dee02ff058961ca4","openjpa-lib/src/main/java/org/apache/openjpa/lib/util/Base16Encoder.java",0
1,"0.9.0","dc1f0bf2046cf08d9484a287dee02ff058961ca4","openjpa-lib/src/main/java/org/apache/openjpa/lib/util/BytecodeWriter.java",0
1,"0.9.0","dc1f0bf2046cf08d9484a287dee02ff058961ca4","openjpa-lib/src/main/java/org/apache/openjpa/lib/util/Closeable.java",0
1,"0.9.0","dc1f0bf2046cf08d9484a287dee02ff058961ca4","openjpa-lib/src/main/java/org/apache/openjpa/lib/util/CodeFormat.java",0
1,"0.9.0","dc1f0bf2046cf08d9484a287dee02ff058961ca4","openjpa-lib/src/main/java/org/apache/openjpa/lib/util/EventManager.java",0
1,"0.9.0","dc1f0bf2046cf08d9484a287dee02ff058961ca4","openjpa-lib/src/main/java/org/apache/openjpa/lib/util/Files.java",0
1,"0.9.0","dc1f0bf2046cf08d9484a287dee02ff058961ca4","openjpa-lib/src/main/java/org/apache/openjpa/lib/util/FormatPreservingProperties.java",0
1,"0.9.0","dc1f0bf2046cf08d9484a287dee02ff058961ca4","openjpa-lib/src/main/java/org/apache/openjpa/lib/util/JavaVersions.java",0
1,"0.9.0","dc1f0bf2046cf08d9484a287dee02ff058961ca4","openjpa-lib/src/main/java/org/apache/openjpa/lib/util/LRUMap.java",0
1,"0.9.0","dc1f0bf2046cf08d9484a287dee02ff058961ca4","openjpa-lib/src/main/java/org/apache/openjpa/lib/util/Localizer.java",0
1,"0.9.0","dc1f0bf2046cf08d9484a287dee02ff058961ca4","openjpa-lib/src/main/java/org/apache/openjpa/lib/util/MultiClassLoader.java",0
1,"0.9.0","dc1f0bf2046cf08d9484a287dee02ff058961ca4","openjpa-lib/src/main/java/org/apache/openjpa/lib/util/Options.java",0
1,"0.9.0","dc1f0bf2046cf08d9484a287dee02ff058961ca4","openjpa-lib/src/main/java/org/apache/openjpa/lib/util/ParameterTemplate.java",0
1,"0.9.0","dc1f0bf2046cf08d9484a287dee02ff058961ca4","openjpa-lib/src/main/java/org/apache/openjpa/lib/util/ParseException.java",0
1,"0.9.0","dc1f0bf2046cf08d9484a287dee02ff058961ca4","openjpa-lib/src/main/java/org/apache/openjpa/lib/util/ReferenceHashMap.java",0
1,"0.9.0","dc1f0bf2046cf08d9484a287dee02ff058961ca4","openjpa-lib/src/main/java/org/apache/openjpa/lib/util/ReferenceHashSet.java",0
1,"0.9.0","dc1f0bf2046cf08d9484a287dee02ff058961ca4","openjpa-lib/src/main/java/org/apache/openjpa/lib/util/ReferenceMap.java",0
1,"0.9.0","dc1f0bf2046cf08d9484a287dee02ff058961ca4","openjpa-lib/src/main/java/org/apache/openjpa/lib/util/ResourceBundleProvider.java",0
1,"0.9.0","dc1f0bf2046cf08d9484a287dee02ff058961ca4","openjpa-lib/src/main/java/org/apache/openjpa/lib/util/Services.java",0
1,"0.9.0","dc1f0bf2046cf08d9484a287dee02ff058961ca4","openjpa-lib/src/main/java/org/apache/openjpa/lib/util/SimpleRegex.java",0
1,"0.9.0","dc1f0bf2046cf08d9484a287dee02ff058961ca4","openjpa-lib/src/main/java/org/apache/openjpa/lib/util/SimpleResourceBundleProvider.java",0
1,"0.9.0","dc1f0bf2046cf08d9484a287dee02ff058961ca4","openjpa-lib/src/main/java/org/apache/openjpa/lib/util/SizedMap.java",0
1,"0.9.0","dc1f0bf2046cf08d9484a287dee02ff058961ca4","openjpa-lib/src/main/java/org/apache/openjpa/lib/util/StreamResourceBundleProvider.java",0
1,"0.9.0","dc1f0bf2046cf08d9484a287dee02ff058961ca4","openjpa-lib/src/main/java/org/apache/openjpa/lib/util/StringDistance.java",0
1,"0.9.0","dc1f0bf2046cf08d9484a287dee02ff058961ca4","openjpa-lib/src/main/java/org/apache/openjpa/lib/util/TemporaryClassLoader.java",0
1,"0.9.0","dc1f0bf2046cf08d9484a287dee02ff058961ca4","openjpa-lib/src/main/java/org/apache/openjpa/lib/util/TypedProperties.java",0
1,"0.9.0","dc1f0bf2046cf08d9484a287dee02ff058961ca4","openjpa-lib/src/main/java/org/apache/openjpa/lib/util/UUIDGenerator.java",0
1,"0.9.0","dc1f0bf2046cf08d9484a287dee02ff058961ca4","openjpa-lib/src/main/java/org/apache/openjpa/lib/util/ZipResourceBundleProvider.java",0
1,"0.9.0","dc1f0bf2046cf08d9484a287dee02ff058961ca4","openjpa-lib/src/main/java/org/apache/openjpa/lib/util/concurrent/AbstractCollection.java",0
1,"0.9.0","dc1f0bf2046cf08d9484a287dee02ff058961ca4","openjpa-lib/src/main/java/org/apache/openjpa/lib/util/concurrent/AbstractConcurrentEventManager.java",0
1,"0.9.0","dc1f0bf2046cf08d9484a287dee02ff058961ca4","openjpa-lib/src/main/java/org/apache/openjpa/lib/util/concurrent/AbstractQueue.java",0
1,"0.9.0","dc1f0bf2046cf08d9484a287dee02ff058961ca4","openjpa-lib/src/main/java/org/apache/openjpa/lib/util/concurrent/AbstractSet.java",0
1,"0.9.0","dc1f0bf2046cf08d9484a287dee02ff058961ca4","openjpa-lib/src/main/java/org/apache/openjpa/lib/util/concurrent/Arrays.java",0
1,"0.9.0","dc1f0bf2046cf08d9484a287dee02ff058961ca4","openjpa-lib/src/main/java/org/apache/openjpa/lib/util/concurrent/ConcurrentHashMap.java",0
1,"0.9.0","dc1f0bf2046cf08d9484a287dee02ff058961ca4","openjpa-lib/src/main/java/org/apache/openjpa/lib/util/concurrent/ConcurrentHashSet.java",0
1,"0.9.0","dc1f0bf2046cf08d9484a287dee02ff058961ca4","openjpa-lib/src/main/java/org/apache/openjpa/lib/util/concurrent/ConcurrentLinkedQueue.java",0
1,"0.9.0","dc1f0bf2046cf08d9484a287dee02ff058961ca4","openjpa-lib/src/main/java/org/apache/openjpa/lib/util/concurrent/ConcurrentMap.java",0
1,"0.9.0","dc1f0bf2046cf08d9484a287dee02ff058961ca4","openjpa-lib/src/main/java/org/apache/openjpa/lib/util/concurrent/ConcurrentReferenceHashMap.java",0
1,"0.9.0","dc1f0bf2046cf08d9484a287dee02ff058961ca4","openjpa-lib/src/main/java/org/apache/openjpa/lib/util/concurrent/ConcurrentReferenceHashSet.java",0
1,"0.9.0","dc1f0bf2046cf08d9484a287dee02ff058961ca4","openjpa-lib/src/main/java/org/apache/openjpa/lib/util/concurrent/CondVar.java",0
1,"0.9.0","dc1f0bf2046cf08d9484a287dee02ff058961ca4","openjpa-lib/src/main/java/org/apache/openjpa/lib/util/concurrent/Condition.java",0
1,"0.9.0","dc1f0bf2046cf08d9484a287dee02ff058961ca4","openjpa-lib/src/main/java/org/apache/openjpa/lib/util/concurrent/CopyOnWriteArrayList.java",0
1,"0.9.0","dc1f0bf2046cf08d9484a287dee02ff058961ca4","openjpa-lib/src/main/java/org/apache/openjpa/lib/util/concurrent/CopyOnWriteArraySet.java",0
1,"0.9.0","dc1f0bf2046cf08d9484a287dee02ff058961ca4","openjpa-lib/src/main/java/org/apache/openjpa/lib/util/concurrent/FIFOCondVar.java",0
1,"0.9.0","dc1f0bf2046cf08d9484a287dee02ff058961ca4","openjpa-lib/src/main/java/org/apache/openjpa/lib/util/concurrent/FIFOWaitQueue.java",0
1,"0.9.0","dc1f0bf2046cf08d9484a287dee02ff058961ca4","openjpa-lib/src/main/java/org/apache/openjpa/lib/util/concurrent/Lock.java",0
1,"0.9.0","dc1f0bf2046cf08d9484a287dee02ff058961ca4","openjpa-lib/src/main/java/org/apache/openjpa/lib/util/concurrent/NanoTimer.java",0
1,"0.9.0","dc1f0bf2046cf08d9484a287dee02ff058961ca4","openjpa-lib/src/main/java/org/apache/openjpa/lib/util/concurrent/Queue.java",0
1,"0.9.0","dc1f0bf2046cf08d9484a287dee02ff058961ca4","openjpa-lib/src/main/java/org/apache/openjpa/lib/util/concurrent/ReentrantLock.java",0
1,"0.9.0","dc1f0bf2046cf08d9484a287dee02ff058961ca4","openjpa-lib/src/main/java/org/apache/openjpa/lib/util/concurrent/TimeUnit.java",0
1,"0.9.0","dc1f0bf2046cf08d9484a287dee02ff058961ca4","openjpa-lib/src/main/java/org/apache/openjpa/lib/util/concurrent/Utils.java",0
1,"0.9.0","dc1f0bf2046cf08d9484a287dee02ff058961ca4","openjpa-lib/src/main/java/org/apache/openjpa/lib/util/concurrent/WaitQueue.java",0
1,"0.9.0","dc1f0bf2046cf08d9484a287dee02ff058961ca4","openjpa-lib/src/main/java/org/apache/openjpa/lib/xml/Commentable.java",0
1,"0.9.0","dc1f0bf2046cf08d9484a287dee02ff058961ca4","openjpa-lib/src/main/java/org/apache/openjpa/lib/xml/DocTypeReader.java",0
1,"0.9.0","dc1f0bf2046cf08d9484a287dee02ff058961ca4","openjpa-lib/src/main/java/org/apache/openjpa/lib/xml/Location.java",0
1,"0.9.0","dc1f0bf2046cf08d9484a287dee02ff058961ca4","openjpa-lib/src/main/java/org/apache/openjpa/lib/xml/ValidatingErrorHandler.java",0
1,"0.9.0","dc1f0bf2046cf08d9484a287dee02ff058961ca4","openjpa-lib/src/main/java/org/apache/openjpa/lib/xml/XMLFactory.java",0
1,"0.9.0","dc1f0bf2046cf08d9484a287dee02ff058961ca4","openjpa-lib/src/main/java/org/apache/openjpa/lib/xml/XMLWriter.java",0
1,"0.9.0","dc1f0bf2046cf08d9484a287dee02ff058961ca4","openjpa-persistence-jdbc/src/main/java/org/apache/openjpa/persistence/jdbc/AnnotationPersistenceMappingParser.java",0
1,"0.9.0","dc1f0bf2046cf08d9484a287dee02ff058961ca4","openjpa-persistence-jdbc/src/main/java/org/apache/openjpa/persistence/jdbc/ClassCriteria.java",0
1,"0.9.0","dc1f0bf2046cf08d9484a287dee02ff058961ca4","openjpa-persistence-jdbc/src/main/java/org/apache/openjpa/persistence/jdbc/Columns.java",0
1,"0.9.0","dc1f0bf2046cf08d9484a287dee02ff058961ca4","openjpa-persistence-jdbc/src/main/java/org/apache/openjpa/persistence/jdbc/ContainerTable.java",0
1,"0.9.0","dc1f0bf2046cf08d9484a287dee02ff058961ca4","openjpa-persistence-jdbc/src/main/java/org/apache/openjpa/persistence/jdbc/DataStoreIdColumn.java",0
1,"0.9.0","dc1f0bf2046cf08d9484a287dee02ff058961ca4","openjpa-persistence-jdbc/src/main/java/org/apache/openjpa/persistence/jdbc/DiscriminatorStrategy.java",0
1,"0.9.0","dc1f0bf2046cf08d9484a287dee02ff058961ca4","openjpa-persistence-jdbc/src/main/java/org/apache/openjpa/persistence/jdbc/EagerFetchMode.java",0
1,"0.9.0","dc1f0bf2046cf08d9484a287dee02ff058961ca4","openjpa-persistence-jdbc/src/main/java/org/apache/openjpa/persistence/jdbc/EagerFetchType.java",0
1,"0.9.0","dc1f0bf2046cf08d9484a287dee02ff058961ca4","openjpa-persistence-jdbc/src/main/java/org/apache/openjpa/persistence/jdbc/ElementClassCriteria.java",0
1,"0.9.0","dc1f0bf2046cf08d9484a287dee02ff058961ca4","openjpa-persistence-jdbc/src/main/java/org/apache/openjpa/persistence/jdbc/ElementForeignKey.java",0
1,"0.9.0","dc1f0bf2046cf08d9484a287dee02ff058961ca4","openjpa-persistence-jdbc/src/main/java/org/apache/openjpa/persistence/jdbc/ElementIndex.java",0
1,"0.9.0","dc1f0bf2046cf08d9484a287dee02ff058961ca4","openjpa-persistence-jdbc/src/main/java/org/apache/openjpa/persistence/jdbc/ElementJoinColumn.java",0
1,"0.9.0","dc1f0bf2046cf08d9484a287dee02ff058961ca4","openjpa-persistence-jdbc/src/main/java/org/apache/openjpa/persistence/jdbc/ElementJoinColumns.java",0
1,"0.9.0","dc1f0bf2046cf08d9484a287dee02ff058961ca4","openjpa-persistence-jdbc/src/main/java/org/apache/openjpa/persistence/jdbc/ElementNonpolymorphic.java",0
1,"0.9.0","dc1f0bf2046cf08d9484a287dee02ff058961ca4","openjpa-persistence-jdbc/src/main/java/org/apache/openjpa/persistence/jdbc/EmbeddedMapping.java",0
1,"0.9.0","dc1f0bf2046cf08d9484a287dee02ff058961ca4","openjpa-persistence-jdbc/src/main/java/org/apache/openjpa/persistence/jdbc/ForeignKey.java",0
1,"0.9.0","dc1f0bf2046cf08d9484a287dee02ff058961ca4","openjpa-persistence-jdbc/src/main/java/org/apache/openjpa/persistence/jdbc/ForeignKeyAction.java",0
1,"0.9.0","dc1f0bf2046cf08d9484a287dee02ff058961ca4","openjpa-persistence-jdbc/src/main/java/org/apache/openjpa/persistence/jdbc/Index.java",0
1,"0.9.0","dc1f0bf2046cf08d9484a287dee02ff058961ca4","openjpa-persistence-jdbc/src/main/java/org/apache/openjpa/persistence/jdbc/JDBCFetchPlan.java",0
1,"0.9.0","dc1f0bf2046cf08d9484a287dee02ff058961ca4","openjpa-persistence-jdbc/src/main/java/org/apache/openjpa/persistence/jdbc/JDBCPersistenceProductDerivation.java",0
1,"0.9.0","dc1f0bf2046cf08d9484a287dee02ff058961ca4","openjpa-persistence-jdbc/src/main/java/org/apache/openjpa/persistence/jdbc/MappingOverride.java",0
1,"0.9.0","dc1f0bf2046cf08d9484a287dee02ff058961ca4","openjpa-persistence-jdbc/src/main/java/org/apache/openjpa/persistence/jdbc/MappingOverrides.java",0
1,"0.9.0","dc1f0bf2046cf08d9484a287dee02ff058961ca4","openjpa-persistence-jdbc/src/main/java/org/apache/openjpa/persistence/jdbc/MappingTag.java",0
1,"0.9.0","dc1f0bf2046cf08d9484a287dee02ff058961ca4","openjpa-persistence-jdbc/src/main/java/org/apache/openjpa/persistence/jdbc/Nonpolymorphic.java",0
1,"0.9.0","dc1f0bf2046cf08d9484a287dee02ff058961ca4","openjpa-persistence-jdbc/src/main/java/org/apache/openjpa/persistence/jdbc/NonpolymorphicType.java",0
1,"0.9.0","dc1f0bf2046cf08d9484a287dee02ff058961ca4","openjpa-persistence-jdbc/src/main/java/org/apache/openjpa/persistence/jdbc/OrderColumn.java",0
1,"0.9.0","dc1f0bf2046cf08d9484a287dee02ff058961ca4","openjpa-persistence-jdbc/src/main/java/org/apache/openjpa/persistence/jdbc/PersistenceMappingDefaults.java",0
1,"0.9.0","dc1f0bf2046cf08d9484a287dee02ff058961ca4","openjpa-persistence-jdbc/src/main/java/org/apache/openjpa/persistence/jdbc/PersistenceMappingFactory.java",0
1,"0.9.0","dc1f0bf2046cf08d9484a287dee02ff058961ca4","openjpa-persistence-jdbc/src/main/java/org/apache/openjpa/persistence/jdbc/Strategy.java",0
1,"0.9.0","dc1f0bf2046cf08d9484a287dee02ff058961ca4","openjpa-persistence-jdbc/src/main/java/org/apache/openjpa/persistence/jdbc/SubclassFetchMode.java",0
1,"0.9.0","dc1f0bf2046cf08d9484a287dee02ff058961ca4","openjpa-persistence-jdbc/src/main/java/org/apache/openjpa/persistence/jdbc/Unique.java",0
1,"0.9.0","dc1f0bf2046cf08d9484a287dee02ff058961ca4","openjpa-persistence-jdbc/src/main/java/org/apache/openjpa/persistence/jdbc/VersionColumn.java",0
1,"0.9.0","dc1f0bf2046cf08d9484a287dee02ff058961ca4","openjpa-persistence-jdbc/src/main/java/org/apache/openjpa/persistence/jdbc/VersionColumns.java",0
1,"0.9.0","dc1f0bf2046cf08d9484a287dee02ff058961ca4","openjpa-persistence-jdbc/src/main/java/org/apache/openjpa/persistence/jdbc/VersionStrategy.java",0
1,"0.9.0","dc1f0bf2046cf08d9484a287dee02ff058961ca4","openjpa-persistence-jdbc/src/main/java/org/apache/openjpa/persistence/jdbc/XJoinColumn.java",0
1,"0.9.0","dc1f0bf2046cf08d9484a287dee02ff058961ca4","openjpa-persistence-jdbc/src/main/java/org/apache/openjpa/persistence/jdbc/XJoinColumns.java",0
1,"0.9.0","dc1f0bf2046cf08d9484a287dee02ff058961ca4","openjpa-persistence-jdbc/src/main/java/org/apache/openjpa/persistence/jdbc/XMLPersistenceMappingParser.java",0
1,"0.9.0","dc1f0bf2046cf08d9484a287dee02ff058961ca4","openjpa-persistence-jdbc/src/main/java/org/apache/openjpa/persistence/jdbc/XMLPersistenceMappingSerializer.java",0
1,"0.9.0","dc1f0bf2046cf08d9484a287dee02ff058961ca4","openjpa-persistence-jdbc/src/main/java/org/apache/openjpa/persistence/jdbc/XSecondaryTable.java",0
1,"0.9.0","dc1f0bf2046cf08d9484a287dee02ff058961ca4","openjpa-persistence-jdbc/src/main/java/org/apache/openjpa/persistence/jdbc/XSecondaryTables.java",0
1,"0.9.0","dc1f0bf2046cf08d9484a287dee02ff058961ca4","openjpa-persistence-jdbc/src/main/java/org/apache/openjpa/persistence/jdbc/XTable.java",0
1,"0.9.0","dc1f0bf2046cf08d9484a287dee02ff058961ca4","openjpa-persistence/src/main/java/org/apache/openjpa/persistence/AnnotationPersistenceMetaDataParser.java",0
1,"0.9.0","dc1f0bf2046cf08d9484a287dee02ff058961ca4","openjpa-persistence/src/main/java/org/apache/openjpa/persistence/ArgumentException.java",0
1,"0.9.0","dc1f0bf2046cf08d9484a287dee02ff058961ca4","openjpa-persistence/src/main/java/org/apache/openjpa/persistence/ConfigurationProviderImpl.java",0
1,"0.9.0","dc1f0bf2046cf08d9484a287dee02ff058961ca4","openjpa-persistence/src/main/java/org/apache/openjpa/persistence/DataCache.java",0
1,"0.9.0","dc1f0bf2046cf08d9484a287dee02ff058961ca4","openjpa-persistence/src/main/java/org/apache/openjpa/persistence/DataStoreId.java",0
1,"0.9.0","dc1f0bf2046cf08d9484a287dee02ff058961ca4","openjpa-persistence/src/main/java/org/apache/openjpa/persistence/Dependent.java",0
1,"0.9.0","dc1f0bf2046cf08d9484a287dee02ff058961ca4","openjpa-persistence/src/main/java/org/apache/openjpa/persistence/DetachedState.java",0
1,"0.9.0","dc1f0bf2046cf08d9484a287dee02ff058961ca4","openjpa-persistence/src/main/java/org/apache/openjpa/persistence/ElementDependent.java",0
1,"0.9.0","dc1f0bf2046cf08d9484a287dee02ff058961ca4","openjpa-persistence/src/main/java/org/apache/openjpa/persistence/ElementType.java",0
1,"0.9.0","dc1f0bf2046cf08d9484a287dee02ff058961ca4","openjpa-persistence/src/main/java/org/apache/openjpa/persistence/EntityExistsException.java",0
1,"0.9.0","dc1f0bf2046cf08d9484a287dee02ff058961ca4","openjpa-persistence/src/main/java/org/apache/openjpa/persistence/EntityManagerFactoryImpl.java",0
1,"0.9.0","dc1f0bf2046cf08d9484a287dee02ff058961ca4","openjpa-persistence/src/main/java/org/apache/openjpa/persistence/EntityManagerImpl.java",0
1,"0.9.0","dc1f0bf2046cf08d9484a287dee02ff058961ca4","openjpa-persistence/src/main/java/org/apache/openjpa/persistence/EntityNotFoundException.java",0
1,"0.9.0","dc1f0bf2046cf08d9484a287dee02ff058961ca4","openjpa-persistence/src/main/java/org/apache/openjpa/persistence/Extent.java",0
1,"0.9.0","dc1f0bf2046cf08d9484a287dee02ff058961ca4","openjpa-persistence/src/main/java/org/apache/openjpa/persistence/ExternalValues.java",0
1,"0.9.0","dc1f0bf2046cf08d9484a287dee02ff058961ca4","openjpa-persistence/src/main/java/org/apache/openjpa/persistence/Externalizer.java",0
1,"0.9.0","dc1f0bf2046cf08d9484a287dee02ff058961ca4","openjpa-persistence/src/main/java/org/apache/openjpa/persistence/Factory.java",0
1,"0.9.0","dc1f0bf2046cf08d9484a287dee02ff058961ca4","openjpa-persistence/src/main/java/org/apache/openjpa/persistence/FetchAttribute.java",0
1,"0.9.0","dc1f0bf2046cf08d9484a287dee02ff058961ca4","openjpa-persistence/src/main/java/org/apache/openjpa/persistence/FetchGroup.java",0
1,"0.9.0","dc1f0bf2046cf08d9484a287dee02ff058961ca4","openjpa-persistence/src/main/java/org/apache/openjpa/persistence/FetchGroups.java",0
1,"0.9.0","dc1f0bf2046cf08d9484a287dee02ff058961ca4","openjpa-persistence/src/main/java/org/apache/openjpa/persistence/FetchPlan.java",0
1,"0.9.0","dc1f0bf2046cf08d9484a287dee02ff058961ca4","openjpa-persistence/src/main/java/org/apache/openjpa/persistence/Generator.java",0
1,"0.9.0","dc1f0bf2046cf08d9484a287dee02ff058961ca4","openjpa-persistence/src/main/java/org/apache/openjpa/persistence/InvalidStateException.java",0
1,"0.9.0","dc1f0bf2046cf08d9484a287dee02ff058961ca4","openjpa-persistence/src/main/java/org/apache/openjpa/persistence/InverseLogical.java",0
1,"0.9.0","dc1f0bf2046cf08d9484a287dee02ff058961ca4","openjpa-persistence/src/main/java/org/apache/openjpa/persistence/KeyDependent.java",0
1,"0.9.0","dc1f0bf2046cf08d9484a287dee02ff058961ca4","openjpa-persistence/src/main/java/org/apache/openjpa/persistence/KeyType.java",0
1,"0.9.0","dc1f0bf2046cf08d9484a287dee02ff058961ca4","openjpa-persistence/src/main/java/org/apache/openjpa/persistence/LRS.java",0
1,"0.9.0","dc1f0bf2046cf08d9484a287dee02ff058961ca4","openjpa-persistence/src/main/java/org/apache/openjpa/persistence/LoadFetchGroup.java",0
1,"0.9.0","dc1f0bf2046cf08d9484a287dee02ff058961ca4","openjpa-persistence/src/main/java/org/apache/openjpa/persistence/MetaDataTag.java",0
1,"0.9.0","dc1f0bf2046cf08d9484a287dee02ff058961ca4","openjpa-persistence/src/main/java/org/apache/openjpa/persistence/NoResultException.java",0
1,"0.9.0","dc1f0bf2046cf08d9484a287dee02ff058961ca4","openjpa-persistence/src/main/java/org/apache/openjpa/persistence/NonUniqueResultException.java",0
1,"0.9.0","dc1f0bf2046cf08d9484a287dee02ff058961ca4","openjpa-persistence/src/main/java/org/apache/openjpa/persistence/OpenJPAEntityManager.java",0
1,"0.9.0","dc1f0bf2046cf08d9484a287dee02ff058961ca4","openjpa-persistence/src/main/java/org/apache/openjpa/persistence/OpenJPAEntityManagerFactory.java",0
1,"0.9.0","dc1f0bf2046cf08d9484a287dee02ff058961ca4","openjpa-persistence/src/main/java/org/apache/openjpa/persistence/OpenJPAPersistence.java",0
1,"0.9.0","dc1f0bf2046cf08d9484a287dee02ff058961ca4","openjpa-persistence/src/main/java/org/apache/openjpa/persistence/OpenJPAQuery.java",0
1,"0.9.0","dc1f0bf2046cf08d9484a287dee02ff058961ca4","openjpa-persistence/src/main/java/org/apache/openjpa/persistence/OptimisticLockException.java",0
1,"0.9.0","dc1f0bf2046cf08d9484a287dee02ff058961ca4","openjpa-persistence/src/main/java/org/apache/openjpa/persistence/PersistenceException.java",0
1,"0.9.0","dc1f0bf2046cf08d9484a287dee02ff058961ca4","openjpa-persistence/src/main/java/org/apache/openjpa/persistence/PersistenceExceptions.java",0
1,"0.9.0","dc1f0bf2046cf08d9484a287dee02ff058961ca4","openjpa-persistence/src/main/java/org/apache/openjpa/persistence/PersistenceListenerAdapter.java",0
1,"0.9.0","dc1f0bf2046cf08d9484a287dee02ff058961ca4","openjpa-persistence/src/main/java/org/apache/openjpa/persistence/PersistenceMetaDataDefaults.java",0
1,"0.9.0","dc1f0bf2046cf08d9484a287dee02ff058961ca4","openjpa-persistence/src/main/java/org/apache/openjpa/persistence/PersistenceMetaDataFactory.java",0
1,"0.9.0","dc1f0bf2046cf08d9484a287dee02ff058961ca4","openjpa-persistence/src/main/java/org/apache/openjpa/persistence/PersistenceProductDerivation.java",0
1,"0.9.0","dc1f0bf2046cf08d9484a287dee02ff058961ca4","openjpa-persistence/src/main/java/org/apache/openjpa/persistence/PersistenceProviderImpl.java",0
1,"0.9.0","dc1f0bf2046cf08d9484a287dee02ff058961ca4","openjpa-persistence/src/main/java/org/apache/openjpa/persistence/PersistenceStrategy.java",0
1,"0.9.0","dc1f0bf2046cf08d9484a287dee02ff058961ca4","openjpa-persistence/src/main/java/org/apache/openjpa/persistence/PersistenceUnitInfoImpl.java",0
1,"0.9.0","dc1f0bf2046cf08d9484a287dee02ff058961ca4","openjpa-persistence/src/main/java/org/apache/openjpa/persistence/Persistent.java",0
1,"0.9.0","dc1f0bf2046cf08d9484a287dee02ff058961ca4","openjpa-persistence/src/main/java/org/apache/openjpa/persistence/PersistentCollection.java",0
1,"0.9.0","dc1f0bf2046cf08d9484a287dee02ff058961ca4","openjpa-persistence/src/main/java/org/apache/openjpa/persistence/PersistentMap.java",0
1,"0.9.0","dc1f0bf2046cf08d9484a287dee02ff058961ca4","openjpa-persistence/src/main/java/org/apache/openjpa/persistence/QueryImpl.java",0
1,"0.9.0","dc1f0bf2046cf08d9484a287dee02ff058961ca4","openjpa-persistence/src/main/java/org/apache/openjpa/persistence/QueryResultCache.java",0
1,"0.9.0","dc1f0bf2046cf08d9484a287dee02ff058961ca4","openjpa-persistence/src/main/java/org/apache/openjpa/persistence/ReadOnly.java",0
1,"0.9.0","dc1f0bf2046cf08d9484a287dee02ff058961ca4","openjpa-persistence/src/main/java/org/apache/openjpa/persistence/RollbackException.java",0
1,"0.9.0","dc1f0bf2046cf08d9484a287dee02ff058961ca4","openjpa-persistence/src/main/java/org/apache/openjpa/persistence/StoreCache.java",0
1,"0.9.0","dc1f0bf2046cf08d9484a287dee02ff058961ca4","openjpa-persistence/src/main/java/org/apache/openjpa/persistence/TransactionRequiredException.java",0
1,"0.9.0","dc1f0bf2046cf08d9484a287dee02ff058961ca4","openjpa-persistence/src/main/java/org/apache/openjpa/persistence/Type.java",0
1,"0.9.0","dc1f0bf2046cf08d9484a287dee02ff058961ca4","openjpa-persistence/src/main/java/org/apache/openjpa/persistence/UpdateAction.java",0
1,"0.9.0","dc1f0bf2046cf08d9484a287dee02ff058961ca4","openjpa-persistence/src/main/java/org/apache/openjpa/persistence/XMLPersistenceMetaDataParser.java",0
1,"0.9.0","dc1f0bf2046cf08d9484a287dee02ff058961ca4","openjpa-persistence/src/main/java/org/apache/openjpa/persistence/XMLPersistenceMetaDataSerializer.java",0
1,"0.9.0","dc1f0bf2046cf08d9484a287dee02ff058961ca4","openjpa-xmlstore/src/main/java/org/apache/openjpa/xmlstore/ObjectData.java",0
1,"0.9.0","dc1f0bf2046cf08d9484a287dee02ff058961ca4","openjpa-xmlstore/src/main/java/org/apache/openjpa/xmlstore/XMLConfiguration.java",0
1,"0.9.0","dc1f0bf2046cf08d9484a287dee02ff058961ca4","openjpa-xmlstore/src/main/java/org/apache/openjpa/xmlstore/XMLFileHandler.java",0
1,"0.9.0","dc1f0bf2046cf08d9484a287dee02ff058961ca4","openjpa-xmlstore/src/main/java/org/apache/openjpa/xmlstore/XMLStore.java",0
1,"0.9.0","dc1f0bf2046cf08d9484a287dee02ff058961ca4","openjpa-xmlstore/src/main/java/org/apache/openjpa/xmlstore/XMLStoreManager.java",0
