"ReleaseIndex","Version","CommitId","SonarAnalysisKey","SonarRevision","Class","NSmells"
"8","1.0.3","37d610ca2ccf499479ea0cfb36ca91fcc5e0946e","3774095d-037b-4979-a16d-d8c95ec5c926","3868b13971a77e941a6671a9b9802d0d60d284a4","openjpa-jdbc/src/main/java/org/apache/openjpa/jdbc/ant/MappingToolTask.java","0"
"8","1.0.3","37d610ca2ccf499479ea0cfb36ca91fcc5e0946e","3774095d-037b-4979-a16d-d8c95ec5c926","3868b13971a77e941a6671a9b9802d0d60d284a4","openjpa-jdbc/src/main/java/org/apache/openjpa/jdbc/ant/ReverseMappingToolTask.java","0"
"8","1.0.3","37d610ca2ccf499479ea0cfb36ca91fcc5e0946e","3774095d-037b-4979-a16d-d8c95ec5c926","3868b13971a77e941a6671a9b9802d0d60d284a4","openjpa-jdbc/src/main/java/org/apache/openjpa/jdbc/ant/SchemaToolTask.java","1"
"8","1.0.3","37d610ca2ccf499479ea0cfb36ca91fcc5e0946e","3774095d-037b-4979-a16d-d8c95ec5c926","3868b13971a77e941a6671a9b9802d0d60d284a4","openjpa-jdbc/src/main/java/org/apache/openjpa/jdbc/conf/FetchModeValue.java","0"
"8","1.0.3","37d610ca2ccf499479ea0cfb36ca91fcc5e0946e","3774095d-037b-4979-a16d-d8c95ec5c926","3868b13971a77e941a6671a9b9802d0d60d284a4","openjpa-jdbc/src/main/java/org/apache/openjpa/jdbc/conf/JDBCConfiguration.java","0"
"8","1.0.3","37d610ca2ccf499479ea0cfb36ca91fcc5e0946e","3774095d-037b-4979-a16d-d8c95ec5c926","3868b13971a77e941a6671a9b9802d0d60d284a4","openjpa-jdbc/src/main/java/org/apache/openjpa/jdbc/conf/JDBCConfigurationImpl.java","39"
"8","1.0.3","37d610ca2ccf499479ea0cfb36ca91fcc5e0946e","3774095d-037b-4979-a16d-d8c95ec5c926","3868b13971a77e941a6671a9b9802d0d60d284a4","openjpa-jdbc/src/main/java/org/apache/openjpa/jdbc/conf/JDBCProductDerivation.java","1"
"8","1.0.3","37d610ca2ccf499479ea0cfb36ca91fcc5e0946e","3774095d-037b-4979-a16d-d8c95ec5c926","3868b13971a77e941a6671a9b9802d0d60d284a4","openjpa-jdbc/src/main/java/org/apache/openjpa/jdbc/conf/JDBCSeqValue.java","2"
"8","1.0.3","37d610ca2ccf499479ea0cfb36ca91fcc5e0946e","3774095d-037b-4979-a16d-d8c95ec5c926","3868b13971a77e941a6671a9b9802d0d60d284a4","openjpa-jdbc/src/main/java/org/apache/openjpa/jdbc/conf/MappingFactoryValue.java","6"
"8","1.0.3","37d610ca2ccf499479ea0cfb36ca91fcc5e0946e","3774095d-037b-4979-a16d-d8c95ec5c926","3868b13971a77e941a6671a9b9802d0d60d284a4","openjpa-jdbc/src/main/java/org/apache/openjpa/jdbc/conf/MappingRepositoryValue.java","3"
"8","1.0.3","37d610ca2ccf499479ea0cfb36ca91fcc5e0946e","3774095d-037b-4979-a16d-d8c95ec5c926","3868b13971a77e941a6671a9b9802d0d60d284a4","openjpa-jdbc/src/main/java/org/apache/openjpa/jdbc/conf/QuerySQLCacheValue.java","2"
"8","1.0.3","37d610ca2ccf499479ea0cfb36ca91fcc5e0946e","3774095d-037b-4979-a16d-d8c95ec5c926","3868b13971a77e941a6671a9b9802d0d60d284a4","openjpa-jdbc/src/main/java/org/apache/openjpa/jdbc/kernel/AbstractJDBCSavepointManager.java","5"
"8","1.0.3","37d610ca2ccf499479ea0cfb36ca91fcc5e0946e","3774095d-037b-4979-a16d-d8c95ec5c926","3868b13971a77e941a6671a9b9802d0d60d284a4","openjpa-jdbc/src/main/java/org/apache/openjpa/jdbc/kernel/AbstractJDBCSeq.java","7"
"8","1.0.3","37d610ca2ccf499479ea0cfb36ca91fcc5e0946e","3774095d-037b-4979-a16d-d8c95ec5c926","3868b13971a77e941a6671a9b9802d0d60d284a4","openjpa-jdbc/src/main/java/org/apache/openjpa/jdbc/kernel/AbstractUpdateManager.java","6"
"8","1.0.3","37d610ca2ccf499479ea0cfb36ca91fcc5e0946e","3774095d-037b-4979-a16d-d8c95ec5c926","3868b13971a77e941a6671a9b9802d0d60d284a4","openjpa-jdbc/src/main/java/org/apache/openjpa/jdbc/kernel/BatchingConstraintUpdateManager.java","2"
"8","1.0.3","37d610ca2ccf499479ea0cfb36ca91fcc5e0946e","3774095d-037b-4979-a16d-d8c95ec5c926","3868b13971a77e941a6671a9b9802d0d60d284a4","openjpa-jdbc/src/main/java/org/apache/openjpa/jdbc/kernel/BatchingOperationOrderUpdateManager.java","2"
"8","1.0.3","37d610ca2ccf499479ea0cfb36ca91fcc5e0946e","3774095d-037b-4979-a16d-d8c95ec5c926","3868b13971a77e941a6671a9b9802d0d60d284a4","openjpa-jdbc/src/main/java/org/apache/openjpa/jdbc/kernel/BatchingPreparedStatementManagerImpl.java","14"
"8","1.0.3","37d610ca2ccf499479ea0cfb36ca91fcc5e0946e","3774095d-037b-4979-a16d-d8c95ec5c926","3868b13971a77e941a6671a9b9802d0d60d284a4","openjpa-jdbc/src/main/java/org/apache/openjpa/jdbc/kernel/ClassTableJDBCSeq.java","18"
"8","1.0.3","37d610ca2ccf499479ea0cfb36ca91fcc5e0946e","3774095d-037b-4979-a16d-d8c95ec5c926","3868b13971a77e941a6671a9b9802d0d60d284a4","openjpa-jdbc/src/main/java/org/apache/openjpa/jdbc/kernel/ConnectionInfo.java","0"
"8","1.0.3","37d610ca2ccf499479ea0cfb36ca91fcc5e0946e","3774095d-037b-4979-a16d-d8c95ec5c926","3868b13971a77e941a6671a9b9802d0d60d284a4","openjpa-jdbc/src/main/java/org/apache/openjpa/jdbc/kernel/ConstraintUpdateManager.java","7"
"8","1.0.3","37d610ca2ccf499479ea0cfb36ca91fcc5e0946e","3774095d-037b-4979-a16d-d8c95ec5c926","3868b13971a77e941a6671a9b9802d0d60d284a4","openjpa-jdbc/src/main/java/org/apache/openjpa/jdbc/kernel/DelegatingJDBCFetchConfiguration.java","0"
"8","1.0.3","37d610ca2ccf499479ea0cfb36ca91fcc5e0946e","3774095d-037b-4979-a16d-d8c95ec5c926","3868b13971a77e941a6671a9b9802d0d60d284a4","openjpa-jdbc/src/main/java/org/apache/openjpa/jdbc/kernel/EagerFetchModes.java","1"
"8","1.0.3","37d610ca2ccf499479ea0cfb36ca91fcc5e0946e","3774095d-037b-4979-a16d-d8c95ec5c926","3868b13971a77e941a6671a9b9802d0d60d284a4","openjpa-jdbc/src/main/java/org/apache/openjpa/jdbc/kernel/GenericResultObjectProvider.java","6"
"8","1.0.3","37d610ca2ccf499479ea0cfb36ca91fcc5e0946e","3774095d-037b-4979-a16d-d8c95ec5c926","3868b13971a77e941a6671a9b9802d0d60d284a4","openjpa-jdbc/src/main/java/org/apache/openjpa/jdbc/kernel/InstanceResultObjectProvider.java","1"
"8","1.0.3","37d610ca2ccf499479ea0cfb36ca91fcc5e0946e","3774095d-037b-4979-a16d-d8c95ec5c926","3868b13971a77e941a6671a9b9802d0d60d284a4","openjpa-jdbc/src/main/java/org/apache/openjpa/jdbc/kernel/JDBC3SavepointManager.java","0"
"8","1.0.3","37d610ca2ccf499479ea0cfb36ca91fcc5e0946e","3774095d-037b-4979-a16d-d8c95ec5c926","3868b13971a77e941a6671a9b9802d0d60d284a4","openjpa-jdbc/src/main/java/org/apache/openjpa/jdbc/kernel/JDBCBrokerFactory.java","4"
"8","1.0.3","37d610ca2ccf499479ea0cfb36ca91fcc5e0946e","3774095d-037b-4979-a16d-d8c95ec5c926","3868b13971a77e941a6671a9b9802d0d60d284a4","openjpa-jdbc/src/main/java/org/apache/openjpa/jdbc/kernel/JDBCFetchConfiguration.java","0"
"8","1.0.3","37d610ca2ccf499479ea0cfb36ca91fcc5e0946e","3774095d-037b-4979-a16d-d8c95ec5c926","3868b13971a77e941a6671a9b9802d0d60d284a4","openjpa-jdbc/src/main/java/org/apache/openjpa/jdbc/kernel/JDBCFetchConfigurationImpl.java","10"
"8","1.0.3","37d610ca2ccf499479ea0cfb36ca91fcc5e0946e","3774095d-037b-4979-a16d-d8c95ec5c926","3868b13971a77e941a6671a9b9802d0d60d284a4","openjpa-jdbc/src/main/java/org/apache/openjpa/jdbc/kernel/JDBCLockManager.java","0"
"8","1.0.3","37d610ca2ccf499479ea0cfb36ca91fcc5e0946e","3774095d-037b-4979-a16d-d8c95ec5c926","3868b13971a77e941a6671a9b9802d0d60d284a4","openjpa-jdbc/src/main/java/org/apache/openjpa/jdbc/kernel/JDBCSeq.java","0"
"8","1.0.3","37d610ca2ccf499479ea0cfb36ca91fcc5e0946e","3774095d-037b-4979-a16d-d8c95ec5c926","3868b13971a77e941a6671a9b9802d0d60d284a4","openjpa-jdbc/src/main/java/org/apache/openjpa/jdbc/kernel/JDBCStore.java","0"
"8","1.0.3","37d610ca2ccf499479ea0cfb36ca91fcc5e0946e","3774095d-037b-4979-a16d-d8c95ec5c926","3868b13971a77e941a6671a9b9802d0d60d284a4","openjpa-jdbc/src/main/java/org/apache/openjpa/jdbc/kernel/JDBCStoreManager.java","79"
"8","1.0.3","37d610ca2ccf499479ea0cfb36ca91fcc5e0946e","3774095d-037b-4979-a16d-d8c95ec5c926","3868b13971a77e941a6671a9b9802d0d60d284a4","openjpa-jdbc/src/main/java/org/apache/openjpa/jdbc/kernel/JDBCStoreQuery.java","43"
"8","1.0.3","37d610ca2ccf499479ea0cfb36ca91fcc5e0946e","3774095d-037b-4979-a16d-d8c95ec5c926","3868b13971a77e941a6671a9b9802d0d60d284a4","openjpa-jdbc/src/main/java/org/apache/openjpa/jdbc/kernel/LRSSizes.java","1"
"8","1.0.3","37d610ca2ccf499479ea0cfb36ca91fcc5e0946e","3774095d-037b-4979-a16d-d8c95ec5c926","3868b13971a77e941a6671a9b9802d0d60d284a4","openjpa-jdbc/src/main/java/org/apache/openjpa/jdbc/kernel/MappedQueryResultObjectProvider.java","49"
"8","1.0.3","37d610ca2ccf499479ea0cfb36ca91fcc5e0946e","3774095d-037b-4979-a16d-d8c95ec5c926","3868b13971a77e941a6671a9b9802d0d60d284a4","openjpa-jdbc/src/main/java/org/apache/openjpa/jdbc/kernel/NativeJDBCSeq.java","25"
"8","1.0.3","37d610ca2ccf499479ea0cfb36ca91fcc5e0946e","3774095d-037b-4979-a16d-d8c95ec5c926","3868b13971a77e941a6671a9b9802d0d60d284a4","openjpa-jdbc/src/main/java/org/apache/openjpa/jdbc/kernel/OperationOrderUpdateManager.java","2"
"8","1.0.3","37d610ca2ccf499479ea0cfb36ca91fcc5e0946e","3774095d-037b-4979-a16d-d8c95ec5c926","3868b13971a77e941a6671a9b9802d0d60d284a4","openjpa-jdbc/src/main/java/org/apache/openjpa/jdbc/kernel/PagingResultObjectProvider.java","18"
"8","1.0.3","37d610ca2ccf499479ea0cfb36ca91fcc5e0946e","3774095d-037b-4979-a16d-d8c95ec5c926","3868b13971a77e941a6671a9b9802d0d60d284a4","openjpa-jdbc/src/main/java/org/apache/openjpa/jdbc/kernel/PessimisticLockManager.java","8"
"8","1.0.3","37d610ca2ccf499479ea0cfb36ca91fcc5e0946e","3774095d-037b-4979-a16d-d8c95ec5c926","3868b13971a77e941a6671a9b9802d0d60d284a4","openjpa-jdbc/src/main/java/org/apache/openjpa/jdbc/kernel/PreparedStatementManager.java","0"
"8","1.0.3","37d610ca2ccf499479ea0cfb36ca91fcc5e0946e","3774095d-037b-4979-a16d-d8c95ec5c926","3868b13971a77e941a6671a9b9802d0d60d284a4","openjpa-jdbc/src/main/java/org/apache/openjpa/jdbc/kernel/PreparedStatementManagerImpl.java","8"
"8","1.0.3","37d610ca2ccf499479ea0cfb36ca91fcc5e0946e","3774095d-037b-4979-a16d-d8c95ec5c926","3868b13971a77e941a6671a9b9802d0d60d284a4","openjpa-jdbc/src/main/java/org/apache/openjpa/jdbc/kernel/ProjectionResultObjectProvider.java","3"
"8","1.0.3","37d610ca2ccf499479ea0cfb36ca91fcc5e0946e","3774095d-037b-4979-a16d-d8c95ec5c926","3868b13971a77e941a6671a9b9802d0d60d284a4","openjpa-jdbc/src/main/java/org/apache/openjpa/jdbc/kernel/SQLProjectionResultObjectProvider.java","7"
"8","1.0.3","37d610ca2ccf499479ea0cfb36ca91fcc5e0946e","3774095d-037b-4979-a16d-d8c95ec5c926","3868b13971a77e941a6671a9b9802d0d60d284a4","openjpa-jdbc/src/main/java/org/apache/openjpa/jdbc/kernel/SQLStoreQuery.java","28"
"8","1.0.3","37d610ca2ccf499479ea0cfb36ca91fcc5e0946e","3774095d-037b-4979-a16d-d8c95ec5c926","3868b13971a77e941a6671a9b9802d0d60d284a4","openjpa-jdbc/src/main/java/org/apache/openjpa/jdbc/kernel/SelectResultObjectProvider.java","7"
"8","1.0.3","37d610ca2ccf499479ea0cfb36ca91fcc5e0946e","3774095d-037b-4979-a16d-d8c95ec5c926","3868b13971a77e941a6671a9b9802d0d60d284a4","openjpa-jdbc/src/main/java/org/apache/openjpa/jdbc/kernel/TableJDBCSeq.java","47"
"8","1.0.3","37d610ca2ccf499479ea0cfb36ca91fcc5e0946e","3774095d-037b-4979-a16d-d8c95ec5c926","3868b13971a77e941a6671a9b9802d0d60d284a4","openjpa-jdbc/src/main/java/org/apache/openjpa/jdbc/kernel/UpdateManager.java","0"
"8","1.0.3","37d610ca2ccf499479ea0cfb36ca91fcc5e0946e","3774095d-037b-4979-a16d-d8c95ec5c926","3868b13971a77e941a6671a9b9802d0d60d284a4","openjpa-jdbc/src/main/java/org/apache/openjpa/jdbc/kernel/ValueTableJDBCSeq.java","13"
"8","1.0.3","37d610ca2ccf499479ea0cfb36ca91fcc5e0946e","3774095d-037b-4979-a16d-d8c95ec5c926","3868b13971a77e941a6671a9b9802d0d60d284a4","openjpa-jdbc/src/main/java/org/apache/openjpa/jdbc/kernel/exps/Abs.java","2"
"8","1.0.3","37d610ca2ccf499479ea0cfb36ca91fcc5e0946e","3774095d-037b-4979-a16d-d8c95ec5c926","3868b13971a77e941a6671a9b9802d0d60d284a4","openjpa-jdbc/src/main/java/org/apache/openjpa/jdbc/kernel/exps/AbstractVal.java","0"
"8","1.0.3","37d610ca2ccf499479ea0cfb36ca91fcc5e0946e","3774095d-037b-4979-a16d-d8c95ec5c926","3868b13971a77e941a6671a9b9802d0d60d284a4","openjpa-jdbc/src/main/java/org/apache/openjpa/jdbc/kernel/exps/Aggregate.java","9"
"8","1.0.3","37d610ca2ccf499479ea0cfb36ca91fcc5e0946e","3774095d-037b-4979-a16d-d8c95ec5c926","3868b13971a77e941a6671a9b9802d0d60d284a4","openjpa-jdbc/src/main/java/org/apache/openjpa/jdbc/kernel/exps/All.java","0"
"8","1.0.3","37d610ca2ccf499479ea0cfb36ca91fcc5e0946e","3774095d-037b-4979-a16d-d8c95ec5c926","3868b13971a77e941a6671a9b9802d0d60d284a4","openjpa-jdbc/src/main/java/org/apache/openjpa/jdbc/kernel/exps/AndExpression.java","2"
"8","1.0.3","37d610ca2ccf499479ea0cfb36ca91fcc5e0946e","3774095d-037b-4979-a16d-d8c95ec5c926","3868b13971a77e941a6671a9b9802d0d60d284a4","openjpa-jdbc/src/main/java/org/apache/openjpa/jdbc/kernel/exps/Any.java","0"
"8","1.0.3","37d610ca2ccf499479ea0cfb36ca91fcc5e0946e","3774095d-037b-4979-a16d-d8c95ec5c926","3868b13971a77e941a6671a9b9802d0d60d284a4","openjpa-jdbc/src/main/java/org/apache/openjpa/jdbc/kernel/exps/Args.java","21"
"8","1.0.3","37d610ca2ccf499479ea0cfb36ca91fcc5e0946e","3774095d-037b-4979-a16d-d8c95ec5c926","3868b13971a77e941a6671a9b9802d0d60d284a4","openjpa-jdbc/src/main/java/org/apache/openjpa/jdbc/kernel/exps/Avg.java","1"
"8","1.0.3","37d610ca2ccf499479ea0cfb36ca91fcc5e0946e","3774095d-037b-4979-a16d-d8c95ec5c926","3868b13971a77e941a6671a9b9802d0d60d284a4","openjpa-jdbc/src/main/java/org/apache/openjpa/jdbc/kernel/exps/BinaryOpExpState.java","0"
"8","1.0.3","37d610ca2ccf499479ea0cfb36ca91fcc5e0946e","3774095d-037b-4979-a16d-d8c95ec5c926","3868b13971a77e941a6671a9b9802d0d60d284a4","openjpa-jdbc/src/main/java/org/apache/openjpa/jdbc/kernel/exps/BindVariableAndExpression.java","2"
"8","1.0.3","37d610ca2ccf499479ea0cfb36ca91fcc5e0946e","3774095d-037b-4979-a16d-d8c95ec5c926","3868b13971a77e941a6671a9b9802d0d60d284a4","openjpa-jdbc/src/main/java/org/apache/openjpa/jdbc/kernel/exps/BindVariableExpression.java","7"
"8","1.0.3","37d610ca2ccf499479ea0cfb36ca91fcc5e0946e","3774095d-037b-4979-a16d-d8c95ec5c926","3868b13971a77e941a6671a9b9802d0d60d284a4","openjpa-jdbc/src/main/java/org/apache/openjpa/jdbc/kernel/exps/CompareEqualExpression.java","3"
"8","1.0.3","37d610ca2ccf499479ea0cfb36ca91fcc5e0946e","3774095d-037b-4979-a16d-d8c95ec5c926","3868b13971a77e941a6671a9b9802d0d60d284a4","openjpa-jdbc/src/main/java/org/apache/openjpa/jdbc/kernel/exps/CompareExpression.java","3"
"8","1.0.3","37d610ca2ccf499479ea0cfb36ca91fcc5e0946e","3774095d-037b-4979-a16d-d8c95ec5c926","3868b13971a77e941a6671a9b9802d0d60d284a4","openjpa-jdbc/src/main/java/org/apache/openjpa/jdbc/kernel/exps/Concat.java","7"
"8","1.0.3","37d610ca2ccf499479ea0cfb36ca91fcc5e0946e","3774095d-037b-4979-a16d-d8c95ec5c926","3868b13971a77e941a6671a9b9802d0d60d284a4","openjpa-jdbc/src/main/java/org/apache/openjpa/jdbc/kernel/exps/Const.java","8"
"8","1.0.3","37d610ca2ccf499479ea0cfb36ca91fcc5e0946e","3774095d-037b-4979-a16d-d8c95ec5c926","3868b13971a77e941a6671a9b9802d0d60d284a4","openjpa-jdbc/src/main/java/org/apache/openjpa/jdbc/kernel/exps/ConstGetObjectId.java","6"
"8","1.0.3","37d610ca2ccf499479ea0cfb36ca91fcc5e0946e","3774095d-037b-4979-a16d-d8c95ec5c926","3868b13971a77e941a6671a9b9802d0d60d284a4","openjpa-jdbc/src/main/java/org/apache/openjpa/jdbc/kernel/exps/ConstInstanceofExpression.java","2"
"8","1.0.3","37d610ca2ccf499479ea0cfb36ca91fcc5e0946e","3774095d-037b-4979-a16d-d8c95ec5c926","3868b13971a77e941a6671a9b9802d0d60d284a4","openjpa-jdbc/src/main/java/org/apache/openjpa/jdbc/kernel/exps/ConstPath.java","12"
"8","1.0.3","37d610ca2ccf499479ea0cfb36ca91fcc5e0946e","3774095d-037b-4979-a16d-d8c95ec5c926","3868b13971a77e941a6671a9b9802d0d60d284a4","openjpa-jdbc/src/main/java/org/apache/openjpa/jdbc/kernel/exps/ContainsExpression.java","2"
"8","1.0.3","37d610ca2ccf499479ea0cfb36ca91fcc5e0946e","3774095d-037b-4979-a16d-d8c95ec5c926","3868b13971a77e941a6671a9b9802d0d60d284a4","openjpa-jdbc/src/main/java/org/apache/openjpa/jdbc/kernel/exps/ContainsKeyExpression.java","1"
"8","1.0.3","37d610ca2ccf499479ea0cfb36ca91fcc5e0946e","3774095d-037b-4979-a16d-d8c95ec5c926","3868b13971a77e941a6671a9b9802d0d60d284a4","openjpa-jdbc/src/main/java/org/apache/openjpa/jdbc/kernel/exps/Count.java","3"
"8","1.0.3","37d610ca2ccf499479ea0cfb36ca91fcc5e0946e","3774095d-037b-4979-a16d-d8c95ec5c926","3868b13971a77e941a6671a9b9802d0d60d284a4","openjpa-jdbc/src/main/java/org/apache/openjpa/jdbc/kernel/exps/CurrentDate.java","3"
"8","1.0.3","37d610ca2ccf499479ea0cfb36ca91fcc5e0946e","3774095d-037b-4979-a16d-d8c95ec5c926","3868b13971a77e941a6671a9b9802d0d60d284a4","openjpa-jdbc/src/main/java/org/apache/openjpa/jdbc/kernel/exps/Distinct.java","2"
"8","1.0.3","37d610ca2ccf499479ea0cfb36ca91fcc5e0946e","3774095d-037b-4979-a16d-d8c95ec5c926","3868b13971a77e941a6671a9b9802d0d60d284a4","openjpa-jdbc/src/main/java/org/apache/openjpa/jdbc/kernel/exps/EmptyExpression.java","2"
"8","1.0.3","37d610ca2ccf499479ea0cfb36ca91fcc5e0946e","3774095d-037b-4979-a16d-d8c95ec5c926","3868b13971a77e941a6671a9b9802d0d60d284a4","openjpa-jdbc/src/main/java/org/apache/openjpa/jdbc/kernel/exps/EndsWithExpression.java","7"
"8","1.0.3","37d610ca2ccf499479ea0cfb36ca91fcc5e0946e","3774095d-037b-4979-a16d-d8c95ec5c926","3868b13971a77e941a6671a9b9802d0d60d284a4","openjpa-jdbc/src/main/java/org/apache/openjpa/jdbc/kernel/exps/EqualExpression.java","1"
"8","1.0.3","37d610ca2ccf499479ea0cfb36ca91fcc5e0946e","3774095d-037b-4979-a16d-d8c95ec5c926","3868b13971a77e941a6671a9b9802d0d60d284a4","openjpa-jdbc/src/main/java/org/apache/openjpa/jdbc/kernel/exps/Exp.java","0"
"8","1.0.3","37d610ca2ccf499479ea0cfb36ca91fcc5e0946e","3774095d-037b-4979-a16d-d8c95ec5c926","3868b13971a77e941a6671a9b9802d0d60d284a4","openjpa-jdbc/src/main/java/org/apache/openjpa/jdbc/kernel/exps/ExpContext.java","0"
"8","1.0.3","37d610ca2ccf499479ea0cfb36ca91fcc5e0946e","3774095d-037b-4979-a16d-d8c95ec5c926","3868b13971a77e941a6671a9b9802d0d60d284a4","openjpa-jdbc/src/main/java/org/apache/openjpa/jdbc/kernel/exps/ExpState.java","0"
"8","1.0.3","37d610ca2ccf499479ea0cfb36ca91fcc5e0946e","3774095d-037b-4979-a16d-d8c95ec5c926","3868b13971a77e941a6671a9b9802d0d60d284a4","openjpa-jdbc/src/main/java/org/apache/openjpa/jdbc/kernel/exps/Extension.java","11"
"8","1.0.3","37d610ca2ccf499479ea0cfb36ca91fcc5e0946e","3774095d-037b-4979-a16d-d8c95ec5c926","3868b13971a77e941a6671a9b9802d0d60d284a4","openjpa-jdbc/src/main/java/org/apache/openjpa/jdbc/kernel/exps/FilterValue.java","0"
"8","1.0.3","37d610ca2ccf499479ea0cfb36ca91fcc5e0946e","3774095d-037b-4979-a16d-d8c95ec5c926","3868b13971a77e941a6671a9b9802d0d60d284a4","openjpa-jdbc/src/main/java/org/apache/openjpa/jdbc/kernel/exps/FilterValueImpl.java","4"
"8","1.0.3","37d610ca2ccf499479ea0cfb36ca91fcc5e0946e","3774095d-037b-4979-a16d-d8c95ec5c926","3868b13971a77e941a6671a9b9802d0d60d284a4","openjpa-jdbc/src/main/java/org/apache/openjpa/jdbc/kernel/exps/GetColumn.java","0"
"8","1.0.3","37d610ca2ccf499479ea0cfb36ca91fcc5e0946e","3774095d-037b-4979-a16d-d8c95ec5c926","3868b13971a77e941a6671a9b9802d0d60d284a4","openjpa-jdbc/src/main/java/org/apache/openjpa/jdbc/kernel/exps/GetMapValue.java","8"
"8","1.0.3","37d610ca2ccf499479ea0cfb36ca91fcc5e0946e","3774095d-037b-4979-a16d-d8c95ec5c926","3868b13971a77e941a6671a9b9802d0d60d284a4","openjpa-jdbc/src/main/java/org/apache/openjpa/jdbc/kernel/exps/GetObjectId.java","7"
"8","1.0.3","37d610ca2ccf499479ea0cfb36ca91fcc5e0946e","3774095d-037b-4979-a16d-d8c95ec5c926","3868b13971a77e941a6671a9b9802d0d60d284a4","openjpa-jdbc/src/main/java/org/apache/openjpa/jdbc/kernel/exps/HasContainsExpressionVisitor.java","2"
"8","1.0.3","37d610ca2ccf499479ea0cfb36ca91fcc5e0946e","3774095d-037b-4979-a16d-d8c95ec5c926","3868b13971a77e941a6671a9b9802d0d60d284a4","openjpa-jdbc/src/main/java/org/apache/openjpa/jdbc/kernel/exps/InExpression.java","4"
"8","1.0.3","37d610ca2ccf499479ea0cfb36ca91fcc5e0946e","3774095d-037b-4979-a16d-d8c95ec5c926","3868b13971a77e941a6671a9b9802d0d60d284a4","openjpa-jdbc/src/main/java/org/apache/openjpa/jdbc/kernel/exps/InKeyExpression.java","1"
"8","1.0.3","37d610ca2ccf499479ea0cfb36ca91fcc5e0946e","3774095d-037b-4979-a16d-d8c95ec5c926","3868b13971a77e941a6671a9b9802d0d60d284a4","openjpa-jdbc/src/main/java/org/apache/openjpa/jdbc/kernel/exps/InSubQExpression.java","2"
"8","1.0.3","37d610ca2ccf499479ea0cfb36ca91fcc5e0946e","3774095d-037b-4979-a16d-d8c95ec5c926","3868b13971a77e941a6671a9b9802d0d60d284a4","openjpa-jdbc/src/main/java/org/apache/openjpa/jdbc/kernel/exps/InValueExpression.java","1"
"8","1.0.3","37d610ca2ccf499479ea0cfb36ca91fcc5e0946e","3774095d-037b-4979-a16d-d8c95ec5c926","3868b13971a77e941a6671a9b9802d0d60d284a4","openjpa-jdbc/src/main/java/org/apache/openjpa/jdbc/kernel/exps/IndexOf.java","6"
"8","1.0.3","37d610ca2ccf499479ea0cfb36ca91fcc5e0946e","3774095d-037b-4979-a16d-d8c95ec5c926","3868b13971a77e941a6671a9b9802d0d60d284a4","openjpa-jdbc/src/main/java/org/apache/openjpa/jdbc/kernel/exps/InstanceofExpression.java","5"
"8","1.0.3","37d610ca2ccf499479ea0cfb36ca91fcc5e0946e","3774095d-037b-4979-a16d-d8c95ec5c926","3868b13971a77e941a6671a9b9802d0d60d284a4","openjpa-jdbc/src/main/java/org/apache/openjpa/jdbc/kernel/exps/IsEmptyExpression.java","1"
"8","1.0.3","37d610ca2ccf499479ea0cfb36ca91fcc5e0946e","3774095d-037b-4979-a16d-d8c95ec5c926","3868b13971a77e941a6671a9b9802d0d60d284a4","openjpa-jdbc/src/main/java/org/apache/openjpa/jdbc/kernel/exps/IsNotEmptyExpression.java","1"
"8","1.0.3","37d610ca2ccf499479ea0cfb36ca91fcc5e0946e","3774095d-037b-4979-a16d-d8c95ec5c926","3868b13971a77e941a6671a9b9802d0d60d284a4","openjpa-jdbc/src/main/java/org/apache/openjpa/jdbc/kernel/exps/JDBCAggregateListener.java","0"
"8","1.0.3","37d610ca2ccf499479ea0cfb36ca91fcc5e0946e","3774095d-037b-4979-a16d-d8c95ec5c926","3868b13971a77e941a6671a9b9802d0d60d284a4","openjpa-jdbc/src/main/java/org/apache/openjpa/jdbc/kernel/exps/JDBCExpressionFactory.java","7"
"8","1.0.3","37d610ca2ccf499479ea0cfb36ca91fcc5e0946e","3774095d-037b-4979-a16d-d8c95ec5c926","3868b13971a77e941a6671a9b9802d0d60d284a4","openjpa-jdbc/src/main/java/org/apache/openjpa/jdbc/kernel/exps/JDBCFilterListener.java","0"
"8","1.0.3","37d610ca2ccf499479ea0cfb36ca91fcc5e0946e","3774095d-037b-4979-a16d-d8c95ec5c926","3868b13971a77e941a6671a9b9802d0d60d284a4","openjpa-jdbc/src/main/java/org/apache/openjpa/jdbc/kernel/exps/JDBCPath.java","0"
"8","1.0.3","37d610ca2ccf499479ea0cfb36ca91fcc5e0946e","3774095d-037b-4979-a16d-d8c95ec5c926","3868b13971a77e941a6671a9b9802d0d60d284a4","openjpa-jdbc/src/main/java/org/apache/openjpa/jdbc/kernel/exps/JDBCStringContains.java","1"
"8","1.0.3","37d610ca2ccf499479ea0cfb36ca91fcc5e0946e","3774095d-037b-4979-a16d-d8c95ec5c926","3868b13971a77e941a6671a9b9802d0d60d284a4","openjpa-jdbc/src/main/java/org/apache/openjpa/jdbc/kernel/exps/JDBCWildcardMatch.java","1"
"8","1.0.3","37d610ca2ccf499479ea0cfb36ca91fcc5e0946e","3774095d-037b-4979-a16d-d8c95ec5c926","3868b13971a77e941a6671a9b9802d0d60d284a4","openjpa-jdbc/src/main/java/org/apache/openjpa/jdbc/kernel/exps/Lit.java","5"
"8","1.0.3","37d610ca2ccf499479ea0cfb36ca91fcc5e0946e","3774095d-037b-4979-a16d-d8c95ec5c926","3868b13971a77e941a6671a9b9802d0d60d284a4","openjpa-jdbc/src/main/java/org/apache/openjpa/jdbc/kernel/exps/MatchesExpression.java","6"
"8","1.0.3","37d610ca2ccf499479ea0cfb36ca91fcc5e0946e","3774095d-037b-4979-a16d-d8c95ec5c926","3868b13971a77e941a6671a9b9802d0d60d284a4","openjpa-jdbc/src/main/java/org/apache/openjpa/jdbc/kernel/exps/Math.java","7"
"8","1.0.3","37d610ca2ccf499479ea0cfb36ca91fcc5e0946e","3774095d-037b-4979-a16d-d8c95ec5c926","3868b13971a77e941a6671a9b9802d0d60d284a4","openjpa-jdbc/src/main/java/org/apache/openjpa/jdbc/kernel/exps/Max.java","1"
"8","1.0.3","37d610ca2ccf499479ea0cfb36ca91fcc5e0946e","3774095d-037b-4979-a16d-d8c95ec5c926","3868b13971a77e941a6671a9b9802d0d60d284a4","openjpa-jdbc/src/main/java/org/apache/openjpa/jdbc/kernel/exps/Min.java","1"
"8","1.0.3","37d610ca2ccf499479ea0cfb36ca91fcc5e0946e","3774095d-037b-4979-a16d-d8c95ec5c926","3868b13971a77e941a6671a9b9802d0d60d284a4","openjpa-jdbc/src/main/java/org/apache/openjpa/jdbc/kernel/exps/NotContainsExpression.java","1"
"8","1.0.3","37d610ca2ccf499479ea0cfb36ca91fcc5e0946e","3774095d-037b-4979-a16d-d8c95ec5c926","3868b13971a77e941a6671a9b9802d0d60d284a4","openjpa-jdbc/src/main/java/org/apache/openjpa/jdbc/kernel/exps/NotEqualExpression.java","1"
"8","1.0.3","37d610ca2ccf499479ea0cfb36ca91fcc5e0946e","3774095d-037b-4979-a16d-d8c95ec5c926","3868b13971a77e941a6671a9b9802d0d60d284a4","openjpa-jdbc/src/main/java/org/apache/openjpa/jdbc/kernel/exps/NotExpression.java","1"
"8","1.0.3","37d610ca2ccf499479ea0cfb36ca91fcc5e0946e","3774095d-037b-4979-a16d-d8c95ec5c926","3868b13971a77e941a6671a9b9802d0d60d284a4","openjpa-jdbc/src/main/java/org/apache/openjpa/jdbc/kernel/exps/Null.java","3"
"8","1.0.3","37d610ca2ccf499479ea0cfb36ca91fcc5e0946e","3774095d-037b-4979-a16d-d8c95ec5c926","3868b13971a77e941a6671a9b9802d0d60d284a4","openjpa-jdbc/src/main/java/org/apache/openjpa/jdbc/kernel/exps/OrExpression.java","3"
"8","1.0.3","37d610ca2ccf499479ea0cfb36ca91fcc5e0946e","3774095d-037b-4979-a16d-d8c95ec5c926","3868b13971a77e941a6671a9b9802d0d60d284a4","openjpa-jdbc/src/main/java/org/apache/openjpa/jdbc/kernel/exps/PCPath.java","29"
"8","1.0.3","37d610ca2ccf499479ea0cfb36ca91fcc5e0946e","3774095d-037b-4979-a16d-d8c95ec5c926","3868b13971a77e941a6671a9b9802d0d60d284a4","openjpa-jdbc/src/main/java/org/apache/openjpa/jdbc/kernel/exps/Param.java","7"
"8","1.0.3","37d610ca2ccf499479ea0cfb36ca91fcc5e0946e","3774095d-037b-4979-a16d-d8c95ec5c926","3868b13971a77e941a6671a9b9802d0d60d284a4","openjpa-jdbc/src/main/java/org/apache/openjpa/jdbc/kernel/exps/QueryExpressionsState.java","0"
"8","1.0.3","37d610ca2ccf499479ea0cfb36ca91fcc5e0946e","3774095d-037b-4979-a16d-d8c95ec5c926","3868b13971a77e941a6671a9b9802d0d60d284a4","openjpa-jdbc/src/main/java/org/apache/openjpa/jdbc/kernel/exps/SQLEmbed.java","0"
"8","1.0.3","37d610ca2ccf499479ea0cfb36ca91fcc5e0946e","3774095d-037b-4979-a16d-d8c95ec5c926","3868b13971a77e941a6671a9b9802d0d60d284a4","openjpa-jdbc/src/main/java/org/apache/openjpa/jdbc/kernel/exps/SQLExpression.java","3"
"8","1.0.3","37d610ca2ccf499479ea0cfb36ca91fcc5e0946e","3774095d-037b-4979-a16d-d8c95ec5c926","3868b13971a77e941a6671a9b9802d0d60d284a4","openjpa-jdbc/src/main/java/org/apache/openjpa/jdbc/kernel/exps/SQLValue.java","3"
"8","1.0.3","37d610ca2ccf499479ea0cfb36ca91fcc5e0946e","3774095d-037b-4979-a16d-d8c95ec5c926","3868b13971a77e941a6671a9b9802d0d60d284a4","openjpa-jdbc/src/main/java/org/apache/openjpa/jdbc/kernel/exps/SelectConstructor.java","16"
"8","1.0.3","37d610ca2ccf499479ea0cfb36ca91fcc5e0946e","3774095d-037b-4979-a16d-d8c95ec5c926","3868b13971a77e941a6671a9b9802d0d60d284a4","openjpa-jdbc/src/main/java/org/apache/openjpa/jdbc/kernel/exps/Size.java","3"
"8","1.0.3","37d610ca2ccf499479ea0cfb36ca91fcc5e0946e","3774095d-037b-4979-a16d-d8c95ec5c926","3868b13971a77e941a6671a9b9802d0d60d284a4","openjpa-jdbc/src/main/java/org/apache/openjpa/jdbc/kernel/exps/Sqrt.java","2"
"8","1.0.3","37d610ca2ccf499479ea0cfb36ca91fcc5e0946e","3774095d-037b-4979-a16d-d8c95ec5c926","3868b13971a77e941a6671a9b9802d0d60d284a4","openjpa-jdbc/src/main/java/org/apache/openjpa/jdbc/kernel/exps/StartsWithExpression.java","10"
"8","1.0.3","37d610ca2ccf499479ea0cfb36ca91fcc5e0946e","3774095d-037b-4979-a16d-d8c95ec5c926","3868b13971a77e941a6671a9b9802d0d60d284a4","openjpa-jdbc/src/main/java/org/apache/openjpa/jdbc/kernel/exps/StringFunction.java","4"
"8","1.0.3","37d610ca2ccf499479ea0cfb36ca91fcc5e0946e","3774095d-037b-4979-a16d-d8c95ec5c926","3868b13971a77e941a6671a9b9802d0d60d284a4","openjpa-jdbc/src/main/java/org/apache/openjpa/jdbc/kernel/exps/StringLength.java","4"
"8","1.0.3","37d610ca2ccf499479ea0cfb36ca91fcc5e0946e","3774095d-037b-4979-a16d-d8c95ec5c926","3868b13971a77e941a6671a9b9802d0d60d284a4","openjpa-jdbc/src/main/java/org/apache/openjpa/jdbc/kernel/exps/SubQ.java","15"
"8","1.0.3","37d610ca2ccf499479ea0cfb36ca91fcc5e0946e","3774095d-037b-4979-a16d-d8c95ec5c926","3868b13971a77e941a6671a9b9802d0d60d284a4","openjpa-jdbc/src/main/java/org/apache/openjpa/jdbc/kernel/exps/Substring.java","6"
"8","1.0.3","37d610ca2ccf499479ea0cfb36ca91fcc5e0946e","3774095d-037b-4979-a16d-d8c95ec5c926","3868b13971a77e941a6671a9b9802d0d60d284a4","openjpa-jdbc/src/main/java/org/apache/openjpa/jdbc/kernel/exps/Sum.java","2"
"8","1.0.3","37d610ca2ccf499479ea0cfb36ca91fcc5e0946e","3774095d-037b-4979-a16d-d8c95ec5c926","3868b13971a77e941a6671a9b9802d0d60d284a4","openjpa-jdbc/src/main/java/org/apache/openjpa/jdbc/kernel/exps/ToLowerCase.java","1"
"8","1.0.3","37d610ca2ccf499479ea0cfb36ca91fcc5e0946e","3774095d-037b-4979-a16d-d8c95ec5c926","3868b13971a77e941a6671a9b9802d0d60d284a4","openjpa-jdbc/src/main/java/org/apache/openjpa/jdbc/kernel/exps/ToUpperCase.java","1"
"8","1.0.3","37d610ca2ccf499479ea0cfb36ca91fcc5e0946e","3774095d-037b-4979-a16d-d8c95ec5c926","3868b13971a77e941a6671a9b9802d0d60d284a4","openjpa-jdbc/src/main/java/org/apache/openjpa/jdbc/kernel/exps/Trim.java","8"
"8","1.0.3","37d610ca2ccf499479ea0cfb36ca91fcc5e0946e","3774095d-037b-4979-a16d-d8c95ec5c926","3868b13971a77e941a6671a9b9802d0d60d284a4","openjpa-jdbc/src/main/java/org/apache/openjpa/jdbc/kernel/exps/UnaryOp.java","7"
"8","1.0.3","37d610ca2ccf499479ea0cfb36ca91fcc5e0946e","3774095d-037b-4979-a16d-d8c95ec5c926","3868b13971a77e941a6671a9b9802d0d60d284a4","openjpa-jdbc/src/main/java/org/apache/openjpa/jdbc/kernel/exps/Val.java","1"
"8","1.0.3","37d610ca2ccf499479ea0cfb36ca91fcc5e0946e","3774095d-037b-4979-a16d-d8c95ec5c926","3868b13971a77e941a6671a9b9802d0d60d284a4","openjpa-jdbc/src/main/java/org/apache/openjpa/jdbc/kernel/exps/Variable.java","22"
"8","1.0.3","37d610ca2ccf499479ea0cfb36ca91fcc5e0946e","3774095d-037b-4979-a16d-d8c95ec5c926","3868b13971a77e941a6671a9b9802d0d60d284a4","openjpa-jdbc/src/main/java/org/apache/openjpa/jdbc/meta/ClassMapping.java","28"
"8","1.0.3","37d610ca2ccf499479ea0cfb36ca91fcc5e0946e","3774095d-037b-4979-a16d-d8c95ec5c926","3868b13971a77e941a6671a9b9802d0d60d284a4","openjpa-jdbc/src/main/java/org/apache/openjpa/jdbc/meta/ClassMappingInfo.java","21"
"8","1.0.3","37d610ca2ccf499479ea0cfb36ca91fcc5e0946e","3774095d-037b-4979-a16d-d8c95ec5c926","3868b13971a77e941a6671a9b9802d0d60d284a4","openjpa-jdbc/src/main/java/org/apache/openjpa/jdbc/meta/ClassStrategy.java","0"
"8","1.0.3","37d610ca2ccf499479ea0cfb36ca91fcc5e0946e","3774095d-037b-4979-a16d-d8c95ec5c926","3868b13971a77e941a6671a9b9802d0d60d284a4","openjpa-jdbc/src/main/java/org/apache/openjpa/jdbc/meta/DelegatingJoinable.java","3"
"8","1.0.3","37d610ca2ccf499479ea0cfb36ca91fcc5e0946e","3774095d-037b-4979-a16d-d8c95ec5c926","3868b13971a77e941a6671a9b9802d0d60d284a4","openjpa-jdbc/src/main/java/org/apache/openjpa/jdbc/meta/Discriminator.java","12"
"8","1.0.3","37d610ca2ccf499479ea0cfb36ca91fcc5e0946e","3774095d-037b-4979-a16d-d8c95ec5c926","3868b13971a77e941a6671a9b9802d0d60d284a4","openjpa-jdbc/src/main/java/org/apache/openjpa/jdbc/meta/DiscriminatorMappingInfo.java","4"
"8","1.0.3","37d610ca2ccf499479ea0cfb36ca91fcc5e0946e","3774095d-037b-4979-a16d-d8c95ec5c926","3868b13971a77e941a6671a9b9802d0d60d284a4","openjpa-jdbc/src/main/java/org/apache/openjpa/jdbc/meta/DiscriminatorStrategy.java","0"
"8","1.0.3","37d610ca2ccf499479ea0cfb36ca91fcc5e0946e","3774095d-037b-4979-a16d-d8c95ec5c926","3868b13971a77e941a6671a9b9802d0d60d284a4","openjpa-jdbc/src/main/java/org/apache/openjpa/jdbc/meta/Embeddable.java","0"
"8","1.0.3","37d610ca2ccf499479ea0cfb36ca91fcc5e0946e","3774095d-037b-4979-a16d-d8c95ec5c926","3868b13971a77e941a6671a9b9802d0d60d284a4","openjpa-jdbc/src/main/java/org/apache/openjpa/jdbc/meta/FieldMapping.java","22"
"8","1.0.3","37d610ca2ccf499479ea0cfb36ca91fcc5e0946e","3774095d-037b-4979-a16d-d8c95ec5c926","3868b13971a77e941a6671a9b9802d0d60d284a4","openjpa-jdbc/src/main/java/org/apache/openjpa/jdbc/meta/FieldMappingInfo.java","13"
"8","1.0.3","37d610ca2ccf499479ea0cfb36ca91fcc5e0946e","3774095d-037b-4979-a16d-d8c95ec5c926","3868b13971a77e941a6671a9b9802d0d60d284a4","openjpa-jdbc/src/main/java/org/apache/openjpa/jdbc/meta/FieldStrategy.java","0"
"8","1.0.3","37d610ca2ccf499479ea0cfb36ca91fcc5e0946e","3774095d-037b-4979-a16d-d8c95ec5c926","3868b13971a77e941a6671a9b9802d0d60d284a4","openjpa-jdbc/src/main/java/org/apache/openjpa/jdbc/meta/JDBCColumnOrder.java","2"
"8","1.0.3","37d610ca2ccf499479ea0cfb36ca91fcc5e0946e","3774095d-037b-4979-a16d-d8c95ec5c926","3868b13971a77e941a6671a9b9802d0d60d284a4","openjpa-jdbc/src/main/java/org/apache/openjpa/jdbc/meta/JDBCOrder.java","0"
"8","1.0.3","37d610ca2ccf499479ea0cfb36ca91fcc5e0946e","3774095d-037b-4979-a16d-d8c95ec5c926","3868b13971a77e941a6671a9b9802d0d60d284a4","openjpa-jdbc/src/main/java/org/apache/openjpa/jdbc/meta/JDBCRelatedFieldOrder.java","2"
"8","1.0.3","37d610ca2ccf499479ea0cfb36ca91fcc5e0946e","3774095d-037b-4979-a16d-d8c95ec5c926","3868b13971a77e941a6671a9b9802d0d60d284a4","openjpa-jdbc/src/main/java/org/apache/openjpa/jdbc/meta/JDBCValueOrder.java","2"
"8","1.0.3","37d610ca2ccf499479ea0cfb36ca91fcc5e0946e","3774095d-037b-4979-a16d-d8c95ec5c926","3868b13971a77e941a6671a9b9802d0d60d284a4","openjpa-jdbc/src/main/java/org/apache/openjpa/jdbc/meta/JavaSQLTypes.java","12"
"8","1.0.3","37d610ca2ccf499479ea0cfb36ca91fcc5e0946e","3774095d-037b-4979-a16d-d8c95ec5c926","3868b13971a77e941a6671a9b9802d0d60d284a4","openjpa-jdbc/src/main/java/org/apache/openjpa/jdbc/meta/Joinable.java","0"
"8","1.0.3","37d610ca2ccf499479ea0cfb36ca91fcc5e0946e","3774095d-037b-4979-a16d-d8c95ec5c926","3868b13971a77e941a6671a9b9802d0d60d284a4","openjpa-jdbc/src/main/java/org/apache/openjpa/jdbc/meta/MappingDefaults.java","1"
"8","1.0.3","37d610ca2ccf499479ea0cfb36ca91fcc5e0946e","3774095d-037b-4979-a16d-d8c95ec5c926","3868b13971a77e941a6671a9b9802d0d60d284a4","openjpa-jdbc/src/main/java/org/apache/openjpa/jdbc/meta/MappingDefaultsImpl.java","29"
"8","1.0.3","37d610ca2ccf499479ea0cfb36ca91fcc5e0946e","3774095d-037b-4979-a16d-d8c95ec5c926","3868b13971a77e941a6671a9b9802d0d60d284a4","openjpa-jdbc/src/main/java/org/apache/openjpa/jdbc/meta/MappingInfo.java","30"
"8","1.0.3","37d610ca2ccf499479ea0cfb36ca91fcc5e0946e","3774095d-037b-4979-a16d-d8c95ec5c926","3868b13971a77e941a6671a9b9802d0d60d284a4","openjpa-jdbc/src/main/java/org/apache/openjpa/jdbc/meta/MappingRepository.java","41"
"8","1.0.3","37d610ca2ccf499479ea0cfb36ca91fcc5e0946e","3774095d-037b-4979-a16d-d8c95ec5c926","3868b13971a77e941a6671a9b9802d0d60d284a4","openjpa-jdbc/src/main/java/org/apache/openjpa/jdbc/meta/MappingStrategyInstaller.java","2"
"8","1.0.3","37d610ca2ccf499479ea0cfb36ca91fcc5e0946e","3774095d-037b-4979-a16d-d8c95ec5c926","3868b13971a77e941a6671a9b9802d0d60d284a4","openjpa-jdbc/src/main/java/org/apache/openjpa/jdbc/meta/MappingTool.java","47"
"8","1.0.3","37d610ca2ccf499479ea0cfb36ca91fcc5e0946e","3774095d-037b-4979-a16d-d8c95ec5c926","3868b13971a77e941a6671a9b9802d0d60d284a4","openjpa-jdbc/src/main/java/org/apache/openjpa/jdbc/meta/MetaDataPlusMappingFactory.java","12"
"8","1.0.3","37d610ca2ccf499479ea0cfb36ca91fcc5e0946e","3774095d-037b-4979-a16d-d8c95ec5c926","3868b13971a77e941a6671a9b9802d0d60d284a4","openjpa-jdbc/src/main/java/org/apache/openjpa/jdbc/meta/NoneMappingDefaults.java","8"
"8","1.0.3","37d610ca2ccf499479ea0cfb36ca91fcc5e0946e","3774095d-037b-4979-a16d-d8c95ec5c926","3868b13971a77e941a6671a9b9802d0d60d284a4","openjpa-jdbc/src/main/java/org/apache/openjpa/jdbc/meta/NoneStrategyInstaller.java","1"
"8","1.0.3","37d610ca2ccf499479ea0cfb36ca91fcc5e0946e","3774095d-037b-4979-a16d-d8c95ec5c926","3868b13971a77e941a6671a9b9802d0d60d284a4","openjpa-jdbc/src/main/java/org/apache/openjpa/jdbc/meta/PropertiesReverseCustomizer.java","4"
"8","1.0.3","37d610ca2ccf499479ea0cfb36ca91fcc5e0946e","3774095d-037b-4979-a16d-d8c95ec5c926","3868b13971a77e941a6671a9b9802d0d60d284a4","openjpa-jdbc/src/main/java/org/apache/openjpa/jdbc/meta/QueryResultMapping.java","23"
"8","1.0.3","37d610ca2ccf499479ea0cfb36ca91fcc5e0946e","3774095d-037b-4979-a16d-d8c95ec5c926","3868b13971a77e941a6671a9b9802d0d60d284a4","openjpa-jdbc/src/main/java/org/apache/openjpa/jdbc/meta/RefreshStrategyInstaller.java","3"
"8","1.0.3","37d610ca2ccf499479ea0cfb36ca91fcc5e0946e","3774095d-037b-4979-a16d-d8c95ec5c926","3868b13971a77e941a6671a9b9802d0d60d284a4","openjpa-jdbc/src/main/java/org/apache/openjpa/jdbc/meta/RelationId.java","0"
"8","1.0.3","37d610ca2ccf499479ea0cfb36ca91fcc5e0946e","3774095d-037b-4979-a16d-d8c95ec5c926","3868b13971a77e941a6671a9b9802d0d60d284a4","openjpa-jdbc/src/main/java/org/apache/openjpa/jdbc/meta/ReverseCustomizer.java","0"
"8","1.0.3","37d610ca2ccf499479ea0cfb36ca91fcc5e0946e","3774095d-037b-4979-a16d-d8c95ec5c926","3868b13971a77e941a6671a9b9802d0d60d284a4","openjpa-jdbc/src/main/java/org/apache/openjpa/jdbc/meta/ReverseMappingTool.java","74"
"8","1.0.3","37d610ca2ccf499479ea0cfb36ca91fcc5e0946e","3774095d-037b-4979-a16d-d8c95ec5c926","3868b13971a77e941a6671a9b9802d0d60d284a4","openjpa-jdbc/src/main/java/org/apache/openjpa/jdbc/meta/RuntimeStrategyInstaller.java","1"
"8","1.0.3","37d610ca2ccf499479ea0cfb36ca91fcc5e0946e","3774095d-037b-4979-a16d-d8c95ec5c926","3868b13971a77e941a6671a9b9802d0d60d284a4","openjpa-jdbc/src/main/java/org/apache/openjpa/jdbc/meta/SequenceMapping.java","8"
"8","1.0.3","37d610ca2ccf499479ea0cfb36ca91fcc5e0946e","3774095d-037b-4979-a16d-d8c95ec5c926","3868b13971a77e941a6671a9b9802d0d60d284a4","openjpa-jdbc/src/main/java/org/apache/openjpa/jdbc/meta/Strategy.java","0"
"8","1.0.3","37d610ca2ccf499479ea0cfb36ca91fcc5e0946e","3774095d-037b-4979-a16d-d8c95ec5c926","3868b13971a77e941a6671a9b9802d0d60d284a4","openjpa-jdbc/src/main/java/org/apache/openjpa/jdbc/meta/StrategyInstaller.java","1"
"8","1.0.3","37d610ca2ccf499479ea0cfb36ca91fcc5e0946e","3774095d-037b-4979-a16d-d8c95ec5c926","3868b13971a77e941a6671a9b9802d0d60d284a4","openjpa-jdbc/src/main/java/org/apache/openjpa/jdbc/meta/ValueHandler.java","0"
"8","1.0.3","37d610ca2ccf499479ea0cfb36ca91fcc5e0946e","3774095d-037b-4979-a16d-d8c95ec5c926","3868b13971a77e941a6671a9b9802d0d60d284a4","openjpa-jdbc/src/main/java/org/apache/openjpa/jdbc/meta/ValueMapping.java","0"
"8","1.0.3","37d610ca2ccf499479ea0cfb36ca91fcc5e0946e","3774095d-037b-4979-a16d-d8c95ec5c926","3868b13971a77e941a6671a9b9802d0d60d284a4","openjpa-jdbc/src/main/java/org/apache/openjpa/jdbc/meta/ValueMappingImpl.java","16"
"8","1.0.3","37d610ca2ccf499479ea0cfb36ca91fcc5e0946e","3774095d-037b-4979-a16d-d8c95ec5c926","3868b13971a77e941a6671a9b9802d0d60d284a4","openjpa-jdbc/src/main/java/org/apache/openjpa/jdbc/meta/ValueMappingInfo.java","7"
"8","1.0.3","37d610ca2ccf499479ea0cfb36ca91fcc5e0946e","3774095d-037b-4979-a16d-d8c95ec5c926","3868b13971a77e941a6671a9b9802d0d60d284a4","openjpa-jdbc/src/main/java/org/apache/openjpa/jdbc/meta/Version.java","7"
"8","1.0.3","37d610ca2ccf499479ea0cfb36ca91fcc5e0946e","3774095d-037b-4979-a16d-d8c95ec5c926","3868b13971a77e941a6671a9b9802d0d60d284a4","openjpa-jdbc/src/main/java/org/apache/openjpa/jdbc/meta/VersionMappingInfo.java","0"
"8","1.0.3","37d610ca2ccf499479ea0cfb36ca91fcc5e0946e","3774095d-037b-4979-a16d-d8c95ec5c926","3868b13971a77e941a6671a9b9802d0d60d284a4","openjpa-jdbc/src/main/java/org/apache/openjpa/jdbc/meta/VersionStrategy.java","1"
"8","1.0.3","37d610ca2ccf499479ea0cfb36ca91fcc5e0946e","3774095d-037b-4979-a16d-d8c95ec5c926","3868b13971a77e941a6671a9b9802d0d60d284a4","openjpa-jdbc/src/main/java/org/apache/openjpa/jdbc/meta/strats/AbstractClassStrategy.java","0"
"8","1.0.3","37d610ca2ccf499479ea0cfb36ca91fcc5e0946e","3774095d-037b-4979-a16d-d8c95ec5c926","3868b13971a77e941a6671a9b9802d0d60d284a4","openjpa-jdbc/src/main/java/org/apache/openjpa/jdbc/meta/strats/AbstractDiscriminatorStrategy.java","0"
"8","1.0.3","37d610ca2ccf499479ea0cfb36ca91fcc5e0946e","3774095d-037b-4979-a16d-d8c95ec5c926","3868b13971a77e941a6671a9b9802d0d60d284a4","openjpa-jdbc/src/main/java/org/apache/openjpa/jdbc/meta/strats/AbstractFieldStrategy.java","1"
"8","1.0.3","37d610ca2ccf499479ea0cfb36ca91fcc5e0946e","3774095d-037b-4979-a16d-d8c95ec5c926","3868b13971a77e941a6671a9b9802d0d60d284a4","openjpa-jdbc/src/main/java/org/apache/openjpa/jdbc/meta/strats/AbstractStrategy.java","0"
"8","1.0.3","37d610ca2ccf499479ea0cfb36ca91fcc5e0946e","3774095d-037b-4979-a16d-d8c95ec5c926","3868b13971a77e941a6671a9b9802d0d60d284a4","openjpa-jdbc/src/main/java/org/apache/openjpa/jdbc/meta/strats/AbstractValueHandler.java","0"
"8","1.0.3","37d610ca2ccf499479ea0cfb36ca91fcc5e0946e","3774095d-037b-4979-a16d-d8c95ec5c926","3868b13971a77e941a6671a9b9802d0d60d284a4","openjpa-jdbc/src/main/java/org/apache/openjpa/jdbc/meta/strats/AbstractVersionStrategy.java","1"
"8","1.0.3","37d610ca2ccf499479ea0cfb36ca91fcc5e0946e","3774095d-037b-4979-a16d-d8c95ec5c926","3868b13971a77e941a6671a9b9802d0d60d284a4","openjpa-jdbc/src/main/java/org/apache/openjpa/jdbc/meta/strats/BlobValueHandler.java","0"
"8","1.0.3","37d610ca2ccf499479ea0cfb36ca91fcc5e0946e","3774095d-037b-4979-a16d-d8c95ec5c926","3868b13971a77e941a6671a9b9802d0d60d284a4","openjpa-jdbc/src/main/java/org/apache/openjpa/jdbc/meta/strats/ByteArrayValueHandler.java","2"
"8","1.0.3","37d610ca2ccf499479ea0cfb36ca91fcc5e0946e","3774095d-037b-4979-a16d-d8c95ec5c926","3868b13971a77e941a6671a9b9802d0d60d284a4","openjpa-jdbc/src/main/java/org/apache/openjpa/jdbc/meta/strats/CharArrayStreamValueHandler.java","2"
"8","1.0.3","37d610ca2ccf499479ea0cfb36ca91fcc5e0946e","3774095d-037b-4979-a16d-d8c95ec5c926","3868b13971a77e941a6671a9b9802d0d60d284a4","openjpa-jdbc/src/main/java/org/apache/openjpa/jdbc/meta/strats/CharArrayValueHandler.java","2"
"8","1.0.3","37d610ca2ccf499479ea0cfb36ca91fcc5e0946e","3774095d-037b-4979-a16d-d8c95ec5c926","3868b13971a77e941a6671a9b9802d0d60d284a4","openjpa-jdbc/src/main/java/org/apache/openjpa/jdbc/meta/strats/ClassNameDiscriminatorStrategy.java","5"
"8","1.0.3","37d610ca2ccf499479ea0cfb36ca91fcc5e0946e","3774095d-037b-4979-a16d-d8c95ec5c926","3868b13971a77e941a6671a9b9802d0d60d284a4","openjpa-jdbc/src/main/java/org/apache/openjpa/jdbc/meta/strats/ClobValueHandler.java","0"
"8","1.0.3","37d610ca2ccf499479ea0cfb36ca91fcc5e0946e","3774095d-037b-4979-a16d-d8c95ec5c926","3868b13971a77e941a6671a9b9802d0d60d284a4","openjpa-jdbc/src/main/java/org/apache/openjpa/jdbc/meta/strats/ColumnVersionStrategy.java","10"
"8","1.0.3","37d610ca2ccf499479ea0cfb36ca91fcc5e0946e","3774095d-037b-4979-a16d-d8c95ec5c926","3868b13971a77e941a6671a9b9802d0d60d284a4","openjpa-jdbc/src/main/java/org/apache/openjpa/jdbc/meta/strats/ContainerFieldStrategy.java","7"
"8","1.0.3","37d610ca2ccf499479ea0cfb36ca91fcc5e0946e","3774095d-037b-4979-a16d-d8c95ec5c926","3868b13971a77e941a6671a9b9802d0d60d284a4","openjpa-jdbc/src/main/java/org/apache/openjpa/jdbc/meta/strats/ElementEmbedValueHandler.java","11"
"8","1.0.3","37d610ca2ccf499479ea0cfb36ca91fcc5e0946e","3774095d-037b-4979-a16d-d8c95ec5c926","3868b13971a77e941a6671a9b9802d0d60d284a4","openjpa-jdbc/src/main/java/org/apache/openjpa/jdbc/meta/strats/EmbedFieldStrategy.java","40"
"8","1.0.3","37d610ca2ccf499479ea0cfb36ca91fcc5e0946e","3774095d-037b-4979-a16d-d8c95ec5c926","3868b13971a77e941a6671a9b9802d0d60d284a4","openjpa-jdbc/src/main/java/org/apache/openjpa/jdbc/meta/strats/EmbedValueHandler.java","9"
"8","1.0.3","37d610ca2ccf499479ea0cfb36ca91fcc5e0946e","3774095d-037b-4979-a16d-d8c95ec5c926","3868b13971a77e941a6671a9b9802d0d60d284a4","openjpa-jdbc/src/main/java/org/apache/openjpa/jdbc/meta/strats/EmbeddedClassStrategy.java","3"
"8","1.0.3","37d610ca2ccf499479ea0cfb36ca91fcc5e0946e","3774095d-037b-4979-a16d-d8c95ec5c926","3868b13971a77e941a6671a9b9802d0d60d284a4","openjpa-jdbc/src/main/java/org/apache/openjpa/jdbc/meta/strats/EnumValueHandler.java","5"
"8","1.0.3","37d610ca2ccf499479ea0cfb36ca91fcc5e0946e","3774095d-037b-4979-a16d-d8c95ec5c926","3868b13971a77e941a6671a9b9802d0d60d284a4","openjpa-jdbc/src/main/java/org/apache/openjpa/jdbc/meta/strats/FlatClassStrategy.java","3"
"8","1.0.3","37d610ca2ccf499479ea0cfb36ca91fcc5e0946e","3774095d-037b-4979-a16d-d8c95ec5c926","3868b13971a77e941a6671a9b9802d0d60d284a4","openjpa-jdbc/src/main/java/org/apache/openjpa/jdbc/meta/strats/FullClassStrategy.java","10"
"8","1.0.3","37d610ca2ccf499479ea0cfb36ca91fcc5e0946e","3774095d-037b-4979-a16d-d8c95ec5c926","3868b13971a77e941a6671a9b9802d0d60d284a4","openjpa-jdbc/src/main/java/org/apache/openjpa/jdbc/meta/strats/HandlerCollectionTableFieldStrategy.java","15"
"8","1.0.3","37d610ca2ccf499479ea0cfb36ca91fcc5e0946e","3774095d-037b-4979-a16d-d8c95ec5c926","3868b13971a77e941a6671a9b9802d0d60d284a4","openjpa-jdbc/src/main/java/org/apache/openjpa/jdbc/meta/strats/HandlerFieldStrategy.java","28"
"8","1.0.3","37d610ca2ccf499479ea0cfb36ca91fcc5e0946e","3774095d-037b-4979-a16d-d8c95ec5c926","3868b13971a77e941a6671a9b9802d0d60d284a4","openjpa-jdbc/src/main/java/org/apache/openjpa/jdbc/meta/strats/HandlerHandlerMapTableFieldStrategy.java","14"
"8","1.0.3","37d610ca2ccf499479ea0cfb36ca91fcc5e0946e","3774095d-037b-4979-a16d-d8c95ec5c926","3868b13971a77e941a6671a9b9802d0d60d284a4","openjpa-jdbc/src/main/java/org/apache/openjpa/jdbc/meta/strats/HandlerRelationMapTableFieldStrategy.java","16"
"8","1.0.3","37d610ca2ccf499479ea0cfb36ca91fcc5e0946e","3774095d-037b-4979-a16d-d8c95ec5c926","3868b13971a77e941a6671a9b9802d0d60d284a4","openjpa-jdbc/src/main/java/org/apache/openjpa/jdbc/meta/strats/HandlerStrategies.java","4"
"8","1.0.3","37d610ca2ccf499479ea0cfb36ca91fcc5e0946e","3774095d-037b-4979-a16d-d8c95ec5c926","3868b13971a77e941a6671a9b9802d0d60d284a4","openjpa-jdbc/src/main/java/org/apache/openjpa/jdbc/meta/strats/IdentityJoinable.java","0"
"8","1.0.3","37d610ca2ccf499479ea0cfb36ca91fcc5e0946e","3774095d-037b-4979-a16d-d8c95ec5c926","3868b13971a77e941a6671a9b9802d0d60d284a4","openjpa-jdbc/src/main/java/org/apache/openjpa/jdbc/meta/strats/ImmutableValueHandler.java","3"
"8","1.0.3","37d610ca2ccf499479ea0cfb36ca91fcc5e0946e","3774095d-037b-4979-a16d-d8c95ec5c926","3868b13971a77e941a6671a9b9802d0d60d284a4","openjpa-jdbc/src/main/java/org/apache/openjpa/jdbc/meta/strats/InValueDiscriminatorStrategy.java","7"
"8","1.0.3","37d610ca2ccf499479ea0cfb36ca91fcc5e0946e","3774095d-037b-4979-a16d-d8c95ec5c926","3868b13971a77e941a6671a9b9802d0d60d284a4","openjpa-jdbc/src/main/java/org/apache/openjpa/jdbc/meta/strats/LRSCollectionFieldStrategy.java","0"
"8","1.0.3","37d610ca2ccf499479ea0cfb36ca91fcc5e0946e","3774095d-037b-4979-a16d-d8c95ec5c926","3868b13971a77e941a6671a9b9802d0d60d284a4","openjpa-jdbc/src/main/java/org/apache/openjpa/jdbc/meta/strats/LRSMapFieldStrategy.java","0"
"8","1.0.3","37d610ca2ccf499479ea0cfb36ca91fcc5e0946e","3774095d-037b-4979-a16d-d8c95ec5c926","3868b13971a77e941a6671a9b9802d0d60d284a4","openjpa-jdbc/src/main/java/org/apache/openjpa/jdbc/meta/strats/LRSProxyCollection.java","11"
"8","1.0.3","37d610ca2ccf499479ea0cfb36ca91fcc5e0946e","3774095d-037b-4979-a16d-d8c95ec5c926","3868b13971a77e941a6671a9b9802d0d60d284a4","openjpa-jdbc/src/main/java/org/apache/openjpa/jdbc/meta/strats/LRSProxyMap.java","16"
"8","1.0.3","37d610ca2ccf499479ea0cfb36ca91fcc5e0946e","3774095d-037b-4979-a16d-d8c95ec5c926","3868b13971a77e941a6671a9b9802d0d60d284a4","openjpa-jdbc/src/main/java/org/apache/openjpa/jdbc/meta/strats/LobFieldStrategy.java","17"
"8","1.0.3","37d610ca2ccf499479ea0cfb36ca91fcc5e0946e","3774095d-037b-4979-a16d-d8c95ec5c926","3868b13971a77e941a6671a9b9802d0d60d284a4","openjpa-jdbc/src/main/java/org/apache/openjpa/jdbc/meta/strats/MapTableFieldStrategy.java","10"
"8","1.0.3","37d610ca2ccf499479ea0cfb36ca91fcc5e0946e","3774095d-037b-4979-a16d-d8c95ec5c926","3868b13971a77e941a6671a9b9802d0d60d284a4","openjpa-jdbc/src/main/java/org/apache/openjpa/jdbc/meta/strats/MaxEmbeddedBlobFieldStrategy.java","3"
"8","1.0.3","37d610ca2ccf499479ea0cfb36ca91fcc5e0946e","3774095d-037b-4979-a16d-d8c95ec5c926","3868b13971a77e941a6671a9b9802d0d60d284a4","openjpa-jdbc/src/main/java/org/apache/openjpa/jdbc/meta/strats/MaxEmbeddedByteArrayFieldStrategy.java","5"
"8","1.0.3","37d610ca2ccf499479ea0cfb36ca91fcc5e0946e","3774095d-037b-4979-a16d-d8c95ec5c926","3868b13971a77e941a6671a9b9802d0d60d284a4","openjpa-jdbc/src/main/java/org/apache/openjpa/jdbc/meta/strats/MaxEmbeddedCharArrayFieldStrategy.java","4"
"8","1.0.3","37d610ca2ccf499479ea0cfb36ca91fcc5e0946e","3774095d-037b-4979-a16d-d8c95ec5c926","3868b13971a77e941a6671a9b9802d0d60d284a4","openjpa-jdbc/src/main/java/org/apache/openjpa/jdbc/meta/strats/MaxEmbeddedClobFieldStrategy.java","3"
"8","1.0.3","37d610ca2ccf499479ea0cfb36ca91fcc5e0946e","3774095d-037b-4979-a16d-d8c95ec5c926","3868b13971a77e941a6671a9b9802d0d60d284a4","openjpa-jdbc/src/main/java/org/apache/openjpa/jdbc/meta/strats/MaxEmbeddedLobFieldStrategy.java","22"
"8","1.0.3","37d610ca2ccf499479ea0cfb36ca91fcc5e0946e","3774095d-037b-4979-a16d-d8c95ec5c926","3868b13971a77e941a6671a9b9802d0d60d284a4","openjpa-jdbc/src/main/java/org/apache/openjpa/jdbc/meta/strats/NanoPrecisionTimestampVersionStrategy.java","2"
"8","1.0.3","37d610ca2ccf499479ea0cfb36ca91fcc5e0946e","3774095d-037b-4979-a16d-d8c95ec5c926","3868b13971a77e941a6671a9b9802d0d60d284a4","openjpa-jdbc/src/main/java/org/apache/openjpa/jdbc/meta/strats/NoneClassStrategy.java","6"
"8","1.0.3","37d610ca2ccf499479ea0cfb36ca91fcc5e0946e","3774095d-037b-4979-a16d-d8c95ec5c926","3868b13971a77e941a6671a9b9802d0d60d284a4","openjpa-jdbc/src/main/java/org/apache/openjpa/jdbc/meta/strats/NoneDiscriminatorStrategy.java","2"
"8","1.0.3","37d610ca2ccf499479ea0cfb36ca91fcc5e0946e","3774095d-037b-4979-a16d-d8c95ec5c926","3868b13971a77e941a6671a9b9802d0d60d284a4","openjpa-jdbc/src/main/java/org/apache/openjpa/jdbc/meta/strats/NoneFieldStrategy.java","3"
"8","1.0.3","37d610ca2ccf499479ea0cfb36ca91fcc5e0946e","3774095d-037b-4979-a16d-d8c95ec5c926","3868b13971a77e941a6671a9b9802d0d60d284a4","openjpa-jdbc/src/main/java/org/apache/openjpa/jdbc/meta/strats/NoneVersionStrategy.java","3"
"8","1.0.3","37d610ca2ccf499479ea0cfb36ca91fcc5e0946e","3774095d-037b-4979-a16d-d8c95ec5c926","3868b13971a77e941a6671a9b9802d0d60d284a4","openjpa-jdbc/src/main/java/org/apache/openjpa/jdbc/meta/strats/NumberVersionStrategy.java","3"
"8","1.0.3","37d610ca2ccf499479ea0cfb36ca91fcc5e0946e","3774095d-037b-4979-a16d-d8c95ec5c926","3868b13971a77e941a6671a9b9802d0d60d284a4","openjpa-jdbc/src/main/java/org/apache/openjpa/jdbc/meta/strats/ObjectIdClassStrategy.java","1"
"8","1.0.3","37d610ca2ccf499479ea0cfb36ca91fcc5e0946e","3774095d-037b-4979-a16d-d8c95ec5c926","3868b13971a77e941a6671a9b9802d0d60d284a4","openjpa-jdbc/src/main/java/org/apache/openjpa/jdbc/meta/strats/ObjectIdValueHandler.java","5"
"8","1.0.3","37d610ca2ccf499479ea0cfb36ca91fcc5e0946e","3774095d-037b-4979-a16d-d8c95ec5c926","3868b13971a77e941a6671a9b9802d0d60d284a4","openjpa-jdbc/src/main/java/org/apache/openjpa/jdbc/meta/strats/PrimitiveFieldStrategy.java","17"
"8","1.0.3","37d610ca2ccf499479ea0cfb36ca91fcc5e0946e","3774095d-037b-4979-a16d-d8c95ec5c926","3868b13971a77e941a6671a9b9802d0d60d284a4","openjpa-jdbc/src/main/java/org/apache/openjpa/jdbc/meta/strats/PrimitiveWrapperArrays.java","3"
"8","1.0.3","37d610ca2ccf499479ea0cfb36ca91fcc5e0946e","3774095d-037b-4979-a16d-d8c95ec5c926","3868b13971a77e941a6671a9b9802d0d60d284a4","openjpa-jdbc/src/main/java/org/apache/openjpa/jdbc/meta/strats/RelationCollectionInverseKeyFieldStrategy.java","9"
"8","1.0.3","37d610ca2ccf499479ea0cfb36ca91fcc5e0946e","3774095d-037b-4979-a16d-d8c95ec5c926","3868b13971a77e941a6671a9b9802d0d60d284a4","openjpa-jdbc/src/main/java/org/apache/openjpa/jdbc/meta/strats/RelationCollectionTableFieldStrategy.java","9"
"8","1.0.3","37d610ca2ccf499479ea0cfb36ca91fcc5e0946e","3774095d-037b-4979-a16d-d8c95ec5c926","3868b13971a77e941a6671a9b9802d0d60d284a4","openjpa-jdbc/src/main/java/org/apache/openjpa/jdbc/meta/strats/RelationFieldStrategy.java","56"
"8","1.0.3","37d610ca2ccf499479ea0cfb36ca91fcc5e0946e","3774095d-037b-4979-a16d-d8c95ec5c926","3868b13971a77e941a6671a9b9802d0d60d284a4","openjpa-jdbc/src/main/java/org/apache/openjpa/jdbc/meta/strats/RelationHandlerMapTableFieldStrategy.java","14"
"8","1.0.3","37d610ca2ccf499479ea0cfb36ca91fcc5e0946e","3774095d-037b-4979-a16d-d8c95ec5c926","3868b13971a77e941a6671a9b9802d0d60d284a4","openjpa-jdbc/src/main/java/org/apache/openjpa/jdbc/meta/strats/RelationMapInverseKeyFieldStrategy.java","9"
"8","1.0.3","37d610ca2ccf499479ea0cfb36ca91fcc5e0946e","3774095d-037b-4979-a16d-d8c95ec5c926","3868b13971a77e941a6671a9b9802d0d60d284a4","openjpa-jdbc/src/main/java/org/apache/openjpa/jdbc/meta/strats/RelationMapTableFieldStrategy.java","9"
"8","1.0.3","37d610ca2ccf499479ea0cfb36ca91fcc5e0946e","3774095d-037b-4979-a16d-d8c95ec5c926","3868b13971a77e941a6671a9b9802d0d60d284a4","openjpa-jdbc/src/main/java/org/apache/openjpa/jdbc/meta/strats/RelationRelationMapTableFieldStrategy.java","18"
"8","1.0.3","37d610ca2ccf499479ea0cfb36ca91fcc5e0946e","3774095d-037b-4979-a16d-d8c95ec5c926","3868b13971a77e941a6671a9b9802d0d60d284a4","openjpa-jdbc/src/main/java/org/apache/openjpa/jdbc/meta/strats/RelationStrategies.java","3"
"8","1.0.3","37d610ca2ccf499479ea0cfb36ca91fcc5e0946e","3774095d-037b-4979-a16d-d8c95ec5c926","3868b13971a77e941a6671a9b9802d0d60d284a4","openjpa-jdbc/src/main/java/org/apache/openjpa/jdbc/meta/strats/RelationToManyInverseKeyFieldStrategy.java","13"
"8","1.0.3","37d610ca2ccf499479ea0cfb36ca91fcc5e0946e","3774095d-037b-4979-a16d-d8c95ec5c926","3868b13971a77e941a6671a9b9802d0d60d284a4","openjpa-jdbc/src/main/java/org/apache/openjpa/jdbc/meta/strats/RelationToManyTableFieldStrategy.java","11"
"8","1.0.3","37d610ca2ccf499479ea0cfb36ca91fcc5e0946e","3774095d-037b-4979-a16d-d8c95ec5c926","3868b13971a77e941a6671a9b9802d0d60d284a4","openjpa-jdbc/src/main/java/org/apache/openjpa/jdbc/meta/strats/StateComparisonVersionStrategy.java","14"
"8","1.0.3","37d610ca2ccf499479ea0cfb36ca91fcc5e0946e","3774095d-037b-4979-a16d-d8c95ec5c926","3868b13971a77e941a6671a9b9802d0d60d284a4","openjpa-jdbc/src/main/java/org/apache/openjpa/jdbc/meta/strats/StoreCollectionFieldStrategy.java","25"
"8","1.0.3","37d610ca2ccf499479ea0cfb36ca91fcc5e0946e","3774095d-037b-4979-a16d-d8c95ec5c926","3868b13971a77e941a6671a9b9802d0d60d284a4","openjpa-jdbc/src/main/java/org/apache/openjpa/jdbc/meta/strats/StringFieldStrategy.java","16"
"8","1.0.3","37d610ca2ccf499479ea0cfb36ca91fcc5e0946e","3774095d-037b-4979-a16d-d8c95ec5c926","3868b13971a77e941a6671a9b9802d0d60d284a4","openjpa-jdbc/src/main/java/org/apache/openjpa/jdbc/meta/strats/SubclassJoinDiscriminatorStrategy.java","8"
"8","1.0.3","37d610ca2ccf499479ea0cfb36ca91fcc5e0946e","3774095d-037b-4979-a16d-d8c95ec5c926","3868b13971a77e941a6671a9b9802d0d60d284a4","openjpa-jdbc/src/main/java/org/apache/openjpa/jdbc/meta/strats/SuperclassDiscriminatorStrategy.java","5"
"8","1.0.3","37d610ca2ccf499479ea0cfb36ca91fcc5e0946e","3774095d-037b-4979-a16d-d8c95ec5c926","3868b13971a77e941a6671a9b9802d0d60d284a4","openjpa-jdbc/src/main/java/org/apache/openjpa/jdbc/meta/strats/SuperclassVersionStrategy.java","4"
"8","1.0.3","37d610ca2ccf499479ea0cfb36ca91fcc5e0946e","3774095d-037b-4979-a16d-d8c95ec5c926","3868b13971a77e941a6671a9b9802d0d60d284a4","openjpa-jdbc/src/main/java/org/apache/openjpa/jdbc/meta/strats/TimestampVersionStrategy.java","2"
"8","1.0.3","37d610ca2ccf499479ea0cfb36ca91fcc5e0946e","3774095d-037b-4979-a16d-d8c95ec5c926","3868b13971a77e941a6671a9b9802d0d60d284a4","openjpa-jdbc/src/main/java/org/apache/openjpa/jdbc/meta/strats/UntypedPCValueHandler.java","4"
"8","1.0.3","37d610ca2ccf499479ea0cfb36ca91fcc5e0946e","3774095d-037b-4979-a16d-d8c95ec5c926","3868b13971a77e941a6671a9b9802d0d60d284a4","openjpa-jdbc/src/main/java/org/apache/openjpa/jdbc/meta/strats/ValueMapDiscriminatorStrategy.java","4"
"8","1.0.3","37d610ca2ccf499479ea0cfb36ca91fcc5e0946e","3774095d-037b-4979-a16d-d8c95ec5c926","3868b13971a77e941a6671a9b9802d0d60d284a4","openjpa-jdbc/src/main/java/org/apache/openjpa/jdbc/meta/strats/VerticalClassStrategy.java","10"
"8","1.0.3","37d610ca2ccf499479ea0cfb36ca91fcc5e0946e","3774095d-037b-4979-a16d-d8c95ec5c926","3868b13971a77e941a6671a9b9802d0d60d284a4","openjpa-jdbc/src/main/java/org/apache/openjpa/jdbc/meta/strats/XMLValueHandler.java","2"
"8","1.0.3","37d610ca2ccf499479ea0cfb36ca91fcc5e0946e","3774095d-037b-4979-a16d-d8c95ec5c926","3868b13971a77e941a6671a9b9802d0d60d284a4","openjpa-jdbc/src/main/java/org/apache/openjpa/jdbc/schema/Column.java","27"
"8","1.0.3","37d610ca2ccf499479ea0cfb36ca91fcc5e0946e","3774095d-037b-4979-a16d-d8c95ec5c926","3868b13971a77e941a6671a9b9802d0d60d284a4","openjpa-jdbc/src/main/java/org/apache/openjpa/jdbc/schema/ColumnIO.java","8"
"8","1.0.3","37d610ca2ccf499479ea0cfb36ca91fcc5e0946e","3774095d-037b-4979-a16d-d8c95ec5c926","3868b13971a77e941a6671a9b9802d0d60d284a4","openjpa-jdbc/src/main/java/org/apache/openjpa/jdbc/schema/Constraint.java","7"
"8","1.0.3","37d610ca2ccf499479ea0cfb36ca91fcc5e0946e","3774095d-037b-4979-a16d-d8c95ec5c926","3868b13971a77e941a6671a9b9802d0d60d284a4","openjpa-jdbc/src/main/java/org/apache/openjpa/jdbc/schema/DataSourceFactory.java","9"
"8","1.0.3","37d610ca2ccf499479ea0cfb36ca91fcc5e0946e","3774095d-037b-4979-a16d-d8c95ec5c926","3868b13971a77e941a6671a9b9802d0d60d284a4","openjpa-jdbc/src/main/java/org/apache/openjpa/jdbc/schema/DriverDataSource.java","0"
"8","1.0.3","37d610ca2ccf499479ea0cfb36ca91fcc5e0946e","3774095d-037b-4979-a16d-d8c95ec5c926","3868b13971a77e941a6671a9b9802d0d60d284a4","openjpa-jdbc/src/main/java/org/apache/openjpa/jdbc/schema/DynamicSchemaFactory.java","11"
"8","1.0.3","37d610ca2ccf499479ea0cfb36ca91fcc5e0946e","3774095d-037b-4979-a16d-d8c95ec5c926","3868b13971a77e941a6671a9b9802d0d60d284a4","openjpa-jdbc/src/main/java/org/apache/openjpa/jdbc/schema/FileSchemaFactory.java","8"
"8","1.0.3","37d610ca2ccf499479ea0cfb36ca91fcc5e0946e","3774095d-037b-4979-a16d-d8c95ec5c926","3868b13971a77e941a6671a9b9802d0d60d284a4","openjpa-jdbc/src/main/java/org/apache/openjpa/jdbc/schema/ForeignKey.java","29"
"8","1.0.3","37d610ca2ccf499479ea0cfb36ca91fcc5e0946e","3774095d-037b-4979-a16d-d8c95ec5c926","3868b13971a77e941a6671a9b9802d0d60d284a4","openjpa-jdbc/src/main/java/org/apache/openjpa/jdbc/schema/Index.java","1"
"8","1.0.3","37d610ca2ccf499479ea0cfb36ca91fcc5e0946e","3774095d-037b-4979-a16d-d8c95ec5c926","3868b13971a77e941a6671a9b9802d0d60d284a4","openjpa-jdbc/src/main/java/org/apache/openjpa/jdbc/schema/LazySchemaFactory.java","13"
"8","1.0.3","37d610ca2ccf499479ea0cfb36ca91fcc5e0946e","3774095d-037b-4979-a16d-d8c95ec5c926","3868b13971a77e941a6671a9b9802d0d60d284a4","openjpa-jdbc/src/main/java/org/apache/openjpa/jdbc/schema/LocalConstraint.java","6"
"8","1.0.3","37d610ca2ccf499479ea0cfb36ca91fcc5e0946e","3774095d-037b-4979-a16d-d8c95ec5c926","3868b13971a77e941a6671a9b9802d0d60d284a4","openjpa-jdbc/src/main/java/org/apache/openjpa/jdbc/schema/NameSet.java","2"
"8","1.0.3","37d610ca2ccf499479ea0cfb36ca91fcc5e0946e","3774095d-037b-4979-a16d-d8c95ec5c926","3868b13971a77e941a6671a9b9802d0d60d284a4","openjpa-jdbc/src/main/java/org/apache/openjpa/jdbc/schema/PrimaryKey.java","3"
"8","1.0.3","37d610ca2ccf499479ea0cfb36ca91fcc5e0946e","3774095d-037b-4979-a16d-d8c95ec5c926","3868b13971a77e941a6671a9b9802d0d60d284a4","openjpa-jdbc/src/main/java/org/apache/openjpa/jdbc/schema/ReferenceCounter.java","1"
"8","1.0.3","37d610ca2ccf499479ea0cfb36ca91fcc5e0946e","3774095d-037b-4979-a16d-d8c95ec5c926","3868b13971a77e941a6671a9b9802d0d60d284a4","openjpa-jdbc/src/main/java/org/apache/openjpa/jdbc/schema/Schema.java","8"
"8","1.0.3","37d610ca2ccf499479ea0cfb36ca91fcc5e0946e","3774095d-037b-4979-a16d-d8c95ec5c926","3868b13971a77e941a6671a9b9802d0d60d284a4","openjpa-jdbc/src/main/java/org/apache/openjpa/jdbc/schema/SchemaFactory.java","0"
"8","1.0.3","37d610ca2ccf499479ea0cfb36ca91fcc5e0946e","3774095d-037b-4979-a16d-d8c95ec5c926","3868b13971a77e941a6671a9b9802d0d60d284a4","openjpa-jdbc/src/main/java/org/apache/openjpa/jdbc/schema/SchemaGenerator.java","40"
"8","1.0.3","37d610ca2ccf499479ea0cfb36ca91fcc5e0946e","3774095d-037b-4979-a16d-d8c95ec5c926","3868b13971a77e941a6671a9b9802d0d60d284a4","openjpa-jdbc/src/main/java/org/apache/openjpa/jdbc/schema/SchemaGroup.java","6"
"8","1.0.3","37d610ca2ccf499479ea0cfb36ca91fcc5e0946e","3774095d-037b-4979-a16d-d8c95ec5c926","3868b13971a77e941a6671a9b9802d0d60d284a4","openjpa-jdbc/src/main/java/org/apache/openjpa/jdbc/schema/SchemaParser.java","0"
"8","1.0.3","37d610ca2ccf499479ea0cfb36ca91fcc5e0946e","3774095d-037b-4979-a16d-d8c95ec5c926","3868b13971a77e941a6671a9b9802d0d60d284a4","openjpa-jdbc/src/main/java/org/apache/openjpa/jdbc/schema/SchemaSerializer.java","0"
"8","1.0.3","37d610ca2ccf499479ea0cfb36ca91fcc5e0946e","3774095d-037b-4979-a16d-d8c95ec5c926","3868b13971a77e941a6671a9b9802d0d60d284a4","openjpa-jdbc/src/main/java/org/apache/openjpa/jdbc/schema/SchemaTool.java","48"
"8","1.0.3","37d610ca2ccf499479ea0cfb36ca91fcc5e0946e","3774095d-037b-4979-a16d-d8c95ec5c926","3868b13971a77e941a6671a9b9802d0d60d284a4","openjpa-jdbc/src/main/java/org/apache/openjpa/jdbc/schema/Schemas.java","3"
"8","1.0.3","37d610ca2ccf499479ea0cfb36ca91fcc5e0946e","3774095d-037b-4979-a16d-d8c95ec5c926","3868b13971a77e941a6671a9b9802d0d60d284a4","openjpa-jdbc/src/main/java/org/apache/openjpa/jdbc/schema/Sequence.java","9"
"8","1.0.3","37d610ca2ccf499479ea0cfb36ca91fcc5e0946e","3774095d-037b-4979-a16d-d8c95ec5c926","3868b13971a77e941a6671a9b9802d0d60d284a4","openjpa-jdbc/src/main/java/org/apache/openjpa/jdbc/schema/SimpleDriverDataSource.java","17"
"8","1.0.3","37d610ca2ccf499479ea0cfb36ca91fcc5e0946e","3774095d-037b-4979-a16d-d8c95ec5c926","3868b13971a77e941a6671a9b9802d0d60d284a4","openjpa-jdbc/src/main/java/org/apache/openjpa/jdbc/schema/Table.java","26"
"8","1.0.3","37d610ca2ccf499479ea0cfb36ca91fcc5e0946e","3774095d-037b-4979-a16d-d8c95ec5c926","3868b13971a77e941a6671a9b9802d0d60d284a4","openjpa-jdbc/src/main/java/org/apache/openjpa/jdbc/schema/TableSchemaFactory.java","27"
"8","1.0.3","37d610ca2ccf499479ea0cfb36ca91fcc5e0946e","3774095d-037b-4979-a16d-d8c95ec5c926","3868b13971a77e941a6671a9b9802d0d60d284a4","openjpa-jdbc/src/main/java/org/apache/openjpa/jdbc/schema/Unique.java","4"
"8","1.0.3","37d610ca2ccf499479ea0cfb36ca91fcc5e0946e","3774095d-037b-4979-a16d-d8c95ec5c926","3868b13971a77e941a6671a9b9802d0d60d284a4","openjpa-jdbc/src/main/java/org/apache/openjpa/jdbc/schema/XMLSchemaParser.java","22"
"8","1.0.3","37d610ca2ccf499479ea0cfb36ca91fcc5e0946e","3774095d-037b-4979-a16d-d8c95ec5c926","3868b13971a77e941a6671a9b9802d0d60d284a4","openjpa-jdbc/src/main/java/org/apache/openjpa/jdbc/schema/XMLSchemaSerializer.java","4"
"8","1.0.3","37d610ca2ccf499479ea0cfb36ca91fcc5e0946e","3774095d-037b-4979-a16d-d8c95ec5c926","3868b13971a77e941a6671a9b9802d0d60d284a4","openjpa-jdbc/src/main/java/org/apache/openjpa/jdbc/sql/AbstractDB2Dictionary.java","5"
"8","1.0.3","37d610ca2ccf499479ea0cfb36ca91fcc5e0946e","3774095d-037b-4979-a16d-d8c95ec5c926","3868b13971a77e941a6671a9b9802d0d60d284a4","openjpa-jdbc/src/main/java/org/apache/openjpa/jdbc/sql/AbstractResult.java","17"
"8","1.0.3","37d610ca2ccf499479ea0cfb36ca91fcc5e0946e","3774095d-037b-4979-a16d-d8c95ec5c926","3868b13971a77e941a6671a9b9802d0d60d284a4","openjpa-jdbc/src/main/java/org/apache/openjpa/jdbc/sql/AbstractSQLServerDictionary.java","12"
"8","1.0.3","37d610ca2ccf499479ea0cfb36ca91fcc5e0946e","3774095d-037b-4979-a16d-d8c95ec5c926","3868b13971a77e941a6671a9b9802d0d60d284a4","openjpa-jdbc/src/main/java/org/apache/openjpa/jdbc/sql/AccessDictionary.java","3"
"8","1.0.3","37d610ca2ccf499479ea0cfb36ca91fcc5e0946e","3774095d-037b-4979-a16d-d8c95ec5c926","3868b13971a77e941a6671a9b9802d0d60d284a4","openjpa-jdbc/src/main/java/org/apache/openjpa/jdbc/sql/CacheDictionary.java","0"
"8","1.0.3","37d610ca2ccf499479ea0cfb36ca91fcc5e0946e","3774095d-037b-4979-a16d-d8c95ec5c926","3868b13971a77e941a6671a9b9802d0d60d284a4","openjpa-jdbc/src/main/java/org/apache/openjpa/jdbc/sql/Calendard.java","0"
"8","1.0.3","37d610ca2ccf499479ea0cfb36ca91fcc5e0946e","3774095d-037b-4979-a16d-d8c95ec5c926","3868b13971a77e941a6671a9b9802d0d60d284a4","openjpa-jdbc/src/main/java/org/apache/openjpa/jdbc/sql/DB2Dictionary.java","50"
"8","1.0.3","37d610ca2ccf499479ea0cfb36ca91fcc5e0946e","3774095d-037b-4979-a16d-d8c95ec5c926","3868b13971a77e941a6671a9b9802d0d60d284a4","openjpa-jdbc/src/main/java/org/apache/openjpa/jdbc/sql/DBDictionary.java","133"
"8","1.0.3","37d610ca2ccf499479ea0cfb36ca91fcc5e0946e","3774095d-037b-4979-a16d-d8c95ec5c926","3868b13971a77e941a6671a9b9802d0d60d284a4","openjpa-jdbc/src/main/java/org/apache/openjpa/jdbc/sql/DBDictionaryFactory.java","8"
"8","1.0.3","37d610ca2ccf499479ea0cfb36ca91fcc5e0946e","3774095d-037b-4979-a16d-d8c95ec5c926","3868b13971a77e941a6671a9b9802d0d60d284a4","openjpa-jdbc/src/main/java/org/apache/openjpa/jdbc/sql/DerbyDictionary.java","6"
"8","1.0.3","37d610ca2ccf499479ea0cfb36ca91fcc5e0946e","3774095d-037b-4979-a16d-d8c95ec5c926","3868b13971a77e941a6671a9b9802d0d60d284a4","openjpa-jdbc/src/main/java/org/apache/openjpa/jdbc/sql/EmpressDictionary.java","14"
"8","1.0.3","37d610ca2ccf499479ea0cfb36ca91fcc5e0946e","3774095d-037b-4979-a16d-d8c95ec5c926","3868b13971a77e941a6671a9b9802d0d60d284a4","openjpa-jdbc/src/main/java/org/apache/openjpa/jdbc/sql/FirebirdDictionary.java","2"
"8","1.0.3","37d610ca2ccf499479ea0cfb36ca91fcc5e0946e","3774095d-037b-4979-a16d-d8c95ec5c926","3868b13971a77e941a6671a9b9802d0d60d284a4","openjpa-jdbc/src/main/java/org/apache/openjpa/jdbc/sql/FoxProDictionary.java","12"
"8","1.0.3","37d610ca2ccf499479ea0cfb36ca91fcc5e0946e","3774095d-037b-4979-a16d-d8c95ec5c926","3868b13971a77e941a6671a9b9802d0d60d284a4","openjpa-jdbc/src/main/java/org/apache/openjpa/jdbc/sql/H2Dictionary.java","17"
"8","1.0.3","37d610ca2ccf499479ea0cfb36ca91fcc5e0946e","3774095d-037b-4979-a16d-d8c95ec5c926","3868b13971a77e941a6671a9b9802d0d60d284a4","openjpa-jdbc/src/main/java/org/apache/openjpa/jdbc/sql/HSQLDictionary.java","21"
"8","1.0.3","37d610ca2ccf499479ea0cfb36ca91fcc5e0946e","3774095d-037b-4979-a16d-d8c95ec5c926","3868b13971a77e941a6671a9b9802d0d60d284a4","openjpa-jdbc/src/main/java/org/apache/openjpa/jdbc/sql/InformixDictionary.java","19"
"8","1.0.3","37d610ca2ccf499479ea0cfb36ca91fcc5e0946e","3774095d-037b-4979-a16d-d8c95ec5c926","3868b13971a77e941a6671a9b9802d0d60d284a4","openjpa-jdbc/src/main/java/org/apache/openjpa/jdbc/sql/InterbaseDictionary.java","7"
"8","1.0.3","37d610ca2ccf499479ea0cfb36ca91fcc5e0946e","3774095d-037b-4979-a16d-d8c95ec5c926","3868b13971a77e941a6671a9b9802d0d60d284a4","openjpa-jdbc/src/main/java/org/apache/openjpa/jdbc/sql/JDataStoreDictionary.java","4"
"8","1.0.3","37d610ca2ccf499479ea0cfb36ca91fcc5e0946e","3774095d-037b-4979-a16d-d8c95ec5c926","3868b13971a77e941a6671a9b9802d0d60d284a4","openjpa-jdbc/src/main/java/org/apache/openjpa/jdbc/sql/Join.java","11"
"8","1.0.3","37d610ca2ccf499479ea0cfb36ca91fcc5e0946e","3774095d-037b-4979-a16d-d8c95ec5c926","3868b13971a77e941a6671a9b9802d0d60d284a4","openjpa-jdbc/src/main/java/org/apache/openjpa/jdbc/sql/JoinSet.java","10"
"8","1.0.3","37d610ca2ccf499479ea0cfb36ca91fcc5e0946e","3774095d-037b-4979-a16d-d8c95ec5c926","3868b13971a77e941a6671a9b9802d0d60d284a4","openjpa-jdbc/src/main/java/org/apache/openjpa/jdbc/sql/JoinSyntaxes.java","1"
"8","1.0.3","37d610ca2ccf499479ea0cfb36ca91fcc5e0946e","3774095d-037b-4979-a16d-d8c95ec5c926","3868b13971a77e941a6671a9b9802d0d60d284a4","openjpa-jdbc/src/main/java/org/apache/openjpa/jdbc/sql/Joins.java","1"
"8","1.0.3","37d610ca2ccf499479ea0cfb36ca91fcc5e0946e","3774095d-037b-4979-a16d-d8c95ec5c926","3868b13971a77e941a6671a9b9802d0d60d284a4","openjpa-jdbc/src/main/java/org/apache/openjpa/jdbc/sql/LogicalUnion.java","8"
"8","1.0.3","37d610ca2ccf499479ea0cfb36ca91fcc5e0946e","3774095d-037b-4979-a16d-d8c95ec5c926","3868b13971a77e941a6671a9b9802d0d60d284a4","openjpa-jdbc/src/main/java/org/apache/openjpa/jdbc/sql/MergedResult.java","9"
"8","1.0.3","37d610ca2ccf499479ea0cfb36ca91fcc5e0946e","3774095d-037b-4979-a16d-d8c95ec5c926","3868b13971a77e941a6671a9b9802d0d60d284a4","openjpa-jdbc/src/main/java/org/apache/openjpa/jdbc/sql/MySQLDictionary.java","13"
"8","1.0.3","37d610ca2ccf499479ea0cfb36ca91fcc5e0946e","3774095d-037b-4979-a16d-d8c95ec5c926","3868b13971a77e941a6671a9b9802d0d60d284a4","openjpa-jdbc/src/main/java/org/apache/openjpa/jdbc/sql/OracleDictionary.java","87"
"8","1.0.3","37d610ca2ccf499479ea0cfb36ca91fcc5e0946e","3774095d-037b-4979-a16d-d8c95ec5c926","3868b13971a77e941a6671a9b9802d0d60d284a4","openjpa-jdbc/src/main/java/org/apache/openjpa/jdbc/sql/PointbaseDictionary.java","6"
"8","1.0.3","37d610ca2ccf499479ea0cfb36ca91fcc5e0946e","3774095d-037b-4979-a16d-d8c95ec5c926","3868b13971a77e941a6671a9b9802d0d60d284a4","openjpa-jdbc/src/main/java/org/apache/openjpa/jdbc/sql/PostgresDictionary.java","38"
"8","1.0.3","37d610ca2ccf499479ea0cfb36ca91fcc5e0946e","3774095d-037b-4979-a16d-d8c95ec5c926","3868b13971a77e941a6671a9b9802d0d60d284a4","openjpa-jdbc/src/main/java/org/apache/openjpa/jdbc/sql/PrimaryRow.java","31"
"8","1.0.3","37d610ca2ccf499479ea0cfb36ca91fcc5e0946e","3774095d-037b-4979-a16d-d8c95ec5c926","3868b13971a77e941a6671a9b9802d0d60d284a4","openjpa-jdbc/src/main/java/org/apache/openjpa/jdbc/sql/Raw.java","0"
"8","1.0.3","37d610ca2ccf499479ea0cfb36ca91fcc5e0946e","3774095d-037b-4979-a16d-d8c95ec5c926","3868b13971a77e941a6671a9b9802d0d60d284a4","openjpa-jdbc/src/main/java/org/apache/openjpa/jdbc/sql/Result.java","0"
"8","1.0.3","37d610ca2ccf499479ea0cfb36ca91fcc5e0946e","3774095d-037b-4979-a16d-d8c95ec5c926","3868b13971a77e941a6671a9b9802d0d60d284a4","openjpa-jdbc/src/main/java/org/apache/openjpa/jdbc/sql/ResultSetResult.java","52"
"8","1.0.3","37d610ca2ccf499479ea0cfb36ca91fcc5e0946e","3774095d-037b-4979-a16d-d8c95ec5c926","3868b13971a77e941a6671a9b9802d0d60d284a4","openjpa-jdbc/src/main/java/org/apache/openjpa/jdbc/sql/Row.java","0"
"8","1.0.3","37d610ca2ccf499479ea0cfb36ca91fcc5e0946e","3774095d-037b-4979-a16d-d8c95ec5c926","3868b13971a77e941a6671a9b9802d0d60d284a4","openjpa-jdbc/src/main/java/org/apache/openjpa/jdbc/sql/RowImpl.java","25"
"8","1.0.3","37d610ca2ccf499479ea0cfb36ca91fcc5e0946e","3774095d-037b-4979-a16d-d8c95ec5c926","3868b13971a77e941a6671a9b9802d0d60d284a4","openjpa-jdbc/src/main/java/org/apache/openjpa/jdbc/sql/RowManager.java","0"
"8","1.0.3","37d610ca2ccf499479ea0cfb36ca91fcc5e0946e","3774095d-037b-4979-a16d-d8c95ec5c926","3868b13971a77e941a6671a9b9802d0d60d284a4","openjpa-jdbc/src/main/java/org/apache/openjpa/jdbc/sql/RowManagerImpl.java","20"
"8","1.0.3","37d610ca2ccf499479ea0cfb36ca91fcc5e0946e","3774095d-037b-4979-a16d-d8c95ec5c926","3868b13971a77e941a6671a9b9802d0d60d284a4","openjpa-jdbc/src/main/java/org/apache/openjpa/jdbc/sql/SQLBuffer.java","27"
"8","1.0.3","37d610ca2ccf499479ea0cfb36ca91fcc5e0946e","3774095d-037b-4979-a16d-d8c95ec5c926","3868b13971a77e941a6671a9b9802d0d60d284a4","openjpa-jdbc/src/main/java/org/apache/openjpa/jdbc/sql/SQLErrorCodeReader.java","4"
"8","1.0.3","37d610ca2ccf499479ea0cfb36ca91fcc5e0946e","3774095d-037b-4979-a16d-d8c95ec5c926","3868b13971a77e941a6671a9b9802d0d60d284a4","openjpa-jdbc/src/main/java/org/apache/openjpa/jdbc/sql/SQLExceptions.java","6"
"8","1.0.3","37d610ca2ccf499479ea0cfb36ca91fcc5e0946e","3774095d-037b-4979-a16d-d8c95ec5c926","3868b13971a77e941a6671a9b9802d0d60d284a4","openjpa-jdbc/src/main/java/org/apache/openjpa/jdbc/sql/SQLFactory.java","0"
"8","1.0.3","37d610ca2ccf499479ea0cfb36ca91fcc5e0946e","3774095d-037b-4979-a16d-d8c95ec5c926","3868b13971a77e941a6671a9b9802d0d60d284a4","openjpa-jdbc/src/main/java/org/apache/openjpa/jdbc/sql/SQLFactoryImpl.java","3"
"8","1.0.3","37d610ca2ccf499479ea0cfb36ca91fcc5e0946e","3774095d-037b-4979-a16d-d8c95ec5c926","3868b13971a77e941a6671a9b9802d0d60d284a4","openjpa-jdbc/src/main/java/org/apache/openjpa/jdbc/sql/SQLServerDictionary.java","9"
"8","1.0.3","37d610ca2ccf499479ea0cfb36ca91fcc5e0946e","3774095d-037b-4979-a16d-d8c95ec5c926","3868b13971a77e941a6671a9b9802d0d60d284a4","openjpa-jdbc/src/main/java/org/apache/openjpa/jdbc/sql/SecondaryRow.java","11"
"8","1.0.3","37d610ca2ccf499479ea0cfb36ca91fcc5e0946e","3774095d-037b-4979-a16d-d8c95ec5c926","3868b13971a77e941a6671a9b9802d0d60d284a4","openjpa-jdbc/src/main/java/org/apache/openjpa/jdbc/sql/Select.java","1"
"8","1.0.3","37d610ca2ccf499479ea0cfb36ca91fcc5e0946e","3774095d-037b-4979-a16d-d8c95ec5c926","3868b13971a77e941a6671a9b9802d0d60d284a4","openjpa-jdbc/src/main/java/org/apache/openjpa/jdbc/sql/SelectExecutor.java","0"
"8","1.0.3","37d610ca2ccf499479ea0cfb36ca91fcc5e0946e","3774095d-037b-4979-a16d-d8c95ec5c926","3868b13971a77e941a6671a9b9802d0d60d284a4","openjpa-jdbc/src/main/java/org/apache/openjpa/jdbc/sql/SelectImpl.java","133"
"8","1.0.3","37d610ca2ccf499479ea0cfb36ca91fcc5e0946e","3774095d-037b-4979-a16d-d8c95ec5c926","3868b13971a77e941a6671a9b9802d0d60d284a4","openjpa-jdbc/src/main/java/org/apache/openjpa/jdbc/sql/Sized.java","0"
"8","1.0.3","37d610ca2ccf499479ea0cfb36ca91fcc5e0946e","3774095d-037b-4979-a16d-d8c95ec5c926","3868b13971a77e941a6671a9b9802d0d60d284a4","openjpa-jdbc/src/main/java/org/apache/openjpa/jdbc/sql/SybaseDictionary.java","15"
"8","1.0.3","37d610ca2ccf499479ea0cfb36ca91fcc5e0946e","3774095d-037b-4979-a16d-d8c95ec5c926","3868b13971a77e941a6671a9b9802d0d60d284a4","openjpa-jdbc/src/main/java/org/apache/openjpa/jdbc/sql/Union.java","0"
"8","1.0.3","37d610ca2ccf499479ea0cfb36ca91fcc5e0946e","3774095d-037b-4979-a16d-d8c95ec5c926","3868b13971a77e941a6671a9b9802d0d60d284a4","openjpa-kernel/src/main/java/org/apache/openjpa/abstractstore/AbstractStoreBrokerFactory.java","6"
"8","1.0.3","37d610ca2ccf499479ea0cfb36ca91fcc5e0946e","3774095d-037b-4979-a16d-d8c95ec5c926","3868b13971a77e941a6671a9b9802d0d60d284a4","openjpa-kernel/src/main/java/org/apache/openjpa/abstractstore/AbstractStoreManager.java","5"
"8","1.0.3","37d610ca2ccf499479ea0cfb36ca91fcc5e0946e","3774095d-037b-4979-a16d-d8c95ec5c926","3868b13971a77e941a6671a9b9802d0d60d284a4","openjpa-kernel/src/main/java/org/apache/openjpa/ant/ApplicationIdToolTask.java","0"
"8","1.0.3","37d610ca2ccf499479ea0cfb36ca91fcc5e0946e","3774095d-037b-4979-a16d-d8c95ec5c926","3868b13971a77e941a6671a9b9802d0d60d284a4","openjpa-kernel/src/main/java/org/apache/openjpa/ant/MetaDataToolTask.java","2"
"8","1.0.3","37d610ca2ccf499479ea0cfb36ca91fcc5e0946e","3774095d-037b-4979-a16d-d8c95ec5c926","3868b13971a77e941a6671a9b9802d0d60d284a4","openjpa-kernel/src/main/java/org/apache/openjpa/ant/PCEnhancerTask.java","0"
"8","1.0.3","37d610ca2ccf499479ea0cfb36ca91fcc5e0946e","3774095d-037b-4979-a16d-d8c95ec5c926","3868b13971a77e941a6671a9b9802d0d60d284a4","openjpa-kernel/src/main/java/org/apache/openjpa/conf/AutoDetachValue.java","5"
"8","1.0.3","37d610ca2ccf499479ea0cfb36ca91fcc5e0946e","3774095d-037b-4979-a16d-d8c95ec5c926","3868b13971a77e941a6671a9b9802d0d60d284a4","openjpa-kernel/src/main/java/org/apache/openjpa/conf/BrokerFactoryValue.java","0"
"8","1.0.3","37d610ca2ccf499479ea0cfb36ca91fcc5e0946e","3774095d-037b-4979-a16d-d8c95ec5c926","3868b13971a77e941a6671a9b9802d0d60d284a4","openjpa-kernel/src/main/java/org/apache/openjpa/conf/BrokerValue.java","3"
"8","1.0.3","37d610ca2ccf499479ea0cfb36ca91fcc5e0946e","3774095d-037b-4979-a16d-d8c95ec5c926","3868b13971a77e941a6671a9b9802d0d60d284a4","openjpa-kernel/src/main/java/org/apache/openjpa/conf/CacheMarshaller.java","0"
"8","1.0.3","37d610ca2ccf499479ea0cfb36ca91fcc5e0946e","3774095d-037b-4979-a16d-d8c95ec5c926","3868b13971a77e941a6671a9b9802d0d60d284a4","openjpa-kernel/src/main/java/org/apache/openjpa/conf/CacheMarshallerImpl.java","12"
"8","1.0.3","37d610ca2ccf499479ea0cfb36ca91fcc5e0946e","3774095d-037b-4979-a16d-d8c95ec5c926","3868b13971a77e941a6671a9b9802d0d60d284a4","openjpa-kernel/src/main/java/org/apache/openjpa/conf/CacheMarshallersValue.java","5"
"8","1.0.3","37d610ca2ccf499479ea0cfb36ca91fcc5e0946e","3774095d-037b-4979-a16d-d8c95ec5c926","3868b13971a77e941a6671a9b9802d0d60d284a4","openjpa-kernel/src/main/java/org/apache/openjpa/conf/Compatibility.java","10"
"8","1.0.3","37d610ca2ccf499479ea0cfb36ca91fcc5e0946e","3774095d-037b-4979-a16d-d8c95ec5c926","3868b13971a77e941a6671a9b9802d0d60d284a4","openjpa-kernel/src/main/java/org/apache/openjpa/conf/DetachOptions.java","4"
"8","1.0.3","37d610ca2ccf499479ea0cfb36ca91fcc5e0946e","3774095d-037b-4979-a16d-d8c95ec5c926","3868b13971a77e941a6671a9b9802d0d60d284a4","openjpa-kernel/src/main/java/org/apache/openjpa/conf/MetaDataCacheMaintenance.java","5"
"8","1.0.3","37d610ca2ccf499479ea0cfb36ca91fcc5e0946e","3774095d-037b-4979-a16d-d8c95ec5c926","3868b13971a77e941a6671a9b9802d0d60d284a4","openjpa-kernel/src/main/java/org/apache/openjpa/conf/MetaDataRepositoryValue.java","2"
"8","1.0.3","37d610ca2ccf499479ea0cfb36ca91fcc5e0946e","3774095d-037b-4979-a16d-d8c95ec5c926","3868b13971a77e941a6671a9b9802d0d60d284a4","openjpa-kernel/src/main/java/org/apache/openjpa/conf/NoOpCacheMarshaller.java","2"
"8","1.0.3","37d610ca2ccf499479ea0cfb36ca91fcc5e0946e","3774095d-037b-4979-a16d-d8c95ec5c926","3868b13971a77e941a6671a9b9802d0d60d284a4","openjpa-kernel/src/main/java/org/apache/openjpa/conf/OpenJPAConfiguration.java","1"
"8","1.0.3","37d610ca2ccf499479ea0cfb36ca91fcc5e0946e","3774095d-037b-4979-a16d-d8c95ec5c926","3868b13971a77e941a6671a9b9802d0d60d284a4","openjpa-kernel/src/main/java/org/apache/openjpa/conf/OpenJPAConfigurationImpl.java","74"
"8","1.0.3","37d610ca2ccf499479ea0cfb36ca91fcc5e0946e","3774095d-037b-4979-a16d-d8c95ec5c926","3868b13971a77e941a6671a9b9802d0d60d284a4","openjpa-kernel/src/main/java/org/apache/openjpa/conf/OpenJPAProductDerivation.java","0"
"8","1.0.3","37d610ca2ccf499479ea0cfb36ca91fcc5e0946e","3774095d-037b-4979-a16d-d8c95ec5c926","3868b13971a77e941a6671a9b9802d0d60d284a4","openjpa-kernel/src/main/java/org/apache/openjpa/conf/OpenJPAVersion.java","3"
"8","1.0.3","37d610ca2ccf499479ea0cfb36ca91fcc5e0946e","3774095d-037b-4979-a16d-d8c95ec5c926","3868b13971a77e941a6671a9b9802d0d60d284a4","openjpa-kernel/src/main/java/org/apache/openjpa/conf/OpenJPAVersionAndConfigurationTypeValidationPolicy.java","2"
"8","1.0.3","37d610ca2ccf499479ea0cfb36ca91fcc5e0946e","3774095d-037b-4979-a16d-d8c95ec5c926","3868b13971a77e941a6671a9b9802d0d60d284a4","openjpa-kernel/src/main/java/org/apache/openjpa/conf/QueryCompilationCacheValue.java","2"
"8","1.0.3","37d610ca2ccf499479ea0cfb36ca91fcc5e0946e","3774095d-037b-4979-a16d-d8c95ec5c926","3868b13971a77e941a6671a9b9802d0d60d284a4","openjpa-kernel/src/main/java/org/apache/openjpa/conf/RemoteCommitProviderValue.java","6"
"8","1.0.3","37d610ca2ccf499479ea0cfb36ca91fcc5e0946e","3774095d-037b-4979-a16d-d8c95ec5c926","3868b13971a77e941a6671a9b9802d0d60d284a4","openjpa-kernel/src/main/java/org/apache/openjpa/conf/SeqValue.java","0"
"8","1.0.3","37d610ca2ccf499479ea0cfb36ca91fcc5e0946e","3774095d-037b-4979-a16d-d8c95ec5c926","3868b13971a77e941a6671a9b9802d0d60d284a4","openjpa-kernel/src/main/java/org/apache/openjpa/datacache/AbstractDataCache.java","4"
"8","1.0.3","37d610ca2ccf499479ea0cfb36ca91fcc5e0946e","3774095d-037b-4979-a16d-d8c95ec5c926","3868b13971a77e941a6671a9b9802d0d60d284a4","openjpa-kernel/src/main/java/org/apache/openjpa/datacache/AbstractQueryCache.java","3"
"8","1.0.3","37d610ca2ccf499479ea0cfb36ca91fcc5e0946e","3774095d-037b-4979-a16d-d8c95ec5c926","3868b13971a77e941a6671a9b9802d0d60d284a4","openjpa-kernel/src/main/java/org/apache/openjpa/datacache/Caches.java","2"
"8","1.0.3","37d610ca2ccf499479ea0cfb36ca91fcc5e0946e","3774095d-037b-4979-a16d-d8c95ec5c926","3868b13971a77e941a6671a9b9802d0d60d284a4","openjpa-kernel/src/main/java/org/apache/openjpa/datacache/ConcurrentDataCache.java","5"
"8","1.0.3","37d610ca2ccf499479ea0cfb36ca91fcc5e0946e","3774095d-037b-4979-a16d-d8c95ec5c926","3868b13971a77e941a6671a9b9802d0d60d284a4","openjpa-kernel/src/main/java/org/apache/openjpa/datacache/ConcurrentQueryCache.java","3"
"8","1.0.3","37d610ca2ccf499479ea0cfb36ca91fcc5e0946e","3774095d-037b-4979-a16d-d8c95ec5c926","3868b13971a77e941a6671a9b9802d0d60d284a4","openjpa-kernel/src/main/java/org/apache/openjpa/datacache/DataCache.java","0"
"8","1.0.3","37d610ca2ccf499479ea0cfb36ca91fcc5e0946e","3774095d-037b-4979-a16d-d8c95ec5c926","3868b13971a77e941a6671a9b9802d0d60d284a4","openjpa-kernel/src/main/java/org/apache/openjpa/datacache/DataCacheManager.java","0"
"8","1.0.3","37d610ca2ccf499479ea0cfb36ca91fcc5e0946e","3774095d-037b-4979-a16d-d8c95ec5c926","3868b13971a77e941a6671a9b9802d0d60d284a4","openjpa-kernel/src/main/java/org/apache/openjpa/datacache/DataCacheManagerImpl.java","4"
"8","1.0.3","37d610ca2ccf499479ea0cfb36ca91fcc5e0946e","3774095d-037b-4979-a16d-d8c95ec5c926","3868b13971a77e941a6671a9b9802d0d60d284a4","openjpa-kernel/src/main/java/org/apache/openjpa/datacache/DataCachePCData.java","0"
"8","1.0.3","37d610ca2ccf499479ea0cfb36ca91fcc5e0946e","3774095d-037b-4979-a16d-d8c95ec5c926","3868b13971a77e941a6671a9b9802d0d60d284a4","openjpa-kernel/src/main/java/org/apache/openjpa/datacache/DataCachePCDataGenerator.java","16"
"8","1.0.3","37d610ca2ccf499479ea0cfb36ca91fcc5e0946e","3774095d-037b-4979-a16d-d8c95ec5c926","3868b13971a77e941a6671a9b9802d0d60d284a4","openjpa-kernel/src/main/java/org/apache/openjpa/datacache/DataCachePCDataImpl.java","23"
"8","1.0.3","37d610ca2ccf499479ea0cfb36ca91fcc5e0946e","3774095d-037b-4979-a16d-d8c95ec5c926","3868b13971a77e941a6671a9b9802d0d60d284a4","openjpa-kernel/src/main/java/org/apache/openjpa/datacache/DataCacheScheduler.java","7"
"8","1.0.3","37d610ca2ccf499479ea0cfb36ca91fcc5e0946e","3774095d-037b-4979-a16d-d8c95ec5c926","3868b13971a77e941a6671a9b9802d0d60d284a4","openjpa-kernel/src/main/java/org/apache/openjpa/datacache/DataCacheStoreManager.java","28"
"8","1.0.3","37d610ca2ccf499479ea0cfb36ca91fcc5e0946e","3774095d-037b-4979-a16d-d8c95ec5c926","3868b13971a77e941a6671a9b9802d0d60d284a4","openjpa-kernel/src/main/java/org/apache/openjpa/datacache/DelegatingDataCache.java","4"
"8","1.0.3","37d610ca2ccf499479ea0cfb36ca91fcc5e0946e","3774095d-037b-4979-a16d-d8c95ec5c926","3868b13971a77e941a6671a9b9802d0d60d284a4","openjpa-kernel/src/main/java/org/apache/openjpa/datacache/DelegatingQueryCache.java","6"
"8","1.0.3","37d610ca2ccf499479ea0cfb36ca91fcc5e0946e","3774095d-037b-4979-a16d-d8c95ec5c926","3868b13971a77e941a6671a9b9802d0d60d284a4","openjpa-kernel/src/main/java/org/apache/openjpa/datacache/ExpirationEvent.java","3"
"8","1.0.3","37d610ca2ccf499479ea0cfb36ca91fcc5e0946e","3774095d-037b-4979-a16d-d8c95ec5c926","3868b13971a77e941a6671a9b9802d0d60d284a4","openjpa-kernel/src/main/java/org/apache/openjpa/datacache/ExpirationListener.java","0"
"8","1.0.3","37d610ca2ccf499479ea0cfb36ca91fcc5e0946e","3774095d-037b-4979-a16d-d8c95ec5c926","3868b13971a77e941a6671a9b9802d0d60d284a4","openjpa-kernel/src/main/java/org/apache/openjpa/datacache/QueryCache.java","0"
"8","1.0.3","37d610ca2ccf499479ea0cfb36ca91fcc5e0946e","3774095d-037b-4979-a16d-d8c95ec5c926","3868b13971a77e941a6671a9b9802d0d60d284a4","openjpa-kernel/src/main/java/org/apache/openjpa/datacache/QueryCacheStoreQuery.java","31"
"8","1.0.3","37d610ca2ccf499479ea0cfb36ca91fcc5e0946e","3774095d-037b-4979-a16d-d8c95ec5c926","3868b13971a77e941a6671a9b9802d0d60d284a4","openjpa-kernel/src/main/java/org/apache/openjpa/datacache/QueryKey.java","17"
"8","1.0.3","37d610ca2ccf499479ea0cfb36ca91fcc5e0946e","3774095d-037b-4979-a16d-d8c95ec5c926","3868b13971a77e941a6671a9b9802d0d60d284a4","openjpa-kernel/src/main/java/org/apache/openjpa/datacache/QueryResult.java","2"
"8","1.0.3","37d610ca2ccf499479ea0cfb36ca91fcc5e0946e","3774095d-037b-4979-a16d-d8c95ec5c926","3868b13971a77e941a6671a9b9802d0d60d284a4","openjpa-kernel/src/main/java/org/apache/openjpa/datacache/TypesChangedEvent.java","2"
"8","1.0.3","37d610ca2ccf499479ea0cfb36ca91fcc5e0946e","3774095d-037b-4979-a16d-d8c95ec5c926","3868b13971a77e941a6671a9b9802d0d60d284a4","openjpa-kernel/src/main/java/org/apache/openjpa/datacache/TypesChangedListener.java","0"
"8","1.0.3","37d610ca2ccf499479ea0cfb36ca91fcc5e0946e","3774095d-037b-4979-a16d-d8c95ec5c926","3868b13971a77e941a6671a9b9802d0d60d284a4","openjpa-kernel/src/main/java/org/apache/openjpa/ee/AbstractManagedRuntime.java","0"
"8","1.0.3","37d610ca2ccf499479ea0cfb36ca91fcc5e0946e","3774095d-037b-4979-a16d-d8c95ec5c926","3868b13971a77e941a6671a9b9802d0d60d284a4","openjpa-kernel/src/main/java/org/apache/openjpa/ee/AutomaticManagedRuntime.java","22"
"8","1.0.3","37d610ca2ccf499479ea0cfb36ca91fcc5e0946e","3774095d-037b-4979-a16d-d8c95ec5c926","3868b13971a77e941a6671a9b9802d0d60d284a4","openjpa-kernel/src/main/java/org/apache/openjpa/ee/InvocationManagedRuntime.java","7"
"8","1.0.3","37d610ca2ccf499479ea0cfb36ca91fcc5e0946e","3774095d-037b-4979-a16d-d8c95ec5c926","3868b13971a77e941a6671a9b9802d0d60d284a4","openjpa-kernel/src/main/java/org/apache/openjpa/ee/JNDIManagedRuntime.java","2"
"8","1.0.3","37d610ca2ccf499479ea0cfb36ca91fcc5e0946e","3774095d-037b-4979-a16d-d8c95ec5c926","3868b13971a77e941a6671a9b9802d0d60d284a4","openjpa-kernel/src/main/java/org/apache/openjpa/ee/ManagedRuntime.java","4"
"8","1.0.3","37d610ca2ccf499479ea0cfb36ca91fcc5e0946e","3774095d-037b-4979-a16d-d8c95ec5c926","3868b13971a77e941a6671a9b9802d0d60d284a4","openjpa-kernel/src/main/java/org/apache/openjpa/ee/RegistryManagedRuntime.java","3"
"8","1.0.3","37d610ca2ccf499479ea0cfb36ca91fcc5e0946e","3774095d-037b-4979-a16d-d8c95ec5c926","3868b13971a77e941a6671a9b9802d0d60d284a4","openjpa-kernel/src/main/java/org/apache/openjpa/ee/SunOneManagedRuntime.java","3"
"8","1.0.3","37d610ca2ccf499479ea0cfb36ca91fcc5e0946e","3774095d-037b-4979-a16d-d8c95ec5c926","3868b13971a77e941a6671a9b9802d0d60d284a4","openjpa-kernel/src/main/java/org/apache/openjpa/ee/WASManagedRuntime.java","13"
"8","1.0.3","37d610ca2ccf499479ea0cfb36ca91fcc5e0946e","3774095d-037b-4979-a16d-d8c95ec5c926","3868b13971a77e941a6671a9b9802d0d60d284a4","openjpa-kernel/src/main/java/org/apache/openjpa/ee/WASRegistryManagedRuntime.java","2"
"8","1.0.3","37d610ca2ccf499479ea0cfb36ca91fcc5e0946e","3774095d-037b-4979-a16d-d8c95ec5c926","3868b13971a77e941a6671a9b9802d0d60d284a4","openjpa-kernel/src/main/java/org/apache/openjpa/ee/WLSManagedRuntime.java","3"
"8","1.0.3","37d610ca2ccf499479ea0cfb36ca91fcc5e0946e","3774095d-037b-4979-a16d-d8c95ec5c926","3868b13971a77e941a6671a9b9802d0d60d284a4","openjpa-kernel/src/main/java/org/apache/openjpa/enhance/ApplicationIdTool.java","38"
"8","1.0.3","37d610ca2ccf499479ea0cfb36ca91fcc5e0946e","3774095d-037b-4979-a16d-d8c95ec5c926","3868b13971a77e941a6671a9b9802d0d60d284a4","openjpa-kernel/src/main/java/org/apache/openjpa/enhance/AttributeTranslator.java","0"
"8","1.0.3","37d610ca2ccf499479ea0cfb36ca91fcc5e0946e","3774095d-037b-4979-a16d-d8c95ec5c926","3868b13971a77e941a6671a9b9802d0d60d284a4","openjpa-kernel/src/main/java/org/apache/openjpa/enhance/ClassRedefiner.java","8"
"8","1.0.3","37d610ca2ccf499479ea0cfb36ca91fcc5e0946e","3774095d-037b-4979-a16d-d8c95ec5c926","3868b13971a77e941a6671a9b9802d0d60d284a4","openjpa-kernel/src/main/java/org/apache/openjpa/enhance/CodeGenerator.java","16"
"8","1.0.3","37d610ca2ccf499479ea0cfb36ca91fcc5e0946e","3774095d-037b-4979-a16d-d8c95ec5c926","3868b13971a77e941a6671a9b9802d0d60d284a4","openjpa-kernel/src/main/java/org/apache/openjpa/enhance/DynamicPersistenceCapable.java","0"
"8","1.0.3","37d610ca2ccf499479ea0cfb36ca91fcc5e0946e","3774095d-037b-4979-a16d-d8c95ec5c926","3868b13971a77e941a6671a9b9802d0d60d284a4","openjpa-kernel/src/main/java/org/apache/openjpa/enhance/DynamicStorage.java","0"
"8","1.0.3","37d610ca2ccf499479ea0cfb36ca91fcc5e0946e","3774095d-037b-4979-a16d-d8c95ec5c926","3868b13971a77e941a6671a9b9802d0d60d284a4","openjpa-kernel/src/main/java/org/apache/openjpa/enhance/DynamicStorageGenerator.java","15"
"8","1.0.3","37d610ca2ccf499479ea0cfb36ca91fcc5e0946e","3774095d-037b-4979-a16d-d8c95ec5c926","3868b13971a77e941a6671a9b9802d0d60d284a4","openjpa-kernel/src/main/java/org/apache/openjpa/enhance/FieldConsumer.java","0"
"8","1.0.3","37d610ca2ccf499479ea0cfb36ca91fcc5e0946e","3774095d-037b-4979-a16d-d8c95ec5c926","3868b13971a77e941a6671a9b9802d0d60d284a4","openjpa-kernel/src/main/java/org/apache/openjpa/enhance/FieldManager.java","0"
"8","1.0.3","37d610ca2ccf499479ea0cfb36ca91fcc5e0946e","3774095d-037b-4979-a16d-d8c95ec5c926","3868b13971a77e941a6671a9b9802d0d60d284a4","openjpa-kernel/src/main/java/org/apache/openjpa/enhance/FieldSupplier.java","0"
"8","1.0.3","37d610ca2ccf499479ea0cfb36ca91fcc5e0946e","3774095d-037b-4979-a16d-d8c95ec5c926","3868b13971a77e941a6671a9b9802d0d60d284a4","openjpa-kernel/src/main/java/org/apache/openjpa/enhance/InstrumentationFactory.java","6"
"8","1.0.3","37d610ca2ccf499479ea0cfb36ca91fcc5e0946e","3774095d-037b-4979-a16d-d8c95ec5c926","3868b13971a77e941a6671a9b9802d0d60d284a4","openjpa-kernel/src/main/java/org/apache/openjpa/enhance/ManagedClassSubclasser.java","11"
"8","1.0.3","37d610ca2ccf499479ea0cfb36ca91fcc5e0946e","3774095d-037b-4979-a16d-d8c95ec5c926","3868b13971a77e941a6671a9b9802d0d60d284a4","openjpa-kernel/src/main/java/org/apache/openjpa/enhance/ManagedInstanceProvider.java","0"
"8","1.0.3","37d610ca2ccf499479ea0cfb36ca91fcc5e0946e","3774095d-037b-4979-a16d-d8c95ec5c926","3868b13971a77e941a6671a9b9802d0d60d284a4","openjpa-kernel/src/main/java/org/apache/openjpa/enhance/PCClassFileTransformer.java","17"
"8","1.0.3","37d610ca2ccf499479ea0cfb36ca91fcc5e0946e","3774095d-037b-4979-a16d-d8c95ec5c926","3868b13971a77e941a6671a9b9802d0d60d284a4","openjpa-kernel/src/main/java/org/apache/openjpa/enhance/PCDataGenerator.java","64"
"8","1.0.3","37d610ca2ccf499479ea0cfb36ca91fcc5e0946e","3774095d-037b-4979-a16d-d8c95ec5c926","3868b13971a77e941a6671a9b9802d0d60d284a4","openjpa-kernel/src/main/java/org/apache/openjpa/enhance/PCEnhancer.java","164"
"8","1.0.3","37d610ca2ccf499479ea0cfb36ca91fcc5e0946e","3774095d-037b-4979-a16d-d8c95ec5c926","3868b13971a77e941a6671a9b9802d0d60d284a4","openjpa-kernel/src/main/java/org/apache/openjpa/enhance/PCEnhancerAgent.java","1"
"8","1.0.3","37d610ca2ccf499479ea0cfb36ca91fcc5e0946e","3774095d-037b-4979-a16d-d8c95ec5c926","3868b13971a77e941a6671a9b9802d0d60d284a4","openjpa-kernel/src/main/java/org/apache/openjpa/enhance/PCRegistry.java","3"
"8","1.0.3","37d610ca2ccf499479ea0cfb36ca91fcc5e0946e","3774095d-037b-4979-a16d-d8c95ec5c926","3868b13971a77e941a6671a9b9802d0d60d284a4","openjpa-kernel/src/main/java/org/apache/openjpa/enhance/PCSubclassValidator.java","3"
"8","1.0.3","37d610ca2ccf499479ea0cfb36ca91fcc5e0946e","3774095d-037b-4979-a16d-d8c95ec5c926","3868b13971a77e941a6671a9b9802d0d60d284a4","openjpa-kernel/src/main/java/org/apache/openjpa/enhance/PersistenceCapable.java","0"
"8","1.0.3","37d610ca2ccf499479ea0cfb36ca91fcc5e0946e","3774095d-037b-4979-a16d-d8c95ec5c926","3868b13971a77e941a6671a9b9802d0d60d284a4","openjpa-kernel/src/main/java/org/apache/openjpa/enhance/RedefinitionHelper.java","3"
"8","1.0.3","37d610ca2ccf499479ea0cfb36ca91fcc5e0946e","3774095d-037b-4979-a16d-d8c95ec5c926","3868b13971a77e941a6671a9b9802d0d60d284a4","openjpa-kernel/src/main/java/org/apache/openjpa/enhance/ReflectingPersistenceCapable.java","10"
"8","1.0.3","37d610ca2ccf499479ea0cfb36ca91fcc5e0946e","3774095d-037b-4979-a16d-d8c95ec5c926","3868b13971a77e941a6671a9b9802d0d60d284a4","openjpa-kernel/src/main/java/org/apache/openjpa/enhance/Reflection.java","31"
"8","1.0.3","37d610ca2ccf499479ea0cfb36ca91fcc5e0946e","3774095d-037b-4979-a16d-d8c95ec5c926","3868b13971a77e941a6671a9b9802d0d60d284a4","openjpa-kernel/src/main/java/org/apache/openjpa/enhance/RuntimeUnenhancedClassesModes.java","4"
"8","1.0.3","37d610ca2ccf499479ea0cfb36ca91fcc5e0946e","3774095d-037b-4979-a16d-d8c95ec5c926","3868b13971a77e941a6671a9b9802d0d60d284a4","openjpa-kernel/src/main/java/org/apache/openjpa/enhance/RuntimeUnenhancedClasssesModes.java","4"
"8","1.0.3","37d610ca2ccf499479ea0cfb36ca91fcc5e0946e","3774095d-037b-4979-a16d-d8c95ec5c926","3868b13971a77e941a6671a9b9802d0d60d284a4","openjpa-kernel/src/main/java/org/apache/openjpa/enhance/StateManager.java","0"
"8","1.0.3","37d610ca2ccf499479ea0cfb36ca91fcc5e0946e","3774095d-037b-4979-a16d-d8c95ec5c926","3868b13971a77e941a6671a9b9802d0d60d284a4","openjpa-kernel/src/main/java/org/apache/openjpa/event/AbstractLifecycleListener.java","0"
"8","1.0.3","37d610ca2ccf499479ea0cfb36ca91fcc5e0946e","3774095d-037b-4979-a16d-d8c95ec5c926","3868b13971a77e941a6671a9b9802d0d60d284a4","openjpa-kernel/src/main/java/org/apache/openjpa/event/AbstractRemoteCommitProvider.java","0"
"8","1.0.3","37d610ca2ccf499479ea0cfb36ca91fcc5e0946e","3774095d-037b-4979-a16d-d8c95ec5c926","3868b13971a77e941a6671a9b9802d0d60d284a4","openjpa-kernel/src/main/java/org/apache/openjpa/event/AbstractTransactionListener.java","0"
"8","1.0.3","37d610ca2ccf499479ea0cfb36ca91fcc5e0946e","3774095d-037b-4979-a16d-d8c95ec5c926","3868b13971a77e941a6671a9b9802d0d60d284a4","openjpa-kernel/src/main/java/org/apache/openjpa/event/AttachListener.java","0"
"8","1.0.3","37d610ca2ccf499479ea0cfb36ca91fcc5e0946e","3774095d-037b-4979-a16d-d8c95ec5c926","3868b13971a77e941a6671a9b9802d0d60d284a4","openjpa-kernel/src/main/java/org/apache/openjpa/event/BeanLifecycleCallbacks.java","8"
"8","1.0.3","37d610ca2ccf499479ea0cfb36ca91fcc5e0946e","3774095d-037b-4979-a16d-d8c95ec5c926","3868b13971a77e941a6671a9b9802d0d60d284a4","openjpa-kernel/src/main/java/org/apache/openjpa/event/BeginTransactionListener.java","0"
"8","1.0.3","37d610ca2ccf499479ea0cfb36ca91fcc5e0946e","3774095d-037b-4979-a16d-d8c95ec5c926","3868b13971a77e941a6671a9b9802d0d60d284a4","openjpa-kernel/src/main/java/org/apache/openjpa/event/BrokerFactoryEvent.java","0"
"8","1.0.3","37d610ca2ccf499479ea0cfb36ca91fcc5e0946e","3774095d-037b-4979-a16d-d8c95ec5c926","3868b13971a77e941a6671a9b9802d0d60d284a4","openjpa-kernel/src/main/java/org/apache/openjpa/event/BrokerFactoryEventManager.java","1"
"8","1.0.3","37d610ca2ccf499479ea0cfb36ca91fcc5e0946e","3774095d-037b-4979-a16d-d8c95ec5c926","3868b13971a77e941a6671a9b9802d0d60d284a4","openjpa-kernel/src/main/java/org/apache/openjpa/event/BrokerFactoryListener.java","0"
"8","1.0.3","37d610ca2ccf499479ea0cfb36ca91fcc5e0946e","3774095d-037b-4979-a16d-d8c95ec5c926","3868b13971a77e941a6671a9b9802d0d60d284a4","openjpa-kernel/src/main/java/org/apache/openjpa/event/CallbackModes.java","1"
"8","1.0.3","37d610ca2ccf499479ea0cfb36ca91fcc5e0946e","3774095d-037b-4979-a16d-d8c95ec5c926","3868b13971a77e941a6671a9b9802d0d60d284a4","openjpa-kernel/src/main/java/org/apache/openjpa/event/ClearListener.java","0"
"8","1.0.3","37d610ca2ccf499479ea0cfb36ca91fcc5e0946e","3774095d-037b-4979-a16d-d8c95ec5c926","3868b13971a77e941a6671a9b9802d0d60d284a4","openjpa-kernel/src/main/java/org/apache/openjpa/event/DeleteListener.java","0"
"8","1.0.3","37d610ca2ccf499479ea0cfb36ca91fcc5e0946e","3774095d-037b-4979-a16d-d8c95ec5c926","3868b13971a77e941a6671a9b9802d0d60d284a4","openjpa-kernel/src/main/java/org/apache/openjpa/event/DetachListener.java","0"
"8","1.0.3","37d610ca2ccf499479ea0cfb36ca91fcc5e0946e","3774095d-037b-4979-a16d-d8c95ec5c926","3868b13971a77e941a6671a9b9802d0d60d284a4","openjpa-kernel/src/main/java/org/apache/openjpa/event/DirtyListener.java","0"
"8","1.0.3","37d610ca2ccf499479ea0cfb36ca91fcc5e0946e","3774095d-037b-4979-a16d-d8c95ec5c926","3868b13971a77e941a6671a9b9802d0d60d284a4","openjpa-kernel/src/main/java/org/apache/openjpa/event/EndTransactionListener.java","0"
"8","1.0.3","37d610ca2ccf499479ea0cfb36ca91fcc5e0946e","3774095d-037b-4979-a16d-d8c95ec5c926","3868b13971a77e941a6671a9b9802d0d60d284a4","openjpa-kernel/src/main/java/org/apache/openjpa/event/ExceptionOrphanedKeyAction.java","0"
"8","1.0.3","37d610ca2ccf499479ea0cfb36ca91fcc5e0946e","3774095d-037b-4979-a16d-d8c95ec5c926","3868b13971a77e941a6671a9b9802d0d60d284a4","openjpa-kernel/src/main/java/org/apache/openjpa/event/FlushTransactionListener.java","0"
"8","1.0.3","37d610ca2ccf499479ea0cfb36ca91fcc5e0946e","3774095d-037b-4979-a16d-d8c95ec5c926","3868b13971a77e941a6671a9b9802d0d60d284a4","openjpa-kernel/src/main/java/org/apache/openjpa/event/JMSRemoteCommitProvider.java","11"
"8","1.0.3","37d610ca2ccf499479ea0cfb36ca91fcc5e0946e","3774095d-037b-4979-a16d-d8c95ec5c926","3868b13971a77e941a6671a9b9802d0d60d284a4","openjpa-kernel/src/main/java/org/apache/openjpa/event/LifecycleCallbacks.java","1"
"8","1.0.3","37d610ca2ccf499479ea0cfb36ca91fcc5e0946e","3774095d-037b-4979-a16d-d8c95ec5c926","3868b13971a77e941a6671a9b9802d0d60d284a4","openjpa-kernel/src/main/java/org/apache/openjpa/event/LifecycleEvent.java","4"
"8","1.0.3","37d610ca2ccf499479ea0cfb36ca91fcc5e0946e","3774095d-037b-4979-a16d-d8c95ec5c926","3868b13971a77e941a6671a9b9802d0d60d284a4","openjpa-kernel/src/main/java/org/apache/openjpa/event/LifecycleEventManager.java","20"
"8","1.0.3","37d610ca2ccf499479ea0cfb36ca91fcc5e0946e","3774095d-037b-4979-a16d-d8c95ec5c926","3868b13971a77e941a6671a9b9802d0d60d284a4","openjpa-kernel/src/main/java/org/apache/openjpa/event/LifecycleListener.java","0"
"8","1.0.3","37d610ca2ccf499479ea0cfb36ca91fcc5e0946e","3774095d-037b-4979-a16d-d8c95ec5c926","3868b13971a77e941a6671a9b9802d0d60d284a4","openjpa-kernel/src/main/java/org/apache/openjpa/event/LoadListener.java","0"
"8","1.0.3","37d610ca2ccf499479ea0cfb36ca91fcc5e0946e","3774095d-037b-4979-a16d-d8c95ec5c926","3868b13971a77e941a6671a9b9802d0d60d284a4","openjpa-kernel/src/main/java/org/apache/openjpa/event/LogOrphanedKeyAction.java","3"
"8","1.0.3","37d610ca2ccf499479ea0cfb36ca91fcc5e0946e","3774095d-037b-4979-a16d-d8c95ec5c926","3868b13971a77e941a6671a9b9802d0d60d284a4","openjpa-kernel/src/main/java/org/apache/openjpa/event/MethodLifecycleCallbacks.java","3"
"8","1.0.3","37d610ca2ccf499479ea0cfb36ca91fcc5e0946e","3774095d-037b-4979-a16d-d8c95ec5c926","3868b13971a77e941a6671a9b9802d0d60d284a4","openjpa-kernel/src/main/java/org/apache/openjpa/event/NoneOrphanedKeyAction.java","0"
"8","1.0.3","37d610ca2ccf499479ea0cfb36ca91fcc5e0946e","3774095d-037b-4979-a16d-d8c95ec5c926","3868b13971a77e941a6671a9b9802d0d60d284a4","openjpa-kernel/src/main/java/org/apache/openjpa/event/OrphanedKeyAction.java","0"
"8","1.0.3","37d610ca2ccf499479ea0cfb36ca91fcc5e0946e","3774095d-037b-4979-a16d-d8c95ec5c926","3868b13971a77e941a6671a9b9802d0d60d284a4","openjpa-kernel/src/main/java/org/apache/openjpa/event/PersistListener.java","0"
"8","1.0.3","37d610ca2ccf499479ea0cfb36ca91fcc5e0946e","3774095d-037b-4979-a16d-d8c95ec5c926","3868b13971a77e941a6671a9b9802d0d60d284a4","openjpa-kernel/src/main/java/org/apache/openjpa/event/PostDeleteListener.java","0"
"8","1.0.3","37d610ca2ccf499479ea0cfb36ca91fcc5e0946e","3774095d-037b-4979-a16d-d8c95ec5c926","3868b13971a77e941a6671a9b9802d0d60d284a4","openjpa-kernel/src/main/java/org/apache/openjpa/event/PostPersistListener.java","0"
"8","1.0.3","37d610ca2ccf499479ea0cfb36ca91fcc5e0946e","3774095d-037b-4979-a16d-d8c95ec5c926","3868b13971a77e941a6671a9b9802d0d60d284a4","openjpa-kernel/src/main/java/org/apache/openjpa/event/RemoteCommitEvent.java","16"
"8","1.0.3","37d610ca2ccf499479ea0cfb36ca91fcc5e0946e","3774095d-037b-4979-a16d-d8c95ec5c926","3868b13971a77e941a6671a9b9802d0d60d284a4","openjpa-kernel/src/main/java/org/apache/openjpa/event/RemoteCommitEventManager.java","11"
"8","1.0.3","37d610ca2ccf499479ea0cfb36ca91fcc5e0946e","3774095d-037b-4979-a16d-d8c95ec5c926","3868b13971a77e941a6671a9b9802d0d60d284a4","openjpa-kernel/src/main/java/org/apache/openjpa/event/RemoteCommitListener.java","0"
"8","1.0.3","37d610ca2ccf499479ea0cfb36ca91fcc5e0946e","3774095d-037b-4979-a16d-d8c95ec5c926","3868b13971a77e941a6671a9b9802d0d60d284a4","openjpa-kernel/src/main/java/org/apache/openjpa/event/RemoteCommitProvider.java","0"
"8","1.0.3","37d610ca2ccf499479ea0cfb36ca91fcc5e0946e","3774095d-037b-4979-a16d-d8c95ec5c926","3868b13971a77e941a6671a9b9802d0d60d284a4","openjpa-kernel/src/main/java/org/apache/openjpa/event/SingleJVMRemoteCommitProvider.java","0"
"8","1.0.3","37d610ca2ccf499479ea0cfb36ca91fcc5e0946e","3774095d-037b-4979-a16d-d8c95ec5c926","3868b13971a77e941a6671a9b9802d0d60d284a4","openjpa-kernel/src/main/java/org/apache/openjpa/event/StoreListener.java","0"
"8","1.0.3","37d610ca2ccf499479ea0cfb36ca91fcc5e0946e","3774095d-037b-4979-a16d-d8c95ec5c926","3868b13971a77e941a6671a9b9802d0d60d284a4","openjpa-kernel/src/main/java/org/apache/openjpa/event/TCPRemoteCommitProvider.java","47"
"8","1.0.3","37d610ca2ccf499479ea0cfb36ca91fcc5e0946e","3774095d-037b-4979-a16d-d8c95ec5c926","3868b13971a77e941a6671a9b9802d0d60d284a4","openjpa-kernel/src/main/java/org/apache/openjpa/event/TransactionEvent.java","13"
"8","1.0.3","37d610ca2ccf499479ea0cfb36ca91fcc5e0946e","3774095d-037b-4979-a16d-d8c95ec5c926","3868b13971a77e941a6671a9b9802d0d60d284a4","openjpa-kernel/src/main/java/org/apache/openjpa/event/TransactionEventManager.java","7"
"8","1.0.3","37d610ca2ccf499479ea0cfb36ca91fcc5e0946e","3774095d-037b-4979-a16d-d8c95ec5c926","3868b13971a77e941a6671a9b9802d0d60d284a4","openjpa-kernel/src/main/java/org/apache/openjpa/event/TransactionListener.java","0"
"8","1.0.3","37d610ca2ccf499479ea0cfb36ca91fcc5e0946e","3774095d-037b-4979-a16d-d8c95ec5c926","3868b13971a77e941a6671a9b9802d0d60d284a4","openjpa-kernel/src/main/java/org/apache/openjpa/event/UpdateListener.java","0"
"8","1.0.3","37d610ca2ccf499479ea0cfb36ca91fcc5e0946e","3774095d-037b-4979-a16d-d8c95ec5c926","3868b13971a77e941a6671a9b9802d0d60d284a4","openjpa-kernel/src/main/java/org/apache/openjpa/kernel/AbstractBrokerFactory.java","23"
"8","1.0.3","37d610ca2ccf499479ea0cfb36ca91fcc5e0946e","3774095d-037b-4979-a16d-d8c95ec5c926","3868b13971a77e941a6671a9b9802d0d60d284a4","openjpa-kernel/src/main/java/org/apache/openjpa/kernel/AbstractFieldManager.java","0"
"8","1.0.3","37d610ca2ccf499479ea0cfb36ca91fcc5e0946e","3774095d-037b-4979-a16d-d8c95ec5c926","3868b13971a77e941a6671a9b9802d0d60d284a4","openjpa-kernel/src/main/java/org/apache/openjpa/kernel/AbstractLockManager.java","0"
"8","1.0.3","37d610ca2ccf499479ea0cfb36ca91fcc5e0946e","3774095d-037b-4979-a16d-d8c95ec5c926","3868b13971a77e941a6671a9b9802d0d60d284a4","openjpa-kernel/src/main/java/org/apache/openjpa/kernel/AbstractPCData.java","15"
"8","1.0.3","37d610ca2ccf499479ea0cfb36ca91fcc5e0946e","3774095d-037b-4979-a16d-d8c95ec5c926","3868b13971a77e941a6671a9b9802d0d60d284a4","openjpa-kernel/src/main/java/org/apache/openjpa/kernel/AbstractPCResultObjectProvider.java","5"
"8","1.0.3","37d610ca2ccf499479ea0cfb36ca91fcc5e0946e","3774095d-037b-4979-a16d-d8c95ec5c926","3868b13971a77e941a6671a9b9802d0d60d284a4","openjpa-kernel/src/main/java/org/apache/openjpa/kernel/AbstractStoreQuery.java","3"
"8","1.0.3","37d610ca2ccf499479ea0cfb36ca91fcc5e0946e","3774095d-037b-4979-a16d-d8c95ec5c926","3868b13971a77e941a6671a9b9802d0d60d284a4","openjpa-kernel/src/main/java/org/apache/openjpa/kernel/AttachManager.java","10"
"8","1.0.3","37d610ca2ccf499479ea0cfb36ca91fcc5e0946e","3774095d-037b-4979-a16d-d8c95ec5c926","3868b13971a77e941a6671a9b9802d0d60d284a4","openjpa-kernel/src/main/java/org/apache/openjpa/kernel/AttachStrategy.java","5"
"8","1.0.3","37d610ca2ccf499479ea0cfb36ca91fcc5e0946e","3774095d-037b-4979-a16d-d8c95ec5c926","3868b13971a77e941a6671a9b9802d0d60d284a4","openjpa-kernel/src/main/java/org/apache/openjpa/kernel/AutoClear.java","1"
"8","1.0.3","37d610ca2ccf499479ea0cfb36ca91fcc5e0946e","3774095d-037b-4979-a16d-d8c95ec5c926","3868b13971a77e941a6671a9b9802d0d60d284a4","openjpa-kernel/src/main/java/org/apache/openjpa/kernel/AutoDetach.java","1"
"8","1.0.3","37d610ca2ccf499479ea0cfb36ca91fcc5e0946e","3774095d-037b-4979-a16d-d8c95ec5c926","3868b13971a77e941a6671a9b9802d0d60d284a4","openjpa-kernel/src/main/java/org/apache/openjpa/kernel/Bootstrap.java","2"
"8","1.0.3","37d610ca2ccf499479ea0cfb36ca91fcc5e0946e","3774095d-037b-4979-a16d-d8c95ec5c926","3868b13971a77e941a6671a9b9802d0d60d284a4","openjpa-kernel/src/main/java/org/apache/openjpa/kernel/Broker.java","0"
"8","1.0.3","37d610ca2ccf499479ea0cfb36ca91fcc5e0946e","3774095d-037b-4979-a16d-d8c95ec5c926","3868b13971a77e941a6671a9b9802d0d60d284a4","openjpa-kernel/src/main/java/org/apache/openjpa/kernel/BrokerFactory.java","0"
"8","1.0.3","37d610ca2ccf499479ea0cfb36ca91fcc5e0946e","3774095d-037b-4979-a16d-d8c95ec5c926","3868b13971a77e941a6671a9b9802d0d60d284a4","openjpa-kernel/src/main/java/org/apache/openjpa/kernel/BrokerImpl.java","137"
"8","1.0.3","37d610ca2ccf499479ea0cfb36ca91fcc5e0946e","3774095d-037b-4979-a16d-d8c95ec5c926","3868b13971a77e941a6671a9b9802d0d60d284a4","openjpa-kernel/src/main/java/org/apache/openjpa/kernel/ClearFieldManager.java","10"
"8","1.0.3","37d610ca2ccf499479ea0cfb36ca91fcc5e0946e","3774095d-037b-4979-a16d-d8c95ec5c926","3868b13971a77e941a6671a9b9802d0d60d284a4","openjpa-kernel/src/main/java/org/apache/openjpa/kernel/ConnectionRetainModes.java","1"
"8","1.0.3","37d610ca2ccf499479ea0cfb36ca91fcc5e0946e","3774095d-037b-4979-a16d-d8c95ec5c926","3868b13971a77e941a6671a9b9802d0d60d284a4","openjpa-kernel/src/main/java/org/apache/openjpa/kernel/DelegatingBroker.java","3"
"8","1.0.3","37d610ca2ccf499479ea0cfb36ca91fcc5e0946e","3774095d-037b-4979-a16d-d8c95ec5c926","3868b13971a77e941a6671a9b9802d0d60d284a4","openjpa-kernel/src/main/java/org/apache/openjpa/kernel/DelegatingBrokerFactory.java","3"
"8","1.0.3","37d610ca2ccf499479ea0cfb36ca91fcc5e0946e","3774095d-037b-4979-a16d-d8c95ec5c926","3868b13971a77e941a6671a9b9802d0d60d284a4","openjpa-kernel/src/main/java/org/apache/openjpa/kernel/DelegatingExtent.java","3"
"8","1.0.3","37d610ca2ccf499479ea0cfb36ca91fcc5e0946e","3774095d-037b-4979-a16d-d8c95ec5c926","3868b13971a77e941a6671a9b9802d0d60d284a4","openjpa-kernel/src/main/java/org/apache/openjpa/kernel/DelegatingFetchConfiguration.java","5"
"8","1.0.3","37d610ca2ccf499479ea0cfb36ca91fcc5e0946e","3774095d-037b-4979-a16d-d8c95ec5c926","3868b13971a77e941a6671a9b9802d0d60d284a4","openjpa-kernel/src/main/java/org/apache/openjpa/kernel/DelegatingQuery.java","3"
"8","1.0.3","37d610ca2ccf499479ea0cfb36ca91fcc5e0946e","3774095d-037b-4979-a16d-d8c95ec5c926","3868b13971a77e941a6671a9b9802d0d60d284a4","openjpa-kernel/src/main/java/org/apache/openjpa/kernel/DelegatingResultList.java","3"
"8","1.0.3","37d610ca2ccf499479ea0cfb36ca91fcc5e0946e","3774095d-037b-4979-a16d-d8c95ec5c926","3868b13971a77e941a6671a9b9802d0d60d284a4","openjpa-kernel/src/main/java/org/apache/openjpa/kernel/DelegatingSeq.java","3"
"8","1.0.3","37d610ca2ccf499479ea0cfb36ca91fcc5e0946e","3774095d-037b-4979-a16d-d8c95ec5c926","3868b13971a77e941a6671a9b9802d0d60d284a4","openjpa-kernel/src/main/java/org/apache/openjpa/kernel/DelegatingStoreManager.java","3"
"8","1.0.3","37d610ca2ccf499479ea0cfb36ca91fcc5e0946e","3774095d-037b-4979-a16d-d8c95ec5c926","3868b13971a77e941a6671a9b9802d0d60d284a4","openjpa-kernel/src/main/java/org/apache/openjpa/kernel/DetachManager.java","33"
"8","1.0.3","37d610ca2ccf499479ea0cfb36ca91fcc5e0946e","3774095d-037b-4979-a16d-d8c95ec5c926","3868b13971a77e941a6671a9b9802d0d60d284a4","openjpa-kernel/src/main/java/org/apache/openjpa/kernel/DetachState.java","3"
"8","1.0.3","37d610ca2ccf499479ea0cfb36ca91fcc5e0946e","3774095d-037b-4979-a16d-d8c95ec5c926","3868b13971a77e941a6671a9b9802d0d60d284a4","openjpa-kernel/src/main/java/org/apache/openjpa/kernel/DetachedStateAttachStrategy.java","4"
"8","1.0.3","37d610ca2ccf499479ea0cfb36ca91fcc5e0946e","3774095d-037b-4979-a16d-d8c95ec5c926","3868b13971a77e941a6671a9b9802d0d60d284a4","openjpa-kernel/src/main/java/org/apache/openjpa/kernel/DetachedStateManager.java","15"
"8","1.0.3","37d610ca2ccf499479ea0cfb36ca91fcc5e0946e","3774095d-037b-4979-a16d-d8c95ec5c926","3868b13971a77e941a6671a9b9802d0d60d284a4","openjpa-kernel/src/main/java/org/apache/openjpa/kernel/DetachedValueStateManager.java","10"
"8","1.0.3","37d610ca2ccf499479ea0cfb36ca91fcc5e0946e","3774095d-037b-4979-a16d-d8c95ec5c926","3868b13971a77e941a6671a9b9802d0d60d284a4","openjpa-kernel/src/main/java/org/apache/openjpa/kernel/ECleanState.java","13"
"8","1.0.3","37d610ca2ccf499479ea0cfb36ca91fcc5e0946e","3774095d-037b-4979-a16d-d8c95ec5c926","3868b13971a77e941a6671a9b9802d0d60d284a4","openjpa-kernel/src/main/java/org/apache/openjpa/kernel/ECopyState.java","12"
"8","1.0.3","37d610ca2ccf499479ea0cfb36ca91fcc5e0946e","3774095d-037b-4979-a16d-d8c95ec5c926","3868b13971a77e941a6671a9b9802d0d60d284a4","openjpa-kernel/src/main/java/org/apache/openjpa/kernel/EDeletedState.java","11"
"8","1.0.3","37d610ca2ccf499479ea0cfb36ca91fcc5e0946e","3774095d-037b-4979-a16d-d8c95ec5c926","3868b13971a77e941a6671a9b9802d0d60d284a4","openjpa-kernel/src/main/java/org/apache/openjpa/kernel/EDirtyState.java","14"
"8","1.0.3","37d610ca2ccf499479ea0cfb36ca91fcc5e0946e","3774095d-037b-4979-a16d-d8c95ec5c926","3868b13971a77e941a6671a9b9802d0d60d284a4","openjpa-kernel/src/main/java/org/apache/openjpa/kernel/ENonTransState.java","9"
"8","1.0.3","37d610ca2ccf499479ea0cfb36ca91fcc5e0946e","3774095d-037b-4979-a16d-d8c95ec5c926","3868b13971a77e941a6671a9b9802d0d60d284a4","openjpa-kernel/src/main/java/org/apache/openjpa/kernel/ExpressionStoreQuery.java","58"
"8","1.0.3","37d610ca2ccf499479ea0cfb36ca91fcc5e0946e","3774095d-037b-4979-a16d-d8c95ec5c926","3868b13971a77e941a6671a9b9802d0d60d284a4","openjpa-kernel/src/main/java/org/apache/openjpa/kernel/Extent.java","0"
"8","1.0.3","37d610ca2ccf499479ea0cfb36ca91fcc5e0946e","3774095d-037b-4979-a16d-d8c95ec5c926","3868b13971a77e941a6671a9b9802d0d60d284a4","openjpa-kernel/src/main/java/org/apache/openjpa/kernel/ExtentImpl.java","20"
"8","1.0.3","37d610ca2ccf499479ea0cfb36ca91fcc5e0946e","3774095d-037b-4979-a16d-d8c95ec5c926","3868b13971a77e941a6671a9b9802d0d60d284a4","openjpa-kernel/src/main/java/org/apache/openjpa/kernel/FetchConfiguration.java","1"
"8","1.0.3","37d610ca2ccf499479ea0cfb36ca91fcc5e0946e","3774095d-037b-4979-a16d-d8c95ec5c926","3868b13971a77e941a6671a9b9802d0d60d284a4","openjpa-kernel/src/main/java/org/apache/openjpa/kernel/FetchConfigurationImpl.java","21"
"8","1.0.3","37d610ca2ccf499479ea0cfb36ca91fcc5e0946e","3774095d-037b-4979-a16d-d8c95ec5c926","3868b13971a77e941a6671a9b9802d0d60d284a4","openjpa-kernel/src/main/java/org/apache/openjpa/kernel/Filters.java","24"
"8","1.0.3","37d610ca2ccf499479ea0cfb36ca91fcc5e0946e","3774095d-037b-4979-a16d-d8c95ec5c926","3868b13971a77e941a6671a9b9802d0d60d284a4","openjpa-kernel/src/main/java/org/apache/openjpa/kernel/FinalizingBrokerImpl.java","1"
"8","1.0.3","37d610ca2ccf499479ea0cfb36ca91fcc5e0946e","3774095d-037b-4979-a16d-d8c95ec5c926","3868b13971a77e941a6671a9b9802d0d60d284a4","openjpa-kernel/src/main/java/org/apache/openjpa/kernel/FindCallbacks.java","0"
"8","1.0.3","37d610ca2ccf499479ea0cfb36ca91fcc5e0946e","3774095d-037b-4979-a16d-d8c95ec5c926","3868b13971a77e941a6671a9b9802d0d60d284a4","openjpa-kernel/src/main/java/org/apache/openjpa/kernel/HollowState.java","11"
"8","1.0.3","37d610ca2ccf499479ea0cfb36ca91fcc5e0946e","3774095d-037b-4979-a16d-d8c95ec5c926","3868b13971a77e941a6671a9b9802d0d60d284a4","openjpa-kernel/src/main/java/org/apache/openjpa/kernel/InMemorySavepointManager.java","1"
"8","1.0.3","37d610ca2ccf499479ea0cfb36ca91fcc5e0946e","3774095d-037b-4979-a16d-d8c95ec5c926","3868b13971a77e941a6671a9b9802d0d60d284a4","openjpa-kernel/src/main/java/org/apache/openjpa/kernel/InverseManager.java","18"
"8","1.0.3","37d610ca2ccf499479ea0cfb36ca91fcc5e0946e","3774095d-037b-4979-a16d-d8c95ec5c926","3868b13971a77e941a6671a9b9802d0d60d284a4","openjpa-kernel/src/main/java/org/apache/openjpa/kernel/LocalManagedRuntime.java","5"
"8","1.0.3","37d610ca2ccf499479ea0cfb36ca91fcc5e0946e","3774095d-037b-4979-a16d-d8c95ec5c926","3868b13971a77e941a6671a9b9802d0d60d284a4","openjpa-kernel/src/main/java/org/apache/openjpa/kernel/LockLevels.java","1"
"8","1.0.3","37d610ca2ccf499479ea0cfb36ca91fcc5e0946e","3774095d-037b-4979-a16d-d8c95ec5c926","3868b13971a77e941a6671a9b9802d0d60d284a4","openjpa-kernel/src/main/java/org/apache/openjpa/kernel/LockManager.java","0"
"8","1.0.3","37d610ca2ccf499479ea0cfb36ca91fcc5e0946e","3774095d-037b-4979-a16d-d8c95ec5c926","3868b13971a77e941a6671a9b9802d0d60d284a4","openjpa-kernel/src/main/java/org/apache/openjpa/kernel/ManagedCache.java","16"
"8","1.0.3","37d610ca2ccf499479ea0cfb36ca91fcc5e0946e","3774095d-037b-4979-a16d-d8c95ec5c926","3868b13971a77e941a6671a9b9802d0d60d284a4","openjpa-kernel/src/main/java/org/apache/openjpa/kernel/MethodStoreQuery.java","15"
"8","1.0.3","37d610ca2ccf499479ea0cfb36ca91fcc5e0946e","3774095d-037b-4979-a16d-d8c95ec5c926","3868b13971a77e941a6671a9b9802d0d60d284a4","openjpa-kernel/src/main/java/org/apache/openjpa/kernel/NoneLockManager.java","0"
"8","1.0.3","37d610ca2ccf499479ea0cfb36ca91fcc5e0946e","3774095d-037b-4979-a16d-d8c95ec5c926","3868b13971a77e941a6671a9b9802d0d60d284a4","openjpa-kernel/src/main/java/org/apache/openjpa/kernel/ObjectIdStateManager.java","16"
"8","1.0.3","37d610ca2ccf499479ea0cfb36ca91fcc5e0946e","3774095d-037b-4979-a16d-d8c95ec5c926","3868b13971a77e941a6671a9b9802d0d60d284a4","openjpa-kernel/src/main/java/org/apache/openjpa/kernel/OpCallbacks.java","0"
"8","1.0.3","37d610ca2ccf499479ea0cfb36ca91fcc5e0946e","3774095d-037b-4979-a16d-d8c95ec5c926","3868b13971a77e941a6671a9b9802d0d60d284a4","openjpa-kernel/src/main/java/org/apache/openjpa/kernel/OpenJPASavepoint.java","6"
"8","1.0.3","37d610ca2ccf499479ea0cfb36ca91fcc5e0946e","3774095d-037b-4979-a16d-d8c95ec5c926","3868b13971a77e941a6671a9b9802d0d60d284a4","openjpa-kernel/src/main/java/org/apache/openjpa/kernel/OpenJPAStateManager.java","1"
"8","1.0.3","37d610ca2ccf499479ea0cfb36ca91fcc5e0946e","3774095d-037b-4979-a16d-d8c95ec5c926","3868b13971a77e941a6671a9b9802d0d60d284a4","openjpa-kernel/src/main/java/org/apache/openjpa/kernel/OrderingMergedResultObjectProvider.java","6"
"8","1.0.3","37d610ca2ccf499479ea0cfb36ca91fcc5e0946e","3774095d-037b-4979-a16d-d8c95ec5c926","3868b13971a77e941a6671a9b9802d0d60d284a4","openjpa-kernel/src/main/java/org/apache/openjpa/kernel/PCData.java","0"
"8","1.0.3","37d610ca2ccf499479ea0cfb36ca91fcc5e0946e","3774095d-037b-4979-a16d-d8c95ec5c926","3868b13971a77e941a6671a9b9802d0d60d284a4","openjpa-kernel/src/main/java/org/apache/openjpa/kernel/PCDataImpl.java","14"
"8","1.0.3","37d610ca2ccf499479ea0cfb36ca91fcc5e0946e","3774095d-037b-4979-a16d-d8c95ec5c926","3868b13971a77e941a6671a9b9802d0d60d284a4","openjpa-kernel/src/main/java/org/apache/openjpa/kernel/PCResultObjectProvider.java","1"
"8","1.0.3","37d610ca2ccf499479ea0cfb36ca91fcc5e0946e","3774095d-037b-4979-a16d-d8c95ec5c926","3868b13971a77e941a6671a9b9802d0d60d284a4","openjpa-kernel/src/main/java/org/apache/openjpa/kernel/PCState.java","24"
"8","1.0.3","37d610ca2ccf499479ea0cfb36ca91fcc5e0946e","3774095d-037b-4979-a16d-d8c95ec5c926","3868b13971a77e941a6671a9b9802d0d60d284a4","openjpa-kernel/src/main/java/org/apache/openjpa/kernel/PCleanState.java","13"
"8","1.0.3","37d610ca2ccf499479ea0cfb36ca91fcc5e0946e","3774095d-037b-4979-a16d-d8c95ec5c926","3868b13971a77e941a6671a9b9802d0d60d284a4","openjpa-kernel/src/main/java/org/apache/openjpa/kernel/PDeletedFlushedState.java","2"
"8","1.0.3","37d610ca2ccf499479ea0cfb36ca91fcc5e0946e","3774095d-037b-4979-a16d-d8c95ec5c926","3868b13971a77e941a6671a9b9802d0d60d284a4","openjpa-kernel/src/main/java/org/apache/openjpa/kernel/PDeletedState.java","17"
"8","1.0.3","37d610ca2ccf499479ea0cfb36ca91fcc5e0946e","3774095d-037b-4979-a16d-d8c95ec5c926","3868b13971a77e941a6671a9b9802d0d60d284a4","openjpa-kernel/src/main/java/org/apache/openjpa/kernel/PDirtyState.java","15"
"8","1.0.3","37d610ca2ccf499479ea0cfb36ca91fcc5e0946e","3774095d-037b-4979-a16d-d8c95ec5c926","3868b13971a77e941a6671a9b9802d0d60d284a4","openjpa-kernel/src/main/java/org/apache/openjpa/kernel/PNewDeletedState.java","16"
"8","1.0.3","37d610ca2ccf499479ea0cfb36ca91fcc5e0946e","3774095d-037b-4979-a16d-d8c95ec5c926","3868b13971a77e941a6671a9b9802d0d60d284a4","openjpa-kernel/src/main/java/org/apache/openjpa/kernel/PNewFlushedDeletedFlushedState.java","3"
"8","1.0.3","37d610ca2ccf499479ea0cfb36ca91fcc5e0946e","3774095d-037b-4979-a16d-d8c95ec5c926","3868b13971a77e941a6671a9b9802d0d60d284a4","openjpa-kernel/src/main/java/org/apache/openjpa/kernel/PNewFlushedDeletedState.java","17"
"8","1.0.3","37d610ca2ccf499479ea0cfb36ca91fcc5e0946e","3774095d-037b-4979-a16d-d8c95ec5c926","3868b13971a77e941a6671a9b9802d0d60d284a4","openjpa-kernel/src/main/java/org/apache/openjpa/kernel/PNewProvisionalState.java","14"
"8","1.0.3","37d610ca2ccf499479ea0cfb36ca91fcc5e0946e","3774095d-037b-4979-a16d-d8c95ec5c926","3868b13971a77e941a6671a9b9802d0d60d284a4","openjpa-kernel/src/main/java/org/apache/openjpa/kernel/PNewState.java","14"
"8","1.0.3","37d610ca2ccf499479ea0cfb36ca91fcc5e0946e","3774095d-037b-4979-a16d-d8c95ec5c926","3868b13971a77e941a6671a9b9802d0d60d284a4","openjpa-kernel/src/main/java/org/apache/openjpa/kernel/PNonTransDeletedState.java","13"
"8","1.0.3","37d610ca2ccf499479ea0cfb36ca91fcc5e0946e","3774095d-037b-4979-a16d-d8c95ec5c926","3868b13971a77e941a6671a9b9802d0d60d284a4","openjpa-kernel/src/main/java/org/apache/openjpa/kernel/PNonTransDirtyState.java","9"
"8","1.0.3","37d610ca2ccf499479ea0cfb36ca91fcc5e0946e","3774095d-037b-4979-a16d-d8c95ec5c926","3868b13971a77e941a6671a9b9802d0d60d284a4","openjpa-kernel/src/main/java/org/apache/openjpa/kernel/PNonTransNewState.java","8"
"8","1.0.3","37d610ca2ccf499479ea0cfb36ca91fcc5e0946e","3774095d-037b-4979-a16d-d8c95ec5c926","3868b13971a77e941a6671a9b9802d0d60d284a4","openjpa-kernel/src/main/java/org/apache/openjpa/kernel/PNonTransState.java","11"
"8","1.0.3","37d610ca2ccf499479ea0cfb36ca91fcc5e0946e","3774095d-037b-4979-a16d-d8c95ec5c926","3868b13971a77e941a6671a9b9802d0d60d284a4","openjpa-kernel/src/main/java/org/apache/openjpa/kernel/Query.java","0"
"8","1.0.3","37d610ca2ccf499479ea0cfb36ca91fcc5e0946e","3774095d-037b-4979-a16d-d8c95ec5c926","3868b13971a77e941a6671a9b9802d0d60d284a4","openjpa-kernel/src/main/java/org/apache/openjpa/kernel/QueryContext.java","0"
"8","1.0.3","37d610ca2ccf499479ea0cfb36ca91fcc5e0946e","3774095d-037b-4979-a16d-d8c95ec5c926","3868b13971a77e941a6671a9b9802d0d60d284a4","openjpa-kernel/src/main/java/org/apache/openjpa/kernel/QueryFlushModes.java","1"
"8","1.0.3","37d610ca2ccf499479ea0cfb36ca91fcc5e0946e","3774095d-037b-4979-a16d-d8c95ec5c926","3868b13971a77e941a6671a9b9802d0d60d284a4","openjpa-kernel/src/main/java/org/apache/openjpa/kernel/QueryHints.java","1"
"8","1.0.3","37d610ca2ccf499479ea0cfb36ca91fcc5e0946e","3774095d-037b-4979-a16d-d8c95ec5c926","3868b13971a77e941a6671a9b9802d0d60d284a4","openjpa-kernel/src/main/java/org/apache/openjpa/kernel/QueryImpl.java","66"
"8","1.0.3","37d610ca2ccf499479ea0cfb36ca91fcc5e0946e","3774095d-037b-4979-a16d-d8c95ec5c926","3868b13971a77e941a6671a9b9802d0d60d284a4","openjpa-kernel/src/main/java/org/apache/openjpa/kernel/QueryLanguages.java","1"
"8","1.0.3","37d610ca2ccf499479ea0cfb36ca91fcc5e0946e","3774095d-037b-4979-a16d-d8c95ec5c926","3868b13971a77e941a6671a9b9802d0d60d284a4","openjpa-kernel/src/main/java/org/apache/openjpa/kernel/QueryOperations.java","1"
"8","1.0.3","37d610ca2ccf499479ea0cfb36ca91fcc5e0946e","3774095d-037b-4979-a16d-d8c95ec5c926","3868b13971a77e941a6671a9b9802d0d60d284a4","openjpa-kernel/src/main/java/org/apache/openjpa/kernel/ROPStoreManager.java","4"
"8","1.0.3","37d610ca2ccf499479ea0cfb36ca91fcc5e0946e","3774095d-037b-4979-a16d-d8c95ec5c926","3868b13971a77e941a6671a9b9802d0d60d284a4","openjpa-kernel/src/main/java/org/apache/openjpa/kernel/RestoreState.java","1"
"8","1.0.3","37d610ca2ccf499479ea0cfb36ca91fcc5e0946e","3774095d-037b-4979-a16d-d8c95ec5c926","3868b13971a77e941a6671a9b9802d0d60d284a4","openjpa-kernel/src/main/java/org/apache/openjpa/kernel/ResultPacker.java","12"
"8","1.0.3","37d610ca2ccf499479ea0cfb36ca91fcc5e0946e","3774095d-037b-4979-a16d-d8c95ec5c926","3868b13971a77e941a6671a9b9802d0d60d284a4","openjpa-kernel/src/main/java/org/apache/openjpa/kernel/SaveFieldManager.java","10"
"8","1.0.3","37d610ca2ccf499479ea0cfb36ca91fcc5e0946e","3774095d-037b-4979-a16d-d8c95ec5c926","3868b13971a77e941a6671a9b9802d0d60d284a4","openjpa-kernel/src/main/java/org/apache/openjpa/kernel/SavepointFieldManager.java","14"
"8","1.0.3","37d610ca2ccf499479ea0cfb36ca91fcc5e0946e","3774095d-037b-4979-a16d-d8c95ec5c926","3868b13971a77e941a6671a9b9802d0d60d284a4","openjpa-kernel/src/main/java/org/apache/openjpa/kernel/SavepointManager.java","0"
"8","1.0.3","37d610ca2ccf499479ea0cfb36ca91fcc5e0946e","3774095d-037b-4979-a16d-d8c95ec5c926","3868b13971a77e941a6671a9b9802d0d60d284a4","openjpa-kernel/src/main/java/org/apache/openjpa/kernel/Seq.java","0"
"8","1.0.3","37d610ca2ccf499479ea0cfb36ca91fcc5e0946e","3774095d-037b-4979-a16d-d8c95ec5c926","3868b13971a77e941a6671a9b9802d0d60d284a4","openjpa-kernel/src/main/java/org/apache/openjpa/kernel/SingleFieldManager.java","16"
"8","1.0.3","37d610ca2ccf499479ea0cfb36ca91fcc5e0946e","3774095d-037b-4979-a16d-d8c95ec5c926","3868b13971a77e941a6671a9b9802d0d60d284a4","openjpa-kernel/src/main/java/org/apache/openjpa/kernel/StateManagerImpl.java","58"
"8","1.0.3","37d610ca2ccf499479ea0cfb36ca91fcc5e0946e","3774095d-037b-4979-a16d-d8c95ec5c926","3868b13971a77e941a6671a9b9802d0d60d284a4","openjpa-kernel/src/main/java/org/apache/openjpa/kernel/StoreContext.java","0"
"8","1.0.3","37d610ca2ccf499479ea0cfb36ca91fcc5e0946e","3774095d-037b-4979-a16d-d8c95ec5c926","3868b13971a77e941a6671a9b9802d0d60d284a4","openjpa-kernel/src/main/java/org/apache/openjpa/kernel/StoreManager.java","0"
"8","1.0.3","37d610ca2ccf499479ea0cfb36ca91fcc5e0946e","3774095d-037b-4979-a16d-d8c95ec5c926","3868b13971a77e941a6671a9b9802d0d60d284a4","openjpa-kernel/src/main/java/org/apache/openjpa/kernel/StoreQuery.java","0"
"8","1.0.3","37d610ca2ccf499479ea0cfb36ca91fcc5e0946e","3774095d-037b-4979-a16d-d8c95ec5c926","3868b13971a77e941a6671a9b9802d0d60d284a4","openjpa-kernel/src/main/java/org/apache/openjpa/kernel/TCleanState.java","6"
"8","1.0.3","37d610ca2ccf499479ea0cfb36ca91fcc5e0946e","3774095d-037b-4979-a16d-d8c95ec5c926","3868b13971a77e941a6671a9b9802d0d60d284a4","openjpa-kernel/src/main/java/org/apache/openjpa/kernel/TDirtyState.java","10"
"8","1.0.3","37d610ca2ccf499479ea0cfb36ca91fcc5e0946e","3774095d-037b-4979-a16d-d8c95ec5c926","3868b13971a77e941a6671a9b9802d0d60d284a4","openjpa-kernel/src/main/java/org/apache/openjpa/kernel/TLoadedState.java","2"
"8","1.0.3","37d610ca2ccf499479ea0cfb36ca91fcc5e0946e","3774095d-037b-4979-a16d-d8c95ec5c926","3868b13971a77e941a6671a9b9802d0d60d284a4","openjpa-kernel/src/main/java/org/apache/openjpa/kernel/TimeSeededSeq.java","5"
"8","1.0.3","37d610ca2ccf499479ea0cfb36ca91fcc5e0946e","3774095d-037b-4979-a16d-d8c95ec5c926","3868b13971a77e941a6671a9b9802d0d60d284a4","openjpa-kernel/src/main/java/org/apache/openjpa/kernel/TransferFieldManager.java","1"
"8","1.0.3","37d610ca2ccf499479ea0cfb36ca91fcc5e0946e","3774095d-037b-4979-a16d-d8c95ec5c926","3868b13971a77e941a6671a9b9802d0d60d284a4","openjpa-kernel/src/main/java/org/apache/openjpa/kernel/TransientState.java","1"
"8","1.0.3","37d610ca2ccf499479ea0cfb36ca91fcc5e0946e","3774095d-037b-4979-a16d-d8c95ec5c926","3868b13971a77e941a6671a9b9802d0d60d284a4","openjpa-kernel/src/main/java/org/apache/openjpa/kernel/UUIDHexSeq.java","4"
"8","1.0.3","37d610ca2ccf499479ea0cfb36ca91fcc5e0946e","3774095d-037b-4979-a16d-d8c95ec5c926","3868b13971a77e941a6671a9b9802d0d60d284a4","openjpa-kernel/src/main/java/org/apache/openjpa/kernel/UUIDStringSeq.java","4"
"8","1.0.3","37d610ca2ccf499479ea0cfb36ca91fcc5e0946e","3774095d-037b-4979-a16d-d8c95ec5c926","3868b13971a77e941a6671a9b9802d0d60d284a4","openjpa-kernel/src/main/java/org/apache/openjpa/kernel/UUIDType4HexSeq.java","4"
"8","1.0.3","37d610ca2ccf499479ea0cfb36ca91fcc5e0946e","3774095d-037b-4979-a16d-d8c95ec5c926","3868b13971a77e941a6671a9b9802d0d60d284a4","openjpa-kernel/src/main/java/org/apache/openjpa/kernel/UUIDType4StringSeq.java","4"
"8","1.0.3","37d610ca2ccf499479ea0cfb36ca91fcc5e0946e","3774095d-037b-4979-a16d-d8c95ec5c926","3868b13971a77e941a6671a9b9802d0d60d284a4","openjpa-kernel/src/main/java/org/apache/openjpa/kernel/VersionAttachStrategy.java","9"
"8","1.0.3","37d610ca2ccf499479ea0cfb36ca91fcc5e0946e","3774095d-037b-4979-a16d-d8c95ec5c926","3868b13971a77e941a6671a9b9802d0d60d284a4","openjpa-kernel/src/main/java/org/apache/openjpa/kernel/VersionLockManager.java","3"
"8","1.0.3","37d610ca2ccf499479ea0cfb36ca91fcc5e0946e","3774095d-037b-4979-a16d-d8c95ec5c926","3868b13971a77e941a6671a9b9802d0d60d284a4","openjpa-kernel/src/main/java/org/apache/openjpa/kernel/exps/Abs.java","2"
"8","1.0.3","37d610ca2ccf499479ea0cfb36ca91fcc5e0946e","3774095d-037b-4979-a16d-d8c95ec5c926","3868b13971a77e941a6671a9b9802d0d60d284a4","openjpa-kernel/src/main/java/org/apache/openjpa/kernel/exps/AbstractExpressionBuilder.java","11"
"8","1.0.3","37d610ca2ccf499479ea0cfb36ca91fcc5e0946e","3774095d-037b-4979-a16d-d8c95ec5c926","3868b13971a77e941a6671a9b9802d0d60d284a4","openjpa-kernel/src/main/java/org/apache/openjpa/kernel/exps/AbstractExpressionVisitor.java","0"
"8","1.0.3","37d610ca2ccf499479ea0cfb36ca91fcc5e0946e","3774095d-037b-4979-a16d-d8c95ec5c926","3868b13971a77e941a6671a9b9802d0d60d284a4","openjpa-kernel/src/main/java/org/apache/openjpa/kernel/exps/Add.java","0"
"8","1.0.3","37d610ca2ccf499479ea0cfb36ca91fcc5e0946e","3774095d-037b-4979-a16d-d8c95ec5c926","3868b13971a77e941a6671a9b9802d0d60d284a4","openjpa-kernel/src/main/java/org/apache/openjpa/kernel/exps/Aggregate.java","8"
"8","1.0.3","37d610ca2ccf499479ea0cfb36ca91fcc5e0946e","3774095d-037b-4979-a16d-d8c95ec5c926","3868b13971a77e941a6671a9b9802d0d60d284a4","openjpa-kernel/src/main/java/org/apache/openjpa/kernel/exps/AggregateListener.java","0"
"8","1.0.3","37d610ca2ccf499479ea0cfb36ca91fcc5e0946e","3774095d-037b-4979-a16d-d8c95ec5c926","3868b13971a77e941a6671a9b9802d0d60d284a4","openjpa-kernel/src/main/java/org/apache/openjpa/kernel/exps/AggregateVal.java","6"
"8","1.0.3","37d610ca2ccf499479ea0cfb36ca91fcc5e0946e","3774095d-037b-4979-a16d-d8c95ec5c926","3868b13971a77e941a6671a9b9802d0d60d284a4","openjpa-kernel/src/main/java/org/apache/openjpa/kernel/exps/All.java","0"
"8","1.0.3","37d610ca2ccf499479ea0cfb36ca91fcc5e0946e","3774095d-037b-4979-a16d-d8c95ec5c926","3868b13971a77e941a6671a9b9802d0d60d284a4","openjpa-kernel/src/main/java/org/apache/openjpa/kernel/exps/AndExpression.java","5"
"8","1.0.3","37d610ca2ccf499479ea0cfb36ca91fcc5e0946e","3774095d-037b-4979-a16d-d8c95ec5c926","3868b13971a77e941a6671a9b9802d0d60d284a4","openjpa-kernel/src/main/java/org/apache/openjpa/kernel/exps/Any.java","0"
"8","1.0.3","37d610ca2ccf499479ea0cfb36ca91fcc5e0946e","3774095d-037b-4979-a16d-d8c95ec5c926","3868b13971a77e941a6671a9b9802d0d60d284a4","openjpa-kernel/src/main/java/org/apache/openjpa/kernel/exps/Args.java","3"
"8","1.0.3","37d610ca2ccf499479ea0cfb36ca91fcc5e0946e","3774095d-037b-4979-a16d-d8c95ec5c926","3868b13971a77e941a6671a9b9802d0d60d284a4","openjpa-kernel/src/main/java/org/apache/openjpa/kernel/exps/Arguments.java","0"
"8","1.0.3","37d610ca2ccf499479ea0cfb36ca91fcc5e0946e","3774095d-037b-4979-a16d-d8c95ec5c926","3868b13971a77e941a6671a9b9802d0d60d284a4","openjpa-kernel/src/main/java/org/apache/openjpa/kernel/exps/Avg.java","0"
"8","1.0.3","37d610ca2ccf499479ea0cfb36ca91fcc5e0946e","3774095d-037b-4979-a16d-d8c95ec5c926","3868b13971a77e941a6671a9b9802d0d60d284a4","openjpa-kernel/src/main/java/org/apache/openjpa/kernel/exps/BindKeyVariableExpression.java","2"
"8","1.0.3","37d610ca2ccf499479ea0cfb36ca91fcc5e0946e","3774095d-037b-4979-a16d-d8c95ec5c926","3868b13971a77e941a6671a9b9802d0d60d284a4","openjpa-kernel/src/main/java/org/apache/openjpa/kernel/exps/BindValueVariableExpression.java","2"
"8","1.0.3","37d610ca2ccf499479ea0cfb36ca91fcc5e0946e","3774095d-037b-4979-a16d-d8c95ec5c926","3868b13971a77e941a6671a9b9802d0d60d284a4","openjpa-kernel/src/main/java/org/apache/openjpa/kernel/exps/BindVariableAndExpression.java","4"
"8","1.0.3","37d610ca2ccf499479ea0cfb36ca91fcc5e0946e","3774095d-037b-4979-a16d-d8c95ec5c926","3868b13971a77e941a6671a9b9802d0d60d284a4","openjpa-kernel/src/main/java/org/apache/openjpa/kernel/exps/BindVariableExpression.java","7"
"8","1.0.3","37d610ca2ccf499479ea0cfb36ca91fcc5e0946e","3774095d-037b-4979-a16d-d8c95ec5c926","3868b13971a77e941a6671a9b9802d0d60d284a4","openjpa-kernel/src/main/java/org/apache/openjpa/kernel/exps/BoundVariable.java","4"
"8","1.0.3","37d610ca2ccf499479ea0cfb36ca91fcc5e0946e","3774095d-037b-4979-a16d-d8c95ec5c926","3868b13971a77e941a6671a9b9802d0d60d284a4","openjpa-kernel/src/main/java/org/apache/openjpa/kernel/exps/CandidatePath.java","5"
"8","1.0.3","37d610ca2ccf499479ea0cfb36ca91fcc5e0946e","3774095d-037b-4979-a16d-d8c95ec5c926","3868b13971a77e941a6671a9b9802d0d60d284a4","openjpa-kernel/src/main/java/org/apache/openjpa/kernel/exps/Cast.java","5"
"8","1.0.3","37d610ca2ccf499479ea0cfb36ca91fcc5e0946e","3774095d-037b-4979-a16d-d8c95ec5c926","3868b13971a77e941a6671a9b9802d0d60d284a4","openjpa-kernel/src/main/java/org/apache/openjpa/kernel/exps/CompareExpression.java","6"
"8","1.0.3","37d610ca2ccf499479ea0cfb36ca91fcc5e0946e","3774095d-037b-4979-a16d-d8c95ec5c926","3868b13971a77e941a6671a9b9802d0d60d284a4","openjpa-kernel/src/main/java/org/apache/openjpa/kernel/exps/Concat.java","4"
"8","1.0.3","37d610ca2ccf499479ea0cfb36ca91fcc5e0946e","3774095d-037b-4979-a16d-d8c95ec5c926","3868b13971a77e941a6671a9b9802d0d60d284a4","openjpa-kernel/src/main/java/org/apache/openjpa/kernel/exps/Constant.java","0"
"8","1.0.3","37d610ca2ccf499479ea0cfb36ca91fcc5e0946e","3774095d-037b-4979-a16d-d8c95ec5c926","3868b13971a77e941a6671a9b9802d0d60d284a4","openjpa-kernel/src/main/java/org/apache/openjpa/kernel/exps/ContainsExpression.java","5"
"8","1.0.3","37d610ca2ccf499479ea0cfb36ca91fcc5e0946e","3774095d-037b-4979-a16d-d8c95ec5c926","3868b13971a77e941a6671a9b9802d0d60d284a4","openjpa-kernel/src/main/java/org/apache/openjpa/kernel/exps/ContainsKeyExpression.java","1"
"8","1.0.3","37d610ca2ccf499479ea0cfb36ca91fcc5e0946e","3774095d-037b-4979-a16d-d8c95ec5c926","3868b13971a77e941a6671a9b9802d0d60d284a4","openjpa-kernel/src/main/java/org/apache/openjpa/kernel/exps/ContainsValueExpression.java","1"
"8","1.0.3","37d610ca2ccf499479ea0cfb36ca91fcc5e0946e","3774095d-037b-4979-a16d-d8c95ec5c926","3868b13971a77e941a6671a9b9802d0d60d284a4","openjpa-kernel/src/main/java/org/apache/openjpa/kernel/exps/Count.java","0"
"8","1.0.3","37d610ca2ccf499479ea0cfb36ca91fcc5e0946e","3774095d-037b-4979-a16d-d8c95ec5c926","3868b13971a77e941a6671a9b9802d0d60d284a4","openjpa-kernel/src/main/java/org/apache/openjpa/kernel/exps/CurrentDate.java","1"
"8","1.0.3","37d610ca2ccf499479ea0cfb36ca91fcc5e0946e","3774095d-037b-4979-a16d-d8c95ec5c926","3868b13971a77e941a6671a9b9802d0d60d284a4","openjpa-kernel/src/main/java/org/apache/openjpa/kernel/exps/Distinct.java","5"
"8","1.0.3","37d610ca2ccf499479ea0cfb36ca91fcc5e0946e","3774095d-037b-4979-a16d-d8c95ec5c926","3868b13971a77e941a6671a9b9802d0d60d284a4","openjpa-kernel/src/main/java/org/apache/openjpa/kernel/exps/Divide.java","0"
"8","1.0.3","37d610ca2ccf499479ea0cfb36ca91fcc5e0946e","3774095d-037b-4979-a16d-d8c95ec5c926","3868b13971a77e941a6671a9b9802d0d60d284a4","openjpa-kernel/src/main/java/org/apache/openjpa/kernel/exps/EndsWithExpression.java","0"
"8","1.0.3","37d610ca2ccf499479ea0cfb36ca91fcc5e0946e","3774095d-037b-4979-a16d-d8c95ec5c926","3868b13971a77e941a6671a9b9802d0d60d284a4","openjpa-kernel/src/main/java/org/apache/openjpa/kernel/exps/EqualExpression.java","0"
"8","1.0.3","37d610ca2ccf499479ea0cfb36ca91fcc5e0946e","3774095d-037b-4979-a16d-d8c95ec5c926","3868b13971a77e941a6671a9b9802d0d60d284a4","openjpa-kernel/src/main/java/org/apache/openjpa/kernel/exps/Exp.java","3"
"8","1.0.3","37d610ca2ccf499479ea0cfb36ca91fcc5e0946e","3774095d-037b-4979-a16d-d8c95ec5c926","3868b13971a77e941a6671a9b9802d0d60d284a4","openjpa-kernel/src/main/java/org/apache/openjpa/kernel/exps/Expression.java","0"
"8","1.0.3","37d610ca2ccf499479ea0cfb36ca91fcc5e0946e","3774095d-037b-4979-a16d-d8c95ec5c926","3868b13971a77e941a6671a9b9802d0d60d284a4","openjpa-kernel/src/main/java/org/apache/openjpa/kernel/exps/ExpressionFactory.java","3"
"8","1.0.3","37d610ca2ccf499479ea0cfb36ca91fcc5e0946e","3774095d-037b-4979-a16d-d8c95ec5c926","3868b13971a77e941a6671a9b9802d0d60d284a4","openjpa-kernel/src/main/java/org/apache/openjpa/kernel/exps/ExpressionParser.java","0"
"8","1.0.3","37d610ca2ccf499479ea0cfb36ca91fcc5e0946e","3774095d-037b-4979-a16d-d8c95ec5c926","3868b13971a77e941a6671a9b9802d0d60d284a4","openjpa-kernel/src/main/java/org/apache/openjpa/kernel/exps/ExpressionVisitor.java","0"
"8","1.0.3","37d610ca2ccf499479ea0cfb36ca91fcc5e0946e","3774095d-037b-4979-a16d-d8c95ec5c926","3868b13971a77e941a6671a9b9802d0d60d284a4","openjpa-kernel/src/main/java/org/apache/openjpa/kernel/exps/Extension.java","7"
"8","1.0.3","37d610ca2ccf499479ea0cfb36ca91fcc5e0946e","3774095d-037b-4979-a16d-d8c95ec5c926","3868b13971a77e941a6671a9b9802d0d60d284a4","openjpa-kernel/src/main/java/org/apache/openjpa/kernel/exps/FilterListener.java","0"
"8","1.0.3","37d610ca2ccf499479ea0cfb36ca91fcc5e0946e","3774095d-037b-4979-a16d-d8c95ec5c926","3868b13971a77e941a6671a9b9802d0d60d284a4","openjpa-kernel/src/main/java/org/apache/openjpa/kernel/exps/GetMapValue.java","4"
"8","1.0.3","37d610ca2ccf499479ea0cfb36ca91fcc5e0946e","3774095d-037b-4979-a16d-d8c95ec5c926","3868b13971a77e941a6671a9b9802d0d60d284a4","openjpa-kernel/src/main/java/org/apache/openjpa/kernel/exps/GetObjectId.java","3"
"8","1.0.3","37d610ca2ccf499479ea0cfb36ca91fcc5e0946e","3774095d-037b-4979-a16d-d8c95ec5c926","3868b13971a77e941a6671a9b9802d0d60d284a4","openjpa-kernel/src/main/java/org/apache/openjpa/kernel/exps/GreaterThanEqualExpression.java","0"
"8","1.0.3","37d610ca2ccf499479ea0cfb36ca91fcc5e0946e","3774095d-037b-4979-a16d-d8c95ec5c926","3868b13971a77e941a6671a9b9802d0d60d284a4","openjpa-kernel/src/main/java/org/apache/openjpa/kernel/exps/GreaterThanExpression.java","0"
"8","1.0.3","37d610ca2ccf499479ea0cfb36ca91fcc5e0946e","3774095d-037b-4979-a16d-d8c95ec5c926","3868b13971a77e941a6671a9b9802d0d60d284a4","openjpa-kernel/src/main/java/org/apache/openjpa/kernel/exps/InMemoryExpressionFactory.java","20"
"8","1.0.3","37d610ca2ccf499479ea0cfb36ca91fcc5e0946e","3774095d-037b-4979-a16d-d8c95ec5c926","3868b13971a77e941a6671a9b9802d0d60d284a4","openjpa-kernel/src/main/java/org/apache/openjpa/kernel/exps/IndexOf.java","4"
"8","1.0.3","37d610ca2ccf499479ea0cfb36ca91fcc5e0946e","3774095d-037b-4979-a16d-d8c95ec5c926","3868b13971a77e941a6671a9b9802d0d60d284a4","openjpa-kernel/src/main/java/org/apache/openjpa/kernel/exps/InstanceofExpression.java","5"
"8","1.0.3","37d610ca2ccf499479ea0cfb36ca91fcc5e0946e","3774095d-037b-4979-a16d-d8c95ec5c926","3868b13971a77e941a6671a9b9802d0d60d284a4","openjpa-kernel/src/main/java/org/apache/openjpa/kernel/exps/IsEmptyExpression.java","4"
"8","1.0.3","37d610ca2ccf499479ea0cfb36ca91fcc5e0946e","3774095d-037b-4979-a16d-d8c95ec5c926","3868b13971a77e941a6671a9b9802d0d60d284a4","openjpa-kernel/src/main/java/org/apache/openjpa/kernel/exps/LessThanEqualExpression.java","0"
"8","1.0.3","37d610ca2ccf499479ea0cfb36ca91fcc5e0946e","3774095d-037b-4979-a16d-d8c95ec5c926","3868b13971a77e941a6671a9b9802d0d60d284a4","openjpa-kernel/src/main/java/org/apache/openjpa/kernel/exps/LessThanExpression.java","0"
"8","1.0.3","37d610ca2ccf499479ea0cfb36ca91fcc5e0946e","3774095d-037b-4979-a16d-d8c95ec5c926","3868b13971a77e941a6671a9b9802d0d60d284a4","openjpa-kernel/src/main/java/org/apache/openjpa/kernel/exps/Lit.java","3"
"8","1.0.3","37d610ca2ccf499479ea0cfb36ca91fcc5e0946e","3774095d-037b-4979-a16d-d8c95ec5c926","3868b13971a77e941a6671a9b9802d0d60d284a4","openjpa-kernel/src/main/java/org/apache/openjpa/kernel/exps/Literal.java","0"
"8","1.0.3","37d610ca2ccf499479ea0cfb36ca91fcc5e0946e","3774095d-037b-4979-a16d-d8c95ec5c926","3868b13971a77e941a6671a9b9802d0d60d284a4","openjpa-kernel/src/main/java/org/apache/openjpa/kernel/exps/MatchesExpression.java","3"
"8","1.0.3","37d610ca2ccf499479ea0cfb36ca91fcc5e0946e","3774095d-037b-4979-a16d-d8c95ec5c926","3868b13971a77e941a6671a9b9802d0d60d284a4","openjpa-kernel/src/main/java/org/apache/openjpa/kernel/exps/MathVal.java","4"
"8","1.0.3","37d610ca2ccf499479ea0cfb36ca91fcc5e0946e","3774095d-037b-4979-a16d-d8c95ec5c926","3868b13971a77e941a6671a9b9802d0d60d284a4","openjpa-kernel/src/main/java/org/apache/openjpa/kernel/exps/Max.java","0"
"8","1.0.3","37d610ca2ccf499479ea0cfb36ca91fcc5e0946e","3774095d-037b-4979-a16d-d8c95ec5c926","3868b13971a77e941a6671a9b9802d0d60d284a4","openjpa-kernel/src/main/java/org/apache/openjpa/kernel/exps/Min.java","0"
"8","1.0.3","37d610ca2ccf499479ea0cfb36ca91fcc5e0946e","3774095d-037b-4979-a16d-d8c95ec5c926","3868b13971a77e941a6671a9b9802d0d60d284a4","openjpa-kernel/src/main/java/org/apache/openjpa/kernel/exps/Mod.java","0"
"8","1.0.3","37d610ca2ccf499479ea0cfb36ca91fcc5e0946e","3774095d-037b-4979-a16d-d8c95ec5c926","3868b13971a77e941a6671a9b9802d0d60d284a4","openjpa-kernel/src/main/java/org/apache/openjpa/kernel/exps/Multiply.java","0"
"8","1.0.3","37d610ca2ccf499479ea0cfb36ca91fcc5e0946e","3774095d-037b-4979-a16d-d8c95ec5c926","3868b13971a77e941a6671a9b9802d0d60d284a4","openjpa-kernel/src/main/java/org/apache/openjpa/kernel/exps/NotEqualExpression.java","0"
"8","1.0.3","37d610ca2ccf499479ea0cfb36ca91fcc5e0946e","3774095d-037b-4979-a16d-d8c95ec5c926","3868b13971a77e941a6671a9b9802d0d60d284a4","openjpa-kernel/src/main/java/org/apache/openjpa/kernel/exps/NotExpression.java","4"
"8","1.0.3","37d610ca2ccf499479ea0cfb36ca91fcc5e0946e","3774095d-037b-4979-a16d-d8c95ec5c926","3868b13971a77e941a6671a9b9802d0d60d284a4","openjpa-kernel/src/main/java/org/apache/openjpa/kernel/exps/Null.java","1"
"8","1.0.3","37d610ca2ccf499479ea0cfb36ca91fcc5e0946e","3774095d-037b-4979-a16d-d8c95ec5c926","3868b13971a77e941a6671a9b9802d0d60d284a4","openjpa-kernel/src/main/java/org/apache/openjpa/kernel/exps/OrExpression.java","5"
"8","1.0.3","37d610ca2ccf499479ea0cfb36ca91fcc5e0946e","3774095d-037b-4979-a16d-d8c95ec5c926","3868b13971a77e941a6671a9b9802d0d60d284a4","openjpa-kernel/src/main/java/org/apache/openjpa/kernel/exps/Param.java","3"
"8","1.0.3","37d610ca2ccf499479ea0cfb36ca91fcc5e0946e","3774095d-037b-4979-a16d-d8c95ec5c926","3868b13971a77e941a6671a9b9802d0d60d284a4","openjpa-kernel/src/main/java/org/apache/openjpa/kernel/exps/Parameter.java","0"
"8","1.0.3","37d610ca2ccf499479ea0cfb36ca91fcc5e0946e","3774095d-037b-4979-a16d-d8c95ec5c926","3868b13971a77e941a6671a9b9802d0d60d284a4","openjpa-kernel/src/main/java/org/apache/openjpa/kernel/exps/Path.java","0"
"8","1.0.3","37d610ca2ccf499479ea0cfb36ca91fcc5e0946e","3774095d-037b-4979-a16d-d8c95ec5c926","3868b13971a77e941a6671a9b9802d0d60d284a4","openjpa-kernel/src/main/java/org/apache/openjpa/kernel/exps/QueryExpressions.java","8"
"8","1.0.3","37d610ca2ccf499479ea0cfb36ca91fcc5e0946e","3774095d-037b-4979-a16d-d8c95ec5c926","3868b13971a77e941a6671a9b9802d0d60d284a4","openjpa-kernel/src/main/java/org/apache/openjpa/kernel/exps/Resolver.java","0"
"8","1.0.3","37d610ca2ccf499479ea0cfb36ca91fcc5e0946e","3774095d-037b-4979-a16d-d8c95ec5c926","3868b13971a77e941a6671a9b9802d0d60d284a4","openjpa-kernel/src/main/java/org/apache/openjpa/kernel/exps/Size.java","0"
"8","1.0.3","37d610ca2ccf499479ea0cfb36ca91fcc5e0946e","3774095d-037b-4979-a16d-d8c95ec5c926","3868b13971a77e941a6671a9b9802d0d60d284a4","openjpa-kernel/src/main/java/org/apache/openjpa/kernel/exps/Sqrt.java","1"
"8","1.0.3","37d610ca2ccf499479ea0cfb36ca91fcc5e0946e","3774095d-037b-4979-a16d-d8c95ec5c926","3868b13971a77e941a6671a9b9802d0d60d284a4","openjpa-kernel/src/main/java/org/apache/openjpa/kernel/exps/StartsWithExpression.java","0"
"8","1.0.3","37d610ca2ccf499479ea0cfb36ca91fcc5e0946e","3774095d-037b-4979-a16d-d8c95ec5c926","3868b13971a77e941a6671a9b9802d0d60d284a4","openjpa-kernel/src/main/java/org/apache/openjpa/kernel/exps/StringContains.java","1"
"8","1.0.3","37d610ca2ccf499479ea0cfb36ca91fcc5e0946e","3774095d-037b-4979-a16d-d8c95ec5c926","3868b13971a77e941a6671a9b9802d0d60d284a4","openjpa-kernel/src/main/java/org/apache/openjpa/kernel/exps/StringLength.java","3"
"8","1.0.3","37d610ca2ccf499479ea0cfb36ca91fcc5e0946e","3774095d-037b-4979-a16d-d8c95ec5c926","3868b13971a77e941a6671a9b9802d0d60d284a4","openjpa-kernel/src/main/java/org/apache/openjpa/kernel/exps/SubQ.java","3"
"8","1.0.3","37d610ca2ccf499479ea0cfb36ca91fcc5e0946e","3774095d-037b-4979-a16d-d8c95ec5c926","3868b13971a77e941a6671a9b9802d0d60d284a4","openjpa-kernel/src/main/java/org/apache/openjpa/kernel/exps/Subquery.java","0"
"8","1.0.3","37d610ca2ccf499479ea0cfb36ca91fcc5e0946e","3774095d-037b-4979-a16d-d8c95ec5c926","3868b13971a77e941a6671a9b9802d0d60d284a4","openjpa-kernel/src/main/java/org/apache/openjpa/kernel/exps/Substring.java","4"
"8","1.0.3","37d610ca2ccf499479ea0cfb36ca91fcc5e0946e","3774095d-037b-4979-a16d-d8c95ec5c926","3868b13971a77e941a6671a9b9802d0d60d284a4","openjpa-kernel/src/main/java/org/apache/openjpa/kernel/exps/Subtract.java","0"
"8","1.0.3","37d610ca2ccf499479ea0cfb36ca91fcc5e0946e","3774095d-037b-4979-a16d-d8c95ec5c926","3868b13971a77e941a6671a9b9802d0d60d284a4","openjpa-kernel/src/main/java/org/apache/openjpa/kernel/exps/Sum.java","0"
"8","1.0.3","37d610ca2ccf499479ea0cfb36ca91fcc5e0946e","3774095d-037b-4979-a16d-d8c95ec5c926","3868b13971a77e941a6671a9b9802d0d60d284a4","openjpa-kernel/src/main/java/org/apache/openjpa/kernel/exps/This.java","1"
"8","1.0.3","37d610ca2ccf499479ea0cfb36ca91fcc5e0946e","3774095d-037b-4979-a16d-d8c95ec5c926","3868b13971a77e941a6671a9b9802d0d60d284a4","openjpa-kernel/src/main/java/org/apache/openjpa/kernel/exps/ToLowerCase.java","3"
"8","1.0.3","37d610ca2ccf499479ea0cfb36ca91fcc5e0946e","3774095d-037b-4979-a16d-d8c95ec5c926","3868b13971a77e941a6671a9b9802d0d60d284a4","openjpa-kernel/src/main/java/org/apache/openjpa/kernel/exps/ToUpperCase.java","3"
"8","1.0.3","37d610ca2ccf499479ea0cfb36ca91fcc5e0946e","3774095d-037b-4979-a16d-d8c95ec5c926","3868b13971a77e941a6671a9b9802d0d60d284a4","openjpa-kernel/src/main/java/org/apache/openjpa/kernel/exps/Trim.java","5"
"8","1.0.3","37d610ca2ccf499479ea0cfb36ca91fcc5e0946e","3774095d-037b-4979-a16d-d8c95ec5c926","3868b13971a77e941a6671a9b9802d0d60d284a4","openjpa-kernel/src/main/java/org/apache/openjpa/kernel/exps/UnaryMathVal.java","3"
"8","1.0.3","37d610ca2ccf499479ea0cfb36ca91fcc5e0946e","3774095d-037b-4979-a16d-d8c95ec5c926","3868b13971a77e941a6671a9b9802d0d60d284a4","openjpa-kernel/src/main/java/org/apache/openjpa/kernel/exps/UnboundVariable.java","4"
"8","1.0.3","37d610ca2ccf499479ea0cfb36ca91fcc5e0946e","3774095d-037b-4979-a16d-d8c95ec5c926","3868b13971a77e941a6671a9b9802d0d60d284a4","openjpa-kernel/src/main/java/org/apache/openjpa/kernel/exps/Val.java","2"
"8","1.0.3","37d610ca2ccf499479ea0cfb36ca91fcc5e0946e","3774095d-037b-4979-a16d-d8c95ec5c926","3868b13971a77e941a6671a9b9802d0d60d284a4","openjpa-kernel/src/main/java/org/apache/openjpa/kernel/exps/ValExpression.java","4"
"8","1.0.3","37d610ca2ccf499479ea0cfb36ca91fcc5e0946e","3774095d-037b-4979-a16d-d8c95ec5c926","3868b13971a77e941a6671a9b9802d0d60d284a4","openjpa-kernel/src/main/java/org/apache/openjpa/kernel/exps/Value.java","0"
"8","1.0.3","37d610ca2ccf499479ea0cfb36ca91fcc5e0946e","3774095d-037b-4979-a16d-d8c95ec5c926","3868b13971a77e941a6671a9b9802d0d60d284a4","openjpa-kernel/src/main/java/org/apache/openjpa/kernel/exps/ValuePath.java","5"
"8","1.0.3","37d610ca2ccf499479ea0cfb36ca91fcc5e0946e","3774095d-037b-4979-a16d-d8c95ec5c926","3868b13971a77e941a6671a9b9802d0d60d284a4","openjpa-kernel/src/main/java/org/apache/openjpa/kernel/exps/WildcardMatch.java","1"
"8","1.0.3","37d610ca2ccf499479ea0cfb36ca91fcc5e0946e","3774095d-037b-4979-a16d-d8c95ec5c926","3868b13971a77e941a6671a9b9802d0d60d284a4","openjpa-kernel/src/main/java/org/apache/openjpa/kernel/jpql/JPQLExpressionBuilder.java","37"
"8","1.0.3","37d610ca2ccf499479ea0cfb36ca91fcc5e0946e","3774095d-037b-4979-a16d-d8c95ec5c926","3868b13971a77e941a6671a9b9802d0d60d284a4","openjpa-kernel/src/main/java/org/apache/openjpa/kernel/jpql/JPQLParser.java","1"
"8","1.0.3","37d610ca2ccf499479ea0cfb36ca91fcc5e0946e","3774095d-037b-4979-a16d-d8c95ec5c926","3868b13971a77e941a6671a9b9802d0d60d284a4","openjpa-kernel/src/main/java/org/apache/openjpa/kernel/jpql/ParseException.java","5"
"8","1.0.3","37d610ca2ccf499479ea0cfb36ca91fcc5e0946e","3774095d-037b-4979-a16d-d8c95ec5c926","3868b13971a77e941a6671a9b9802d0d60d284a4","openjpa-kernel/src/main/java/org/apache/openjpa/kernel/jpql/SimpleNode.java","0"
"8","1.0.3","37d610ca2ccf499479ea0cfb36ca91fcc5e0946e","3774095d-037b-4979-a16d-d8c95ec5c926","3868b13971a77e941a6671a9b9802d0d60d284a4","openjpa-kernel/src/main/java/org/apache/openjpa/meta/AbstractCFMetaDataFactory.java","20"
"8","1.0.3","37d610ca2ccf499479ea0cfb36ca91fcc5e0946e","3774095d-037b-4979-a16d-d8c95ec5c926","3868b13971a77e941a6671a9b9802d0d60d284a4","openjpa-kernel/src/main/java/org/apache/openjpa/meta/AbstractMetaDataDefaults.java","14"
"8","1.0.3","37d610ca2ccf499479ea0cfb36ca91fcc5e0946e","3774095d-037b-4979-a16d-d8c95ec5c926","3868b13971a77e941a6671a9b9802d0d60d284a4","openjpa-kernel/src/main/java/org/apache/openjpa/meta/AbstractMetaDataFactory.java","1"
"8","1.0.3","37d610ca2ccf499479ea0cfb36ca91fcc5e0946e","3774095d-037b-4979-a16d-d8c95ec5c926","3868b13971a77e941a6671a9b9802d0d60d284a4","openjpa-kernel/src/main/java/org/apache/openjpa/meta/ClassMetaData.java","79"
"8","1.0.3","37d610ca2ccf499479ea0cfb36ca91fcc5e0946e","3774095d-037b-4979-a16d-d8c95ec5c926","3868b13971a77e941a6671a9b9802d0d60d284a4","openjpa-kernel/src/main/java/org/apache/openjpa/meta/DelegatingMetaDataFactory.java","1"
"8","1.0.3","37d610ca2ccf499479ea0cfb36ca91fcc5e0946e","3774095d-037b-4979-a16d-d8c95ec5c926","3868b13971a77e941a6671a9b9802d0d60d284a4","openjpa-kernel/src/main/java/org/apache/openjpa/meta/Extensions.java","13"
"8","1.0.3","37d610ca2ccf499479ea0cfb36ca91fcc5e0946e","3774095d-037b-4979-a16d-d8c95ec5c926","3868b13971a77e941a6671a9b9802d0d60d284a4","openjpa-kernel/src/main/java/org/apache/openjpa/meta/FetchGroup.java","13"
"8","1.0.3","37d610ca2ccf499479ea0cfb36ca91fcc5e0946e","3774095d-037b-4979-a16d-d8c95ec5c926","3868b13971a77e941a6671a9b9802d0d60d284a4","openjpa-kernel/src/main/java/org/apache/openjpa/meta/FieldMetaData.java","106"
"8","1.0.3","37d610ca2ccf499479ea0cfb36ca91fcc5e0946e","3774095d-037b-4979-a16d-d8c95ec5c926","3868b13971a77e941a6671a9b9802d0d60d284a4","openjpa-kernel/src/main/java/org/apache/openjpa/meta/InMemoryRelatedFieldOrder.java","3"
"8","1.0.3","37d610ca2ccf499479ea0cfb36ca91fcc5e0946e","3774095d-037b-4979-a16d-d8c95ec5c926","3868b13971a77e941a6671a9b9802d0d60d284a4","openjpa-kernel/src/main/java/org/apache/openjpa/meta/InMemoryValueOrder.java","3"
"8","1.0.3","37d610ca2ccf499479ea0cfb36ca91fcc5e0946e","3774095d-037b-4979-a16d-d8c95ec5c926","3868b13971a77e941a6671a9b9802d0d60d284a4","openjpa-kernel/src/main/java/org/apache/openjpa/meta/InheritanceComparator.java","1"
"8","1.0.3","37d610ca2ccf499479ea0cfb36ca91fcc5e0946e","3774095d-037b-4979-a16d-d8c95ec5c926","3868b13971a77e941a6671a9b9802d0d60d284a4","openjpa-kernel/src/main/java/org/apache/openjpa/meta/InheritanceOrderedMetaDataList.java","1"
"8","1.0.3","37d610ca2ccf499479ea0cfb36ca91fcc5e0946e","3774095d-037b-4979-a16d-d8c95ec5c926","3868b13971a77e941a6671a9b9802d0d60d284a4","openjpa-kernel/src/main/java/org/apache/openjpa/meta/InterfaceImplGenerator.java","5"
"8","1.0.3","37d610ca2ccf499479ea0cfb36ca91fcc5e0946e","3774095d-037b-4979-a16d-d8c95ec5c926","3868b13971a77e941a6671a9b9802d0d60d284a4","openjpa-kernel/src/main/java/org/apache/openjpa/meta/JavaTypes.java","19"
"8","1.0.3","37d610ca2ccf499479ea0cfb36ca91fcc5e0946e","3774095d-037b-4979-a16d-d8c95ec5c926","3868b13971a77e941a6671a9b9802d0d60d284a4","openjpa-kernel/src/main/java/org/apache/openjpa/meta/LifecycleMetaData.java","12"
"8","1.0.3","37d610ca2ccf499479ea0cfb36ca91fcc5e0946e","3774095d-037b-4979-a16d-d8c95ec5c926","3868b13971a77e941a6671a9b9802d0d60d284a4","openjpa-kernel/src/main/java/org/apache/openjpa/meta/MetaDataContext.java","0"
"8","1.0.3","37d610ca2ccf499479ea0cfb36ca91fcc5e0946e","3774095d-037b-4979-a16d-d8c95ec5c926","3868b13971a77e941a6671a9b9802d0d60d284a4","openjpa-kernel/src/main/java/org/apache/openjpa/meta/MetaDataDefaults.java","0"
"8","1.0.3","37d610ca2ccf499479ea0cfb36ca91fcc5e0946e","3774095d-037b-4979-a16d-d8c95ec5c926","3868b13971a77e941a6671a9b9802d0d60d284a4","openjpa-kernel/src/main/java/org/apache/openjpa/meta/MetaDataFactory.java","0"
"8","1.0.3","37d610ca2ccf499479ea0cfb36ca91fcc5e0946e","3774095d-037b-4979-a16d-d8c95ec5c926","3868b13971a77e941a6671a9b9802d0d60d284a4","openjpa-kernel/src/main/java/org/apache/openjpa/meta/MetaDataInheritanceComparator.java","2"
"8","1.0.3","37d610ca2ccf499479ea0cfb36ca91fcc5e0946e","3774095d-037b-4979-a16d-d8c95ec5c926","3868b13971a77e941a6671a9b9802d0d60d284a4","openjpa-kernel/src/main/java/org/apache/openjpa/meta/MetaDataModes.java","1"
"8","1.0.3","37d610ca2ccf499479ea0cfb36ca91fcc5e0946e","3774095d-037b-4979-a16d-d8c95ec5c926","3868b13971a77e941a6671a9b9802d0d60d284a4","openjpa-kernel/src/main/java/org/apache/openjpa/meta/MetaDataRepository.java","59"
"8","1.0.3","37d610ca2ccf499479ea0cfb36ca91fcc5e0946e","3774095d-037b-4979-a16d-d8c95ec5c926","3868b13971a77e941a6671a9b9802d0d60d284a4","openjpa-kernel/src/main/java/org/apache/openjpa/meta/MetaDataTool.java","14"
"8","1.0.3","37d610ca2ccf499479ea0cfb36ca91fcc5e0946e","3774095d-037b-4979-a16d-d8c95ec5c926","3868b13971a77e941a6671a9b9802d0d60d284a4","openjpa-kernel/src/main/java/org/apache/openjpa/meta/NonPersistentMetaData.java","8"
"8","1.0.3","37d610ca2ccf499479ea0cfb36ca91fcc5e0946e","3774095d-037b-4979-a16d-d8c95ec5c926","3868b13971a77e941a6671a9b9802d0d60d284a4","openjpa-kernel/src/main/java/org/apache/openjpa/meta/NoneMetaDataFactory.java","12"
"8","1.0.3","37d610ca2ccf499479ea0cfb36ca91fcc5e0946e","3774095d-037b-4979-a16d-d8c95ec5c926","3868b13971a77e941a6671a9b9802d0d60d284a4","openjpa-kernel/src/main/java/org/apache/openjpa/meta/Order.java","0"
"8","1.0.3","37d610ca2ccf499479ea0cfb36ca91fcc5e0946e","3774095d-037b-4979-a16d-d8c95ec5c926","3868b13971a77e941a6671a9b9802d0d60d284a4","openjpa-kernel/src/main/java/org/apache/openjpa/meta/ProxySetupStateManager.java","3"
"8","1.0.3","37d610ca2ccf499479ea0cfb36ca91fcc5e0946e","3774095d-037b-4979-a16d-d8c95ec5c926","3868b13971a77e941a6671a9b9802d0d60d284a4","openjpa-kernel/src/main/java/org/apache/openjpa/meta/QueryMetaData.java","18"
"8","1.0.3","37d610ca2ccf499479ea0cfb36ca91fcc5e0946e","3774095d-037b-4979-a16d-d8c95ec5c926","3868b13971a77e941a6671a9b9802d0d60d284a4","openjpa-kernel/src/main/java/org/apache/openjpa/meta/SequenceMetaData.java","20"
"8","1.0.3","37d610ca2ccf499479ea0cfb36ca91fcc5e0946e","3774095d-037b-4979-a16d-d8c95ec5c926","3868b13971a77e941a6671a9b9802d0d60d284a4","openjpa-kernel/src/main/java/org/apache/openjpa/meta/UpdateStrategies.java","4"
"8","1.0.3","37d610ca2ccf499479ea0cfb36ca91fcc5e0946e","3774095d-037b-4979-a16d-d8c95ec5c926","3868b13971a77e941a6671a9b9802d0d60d284a4","openjpa-kernel/src/main/java/org/apache/openjpa/meta/ValueMetaData.java","0"
"8","1.0.3","37d610ca2ccf499479ea0cfb36ca91fcc5e0946e","3774095d-037b-4979-a16d-d8c95ec5c926","3868b13971a77e941a6671a9b9802d0d60d284a4","openjpa-kernel/src/main/java/org/apache/openjpa/meta/ValueMetaDataImpl.java","21"
"8","1.0.3","37d610ca2ccf499479ea0cfb36ca91fcc5e0946e","3774095d-037b-4979-a16d-d8c95ec5c926","3868b13971a77e941a6671a9b9802d0d60d284a4","openjpa-kernel/src/main/java/org/apache/openjpa/meta/ValueStrategies.java","2"
"8","1.0.3","37d610ca2ccf499479ea0cfb36ca91fcc5e0946e","3774095d-037b-4979-a16d-d8c95ec5c926","3868b13971a77e941a6671a9b9802d0d60d284a4","openjpa-kernel/src/main/java/org/apache/openjpa/meta/XMLClassMetaData.java","8"
"8","1.0.3","37d610ca2ccf499479ea0cfb36ca91fcc5e0946e","3774095d-037b-4979-a16d-d8c95ec5c926","3868b13971a77e941a6671a9b9802d0d60d284a4","openjpa-kernel/src/main/java/org/apache/openjpa/meta/XMLFieldMetaData.java","10"
"8","1.0.3","37d610ca2ccf499479ea0cfb36ca91fcc5e0946e","3774095d-037b-4979-a16d-d8c95ec5c926","3868b13971a77e941a6671a9b9802d0d60d284a4","openjpa-kernel/src/main/java/org/apache/openjpa/meta/XMLMetaData.java","1"
"8","1.0.3","37d610ca2ccf499479ea0cfb36ca91fcc5e0946e","3774095d-037b-4979-a16d-d8c95ec5c926","3868b13971a77e941a6671a9b9802d0d60d284a4","openjpa-kernel/src/main/java/org/apache/openjpa/util/AbstractChangeTracker.java","13"
"8","1.0.3","37d610ca2ccf499479ea0cfb36ca91fcc5e0946e","3774095d-037b-4979-a16d-d8c95ec5c926","3868b13971a77e941a6671a9b9802d0d60d284a4","openjpa-kernel/src/main/java/org/apache/openjpa/util/AbstractLRSProxyCollection.java","15"
"8","1.0.3","37d610ca2ccf499479ea0cfb36ca91fcc5e0946e","3774095d-037b-4979-a16d-d8c95ec5c926","3868b13971a77e941a6671a9b9802d0d60d284a4","openjpa-kernel/src/main/java/org/apache/openjpa/util/AbstractLRSProxyMap.java","19"
"8","1.0.3","37d610ca2ccf499479ea0cfb36ca91fcc5e0946e","3774095d-037b-4979-a16d-d8c95ec5c926","3868b13971a77e941a6671a9b9802d0d60d284a4","openjpa-kernel/src/main/java/org/apache/openjpa/util/ApplicationIds.java","16"
"8","1.0.3","37d610ca2ccf499479ea0cfb36ca91fcc5e0946e","3774095d-037b-4979-a16d-d8c95ec5c926","3868b13971a77e941a6671a9b9802d0d60d284a4","openjpa-kernel/src/main/java/org/apache/openjpa/util/ArrayStateImage.java","1"
"8","1.0.3","37d610ca2ccf499479ea0cfb36ca91fcc5e0946e","3774095d-037b-4979-a16d-d8c95ec5c926","3868b13971a77e941a6671a9b9802d0d60d284a4","openjpa-kernel/src/main/java/org/apache/openjpa/util/BigDecimalId.java","3"
"8","1.0.3","37d610ca2ccf499479ea0cfb36ca91fcc5e0946e","3774095d-037b-4979-a16d-d8c95ec5c926","3868b13971a77e941a6671a9b9802d0d60d284a4","openjpa-kernel/src/main/java/org/apache/openjpa/util/BigIntegerId.java","3"
"8","1.0.3","37d610ca2ccf499479ea0cfb36ca91fcc5e0946e","3774095d-037b-4979-a16d-d8c95ec5c926","3868b13971a77e941a6671a9b9802d0d60d284a4","openjpa-kernel/src/main/java/org/apache/openjpa/util/ByteId.java","3"
"8","1.0.3","37d610ca2ccf499479ea0cfb36ca91fcc5e0946e","3774095d-037b-4979-a16d-d8c95ec5c926","3868b13971a77e941a6671a9b9802d0d60d284a4","openjpa-kernel/src/main/java/org/apache/openjpa/util/CacheMap.java","16"
"8","1.0.3","37d610ca2ccf499479ea0cfb36ca91fcc5e0946e","3774095d-037b-4979-a16d-d8c95ec5c926","3868b13971a77e941a6671a9b9802d0d60d284a4","openjpa-kernel/src/main/java/org/apache/openjpa/util/CallbackException.java","2"
"8","1.0.3","37d610ca2ccf499479ea0cfb36ca91fcc5e0946e","3774095d-037b-4979-a16d-d8c95ec5c926","3868b13971a77e941a6671a9b9802d0d60d284a4","openjpa-kernel/src/main/java/org/apache/openjpa/util/ChangeTracker.java","0"
"8","1.0.3","37d610ca2ccf499479ea0cfb36ca91fcc5e0946e","3774095d-037b-4979-a16d-d8c95ec5c926","3868b13971a77e941a6671a9b9802d0d60d284a4","openjpa-kernel/src/main/java/org/apache/openjpa/util/CharId.java","3"
"8","1.0.3","37d610ca2ccf499479ea0cfb36ca91fcc5e0946e","3774095d-037b-4979-a16d-d8c95ec5c926","3868b13971a77e941a6671a9b9802d0d60d284a4","openjpa-kernel/src/main/java/org/apache/openjpa/util/ClassResolver.java","0"
"8","1.0.3","37d610ca2ccf499479ea0cfb36ca91fcc5e0946e","3774095d-037b-4979-a16d-d8c95ec5c926","3868b13971a77e941a6671a9b9802d0d60d284a4","openjpa-kernel/src/main/java/org/apache/openjpa/util/ClassResolverImpl.java","0"
"8","1.0.3","37d610ca2ccf499479ea0cfb36ca91fcc5e0946e","3774095d-037b-4979-a16d-d8c95ec5c926","3868b13971a77e941a6671a9b9802d0d60d284a4","openjpa-kernel/src/main/java/org/apache/openjpa/util/CollectionChangeTracker.java","0"
"8","1.0.3","37d610ca2ccf499479ea0cfb36ca91fcc5e0946e","3774095d-037b-4979-a16d-d8c95ec5c926","3868b13971a77e941a6671a9b9802d0d60d284a4","openjpa-kernel/src/main/java/org/apache/openjpa/util/CollectionChangeTrackerImpl.java","7"
"8","1.0.3","37d610ca2ccf499479ea0cfb36ca91fcc5e0946e","3774095d-037b-4979-a16d-d8c95ec5c926","3868b13971a77e941a6671a9b9802d0d60d284a4","openjpa-kernel/src/main/java/org/apache/openjpa/util/DateId.java","2"
"8","1.0.3","37d610ca2ccf499479ea0cfb36ca91fcc5e0946e","3774095d-037b-4979-a16d-d8c95ec5c926","3868b13971a77e941a6671a9b9802d0d60d284a4","openjpa-kernel/src/main/java/org/apache/openjpa/util/DoubleId.java","3"
"8","1.0.3","37d610ca2ccf499479ea0cfb36ca91fcc5e0946e","3774095d-037b-4979-a16d-d8c95ec5c926","3868b13971a77e941a6671a9b9802d0d60d284a4","openjpa-kernel/src/main/java/org/apache/openjpa/util/ExceptionInfo.java","0"
"8","1.0.3","37d610ca2ccf499479ea0cfb36ca91fcc5e0946e","3774095d-037b-4979-a16d-d8c95ec5c926","3868b13971a77e941a6671a9b9802d0d60d284a4","openjpa-kernel/src/main/java/org/apache/openjpa/util/Exceptions.java","9"
"8","1.0.3","37d610ca2ccf499479ea0cfb36ca91fcc5e0946e","3774095d-037b-4979-a16d-d8c95ec5c926","3868b13971a77e941a6671a9b9802d0d60d284a4","openjpa-kernel/src/main/java/org/apache/openjpa/util/FloatId.java","3"
"8","1.0.3","37d610ca2ccf499479ea0cfb36ca91fcc5e0946e","3774095d-037b-4979-a16d-d8c95ec5c926","3868b13971a77e941a6671a9b9802d0d60d284a4","openjpa-kernel/src/main/java/org/apache/openjpa/util/GeneralException.java","0"
"8","1.0.3","37d610ca2ccf499479ea0cfb36ca91fcc5e0946e","3774095d-037b-4979-a16d-d8c95ec5c926","3868b13971a77e941a6671a9b9802d0d60d284a4","openjpa-kernel/src/main/java/org/apache/openjpa/util/GeneratedClasses.java","1"
"8","1.0.3","37d610ca2ccf499479ea0cfb36ca91fcc5e0946e","3774095d-037b-4979-a16d-d8c95ec5c926","3868b13971a77e941a6671a9b9802d0d60d284a4","openjpa-kernel/src/main/java/org/apache/openjpa/util/Id.java","3"
"8","1.0.3","37d610ca2ccf499479ea0cfb36ca91fcc5e0946e","3774095d-037b-4979-a16d-d8c95ec5c926","3868b13971a77e941a6671a9b9802d0d60d284a4","openjpa-kernel/src/main/java/org/apache/openjpa/util/ImplHelper.java","5"
"8","1.0.3","37d610ca2ccf499479ea0cfb36ca91fcc5e0946e","3774095d-037b-4979-a16d-d8c95ec5c926","3868b13971a77e941a6671a9b9802d0d60d284a4","openjpa-kernel/src/main/java/org/apache/openjpa/util/IntId.java","2"
"8","1.0.3","37d610ca2ccf499479ea0cfb36ca91fcc5e0946e","3774095d-037b-4979-a16d-d8c95ec5c926","3868b13971a77e941a6671a9b9802d0d60d284a4","openjpa-kernel/src/main/java/org/apache/openjpa/util/InternalException.java","0"
"8","1.0.3","37d610ca2ccf499479ea0cfb36ca91fcc5e0946e","3774095d-037b-4979-a16d-d8c95ec5c926","3868b13971a77e941a6671a9b9802d0d60d284a4","openjpa-kernel/src/main/java/org/apache/openjpa/util/InvalidStateException.java","2"
"8","1.0.3","37d610ca2ccf499479ea0cfb36ca91fcc5e0946e","3774095d-037b-4979-a16d-d8c95ec5c926","3868b13971a77e941a6671a9b9802d0d60d284a4","openjpa-kernel/src/main/java/org/apache/openjpa/util/LRSProxy.java","0"
"8","1.0.3","37d610ca2ccf499479ea0cfb36ca91fcc5e0946e","3774095d-037b-4979-a16d-d8c95ec5c926","3868b13971a77e941a6671a9b9802d0d60d284a4","openjpa-kernel/src/main/java/org/apache/openjpa/util/LockException.java","4"
"8","1.0.3","37d610ca2ccf499479ea0cfb36ca91fcc5e0946e","3774095d-037b-4979-a16d-d8c95ec5c926","3868b13971a77e941a6671a9b9802d0d60d284a4","openjpa-kernel/src/main/java/org/apache/openjpa/util/LongId.java","1"
"8","1.0.3","37d610ca2ccf499479ea0cfb36ca91fcc5e0946e","3774095d-037b-4979-a16d-d8c95ec5c926","3868b13971a77e941a6671a9b9802d0d60d284a4","openjpa-kernel/src/main/java/org/apache/openjpa/util/MapChangeTracker.java","0"
"8","1.0.3","37d610ca2ccf499479ea0cfb36ca91fcc5e0946e","3774095d-037b-4979-a16d-d8c95ec5c926","3868b13971a77e941a6671a9b9802d0d60d284a4","openjpa-kernel/src/main/java/org/apache/openjpa/util/MapChangeTrackerImpl.java","2"
"8","1.0.3","37d610ca2ccf499479ea0cfb36ca91fcc5e0946e","3774095d-037b-4979-a16d-d8c95ec5c926","3868b13971a77e941a6671a9b9802d0d60d284a4","openjpa-kernel/src/main/java/org/apache/openjpa/util/MetaDataException.java","2"
"8","1.0.3","37d610ca2ccf499479ea0cfb36ca91fcc5e0946e","3774095d-037b-4979-a16d-d8c95ec5c926","3868b13971a77e941a6671a9b9802d0d60d284a4","openjpa-kernel/src/main/java/org/apache/openjpa/util/MultiLoaderClassResolver.java","2"
"8","1.0.3","37d610ca2ccf499479ea0cfb36ca91fcc5e0946e","3774095d-037b-4979-a16d-d8c95ec5c926","3868b13971a77e941a6671a9b9802d0d60d284a4","openjpa-kernel/src/main/java/org/apache/openjpa/util/NoResultException.java","2"
"8","1.0.3","37d610ca2ccf499479ea0cfb36ca91fcc5e0946e","3774095d-037b-4979-a16d-d8c95ec5c926","3868b13971a77e941a6671a9b9802d0d60d284a4","openjpa-kernel/src/main/java/org/apache/openjpa/util/NoTransactionException.java","2"
"8","1.0.3","37d610ca2ccf499479ea0cfb36ca91fcc5e0946e","3774095d-037b-4979-a16d-d8c95ec5c926","3868b13971a77e941a6671a9b9802d0d60d284a4","openjpa-kernel/src/main/java/org/apache/openjpa/util/NonUniqueResultException.java","2"
"8","1.0.3","37d610ca2ccf499479ea0cfb36ca91fcc5e0946e","3774095d-037b-4979-a16d-d8c95ec5c926","3868b13971a77e941a6671a9b9802d0d60d284a4","openjpa-kernel/src/main/java/org/apache/openjpa/util/ObjectExistsException.java","2"
"8","1.0.3","37d610ca2ccf499479ea0cfb36ca91fcc5e0946e","3774095d-037b-4979-a16d-d8c95ec5c926","3868b13971a77e941a6671a9b9802d0d60d284a4","openjpa-kernel/src/main/java/org/apache/openjpa/util/ObjectId.java","4"
"8","1.0.3","37d610ca2ccf499479ea0cfb36ca91fcc5e0946e","3774095d-037b-4979-a16d-d8c95ec5c926","3868b13971a77e941a6671a9b9802d0d60d284a4","openjpa-kernel/src/main/java/org/apache/openjpa/util/ObjectNotFoundException.java","2"
"8","1.0.3","37d610ca2ccf499479ea0cfb36ca91fcc5e0946e","3774095d-037b-4979-a16d-d8c95ec5c926","3868b13971a77e941a6671a9b9802d0d60d284a4","openjpa-kernel/src/main/java/org/apache/openjpa/util/OpenJPAException.java","19"
"8","1.0.3","37d610ca2ccf499479ea0cfb36ca91fcc5e0946e","3774095d-037b-4979-a16d-d8c95ec5c926","3868b13971a77e941a6671a9b9802d0d60d284a4","openjpa-kernel/src/main/java/org/apache/openjpa/util/OpenJPAId.java","2"
"8","1.0.3","37d610ca2ccf499479ea0cfb36ca91fcc5e0946e","3774095d-037b-4979-a16d-d8c95ec5c926","3868b13971a77e941a6671a9b9802d0d60d284a4","openjpa-kernel/src/main/java/org/apache/openjpa/util/OptimisticException.java","2"
"8","1.0.3","37d610ca2ccf499479ea0cfb36ca91fcc5e0946e","3774095d-037b-4979-a16d-d8c95ec5c926","3868b13971a77e941a6671a9b9802d0d60d284a4","openjpa-kernel/src/main/java/org/apache/openjpa/util/Proxies.java","3"
"8","1.0.3","37d610ca2ccf499479ea0cfb36ca91fcc5e0946e","3774095d-037b-4979-a16d-d8c95ec5c926","3868b13971a77e941a6671a9b9802d0d60d284a4","openjpa-kernel/src/main/java/org/apache/openjpa/util/Proxy.java","0"
"8","1.0.3","37d610ca2ccf499479ea0cfb36ca91fcc5e0946e","3774095d-037b-4979-a16d-d8c95ec5c926","3868b13971a77e941a6671a9b9802d0d60d284a4","openjpa-kernel/src/main/java/org/apache/openjpa/util/ProxyBean.java","0"
"8","1.0.3","37d610ca2ccf499479ea0cfb36ca91fcc5e0946e","3774095d-037b-4979-a16d-d8c95ec5c926","3868b13971a77e941a6671a9b9802d0d60d284a4","openjpa-kernel/src/main/java/org/apache/openjpa/util/ProxyCalendar.java","0"
"8","1.0.3","37d610ca2ccf499479ea0cfb36ca91fcc5e0946e","3774095d-037b-4979-a16d-d8c95ec5c926","3868b13971a77e941a6671a9b9802d0d60d284a4","openjpa-kernel/src/main/java/org/apache/openjpa/util/ProxyCollection.java","0"
"8","1.0.3","37d610ca2ccf499479ea0cfb36ca91fcc5e0946e","3774095d-037b-4979-a16d-d8c95ec5c926","3868b13971a77e941a6671a9b9802d0d60d284a4","openjpa-kernel/src/main/java/org/apache/openjpa/util/ProxyCollections.java","12"
"8","1.0.3","37d610ca2ccf499479ea0cfb36ca91fcc5e0946e","3774095d-037b-4979-a16d-d8c95ec5c926","3868b13971a77e941a6671a9b9802d0d60d284a4","openjpa-kernel/src/main/java/org/apache/openjpa/util/ProxyDate.java","0"
"8","1.0.3","37d610ca2ccf499479ea0cfb36ca91fcc5e0946e","3774095d-037b-4979-a16d-d8c95ec5c926","3868b13971a77e941a6671a9b9802d0d60d284a4","openjpa-kernel/src/main/java/org/apache/openjpa/util/ProxyManager.java","0"
"8","1.0.3","37d610ca2ccf499479ea0cfb36ca91fcc5e0946e","3774095d-037b-4979-a16d-d8c95ec5c926","3868b13971a77e941a6671a9b9802d0d60d284a4","openjpa-kernel/src/main/java/org/apache/openjpa/util/ProxyManagerImpl.java","26"
"8","1.0.3","37d610ca2ccf499479ea0cfb36ca91fcc5e0946e","3774095d-037b-4979-a16d-d8c95ec5c926","3868b13971a77e941a6671a9b9802d0d60d284a4","openjpa-kernel/src/main/java/org/apache/openjpa/util/ProxyMap.java","0"
"8","1.0.3","37d610ca2ccf499479ea0cfb36ca91fcc5e0946e","3774095d-037b-4979-a16d-d8c95ec5c926","3868b13971a77e941a6671a9b9802d0d60d284a4","openjpa-kernel/src/main/java/org/apache/openjpa/util/ProxyMaps.java","13"
"8","1.0.3","37d610ca2ccf499479ea0cfb36ca91fcc5e0946e","3774095d-037b-4979-a16d-d8c95ec5c926","3868b13971a77e941a6671a9b9802d0d60d284a4","openjpa-kernel/src/main/java/org/apache/openjpa/util/ReferentialIntegrityException.java","4"
"8","1.0.3","37d610ca2ccf499479ea0cfb36ca91fcc5e0946e","3774095d-037b-4979-a16d-d8c95ec5c926","3868b13971a77e941a6671a9b9802d0d60d284a4","openjpa-kernel/src/main/java/org/apache/openjpa/util/RuntimeExceptionTranslator.java","0"
"8","1.0.3","37d610ca2ccf499479ea0cfb36ca91fcc5e0946e","3774095d-037b-4979-a16d-d8c95ec5c926","3868b13971a77e941a6671a9b9802d0d60d284a4","openjpa-kernel/src/main/java/org/apache/openjpa/util/Serialization.java","8"
"8","1.0.3","37d610ca2ccf499479ea0cfb36ca91fcc5e0946e","3774095d-037b-4979-a16d-d8c95ec5c926","3868b13971a77e941a6671a9b9802d0d60d284a4","openjpa-kernel/src/main/java/org/apache/openjpa/util/ShortId.java","3"
"8","1.0.3","37d610ca2ccf499479ea0cfb36ca91fcc5e0946e","3774095d-037b-4979-a16d-d8c95ec5c926","3868b13971a77e941a6671a9b9802d0d60d284a4","openjpa-kernel/src/main/java/org/apache/openjpa/util/StoreException.java","0"
"8","1.0.3","37d610ca2ccf499479ea0cfb36ca91fcc5e0946e","3774095d-037b-4979-a16d-d8c95ec5c926","3868b13971a77e941a6671a9b9802d0d60d284a4","openjpa-kernel/src/main/java/org/apache/openjpa/util/StoreFacadeTypeRegistry.java","3"
"8","1.0.3","37d610ca2ccf499479ea0cfb36ca91fcc5e0946e","3774095d-037b-4979-a16d-d8c95ec5c926","3868b13971a77e941a6671a9b9802d0d60d284a4","openjpa-kernel/src/main/java/org/apache/openjpa/util/StringId.java","3"
"8","1.0.3","37d610ca2ccf499479ea0cfb36ca91fcc5e0946e","3774095d-037b-4979-a16d-d8c95ec5c926","3868b13971a77e941a6671a9b9802d0d60d284a4","openjpa-kernel/src/main/java/org/apache/openjpa/util/UnsupportedException.java","0"
"8","1.0.3","37d610ca2ccf499479ea0cfb36ca91fcc5e0946e","3774095d-037b-4979-a16d-d8c95ec5c926","3868b13971a77e941a6671a9b9802d0d60d284a4","openjpa-kernel/src/main/java/org/apache/openjpa/util/UserException.java","0"
"8","1.0.3","37d610ca2ccf499479ea0cfb36ca91fcc5e0946e","3774095d-037b-4979-a16d-d8c95ec5c926","3868b13971a77e941a6671a9b9802d0d60d284a4","openjpa-lib/src/main/java/org/apache/openjpa/lib/ant/AbstractTask.java","3"
"8","1.0.3","37d610ca2ccf499479ea0cfb36ca91fcc5e0946e","3774095d-037b-4979-a16d-d8c95ec5c926","3868b13971a77e941a6671a9b9802d0d60d284a4","openjpa-lib/src/main/java/org/apache/openjpa/lib/conf/AbstractProductDerivation.java","3"
"8","1.0.3","37d610ca2ccf499479ea0cfb36ca91fcc5e0946e","3774095d-037b-4979-a16d-d8c95ec5c926","3868b13971a77e941a6671a9b9802d0d60d284a4","openjpa-lib/src/main/java/org/apache/openjpa/lib/conf/BooleanValue.java","2"
"8","1.0.3","37d610ca2ccf499479ea0cfb36ca91fcc5e0946e","3774095d-037b-4979-a16d-d8c95ec5c926","3868b13971a77e941a6671a9b9802d0d60d284a4","openjpa-lib/src/main/java/org/apache/openjpa/lib/conf/BootstrapException.java","2"
"8","1.0.3","37d610ca2ccf499479ea0cfb36ca91fcc5e0946e","3774095d-037b-4979-a16d-d8c95ec5c926","3868b13971a77e941a6671a9b9802d0d60d284a4","openjpa-lib/src/main/java/org/apache/openjpa/lib/conf/Configurable.java","0"
"8","1.0.3","37d610ca2ccf499479ea0cfb36ca91fcc5e0946e","3774095d-037b-4979-a16d-d8c95ec5c926","3868b13971a77e941a6671a9b9802d0d60d284a4","openjpa-lib/src/main/java/org/apache/openjpa/lib/conf/Configuration.java","2"
"8","1.0.3","37d610ca2ccf499479ea0cfb36ca91fcc5e0946e","3774095d-037b-4979-a16d-d8c95ec5c926","3868b13971a77e941a6671a9b9802d0d60d284a4","openjpa-lib/src/main/java/org/apache/openjpa/lib/conf/ConfigurationImpl.java","35"
"8","1.0.3","37d610ca2ccf499479ea0cfb36ca91fcc5e0946e","3774095d-037b-4979-a16d-d8c95ec5c926","3868b13971a77e941a6671a9b9802d0d60d284a4","openjpa-lib/src/main/java/org/apache/openjpa/lib/conf/ConfigurationProvider.java","0"
"8","1.0.3","37d610ca2ccf499479ea0cfb36ca91fcc5e0946e","3774095d-037b-4979-a16d-d8c95ec5c926","3868b13971a77e941a6671a9b9802d0d60d284a4","openjpa-lib/src/main/java/org/apache/openjpa/lib/conf/Configurations.java","12"
"8","1.0.3","37d610ca2ccf499479ea0cfb36ca91fcc5e0946e","3774095d-037b-4979-a16d-d8c95ec5c926","3868b13971a77e941a6671a9b9802d0d60d284a4","openjpa-lib/src/main/java/org/apache/openjpa/lib/conf/DoubleValue.java","1"
"8","1.0.3","37d610ca2ccf499479ea0cfb36ca91fcc5e0946e","3774095d-037b-4979-a16d-d8c95ec5c926","3868b13971a77e941a6671a9b9802d0d60d284a4","openjpa-lib/src/main/java/org/apache/openjpa/lib/conf/FileValue.java","1"
"8","1.0.3","37d610ca2ccf499479ea0cfb36ca91fcc5e0946e","3774095d-037b-4979-a16d-d8c95ec5c926","3868b13971a77e941a6671a9b9802d0d60d284a4","openjpa-lib/src/main/java/org/apache/openjpa/lib/conf/GenericConfigurable.java","0"
"8","1.0.3","37d610ca2ccf499479ea0cfb36ca91fcc5e0946e","3774095d-037b-4979-a16d-d8c95ec5c926","3868b13971a77e941a6671a9b9802d0d60d284a4","openjpa-lib/src/main/java/org/apache/openjpa/lib/conf/IntValue.java","1"
"8","1.0.3","37d610ca2ccf499479ea0cfb36ca91fcc5e0946e","3774095d-037b-4979-a16d-d8c95ec5c926","3868b13971a77e941a6671a9b9802d0d60d284a4","openjpa-lib/src/main/java/org/apache/openjpa/lib/conf/MapConfigurationProvider.java","2"
"8","1.0.3","37d610ca2ccf499479ea0cfb36ca91fcc5e0946e","3774095d-037b-4979-a16d-d8c95ec5c926","3868b13971a77e941a6671a9b9802d0d60d284a4","openjpa-lib/src/main/java/org/apache/openjpa/lib/conf/ObjectValue.java","3"
"8","1.0.3","37d610ca2ccf499479ea0cfb36ca91fcc5e0946e","3774095d-037b-4979-a16d-d8c95ec5c926","3868b13971a77e941a6671a9b9802d0d60d284a4","openjpa-lib/src/main/java/org/apache/openjpa/lib/conf/PluginListValue.java","10"
"8","1.0.3","37d610ca2ccf499479ea0cfb36ca91fcc5e0946e","3774095d-037b-4979-a16d-d8c95ec5c926","3868b13971a77e941a6671a9b9802d0d60d284a4","openjpa-lib/src/main/java/org/apache/openjpa/lib/conf/PluginValue.java","12"
"8","1.0.3","37d610ca2ccf499479ea0cfb36ca91fcc5e0946e","3774095d-037b-4979-a16d-d8c95ec5c926","3868b13971a77e941a6671a9b9802d0d60d284a4","openjpa-lib/src/main/java/org/apache/openjpa/lib/conf/ProductDerivation.java","8"
"8","1.0.3","37d610ca2ccf499479ea0cfb36ca91fcc5e0946e","3774095d-037b-4979-a16d-d8c95ec5c926","3868b13971a77e941a6671a9b9802d0d60d284a4","openjpa-lib/src/main/java/org/apache/openjpa/lib/conf/ProductDerivations.java","12"
"8","1.0.3","37d610ca2ccf499479ea0cfb36ca91fcc5e0946e","3774095d-037b-4979-a16d-d8c95ec5c926","3868b13971a77e941a6671a9b9802d0d60d284a4","openjpa-lib/src/main/java/org/apache/openjpa/lib/conf/StringListValue.java","4"
"8","1.0.3","37d610ca2ccf499479ea0cfb36ca91fcc5e0946e","3774095d-037b-4979-a16d-d8c95ec5c926","3868b13971a77e941a6671a9b9802d0d60d284a4","openjpa-lib/src/main/java/org/apache/openjpa/lib/conf/StringValue.java","1"
"8","1.0.3","37d610ca2ccf499479ea0cfb36ca91fcc5e0946e","3774095d-037b-4979-a16d-d8c95ec5c926","3868b13971a77e941a6671a9b9802d0d60d284a4","openjpa-lib/src/main/java/org/apache/openjpa/lib/conf/Value.java","5"
"8","1.0.3","37d610ca2ccf499479ea0cfb36ca91fcc5e0946e","3774095d-037b-4979-a16d-d8c95ec5c926","3868b13971a77e941a6671a9b9802d0d60d284a4","openjpa-lib/src/main/java/org/apache/openjpa/lib/conf/ValueListener.java","0"
"8","1.0.3","37d610ca2ccf499479ea0cfb36ca91fcc5e0946e","3774095d-037b-4979-a16d-d8c95ec5c926","3868b13971a77e941a6671a9b9802d0d60d284a4","openjpa-lib/src/main/java/org/apache/openjpa/lib/graph/BreadthFirstWalk.java","5"
"8","1.0.3","37d610ca2ccf499479ea0cfb36ca91fcc5e0946e","3774095d-037b-4979-a16d-d8c95ec5c926","3868b13971a77e941a6671a9b9802d0d60d284a4","openjpa-lib/src/main/java/org/apache/openjpa/lib/graph/DepthFirstAnalysis.java","8"
"8","1.0.3","37d610ca2ccf499479ea0cfb36ca91fcc5e0946e","3774095d-037b-4979-a16d-d8c95ec5c926","3868b13971a77e941a6671a9b9802d0d60d284a4","openjpa-lib/src/main/java/org/apache/openjpa/lib/graph/Edge.java","8"
"8","1.0.3","37d610ca2ccf499479ea0cfb36ca91fcc5e0946e","3774095d-037b-4979-a16d-d8c95ec5c926","3868b13971a77e941a6671a9b9802d0d60d284a4","openjpa-lib/src/main/java/org/apache/openjpa/lib/graph/Graph.java","2"
"8","1.0.3","37d610ca2ccf499479ea0cfb36ca91fcc5e0946e","3774095d-037b-4979-a16d-d8c95ec5c926","3868b13971a77e941a6671a9b9802d0d60d284a4","openjpa-lib/src/main/java/org/apache/openjpa/lib/graph/GraphVisitor.java","0"
"8","1.0.3","37d610ca2ccf499479ea0cfb36ca91fcc5e0946e","3774095d-037b-4979-a16d-d8c95ec5c926","3868b13971a77e941a6671a9b9802d0d60d284a4","openjpa-lib/src/main/java/org/apache/openjpa/lib/graph/NodeInfo.java","0"
"8","1.0.3","37d610ca2ccf499479ea0cfb36ca91fcc5e0946e","3774095d-037b-4979-a16d-d8c95ec5c926","3868b13971a77e941a6671a9b9802d0d60d284a4","openjpa-lib/src/main/java/org/apache/openjpa/lib/jdbc/AbstractJDBCListener.java","1"
"8","1.0.3","37d610ca2ccf499479ea0cfb36ca91fcc5e0946e","3774095d-037b-4979-a16d-d8c95ec5c926","3868b13971a77e941a6671a9b9802d0d60d284a4","openjpa-lib/src/main/java/org/apache/openjpa/lib/jdbc/ConfiguringConnectionDecorator.java","12"
"8","1.0.3","37d610ca2ccf499479ea0cfb36ca91fcc5e0946e","3774095d-037b-4979-a16d-d8c95ec5c926","3868b13971a77e941a6671a9b9802d0d60d284a4","openjpa-lib/src/main/java/org/apache/openjpa/lib/jdbc/ConnectionDecorator.java","0"
"8","1.0.3","37d610ca2ccf499479ea0cfb36ca91fcc5e0946e","3774095d-037b-4979-a16d-d8c95ec5c926","3868b13971a77e941a6671a9b9802d0d60d284a4","openjpa-lib/src/main/java/org/apache/openjpa/lib/jdbc/DataSourceLogs.java","3"
"8","1.0.3","37d610ca2ccf499479ea0cfb36ca91fcc5e0946e","3774095d-037b-4979-a16d-d8c95ec5c926","3868b13971a77e941a6671a9b9802d0d60d284a4","openjpa-lib/src/main/java/org/apache/openjpa/lib/jdbc/DecoratingDataSource.java","4"
"8","1.0.3","37d610ca2ccf499479ea0cfb36ca91fcc5e0946e","3774095d-037b-4979-a16d-d8c95ec5c926","3868b13971a77e941a6671a9b9802d0d60d284a4","openjpa-lib/src/main/java/org/apache/openjpa/lib/jdbc/DelegatingCallableStatement.java","3"
"8","1.0.3","37d610ca2ccf499479ea0cfb36ca91fcc5e0946e","3774095d-037b-4979-a16d-d8c95ec5c926","3868b13971a77e941a6671a9b9802d0d60d284a4","openjpa-lib/src/main/java/org/apache/openjpa/lib/jdbc/DelegatingConnection.java","10"
"8","1.0.3","37d610ca2ccf499479ea0cfb36ca91fcc5e0946e","3774095d-037b-4979-a16d-d8c95ec5c926","3868b13971a77e941a6671a9b9802d0d60d284a4","openjpa-lib/src/main/java/org/apache/openjpa/lib/jdbc/DelegatingDataSource.java","2"
"8","1.0.3","37d610ca2ccf499479ea0cfb36ca91fcc5e0946e","3774095d-037b-4979-a16d-d8c95ec5c926","3868b13971a77e941a6671a9b9802d0d60d284a4","openjpa-lib/src/main/java/org/apache/openjpa/lib/jdbc/DelegatingDatabaseMetaData.java","2"
"8","1.0.3","37d610ca2ccf499479ea0cfb36ca91fcc5e0946e","3774095d-037b-4979-a16d-d8c95ec5c926","3868b13971a77e941a6671a9b9802d0d60d284a4","openjpa-lib/src/main/java/org/apache/openjpa/lib/jdbc/DelegatingPreparedStatement.java","3"
"8","1.0.3","37d610ca2ccf499479ea0cfb36ca91fcc5e0946e","3774095d-037b-4979-a16d-d8c95ec5c926","3868b13971a77e941a6671a9b9802d0d60d284a4","openjpa-lib/src/main/java/org/apache/openjpa/lib/jdbc/DelegatingResultSet.java","4"
"8","1.0.3","37d610ca2ccf499479ea0cfb36ca91fcc5e0946e","3774095d-037b-4979-a16d-d8c95ec5c926","3868b13971a77e941a6671a9b9802d0d60d284a4","openjpa-lib/src/main/java/org/apache/openjpa/lib/jdbc/DelegatingStatement.java","3"
"8","1.0.3","37d610ca2ccf499479ea0cfb36ca91fcc5e0946e","3774095d-037b-4979-a16d-d8c95ec5c926","3868b13971a77e941a6671a9b9802d0d60d284a4","openjpa-lib/src/main/java/org/apache/openjpa/lib/jdbc/JDBCEvent.java","0"
"8","1.0.3","37d610ca2ccf499479ea0cfb36ca91fcc5e0946e","3774095d-037b-4979-a16d-d8c95ec5c926","3868b13971a77e941a6671a9b9802d0d60d284a4","openjpa-lib/src/main/java/org/apache/openjpa/lib/jdbc/JDBCEventConnectionDecorator.java","18"
"8","1.0.3","37d610ca2ccf499479ea0cfb36ca91fcc5e0946e","3774095d-037b-4979-a16d-d8c95ec5c926","3868b13971a77e941a6671a9b9802d0d60d284a4","openjpa-lib/src/main/java/org/apache/openjpa/lib/jdbc/JDBCListener.java","0"
"8","1.0.3","37d610ca2ccf499479ea0cfb36ca91fcc5e0946e","3774095d-037b-4979-a16d-d8c95ec5c926","3868b13971a77e941a6671a9b9802d0d60d284a4","openjpa-lib/src/main/java/org/apache/openjpa/lib/jdbc/LoggingConnectionDecorator.java","121"
"8","1.0.3","37d610ca2ccf499479ea0cfb36ca91fcc5e0946e","3774095d-037b-4979-a16d-d8c95ec5c926","3868b13971a77e941a6671a9b9802d0d60d284a4","openjpa-lib/src/main/java/org/apache/openjpa/lib/jdbc/ReportingSQLException.java","6"
"8","1.0.3","37d610ca2ccf499479ea0cfb36ca91fcc5e0946e","3774095d-037b-4979-a16d-d8c95ec5c926","3868b13971a77e941a6671a9b9802d0d60d284a4","openjpa-lib/src/main/java/org/apache/openjpa/lib/jdbc/SQLFormatter.java","3"
"8","1.0.3","37d610ca2ccf499479ea0cfb36ca91fcc5e0946e","3774095d-037b-4979-a16d-d8c95ec5c926","3868b13971a77e941a6671a9b9802d0d60d284a4","openjpa-lib/src/main/java/org/apache/openjpa/lib/log/AbstractLog.java","0"
"8","1.0.3","37d610ca2ccf499479ea0cfb36ca91fcc5e0946e","3774095d-037b-4979-a16d-d8c95ec5c926","3868b13971a77e941a6671a9b9802d0d60d284a4","openjpa-lib/src/main/java/org/apache/openjpa/lib/log/CommonsLogFactory.java","2"
"8","1.0.3","37d610ca2ccf499479ea0cfb36ca91fcc5e0946e","3774095d-037b-4979-a16d-d8c95ec5c926","3868b13971a77e941a6671a9b9802d0d60d284a4","openjpa-lib/src/main/java/org/apache/openjpa/lib/log/Log.java","10"
"8","1.0.3","37d610ca2ccf499479ea0cfb36ca91fcc5e0946e","3774095d-037b-4979-a16d-d8c95ec5c926","3868b13971a77e941a6671a9b9802d0d60d284a4","openjpa-lib/src/main/java/org/apache/openjpa/lib/log/Log4JLogFactory.java","1"
"8","1.0.3","37d610ca2ccf499479ea0cfb36ca91fcc5e0946e","3774095d-037b-4979-a16d-d8c95ec5c926","3868b13971a77e941a6671a9b9802d0d60d284a4","openjpa-lib/src/main/java/org/apache/openjpa/lib/log/LogFactory.java","0"
"8","1.0.3","37d610ca2ccf499479ea0cfb36ca91fcc5e0946e","3774095d-037b-4979-a16d-d8c95ec5c926","3868b13971a77e941a6671a9b9802d0d60d284a4","openjpa-lib/src/main/java/org/apache/openjpa/lib/log/LogFactoryAdapter.java","1"
"8","1.0.3","37d610ca2ccf499479ea0cfb36ca91fcc5e0946e","3774095d-037b-4979-a16d-d8c95ec5c926","3868b13971a77e941a6671a9b9802d0d60d284a4","openjpa-lib/src/main/java/org/apache/openjpa/lib/log/LogFactoryImpl.java","20"
"8","1.0.3","37d610ca2ccf499479ea0cfb36ca91fcc5e0946e","3774095d-037b-4979-a16d-d8c95ec5c926","3868b13971a77e941a6671a9b9802d0d60d284a4","openjpa-lib/src/main/java/org/apache/openjpa/lib/log/LogOutputStream.java","5"
"8","1.0.3","37d610ca2ccf499479ea0cfb36ca91fcc5e0946e","3774095d-037b-4979-a16d-d8c95ec5c926","3868b13971a77e941a6671a9b9802d0d60d284a4","openjpa-lib/src/main/java/org/apache/openjpa/lib/log/MultiLogFactory.java","2"
"8","1.0.3","37d610ca2ccf499479ea0cfb36ca91fcc5e0946e","3774095d-037b-4979-a16d-d8c95ec5c926","3868b13971a77e941a6671a9b9802d0d60d284a4","openjpa-lib/src/main/java/org/apache/openjpa/lib/log/NoneLogFactory.java","10"
"8","1.0.3","37d610ca2ccf499479ea0cfb36ca91fcc5e0946e","3774095d-037b-4979-a16d-d8c95ec5c926","3868b13971a77e941a6671a9b9802d0d60d284a4","openjpa-lib/src/main/java/org/apache/openjpa/lib/meta/CFMetaDataParser.java","17"
"8","1.0.3","37d610ca2ccf499479ea0cfb36ca91fcc5e0946e","3774095d-037b-4979-a16d-d8c95ec5c926","3868b13971a77e941a6671a9b9802d0d60d284a4","openjpa-lib/src/main/java/org/apache/openjpa/lib/meta/CFMetaDataSerializer.java","3"
"8","1.0.3","37d610ca2ccf499479ea0cfb36ca91fcc5e0946e","3774095d-037b-4979-a16d-d8c95ec5c926","3868b13971a77e941a6671a9b9802d0d60d284a4","openjpa-lib/src/main/java/org/apache/openjpa/lib/meta/ClassAnnotationMetaDataFilter.java","3"
"8","1.0.3","37d610ca2ccf499479ea0cfb36ca91fcc5e0946e","3774095d-037b-4979-a16d-d8c95ec5c926","3868b13971a77e941a6671a9b9802d0d60d284a4","openjpa-lib/src/main/java/org/apache/openjpa/lib/meta/ClassArgParser.java","28"
"8","1.0.3","37d610ca2ccf499479ea0cfb36ca91fcc5e0946e","3774095d-037b-4979-a16d-d8c95ec5c926","3868b13971a77e941a6671a9b9802d0d60d284a4","openjpa-lib/src/main/java/org/apache/openjpa/lib/meta/ClassMetaDataIterator.java","13"
"8","1.0.3","37d610ca2ccf499479ea0cfb36ca91fcc5e0946e","3774095d-037b-4979-a16d-d8c95ec5c926","3868b13971a77e941a6671a9b9802d0d60d284a4","openjpa-lib/src/main/java/org/apache/openjpa/lib/meta/ClasspathMetaDataIterator.java","1"
"8","1.0.3","37d610ca2ccf499479ea0cfb36ca91fcc5e0946e","3774095d-037b-4979-a16d-d8c95ec5c926","3868b13971a77e941a6671a9b9802d0d60d284a4","openjpa-lib/src/main/java/org/apache/openjpa/lib/meta/FileMetaDataIterator.java","5"
"8","1.0.3","37d610ca2ccf499479ea0cfb36ca91fcc5e0946e","3774095d-037b-4979-a16d-d8c95ec5c926","3868b13971a77e941a6671a9b9802d0d60d284a4","openjpa-lib/src/main/java/org/apache/openjpa/lib/meta/MetaDataFilter.java","0"
"8","1.0.3","37d610ca2ccf499479ea0cfb36ca91fcc5e0946e","3774095d-037b-4979-a16d-d8c95ec5c926","3868b13971a77e941a6671a9b9802d0d60d284a4","openjpa-lib/src/main/java/org/apache/openjpa/lib/meta/MetaDataIterator.java","0"
"8","1.0.3","37d610ca2ccf499479ea0cfb36ca91fcc5e0946e","3774095d-037b-4979-a16d-d8c95ec5c926","3868b13971a77e941a6671a9b9802d0d60d284a4","openjpa-lib/src/main/java/org/apache/openjpa/lib/meta/MetaDataIteratorChain.java","3"
"8","1.0.3","37d610ca2ccf499479ea0cfb36ca91fcc5e0946e","3774095d-037b-4979-a16d-d8c95ec5c926","3868b13971a77e941a6671a9b9802d0d60d284a4","openjpa-lib/src/main/java/org/apache/openjpa/lib/meta/MetaDataParser.java","0"
"8","1.0.3","37d610ca2ccf499479ea0cfb36ca91fcc5e0946e","3774095d-037b-4979-a16d-d8c95ec5c926","3868b13971a77e941a6671a9b9802d0d60d284a4","openjpa-lib/src/main/java/org/apache/openjpa/lib/meta/MetaDataSerializer.java","0"
"8","1.0.3","37d610ca2ccf499479ea0cfb36ca91fcc5e0946e","3774095d-037b-4979-a16d-d8c95ec5c926","3868b13971a77e941a6671a9b9802d0d60d284a4","openjpa-lib/src/main/java/org/apache/openjpa/lib/meta/ResourceMetaDataIterator.java","5"
"8","1.0.3","37d610ca2ccf499479ea0cfb36ca91fcc5e0946e","3774095d-037b-4979-a16d-d8c95ec5c926","3868b13971a77e941a6671a9b9802d0d60d284a4","openjpa-lib/src/main/java/org/apache/openjpa/lib/meta/SourceTracker.java","0"
"8","1.0.3","37d610ca2ccf499479ea0cfb36ca91fcc5e0946e","3774095d-037b-4979-a16d-d8c95ec5c926","3868b13971a77e941a6671a9b9802d0d60d284a4","openjpa-lib/src/main/java/org/apache/openjpa/lib/meta/SourceTrackers.java","1"
"8","1.0.3","37d610ca2ccf499479ea0cfb36ca91fcc5e0946e","3774095d-037b-4979-a16d-d8c95ec5c926","3868b13971a77e941a6671a9b9802d0d60d284a4","openjpa-lib/src/main/java/org/apache/openjpa/lib/meta/SuffixMetaDataFilter.java","1"
"8","1.0.3","37d610ca2ccf499479ea0cfb36ca91fcc5e0946e","3774095d-037b-4979-a16d-d8c95ec5c926","3868b13971a77e941a6671a9b9802d0d60d284a4","openjpa-lib/src/main/java/org/apache/openjpa/lib/meta/URLMetaDataIterator.java","3"
"8","1.0.3","37d610ca2ccf499479ea0cfb36ca91fcc5e0946e","3774095d-037b-4979-a16d-d8c95ec5c926","3868b13971a77e941a6671a9b9802d0d60d284a4","openjpa-lib/src/main/java/org/apache/openjpa/lib/meta/XMLMetaDataParser.java","31"
"8","1.0.3","37d610ca2ccf499479ea0cfb36ca91fcc5e0946e","3774095d-037b-4979-a16d-d8c95ec5c926","3868b13971a77e941a6671a9b9802d0d60d284a4","openjpa-lib/src/main/java/org/apache/openjpa/lib/meta/XMLMetaDataSerializer.java","8"
"8","1.0.3","37d610ca2ccf499479ea0cfb36ca91fcc5e0946e","3774095d-037b-4979-a16d-d8c95ec5c926","3868b13971a77e941a6671a9b9802d0d60d284a4","openjpa-lib/src/main/java/org/apache/openjpa/lib/meta/ZipFileMetaDataIterator.java","6"
"8","1.0.3","37d610ca2ccf499479ea0cfb36ca91fcc5e0946e","3774095d-037b-4979-a16d-d8c95ec5c926","3868b13971a77e941a6671a9b9802d0d60d284a4","openjpa-lib/src/main/java/org/apache/openjpa/lib/meta/ZipStreamMetaDataIterator.java","10"
"8","1.0.3","37d610ca2ccf499479ea0cfb36ca91fcc5e0946e","3774095d-037b-4979-a16d-d8c95ec5c926","3868b13971a77e941a6671a9b9802d0d60d284a4","openjpa-lib/src/main/java/org/apache/openjpa/lib/rop/AbstractListIterator.java","1"
"8","1.0.3","37d610ca2ccf499479ea0cfb36ca91fcc5e0946e","3774095d-037b-4979-a16d-d8c95ec5c926","3868b13971a77e941a6671a9b9802d0d60d284a4","openjpa-lib/src/main/java/org/apache/openjpa/lib/rop/AbstractNonSequentialResultList.java","2"
"8","1.0.3","37d610ca2ccf499479ea0cfb36ca91fcc5e0946e","3774095d-037b-4979-a16d-d8c95ec5c926","3868b13971a77e941a6671a9b9802d0d60d284a4","openjpa-lib/src/main/java/org/apache/openjpa/lib/rop/AbstractResultList.java","0"
"8","1.0.3","37d610ca2ccf499479ea0cfb36ca91fcc5e0946e","3774095d-037b-4979-a16d-d8c95ec5c926","3868b13971a77e941a6671a9b9802d0d60d284a4","openjpa-lib/src/main/java/org/apache/openjpa/lib/rop/AbstractSequentialResultList.java","0"
"8","1.0.3","37d610ca2ccf499479ea0cfb36ca91fcc5e0946e","3774095d-037b-4979-a16d-d8c95ec5c926","3868b13971a77e941a6671a9b9802d0d60d284a4","openjpa-lib/src/main/java/org/apache/openjpa/lib/rop/EagerResultList.java","1"
"8","1.0.3","37d610ca2ccf499479ea0cfb36ca91fcc5e0946e","3774095d-037b-4979-a16d-d8c95ec5c926","3868b13971a77e941a6671a9b9802d0d60d284a4","openjpa-lib/src/main/java/org/apache/openjpa/lib/rop/LazyForwardResultList.java","8"
"8","1.0.3","37d610ca2ccf499479ea0cfb36ca91fcc5e0946e","3774095d-037b-4979-a16d-d8c95ec5c926","3868b13971a77e941a6671a9b9802d0d60d284a4","openjpa-lib/src/main/java/org/apache/openjpa/lib/rop/ListResultList.java","3"
"8","1.0.3","37d610ca2ccf499479ea0cfb36ca91fcc5e0946e","3774095d-037b-4979-a16d-d8c95ec5c926","3868b13971a77e941a6671a9b9802d0d60d284a4","openjpa-lib/src/main/java/org/apache/openjpa/lib/rop/ListResultObjectProvider.java","4"
"8","1.0.3","37d610ca2ccf499479ea0cfb36ca91fcc5e0946e","3774095d-037b-4979-a16d-d8c95ec5c926","3868b13971a77e941a6671a9b9802d0d60d284a4","openjpa-lib/src/main/java/org/apache/openjpa/lib/rop/MergedResultObjectProvider.java","10"
"8","1.0.3","37d610ca2ccf499479ea0cfb36ca91fcc5e0946e","3774095d-037b-4979-a16d-d8c95ec5c926","3868b13971a77e941a6671a9b9802d0d60d284a4","openjpa-lib/src/main/java/org/apache/openjpa/lib/rop/RandomAccessResultList.java","11"
"8","1.0.3","37d610ca2ccf499479ea0cfb36ca91fcc5e0946e","3774095d-037b-4979-a16d-d8c95ec5c926","3868b13971a77e941a6671a9b9802d0d60d284a4","openjpa-lib/src/main/java/org/apache/openjpa/lib/rop/RangeResultObjectProvider.java","4"
"8","1.0.3","37d610ca2ccf499479ea0cfb36ca91fcc5e0946e","3774095d-037b-4979-a16d-d8c95ec5c926","3868b13971a77e941a6671a9b9802d0d60d284a4","openjpa-lib/src/main/java/org/apache/openjpa/lib/rop/ResultList.java","0"
"8","1.0.3","37d610ca2ccf499479ea0cfb36ca91fcc5e0946e","3774095d-037b-4979-a16d-d8c95ec5c926","3868b13971a77e941a6671a9b9802d0d60d284a4","openjpa-lib/src/main/java/org/apache/openjpa/lib/rop/ResultListIterator.java","2"
"8","1.0.3","37d610ca2ccf499479ea0cfb36ca91fcc5e0946e","3774095d-037b-4979-a16d-d8c95ec5c926","3868b13971a77e941a6671a9b9802d0d60d284a4","openjpa-lib/src/main/java/org/apache/openjpa/lib/rop/ResultObjectProvider.java","6"
"8","1.0.3","37d610ca2ccf499479ea0cfb36ca91fcc5e0946e","3774095d-037b-4979-a16d-d8c95ec5c926","3868b13971a77e941a6671a9b9802d0d60d284a4","openjpa-lib/src/main/java/org/apache/openjpa/lib/rop/ResultObjectProviderIterator.java","6"
"8","1.0.3","37d610ca2ccf499479ea0cfb36ca91fcc5e0946e","3774095d-037b-4979-a16d-d8c95ec5c926","3868b13971a77e941a6671a9b9802d0d60d284a4","openjpa-lib/src/main/java/org/apache/openjpa/lib/rop/SimpleResultList.java","4"
"8","1.0.3","37d610ca2ccf499479ea0cfb36ca91fcc5e0946e","3774095d-037b-4979-a16d-d8c95ec5c926","3868b13971a77e941a6671a9b9802d0d60d284a4","openjpa-lib/src/main/java/org/apache/openjpa/lib/rop/SoftRandomAccessResultList.java","1"
"8","1.0.3","37d610ca2ccf499479ea0cfb36ca91fcc5e0946e","3774095d-037b-4979-a16d-d8c95ec5c926","3868b13971a77e941a6671a9b9802d0d60d284a4","openjpa-lib/src/main/java/org/apache/openjpa/lib/rop/WindowResultList.java","10"
"8","1.0.3","37d610ca2ccf499479ea0cfb36ca91fcc5e0946e","3774095d-037b-4979-a16d-d8c95ec5c926","3868b13971a77e941a6671a9b9802d0d60d284a4","openjpa-lib/src/main/java/org/apache/openjpa/lib/util/Base16Encoder.java","3"
"8","1.0.3","37d610ca2ccf499479ea0cfb36ca91fcc5e0946e","3774095d-037b-4979-a16d-d8c95ec5c926","3868b13971a77e941a6671a9b9802d0d60d284a4","openjpa-lib/src/main/java/org/apache/openjpa/lib/util/BytecodeWriter.java","0"
"8","1.0.3","37d610ca2ccf499479ea0cfb36ca91fcc5e0946e","3774095d-037b-4979-a16d-d8c95ec5c926","3868b13971a77e941a6671a9b9802d0d60d284a4","openjpa-lib/src/main/java/org/apache/openjpa/lib/util/Bytes.java","0"
"8","1.0.3","37d610ca2ccf499479ea0cfb36ca91fcc5e0946e","3774095d-037b-4979-a16d-d8c95ec5c926","3868b13971a77e941a6671a9b9802d0d60d284a4","openjpa-lib/src/main/java/org/apache/openjpa/lib/util/Closeable.java","1"
"8","1.0.3","37d610ca2ccf499479ea0cfb36ca91fcc5e0946e","3774095d-037b-4979-a16d-d8c95ec5c926","3868b13971a77e941a6671a9b9802d0d60d284a4","openjpa-lib/src/main/java/org/apache/openjpa/lib/util/CodeFormat.java","11"
"8","1.0.3","37d610ca2ccf499479ea0cfb36ca91fcc5e0946e","3774095d-037b-4979-a16d-d8c95ec5c926","3868b13971a77e941a6671a9b9802d0d60d284a4","openjpa-lib/src/main/java/org/apache/openjpa/lib/util/EventManager.java","0"
"8","1.0.3","37d610ca2ccf499479ea0cfb36ca91fcc5e0946e","3774095d-037b-4979-a16d-d8c95ec5c926","3868b13971a77e941a6671a9b9802d0d60d284a4","openjpa-lib/src/main/java/org/apache/openjpa/lib/util/Files.java","7"
"8","1.0.3","37d610ca2ccf499479ea0cfb36ca91fcc5e0946e","3774095d-037b-4979-a16d-d8c95ec5c926","3868b13971a77e941a6671a9b9802d0d60d284a4","openjpa-lib/src/main/java/org/apache/openjpa/lib/util/FormatPreservingProperties.java","29"
"8","1.0.3","37d610ca2ccf499479ea0cfb36ca91fcc5e0946e","3774095d-037b-4979-a16d-d8c95ec5c926","3868b13971a77e941a6671a9b9802d0d60d284a4","openjpa-lib/src/main/java/org/apache/openjpa/lib/util/J2DoPriv5Helper.java","0"
"8","1.0.3","37d610ca2ccf499479ea0cfb36ca91fcc5e0946e","3774095d-037b-4979-a16d-d8c95ec5c926","3868b13971a77e941a6671a9b9802d0d60d284a4","openjpa-lib/src/main/java/org/apache/openjpa/lib/util/J2DoPrivHelper.java","19"
"8","1.0.3","37d610ca2ccf499479ea0cfb36ca91fcc5e0946e","3774095d-037b-4979-a16d-d8c95ec5c926","3868b13971a77e941a6671a9b9802d0d60d284a4","openjpa-lib/src/main/java/org/apache/openjpa/lib/util/JavaVersions.java","16"
"8","1.0.3","37d610ca2ccf499479ea0cfb36ca91fcc5e0946e","3774095d-037b-4979-a16d-d8c95ec5c926","3868b13971a77e941a6671a9b9802d0d60d284a4","openjpa-lib/src/main/java/org/apache/openjpa/lib/util/LRUMap.java","3"
"8","1.0.3","37d610ca2ccf499479ea0cfb36ca91fcc5e0946e","3774095d-037b-4979-a16d-d8c95ec5c926","3868b13971a77e941a6671a9b9802d0d60d284a4","openjpa-lib/src/main/java/org/apache/openjpa/lib/util/Localizer.java","10"
"8","1.0.3","37d610ca2ccf499479ea0cfb36ca91fcc5e0946e","3774095d-037b-4979-a16d-d8c95ec5c926","3868b13971a77e941a6671a9b9802d0d60d284a4","openjpa-lib/src/main/java/org/apache/openjpa/lib/util/MultiClassLoader.java","6"
"8","1.0.3","37d610ca2ccf499479ea0cfb36ca91fcc5e0946e","3774095d-037b-4979-a16d-d8c95ec5c926","3868b13971a77e941a6671a9b9802d0d60d284a4","openjpa-lib/src/main/java/org/apache/openjpa/lib/util/Options.java","22"
"8","1.0.3","37d610ca2ccf499479ea0cfb36ca91fcc5e0946e","3774095d-037b-4979-a16d-d8c95ec5c926","3868b13971a77e941a6671a9b9802d0d60d284a4","openjpa-lib/src/main/java/org/apache/openjpa/lib/util/ParameterTemplate.java","5"
"8","1.0.3","37d610ca2ccf499479ea0cfb36ca91fcc5e0946e","3774095d-037b-4979-a16d-d8c95ec5c926","3868b13971a77e941a6671a9b9802d0d60d284a4","openjpa-lib/src/main/java/org/apache/openjpa/lib/util/ParseException.java","0"
"8","1.0.3","37d610ca2ccf499479ea0cfb36ca91fcc5e0946e","3774095d-037b-4979-a16d-d8c95ec5c926","3868b13971a77e941a6671a9b9802d0d60d284a4","openjpa-lib/src/main/java/org/apache/openjpa/lib/util/ReferenceHashMap.java","5"
"8","1.0.3","37d610ca2ccf499479ea0cfb36ca91fcc5e0946e","3774095d-037b-4979-a16d-d8c95ec5c926","3868b13971a77e941a6671a9b9802d0d60d284a4","openjpa-lib/src/main/java/org/apache/openjpa/lib/util/ReferenceHashSet.java","2"
"8","1.0.3","37d610ca2ccf499479ea0cfb36ca91fcc5e0946e","3774095d-037b-4979-a16d-d8c95ec5c926","3868b13971a77e941a6671a9b9802d0d60d284a4","openjpa-lib/src/main/java/org/apache/openjpa/lib/util/ReferenceMap.java","0"
"8","1.0.3","37d610ca2ccf499479ea0cfb36ca91fcc5e0946e","3774095d-037b-4979-a16d-d8c95ec5c926","3868b13971a77e941a6671a9b9802d0d60d284a4","openjpa-lib/src/main/java/org/apache/openjpa/lib/util/ResourceBundleProvider.java","0"
"8","1.0.3","37d610ca2ccf499479ea0cfb36ca91fcc5e0946e","3774095d-037b-4979-a16d-d8c95ec5c926","3868b13971a77e941a6671a9b9802d0d60d284a4","openjpa-lib/src/main/java/org/apache/openjpa/lib/util/Services.java","4"
"8","1.0.3","37d610ca2ccf499479ea0cfb36ca91fcc5e0946e","3774095d-037b-4979-a16d-d8c95ec5c926","3868b13971a77e941a6671a9b9802d0d60d284a4","openjpa-lib/src/main/java/org/apache/openjpa/lib/util/SimpleRegex.java","2"
"8","1.0.3","37d610ca2ccf499479ea0cfb36ca91fcc5e0946e","3774095d-037b-4979-a16d-d8c95ec5c926","3868b13971a77e941a6671a9b9802d0d60d284a4","openjpa-lib/src/main/java/org/apache/openjpa/lib/util/SimpleResourceBundleProvider.java","4"
"8","1.0.3","37d610ca2ccf499479ea0cfb36ca91fcc5e0946e","3774095d-037b-4979-a16d-d8c95ec5c926","3868b13971a77e941a6671a9b9802d0d60d284a4","openjpa-lib/src/main/java/org/apache/openjpa/lib/util/SizedMap.java","0"
"8","1.0.3","37d610ca2ccf499479ea0cfb36ca91fcc5e0946e","3774095d-037b-4979-a16d-d8c95ec5c926","3868b13971a77e941a6671a9b9802d0d60d284a4","openjpa-lib/src/main/java/org/apache/openjpa/lib/util/StreamResourceBundleProvider.java","2"
"8","1.0.3","37d610ca2ccf499479ea0cfb36ca91fcc5e0946e","3774095d-037b-4979-a16d-d8c95ec5c926","3868b13971a77e941a6671a9b9802d0d60d284a4","openjpa-lib/src/main/java/org/apache/openjpa/lib/util/StringDistance.java","1"
"8","1.0.3","37d610ca2ccf499479ea0cfb36ca91fcc5e0946e","3774095d-037b-4979-a16d-d8c95ec5c926","3868b13971a77e941a6671a9b9802d0d60d284a4","openjpa-lib/src/main/java/org/apache/openjpa/lib/util/TemporaryClassLoader.java","3"
"8","1.0.3","37d610ca2ccf499479ea0cfb36ca91fcc5e0946e","3774095d-037b-4979-a16d-d8c95ec5c926","3868b13971a77e941a6671a9b9802d0d60d284a4","openjpa-lib/src/main/java/org/apache/openjpa/lib/util/TimestampHelper.java","5"
"8","1.0.3","37d610ca2ccf499479ea0cfb36ca91fcc5e0946e","3774095d-037b-4979-a16d-d8c95ec5c926","3868b13971a77e941a6671a9b9802d0d60d284a4","openjpa-lib/src/main/java/org/apache/openjpa/lib/util/TypedProperties.java","1"
"8","1.0.3","37d610ca2ccf499479ea0cfb36ca91fcc5e0946e","3774095d-037b-4979-a16d-d8c95ec5c926","3868b13971a77e941a6671a9b9802d0d60d284a4","openjpa-lib/src/main/java/org/apache/openjpa/lib/util/UUIDGenerator.java","2"
"8","1.0.3","37d610ca2ccf499479ea0cfb36ca91fcc5e0946e","3774095d-037b-4979-a16d-d8c95ec5c926","3868b13971a77e941a6671a9b9802d0d60d284a4","openjpa-lib/src/main/java/org/apache/openjpa/lib/util/ZipResourceBundleProvider.java","2"
"8","1.0.3","37d610ca2ccf499479ea0cfb36ca91fcc5e0946e","3774095d-037b-4979-a16d-d8c95ec5c926","3868b13971a77e941a6671a9b9802d0d60d284a4","openjpa-lib/src/main/java/org/apache/openjpa/lib/util/concurrent/AbstractConcurrentEventManager.java","5"
"8","1.0.3","37d610ca2ccf499479ea0cfb36ca91fcc5e0946e","3774095d-037b-4979-a16d-d8c95ec5c926","3868b13971a77e941a6671a9b9802d0d60d284a4","openjpa-lib/src/main/java/org/apache/openjpa/lib/util/concurrent/ConcurrentHashMap.java","44"
"8","1.0.3","37d610ca2ccf499479ea0cfb36ca91fcc5e0946e","3774095d-037b-4979-a16d-d8c95ec5c926","3868b13971a77e941a6671a9b9802d0d60d284a4","openjpa-lib/src/main/java/org/apache/openjpa/lib/util/concurrent/ConcurrentMap.java","0"
"8","1.0.3","37d610ca2ccf499479ea0cfb36ca91fcc5e0946e","3774095d-037b-4979-a16d-d8c95ec5c926","3868b13971a77e941a6671a9b9802d0d60d284a4","openjpa-lib/src/main/java/org/apache/openjpa/lib/util/concurrent/ConcurrentReferenceHashMap.java","52"
"8","1.0.3","37d610ca2ccf499479ea0cfb36ca91fcc5e0946e","3774095d-037b-4979-a16d-d8c95ec5c926","3868b13971a77e941a6671a9b9802d0d60d284a4","openjpa-lib/src/main/java/org/apache/openjpa/lib/util/concurrent/ConcurrentReferenceHashSet.java","5"
"8","1.0.3","37d610ca2ccf499479ea0cfb36ca91fcc5e0946e","3774095d-037b-4979-a16d-d8c95ec5c926","3868b13971a77e941a6671a9b9802d0d60d284a4","openjpa-lib/src/main/java/org/apache/openjpa/lib/util/concurrent/NullSafeConcurrentHashMap.java","7"
"8","1.0.3","37d610ca2ccf499479ea0cfb36ca91fcc5e0946e","3774095d-037b-4979-a16d-d8c95ec5c926","3868b13971a77e941a6671a9b9802d0d60d284a4","openjpa-lib/src/main/java/org/apache/openjpa/lib/util/concurrent/SizedConcurrentHashMap.java","5"
"8","1.0.3","37d610ca2ccf499479ea0cfb36ca91fcc5e0946e","3774095d-037b-4979-a16d-d8c95ec5c926","3868b13971a77e941a6671a9b9802d0d60d284a4","openjpa-lib/src/main/java/org/apache/openjpa/lib/xml/Commentable.java","0"
"8","1.0.3","37d610ca2ccf499479ea0cfb36ca91fcc5e0946e","3774095d-037b-4979-a16d-d8c95ec5c926","3868b13971a77e941a6671a9b9802d0d60d284a4","openjpa-lib/src/main/java/org/apache/openjpa/lib/xml/DocTypeReader.java","13"
"8","1.0.3","37d610ca2ccf499479ea0cfb36ca91fcc5e0946e","3774095d-037b-4979-a16d-d8c95ec5c926","3868b13971a77e941a6671a9b9802d0d60d284a4","openjpa-lib/src/main/java/org/apache/openjpa/lib/xml/Location.java","3"
"8","1.0.3","37d610ca2ccf499479ea0cfb36ca91fcc5e0946e","3774095d-037b-4979-a16d-d8c95ec5c926","3868b13971a77e941a6671a9b9802d0d60d284a4","openjpa-lib/src/main/java/org/apache/openjpa/lib/xml/ValidatingErrorHandler.java","0"
"8","1.0.3","37d610ca2ccf499479ea0cfb36ca91fcc5e0946e","3774095d-037b-4979-a16d-d8c95ec5c926","3868b13971a77e941a6671a9b9802d0d60d284a4","openjpa-lib/src/main/java/org/apache/openjpa/lib/xml/XMLFactory.java","1"
"8","1.0.3","37d610ca2ccf499479ea0cfb36ca91fcc5e0946e","3774095d-037b-4979-a16d-d8c95ec5c926","3868b13971a77e941a6671a9b9802d0d60d284a4","openjpa-lib/src/main/java/org/apache/openjpa/lib/xml/XMLWriter.java","8"
"8","1.0.3","37d610ca2ccf499479ea0cfb36ca91fcc5e0946e","3774095d-037b-4979-a16d-d8c95ec5c926","3868b13971a77e941a6671a9b9802d0d60d284a4","openjpa-persistence-jdbc/src/main/java/org/apache/openjpa/persistence/jdbc/AnnotationPersistenceMappingParser.java","22"
"8","1.0.3","37d610ca2ccf499479ea0cfb36ca91fcc5e0946e","3774095d-037b-4979-a16d-d8c95ec5c926","3868b13971a77e941a6671a9b9802d0d60d284a4","openjpa-persistence-jdbc/src/main/java/org/apache/openjpa/persistence/jdbc/AnnotationPersistenceMappingSerializer.java","32"
"8","1.0.3","37d610ca2ccf499479ea0cfb36ca91fcc5e0946e","3774095d-037b-4979-a16d-d8c95ec5c926","3868b13971a77e941a6671a9b9802d0d60d284a4","openjpa-persistence-jdbc/src/main/java/org/apache/openjpa/persistence/jdbc/ClassCriteria.java","0"
"8","1.0.3","37d610ca2ccf499479ea0cfb36ca91fcc5e0946e","3774095d-037b-4979-a16d-d8c95ec5c926","3868b13971a77e941a6671a9b9802d0d60d284a4","openjpa-persistence-jdbc/src/main/java/org/apache/openjpa/persistence/jdbc/Columns.java","0"
"8","1.0.3","37d610ca2ccf499479ea0cfb36ca91fcc5e0946e","3774095d-037b-4979-a16d-d8c95ec5c926","3868b13971a77e941a6671a9b9802d0d60d284a4","openjpa-persistence-jdbc/src/main/java/org/apache/openjpa/persistence/jdbc/ContainerTable.java","0"
"8","1.0.3","37d610ca2ccf499479ea0cfb36ca91fcc5e0946e","3774095d-037b-4979-a16d-d8c95ec5c926","3868b13971a77e941a6671a9b9802d0d60d284a4","openjpa-persistence-jdbc/src/main/java/org/apache/openjpa/persistence/jdbc/DataStoreIdColumn.java","0"
"8","1.0.3","37d610ca2ccf499479ea0cfb36ca91fcc5e0946e","3774095d-037b-4979-a16d-d8c95ec5c926","3868b13971a77e941a6671a9b9802d0d60d284a4","openjpa-persistence-jdbc/src/main/java/org/apache/openjpa/persistence/jdbc/DiscriminatorStrategy.java","0"
"8","1.0.3","37d610ca2ccf499479ea0cfb36ca91fcc5e0946e","3774095d-037b-4979-a16d-d8c95ec5c926","3868b13971a77e941a6671a9b9802d0d60d284a4","openjpa-persistence-jdbc/src/main/java/org/apache/openjpa/persistence/jdbc/EagerFetchMode.java","0"
"8","1.0.3","37d610ca2ccf499479ea0cfb36ca91fcc5e0946e","3774095d-037b-4979-a16d-d8c95ec5c926","3868b13971a77e941a6671a9b9802d0d60d284a4","openjpa-persistence-jdbc/src/main/java/org/apache/openjpa/persistence/jdbc/ElementClassCriteria.java","0"
"8","1.0.3","37d610ca2ccf499479ea0cfb36ca91fcc5e0946e","3774095d-037b-4979-a16d-d8c95ec5c926","3868b13971a77e941a6671a9b9802d0d60d284a4","openjpa-persistence-jdbc/src/main/java/org/apache/openjpa/persistence/jdbc/ElementColumn.java","0"
"8","1.0.3","37d610ca2ccf499479ea0cfb36ca91fcc5e0946e","3774095d-037b-4979-a16d-d8c95ec5c926","3868b13971a77e941a6671a9b9802d0d60d284a4","openjpa-persistence-jdbc/src/main/java/org/apache/openjpa/persistence/jdbc/ElementColumns.java","0"
"8","1.0.3","37d610ca2ccf499479ea0cfb36ca91fcc5e0946e","3774095d-037b-4979-a16d-d8c95ec5c926","3868b13971a77e941a6671a9b9802d0d60d284a4","openjpa-persistence-jdbc/src/main/java/org/apache/openjpa/persistence/jdbc/ElementEmbeddedMapping.java","0"
"8","1.0.3","37d610ca2ccf499479ea0cfb36ca91fcc5e0946e","3774095d-037b-4979-a16d-d8c95ec5c926","3868b13971a77e941a6671a9b9802d0d60d284a4","openjpa-persistence-jdbc/src/main/java/org/apache/openjpa/persistence/jdbc/ElementForeignKey.java","0"
"8","1.0.3","37d610ca2ccf499479ea0cfb36ca91fcc5e0946e","3774095d-037b-4979-a16d-d8c95ec5c926","3868b13971a77e941a6671a9b9802d0d60d284a4","openjpa-persistence-jdbc/src/main/java/org/apache/openjpa/persistence/jdbc/ElementIndex.java","0"
"8","1.0.3","37d610ca2ccf499479ea0cfb36ca91fcc5e0946e","3774095d-037b-4979-a16d-d8c95ec5c926","3868b13971a77e941a6671a9b9802d0d60d284a4","openjpa-persistence-jdbc/src/main/java/org/apache/openjpa/persistence/jdbc/ElementJoinColumn.java","0"
"8","1.0.3","37d610ca2ccf499479ea0cfb36ca91fcc5e0946e","3774095d-037b-4979-a16d-d8c95ec5c926","3868b13971a77e941a6671a9b9802d0d60d284a4","openjpa-persistence-jdbc/src/main/java/org/apache/openjpa/persistence/jdbc/ElementJoinColumns.java","0"
"8","1.0.3","37d610ca2ccf499479ea0cfb36ca91fcc5e0946e","3774095d-037b-4979-a16d-d8c95ec5c926","3868b13971a77e941a6671a9b9802d0d60d284a4","openjpa-persistence-jdbc/src/main/java/org/apache/openjpa/persistence/jdbc/ElementNonpolymorphic.java","0"
"8","1.0.3","37d610ca2ccf499479ea0cfb36ca91fcc5e0946e","3774095d-037b-4979-a16d-d8c95ec5c926","3868b13971a77e941a6671a9b9802d0d60d284a4","openjpa-persistence-jdbc/src/main/java/org/apache/openjpa/persistence/jdbc/ElementStrategy.java","0"
"8","1.0.3","37d610ca2ccf499479ea0cfb36ca91fcc5e0946e","3774095d-037b-4979-a16d-d8c95ec5c926","3868b13971a77e941a6671a9b9802d0d60d284a4","openjpa-persistence-jdbc/src/main/java/org/apache/openjpa/persistence/jdbc/EmbeddedMapping.java","0"
"8","1.0.3","37d610ca2ccf499479ea0cfb36ca91fcc5e0946e","3774095d-037b-4979-a16d-d8c95ec5c926","3868b13971a77e941a6671a9b9802d0d60d284a4","openjpa-persistence-jdbc/src/main/java/org/apache/openjpa/persistence/jdbc/FetchDirection.java","0"
"8","1.0.3","37d610ca2ccf499479ea0cfb36ca91fcc5e0946e","3774095d-037b-4979-a16d-d8c95ec5c926","3868b13971a77e941a6671a9b9802d0d60d284a4","openjpa-persistence-jdbc/src/main/java/org/apache/openjpa/persistence/jdbc/FetchMode.java","0"
"8","1.0.3","37d610ca2ccf499479ea0cfb36ca91fcc5e0946e","3774095d-037b-4979-a16d-d8c95ec5c926","3868b13971a77e941a6671a9b9802d0d60d284a4","openjpa-persistence-jdbc/src/main/java/org/apache/openjpa/persistence/jdbc/ForeignKey.java","0"
"8","1.0.3","37d610ca2ccf499479ea0cfb36ca91fcc5e0946e","3774095d-037b-4979-a16d-d8c95ec5c926","3868b13971a77e941a6671a9b9802d0d60d284a4","openjpa-persistence-jdbc/src/main/java/org/apache/openjpa/persistence/jdbc/ForeignKeyAction.java","0"
"8","1.0.3","37d610ca2ccf499479ea0cfb36ca91fcc5e0946e","3774095d-037b-4979-a16d-d8c95ec5c926","3868b13971a77e941a6671a9b9802d0d60d284a4","openjpa-persistence-jdbc/src/main/java/org/apache/openjpa/persistence/jdbc/Index.java","0"
"8","1.0.3","37d610ca2ccf499479ea0cfb36ca91fcc5e0946e","3774095d-037b-4979-a16d-d8c95ec5c926","3868b13971a77e941a6671a9b9802d0d60d284a4","openjpa-persistence-jdbc/src/main/java/org/apache/openjpa/persistence/jdbc/IsolationLevel.java","3"
"8","1.0.3","37d610ca2ccf499479ea0cfb36ca91fcc5e0946e","3774095d-037b-4979-a16d-d8c95ec5c926","3868b13971a77e941a6671a9b9802d0d60d284a4","openjpa-persistence-jdbc/src/main/java/org/apache/openjpa/persistence/jdbc/JDBCFetchPlan.java","16"
"8","1.0.3","37d610ca2ccf499479ea0cfb36ca91fcc5e0946e","3774095d-037b-4979-a16d-d8c95ec5c926","3868b13971a77e941a6671a9b9802d0d60d284a4","openjpa-persistence-jdbc/src/main/java/org/apache/openjpa/persistence/jdbc/JDBCFetchPlanImpl.java","2"
"8","1.0.3","37d610ca2ccf499479ea0cfb36ca91fcc5e0946e","3774095d-037b-4979-a16d-d8c95ec5c926","3868b13971a77e941a6671a9b9802d0d60d284a4","openjpa-persistence-jdbc/src/main/java/org/apache/openjpa/persistence/jdbc/JDBCPersistenceProductDerivation.java","1"
"8","1.0.3","37d610ca2ccf499479ea0cfb36ca91fcc5e0946e","3774095d-037b-4979-a16d-d8c95ec5c926","3868b13971a77e941a6671a9b9802d0d60d284a4","openjpa-persistence-jdbc/src/main/java/org/apache/openjpa/persistence/jdbc/JoinSyntax.java","0"
"8","1.0.3","37d610ca2ccf499479ea0cfb36ca91fcc5e0946e","3774095d-037b-4979-a16d-d8c95ec5c926","3868b13971a77e941a6671a9b9802d0d60d284a4","openjpa-persistence-jdbc/src/main/java/org/apache/openjpa/persistence/jdbc/KeyClassCriteria.java","0"
"8","1.0.3","37d610ca2ccf499479ea0cfb36ca91fcc5e0946e","3774095d-037b-4979-a16d-d8c95ec5c926","3868b13971a77e941a6671a9b9802d0d60d284a4","openjpa-persistence-jdbc/src/main/java/org/apache/openjpa/persistence/jdbc/KeyColumn.java","0"
"8","1.0.3","37d610ca2ccf499479ea0cfb36ca91fcc5e0946e","3774095d-037b-4979-a16d-d8c95ec5c926","3868b13971a77e941a6671a9b9802d0d60d284a4","openjpa-persistence-jdbc/src/main/java/org/apache/openjpa/persistence/jdbc/KeyColumns.java","0"
"8","1.0.3","37d610ca2ccf499479ea0cfb36ca91fcc5e0946e","3774095d-037b-4979-a16d-d8c95ec5c926","3868b13971a77e941a6671a9b9802d0d60d284a4","openjpa-persistence-jdbc/src/main/java/org/apache/openjpa/persistence/jdbc/KeyEmbeddedMapping.java","0"
"8","1.0.3","37d610ca2ccf499479ea0cfb36ca91fcc5e0946e","3774095d-037b-4979-a16d-d8c95ec5c926","3868b13971a77e941a6671a9b9802d0d60d284a4","openjpa-persistence-jdbc/src/main/java/org/apache/openjpa/persistence/jdbc/KeyForeignKey.java","0"
"8","1.0.3","37d610ca2ccf499479ea0cfb36ca91fcc5e0946e","3774095d-037b-4979-a16d-d8c95ec5c926","3868b13971a77e941a6671a9b9802d0d60d284a4","openjpa-persistence-jdbc/src/main/java/org/apache/openjpa/persistence/jdbc/KeyIndex.java","0"
"8","1.0.3","37d610ca2ccf499479ea0cfb36ca91fcc5e0946e","3774095d-037b-4979-a16d-d8c95ec5c926","3868b13971a77e941a6671a9b9802d0d60d284a4","openjpa-persistence-jdbc/src/main/java/org/apache/openjpa/persistence/jdbc/KeyJoinColumn.java","0"
"8","1.0.3","37d610ca2ccf499479ea0cfb36ca91fcc5e0946e","3774095d-037b-4979-a16d-d8c95ec5c926","3868b13971a77e941a6671a9b9802d0d60d284a4","openjpa-persistence-jdbc/src/main/java/org/apache/openjpa/persistence/jdbc/KeyJoinColumns.java","0"
"8","1.0.3","37d610ca2ccf499479ea0cfb36ca91fcc5e0946e","3774095d-037b-4979-a16d-d8c95ec5c926","3868b13971a77e941a6671a9b9802d0d60d284a4","openjpa-persistence-jdbc/src/main/java/org/apache/openjpa/persistence/jdbc/KeyNonpolymorphic.java","0"
"8","1.0.3","37d610ca2ccf499479ea0cfb36ca91fcc5e0946e","3774095d-037b-4979-a16d-d8c95ec5c926","3868b13971a77e941a6671a9b9802d0d60d284a4","openjpa-persistence-jdbc/src/main/java/org/apache/openjpa/persistence/jdbc/KeyStrategy.java","0"
"8","1.0.3","37d610ca2ccf499479ea0cfb36ca91fcc5e0946e","3774095d-037b-4979-a16d-d8c95ec5c926","3868b13971a77e941a6671a9b9802d0d60d284a4","openjpa-persistence-jdbc/src/main/java/org/apache/openjpa/persistence/jdbc/LRSSizeAlgorithm.java","0"
"8","1.0.3","37d610ca2ccf499479ea0cfb36ca91fcc5e0946e","3774095d-037b-4979-a16d-d8c95ec5c926","3868b13971a77e941a6671a9b9802d0d60d284a4","openjpa-persistence-jdbc/src/main/java/org/apache/openjpa/persistence/jdbc/MappingOverride.java","0"
"8","1.0.3","37d610ca2ccf499479ea0cfb36ca91fcc5e0946e","3774095d-037b-4979-a16d-d8c95ec5c926","3868b13971a77e941a6671a9b9802d0d60d284a4","openjpa-persistence-jdbc/src/main/java/org/apache/openjpa/persistence/jdbc/MappingOverrides.java","0"
"8","1.0.3","37d610ca2ccf499479ea0cfb36ca91fcc5e0946e","3774095d-037b-4979-a16d-d8c95ec5c926","3868b13971a77e941a6671a9b9802d0d60d284a4","openjpa-persistence-jdbc/src/main/java/org/apache/openjpa/persistence/jdbc/MappingTag.java","0"
"8","1.0.3","37d610ca2ccf499479ea0cfb36ca91fcc5e0946e","3774095d-037b-4979-a16d-d8c95ec5c926","3868b13971a77e941a6671a9b9802d0d60d284a4","openjpa-persistence-jdbc/src/main/java/org/apache/openjpa/persistence/jdbc/Nonpolymorphic.java","0"
"8","1.0.3","37d610ca2ccf499479ea0cfb36ca91fcc5e0946e","3774095d-037b-4979-a16d-d8c95ec5c926","3868b13971a77e941a6671a9b9802d0d60d284a4","openjpa-persistence-jdbc/src/main/java/org/apache/openjpa/persistence/jdbc/NonpolymorphicType.java","0"
"8","1.0.3","37d610ca2ccf499479ea0cfb36ca91fcc5e0946e","3774095d-037b-4979-a16d-d8c95ec5c926","3868b13971a77e941a6671a9b9802d0d60d284a4","openjpa-persistence-jdbc/src/main/java/org/apache/openjpa/persistence/jdbc/OrderColumn.java","0"
"8","1.0.3","37d610ca2ccf499479ea0cfb36ca91fcc5e0946e","3774095d-037b-4979-a16d-d8c95ec5c926","3868b13971a77e941a6671a9b9802d0d60d284a4","openjpa-persistence-jdbc/src/main/java/org/apache/openjpa/persistence/jdbc/PersistenceMappingDefaults.java","1"
"8","1.0.3","37d610ca2ccf499479ea0cfb36ca91fcc5e0946e","3774095d-037b-4979-a16d-d8c95ec5c926","3868b13971a77e941a6671a9b9802d0d60d284a4","openjpa-persistence-jdbc/src/main/java/org/apache/openjpa/persistence/jdbc/PersistenceMappingFactory.java","2"
"8","1.0.3","37d610ca2ccf499479ea0cfb36ca91fcc5e0946e","3774095d-037b-4979-a16d-d8c95ec5c926","3868b13971a77e941a6671a9b9802d0d60d284a4","openjpa-persistence-jdbc/src/main/java/org/apache/openjpa/persistence/jdbc/ResultSetType.java","0"
"8","1.0.3","37d610ca2ccf499479ea0cfb36ca91fcc5e0946e","3774095d-037b-4979-a16d-d8c95ec5c926","3868b13971a77e941a6671a9b9802d0d60d284a4","openjpa-persistence-jdbc/src/main/java/org/apache/openjpa/persistence/jdbc/Strategy.java","0"
"8","1.0.3","37d610ca2ccf499479ea0cfb36ca91fcc5e0946e","3774095d-037b-4979-a16d-d8c95ec5c926","3868b13971a77e941a6671a9b9802d0d60d284a4","openjpa-persistence-jdbc/src/main/java/org/apache/openjpa/persistence/jdbc/SubclassFetchMode.java","0"
"8","1.0.3","37d610ca2ccf499479ea0cfb36ca91fcc5e0946e","3774095d-037b-4979-a16d-d8c95ec5c926","3868b13971a77e941a6671a9b9802d0d60d284a4","openjpa-persistence-jdbc/src/main/java/org/apache/openjpa/persistence/jdbc/Unique.java","0"
"8","1.0.3","37d610ca2ccf499479ea0cfb36ca91fcc5e0946e","3774095d-037b-4979-a16d-d8c95ec5c926","3868b13971a77e941a6671a9b9802d0d60d284a4","openjpa-persistence-jdbc/src/main/java/org/apache/openjpa/persistence/jdbc/VersionColumn.java","0"
"8","1.0.3","37d610ca2ccf499479ea0cfb36ca91fcc5e0946e","3774095d-037b-4979-a16d-d8c95ec5c926","3868b13971a77e941a6671a9b9802d0d60d284a4","openjpa-persistence-jdbc/src/main/java/org/apache/openjpa/persistence/jdbc/VersionColumns.java","0"
"8","1.0.3","37d610ca2ccf499479ea0cfb36ca91fcc5e0946e","3774095d-037b-4979-a16d-d8c95ec5c926","3868b13971a77e941a6671a9b9802d0d60d284a4","openjpa-persistence-jdbc/src/main/java/org/apache/openjpa/persistence/jdbc/VersionStrategy.java","0"
"8","1.0.3","37d610ca2ccf499479ea0cfb36ca91fcc5e0946e","3774095d-037b-4979-a16d-d8c95ec5c926","3868b13971a77e941a6671a9b9802d0d60d284a4","openjpa-persistence-jdbc/src/main/java/org/apache/openjpa/persistence/jdbc/XEmbeddedMapping.java","0"
"8","1.0.3","37d610ca2ccf499479ea0cfb36ca91fcc5e0946e","3774095d-037b-4979-a16d-d8c95ec5c926","3868b13971a77e941a6671a9b9802d0d60d284a4","openjpa-persistence-jdbc/src/main/java/org/apache/openjpa/persistence/jdbc/XJoinColumn.java","0"
"8","1.0.3","37d610ca2ccf499479ea0cfb36ca91fcc5e0946e","3774095d-037b-4979-a16d-d8c95ec5c926","3868b13971a77e941a6671a9b9802d0d60d284a4","openjpa-persistence-jdbc/src/main/java/org/apache/openjpa/persistence/jdbc/XJoinColumns.java","0"
"8","1.0.3","37d610ca2ccf499479ea0cfb36ca91fcc5e0946e","3774095d-037b-4979-a16d-d8c95ec5c926","3868b13971a77e941a6671a9b9802d0d60d284a4","openjpa-persistence-jdbc/src/main/java/org/apache/openjpa/persistence/jdbc/XMLPersistenceMappingParser.java","36"
"8","1.0.3","37d610ca2ccf499479ea0cfb36ca91fcc5e0946e","3774095d-037b-4979-a16d-d8c95ec5c926","3868b13971a77e941a6671a9b9802d0d60d284a4","openjpa-persistence-jdbc/src/main/java/org/apache/openjpa/persistence/jdbc/XMLPersistenceMappingSerializer.java","30"
"8","1.0.3","37d610ca2ccf499479ea0cfb36ca91fcc5e0946e","3774095d-037b-4979-a16d-d8c95ec5c926","3868b13971a77e941a6671a9b9802d0d60d284a4","openjpa-persistence-jdbc/src/main/java/org/apache/openjpa/persistence/jdbc/XMappingOverride.java","0"
"8","1.0.3","37d610ca2ccf499479ea0cfb36ca91fcc5e0946e","3774095d-037b-4979-a16d-d8c95ec5c926","3868b13971a77e941a6671a9b9802d0d60d284a4","openjpa-persistence-jdbc/src/main/java/org/apache/openjpa/persistence/jdbc/XMappingOverrides.java","0"
"8","1.0.3","37d610ca2ccf499479ea0cfb36ca91fcc5e0946e","3774095d-037b-4979-a16d-d8c95ec5c926","3868b13971a77e941a6671a9b9802d0d60d284a4","openjpa-persistence-jdbc/src/main/java/org/apache/openjpa/persistence/jdbc/XSecondaryTable.java","0"
"8","1.0.3","37d610ca2ccf499479ea0cfb36ca91fcc5e0946e","3774095d-037b-4979-a16d-d8c95ec5c926","3868b13971a77e941a6671a9b9802d0d60d284a4","openjpa-persistence-jdbc/src/main/java/org/apache/openjpa/persistence/jdbc/XSecondaryTables.java","0"
"8","1.0.3","37d610ca2ccf499479ea0cfb36ca91fcc5e0946e","3774095d-037b-4979-a16d-d8c95ec5c926","3868b13971a77e941a6671a9b9802d0d60d284a4","openjpa-persistence-jdbc/src/main/java/org/apache/openjpa/persistence/jdbc/XTable.java","0"
"8","1.0.3","37d610ca2ccf499479ea0cfb36ca91fcc5e0946e","3774095d-037b-4979-a16d-d8c95ec5c926","3868b13971a77e941a6671a9b9802d0d60d284a4","openjpa-persistence/src/main/java/org/apache/openjpa/persistence/AnnotationBuilder.java","3"
"8","1.0.3","37d610ca2ccf499479ea0cfb36ca91fcc5e0946e","3774095d-037b-4979-a16d-d8c95ec5c926","3868b13971a77e941a6671a9b9802d0d60d284a4","openjpa-persistence/src/main/java/org/apache/openjpa/persistence/AnnotationPersistenceMetaDataParser.java","53"
"8","1.0.3","37d610ca2ccf499479ea0cfb36ca91fcc5e0946e","3774095d-037b-4979-a16d-d8c95ec5c926","3868b13971a77e941a6671a9b9802d0d60d284a4","openjpa-persistence/src/main/java/org/apache/openjpa/persistence/AnnotationPersistenceMetaDataSerializer.java","51"
"8","1.0.3","37d610ca2ccf499479ea0cfb36ca91fcc5e0946e","3774095d-037b-4979-a16d-d8c95ec5c926","3868b13971a77e941a6671a9b9802d0d60d284a4","openjpa-persistence/src/main/java/org/apache/openjpa/persistence/AnnotationPersistenceXMLMetaDataParser.java","21"
"8","1.0.3","37d610ca2ccf499479ea0cfb36ca91fcc5e0946e","3774095d-037b-4979-a16d-d8c95ec5c926","3868b13971a77e941a6671a9b9802d0d60d284a4","openjpa-persistence/src/main/java/org/apache/openjpa/persistence/ArgumentException.java","12"
"8","1.0.3","37d610ca2ccf499479ea0cfb36ca91fcc5e0946e","3774095d-037b-4979-a16d-d8c95ec5c926","3868b13971a77e941a6671a9b9802d0d60d284a4","openjpa-persistence/src/main/java/org/apache/openjpa/persistence/AutoClearType.java","0"
"8","1.0.3","37d610ca2ccf499479ea0cfb36ca91fcc5e0946e","3774095d-037b-4979-a16d-d8c95ec5c926","3868b13971a77e941a6671a9b9802d0d60d284a4","openjpa-persistence/src/main/java/org/apache/openjpa/persistence/AutoDetachType.java","2"
"8","1.0.3","37d610ca2ccf499479ea0cfb36ca91fcc5e0946e","3774095d-037b-4979-a16d-d8c95ec5c926","3868b13971a77e941a6671a9b9802d0d60d284a4","openjpa-persistence/src/main/java/org/apache/openjpa/persistence/CallbackMode.java","1"
"8","1.0.3","37d610ca2ccf499479ea0cfb36ca91fcc5e0946e","3774095d-037b-4979-a16d-d8c95ec5c926","3868b13971a77e941a6671a9b9802d0d60d284a4","openjpa-persistence/src/main/java/org/apache/openjpa/persistence/ConnectionRetainMode.java","0"
"8","1.0.3","37d610ca2ccf499479ea0cfb36ca91fcc5e0946e","3774095d-037b-4979-a16d-d8c95ec5c926","3868b13971a77e941a6671a9b9802d0d60d284a4","openjpa-persistence/src/main/java/org/apache/openjpa/persistence/DataCache.java","0"
"8","1.0.3","37d610ca2ccf499479ea0cfb36ca91fcc5e0946e","3774095d-037b-4979-a16d-d8c95ec5c926","3868b13971a77e941a6671a9b9802d0d60d284a4","openjpa-persistence/src/main/java/org/apache/openjpa/persistence/DataStoreId.java","0"
"8","1.0.3","37d610ca2ccf499479ea0cfb36ca91fcc5e0946e","3774095d-037b-4979-a16d-d8c95ec5c926","3868b13971a77e941a6671a9b9802d0d60d284a4","openjpa-persistence/src/main/java/org/apache/openjpa/persistence/Dependent.java","0"
"8","1.0.3","37d610ca2ccf499479ea0cfb36ca91fcc5e0946e","3774095d-037b-4979-a16d-d8c95ec5c926","3868b13971a77e941a6671a9b9802d0d60d284a4","openjpa-persistence/src/main/java/org/apache/openjpa/persistence/DetachStateType.java","0"
"8","1.0.3","37d610ca2ccf499479ea0cfb36ca91fcc5e0946e","3774095d-037b-4979-a16d-d8c95ec5c926","3868b13971a77e941a6671a9b9802d0d60d284a4","openjpa-persistence/src/main/java/org/apache/openjpa/persistence/DetachedState.java","0"
"8","1.0.3","37d610ca2ccf499479ea0cfb36ca91fcc5e0946e","3774095d-037b-4979-a16d-d8c95ec5c926","3868b13971a77e941a6671a9b9802d0d60d284a4","openjpa-persistence/src/main/java/org/apache/openjpa/persistence/ElementDependent.java","0"
"8","1.0.3","37d610ca2ccf499479ea0cfb36ca91fcc5e0946e","3774095d-037b-4979-a16d-d8c95ec5c926","3868b13971a77e941a6671a9b9802d0d60d284a4","openjpa-persistence/src/main/java/org/apache/openjpa/persistence/ElementType.java","0"
"8","1.0.3","37d610ca2ccf499479ea0cfb36ca91fcc5e0946e","3774095d-037b-4979-a16d-d8c95ec5c926","3868b13971a77e941a6671a9b9802d0d60d284a4","openjpa-persistence/src/main/java/org/apache/openjpa/persistence/EntityExistsException.java","5"
"8","1.0.3","37d610ca2ccf499479ea0cfb36ca91fcc5e0946e","3774095d-037b-4979-a16d-d8c95ec5c926","3868b13971a77e941a6671a9b9802d0d60d284a4","openjpa-persistence/src/main/java/org/apache/openjpa/persistence/EntityManagerFactoryImpl.java","8"
"8","1.0.3","37d610ca2ccf499479ea0cfb36ca91fcc5e0946e","3774095d-037b-4979-a16d-d8c95ec5c926","3868b13971a77e941a6671a9b9802d0d60d284a4","openjpa-persistence/src/main/java/org/apache/openjpa/persistence/EntityManagerFactoryValue.java","1"
"8","1.0.3","37d610ca2ccf499479ea0cfb36ca91fcc5e0946e","3774095d-037b-4979-a16d-d8c95ec5c926","3868b13971a77e941a6671a9b9802d0d60d284a4","openjpa-persistence/src/main/java/org/apache/openjpa/persistence/EntityManagerImpl.java","13"
"8","1.0.3","37d610ca2ccf499479ea0cfb36ca91fcc5e0946e","3774095d-037b-4979-a16d-d8c95ec5c926","3868b13971a77e941a6671a9b9802d0d60d284a4","openjpa-persistence/src/main/java/org/apache/openjpa/persistence/EntityNotFoundException.java","5"
"8","1.0.3","37d610ca2ccf499479ea0cfb36ca91fcc5e0946e","3774095d-037b-4979-a16d-d8c95ec5c926","3868b13971a77e941a6671a9b9802d0d60d284a4","openjpa-persistence/src/main/java/org/apache/openjpa/persistence/Extent.java","2"
"8","1.0.3","37d610ca2ccf499479ea0cfb36ca91fcc5e0946e","3774095d-037b-4979-a16d-d8c95ec5c926","3868b13971a77e941a6671a9b9802d0d60d284a4","openjpa-persistence/src/main/java/org/apache/openjpa/persistence/ExtentImpl.java","3"
"8","1.0.3","37d610ca2ccf499479ea0cfb36ca91fcc5e0946e","3774095d-037b-4979-a16d-d8c95ec5c926","3868b13971a77e941a6671a9b9802d0d60d284a4","openjpa-persistence/src/main/java/org/apache/openjpa/persistence/ExternalValues.java","0"
"8","1.0.3","37d610ca2ccf499479ea0cfb36ca91fcc5e0946e","3774095d-037b-4979-a16d-d8c95ec5c926","3868b13971a77e941a6671a9b9802d0d60d284a4","openjpa-persistence/src/main/java/org/apache/openjpa/persistence/Externalizer.java","0"
"8","1.0.3","37d610ca2ccf499479ea0cfb36ca91fcc5e0946e","3774095d-037b-4979-a16d-d8c95ec5c926","3868b13971a77e941a6671a9b9802d0d60d284a4","openjpa-persistence/src/main/java/org/apache/openjpa/persistence/Factory.java","0"
"8","1.0.3","37d610ca2ccf499479ea0cfb36ca91fcc5e0946e","3774095d-037b-4979-a16d-d8c95ec5c926","3868b13971a77e941a6671a9b9802d0d60d284a4","openjpa-persistence/src/main/java/org/apache/openjpa/persistence/FetchAttribute.java","0"
"8","1.0.3","37d610ca2ccf499479ea0cfb36ca91fcc5e0946e","3774095d-037b-4979-a16d-d8c95ec5c926","3868b13971a77e941a6671a9b9802d0d60d284a4","openjpa-persistence/src/main/java/org/apache/openjpa/persistence/FetchGroup.java","0"
"8","1.0.3","37d610ca2ccf499479ea0cfb36ca91fcc5e0946e","3774095d-037b-4979-a16d-d8c95ec5c926","3868b13971a77e941a6671a9b9802d0d60d284a4","openjpa-persistence/src/main/java/org/apache/openjpa/persistence/FetchGroups.java","0"
"8","1.0.3","37d610ca2ccf499479ea0cfb36ca91fcc5e0946e","3774095d-037b-4979-a16d-d8c95ec5c926","3868b13971a77e941a6671a9b9802d0d60d284a4","openjpa-persistence/src/main/java/org/apache/openjpa/persistence/FetchPlan.java","4"
"8","1.0.3","37d610ca2ccf499479ea0cfb36ca91fcc5e0946e","3774095d-037b-4979-a16d-d8c95ec5c926","3868b13971a77e941a6671a9b9802d0d60d284a4","openjpa-persistence/src/main/java/org/apache/openjpa/persistence/FetchPlanImpl.java","2"
"8","1.0.3","37d610ca2ccf499479ea0cfb36ca91fcc5e0946e","3774095d-037b-4979-a16d-d8c95ec5c926","3868b13971a77e941a6671a9b9802d0d60d284a4","openjpa-persistence/src/main/java/org/apache/openjpa/persistence/Generator.java","2"
"8","1.0.3","37d610ca2ccf499479ea0cfb36ca91fcc5e0946e","3774095d-037b-4979-a16d-d8c95ec5c926","3868b13971a77e941a6671a9b9802d0d60d284a4","openjpa-persistence/src/main/java/org/apache/openjpa/persistence/GeneratorImpl.java","4"
"8","1.0.3","37d610ca2ccf499479ea0cfb36ca91fcc5e0946e","3774095d-037b-4979-a16d-d8c95ec5c926","3868b13971a77e941a6671a9b9802d0d60d284a4","openjpa-persistence/src/main/java/org/apache/openjpa/persistence/InvalidStateException.java","12"
"8","1.0.3","37d610ca2ccf499479ea0cfb36ca91fcc5e0946e","3774095d-037b-4979-a16d-d8c95ec5c926","3868b13971a77e941a6671a9b9802d0d60d284a4","openjpa-persistence/src/main/java/org/apache/openjpa/persistence/InverseLogical.java","0"
"8","1.0.3","37d610ca2ccf499479ea0cfb36ca91fcc5e0946e","3774095d-037b-4979-a16d-d8c95ec5c926","3868b13971a77e941a6671a9b9802d0d60d284a4","openjpa-persistence/src/main/java/org/apache/openjpa/persistence/JPAFacadeHelper.java","1"
"8","1.0.3","37d610ca2ccf499479ea0cfb36ca91fcc5e0946e","3774095d-037b-4979-a16d-d8c95ec5c926","3868b13971a77e941a6671a9b9802d0d60d284a4","openjpa-persistence/src/main/java/org/apache/openjpa/persistence/KeyDependent.java","0"
"8","1.0.3","37d610ca2ccf499479ea0cfb36ca91fcc5e0946e","3774095d-037b-4979-a16d-d8c95ec5c926","3868b13971a77e941a6671a9b9802d0d60d284a4","openjpa-persistence/src/main/java/org/apache/openjpa/persistence/KeyType.java","0"
"8","1.0.3","37d610ca2ccf499479ea0cfb36ca91fcc5e0946e","3774095d-037b-4979-a16d-d8c95ec5c926","3868b13971a77e941a6671a9b9802d0d60d284a4","openjpa-persistence/src/main/java/org/apache/openjpa/persistence/LRS.java","0"
"8","1.0.3","37d610ca2ccf499479ea0cfb36ca91fcc5e0946e","3774095d-037b-4979-a16d-d8c95ec5c926","3868b13971a77e941a6671a9b9802d0d60d284a4","openjpa-persistence/src/main/java/org/apache/openjpa/persistence/LoadFetchGroup.java","0"
"8","1.0.3","37d610ca2ccf499479ea0cfb36ca91fcc5e0946e","3774095d-037b-4979-a16d-d8c95ec5c926","3868b13971a77e941a6671a9b9802d0d60d284a4","openjpa-persistence/src/main/java/org/apache/openjpa/persistence/ManagedInterface.java","0"
"8","1.0.3","37d610ca2ccf499479ea0cfb36ca91fcc5e0946e","3774095d-037b-4979-a16d-d8c95ec5c926","3868b13971a77e941a6671a9b9802d0d60d284a4","openjpa-persistence/src/main/java/org/apache/openjpa/persistence/MetaDataParsers.java","4"
"8","1.0.3","37d610ca2ccf499479ea0cfb36ca91fcc5e0946e","3774095d-037b-4979-a16d-d8c95ec5c926","3868b13971a77e941a6671a9b9802d0d60d284a4","openjpa-persistence/src/main/java/org/apache/openjpa/persistence/MetaDataTag.java","0"
"8","1.0.3","37d610ca2ccf499479ea0cfb36ca91fcc5e0946e","3774095d-037b-4979-a16d-d8c95ec5c926","3868b13971a77e941a6671a9b9802d0d60d284a4","openjpa-persistence/src/main/java/org/apache/openjpa/persistence/NoResultException.java","5"
"8","1.0.3","37d610ca2ccf499479ea0cfb36ca91fcc5e0946e","3774095d-037b-4979-a16d-d8c95ec5c926","3868b13971a77e941a6671a9b9802d0d60d284a4","openjpa-persistence/src/main/java/org/apache/openjpa/persistence/NonUniqueResultException.java","5"
"8","1.0.3","37d610ca2ccf499479ea0cfb36ca91fcc5e0946e","3774095d-037b-4979-a16d-d8c95ec5c926","3868b13971a77e941a6671a9b9802d0d60d284a4","openjpa-persistence/src/main/java/org/apache/openjpa/persistence/OpenJPAEntityManager.java","57"
"8","1.0.3","37d610ca2ccf499479ea0cfb36ca91fcc5e0946e","3774095d-037b-4979-a16d-d8c95ec5c926","3868b13971a77e941a6671a9b9802d0d60d284a4","openjpa-persistence/src/main/java/org/apache/openjpa/persistence/OpenJPAEntityManagerFactory.java","13"
"8","1.0.3","37d610ca2ccf499479ea0cfb36ca91fcc5e0946e","3774095d-037b-4979-a16d-d8c95ec5c926","3868b13971a77e941a6671a9b9802d0d60d284a4","openjpa-persistence/src/main/java/org/apache/openjpa/persistence/OpenJPAEntityManagerFactorySPI.java","0"
"8","1.0.3","37d610ca2ccf499479ea0cfb36ca91fcc5e0946e","3774095d-037b-4979-a16d-d8c95ec5c926","3868b13971a77e941a6671a9b9802d0d60d284a4","openjpa-persistence/src/main/java/org/apache/openjpa/persistence/OpenJPAEntityManagerSPI.java","0"
"8","1.0.3","37d610ca2ccf499479ea0cfb36ca91fcc5e0946e","3774095d-037b-4979-a16d-d8c95ec5c926","3868b13971a77e941a6671a9b9802d0d60d284a4","openjpa-persistence/src/main/java/org/apache/openjpa/persistence/OpenJPAEntityTransaction.java","0"
"8","1.0.3","37d610ca2ccf499479ea0cfb36ca91fcc5e0946e","3774095d-037b-4979-a16d-d8c95ec5c926","3868b13971a77e941a6671a9b9802d0d60d284a4","openjpa-persistence/src/main/java/org/apache/openjpa/persistence/OpenJPAPersistence.java","16"
"8","1.0.3","37d610ca2ccf499479ea0cfb36ca91fcc5e0946e","3774095d-037b-4979-a16d-d8c95ec5c926","3868b13971a77e941a6671a9b9802d0d60d284a4","openjpa-persistence/src/main/java/org/apache/openjpa/persistence/OpenJPAQuery.java","14"
"8","1.0.3","37d610ca2ccf499479ea0cfb36ca91fcc5e0946e","3774095d-037b-4979-a16d-d8c95ec5c926","3868b13971a77e941a6671a9b9802d0d60d284a4","openjpa-persistence/src/main/java/org/apache/openjpa/persistence/OpenJPAQuerySPI.java","0"
"8","1.0.3","37d610ca2ccf499479ea0cfb36ca91fcc5e0946e","3774095d-037b-4979-a16d-d8c95ec5c926","3868b13971a77e941a6671a9b9802d0d60d284a4","openjpa-persistence/src/main/java/org/apache/openjpa/persistence/OptimisticLockException.java","5"
"8","1.0.3","37d610ca2ccf499479ea0cfb36ca91fcc5e0946e","3774095d-037b-4979-a16d-d8c95ec5c926","3868b13971a77e941a6671a9b9802d0d60d284a4","openjpa-persistence/src/main/java/org/apache/openjpa/persistence/PersistenceException.java","5"
"8","1.0.3","37d610ca2ccf499479ea0cfb36ca91fcc5e0946e","3774095d-037b-4979-a16d-d8c95ec5c926","3868b13971a77e941a6671a9b9802d0d60d284a4","openjpa-persistence/src/main/java/org/apache/openjpa/persistence/PersistenceExceptions.java","3"
"8","1.0.3","37d610ca2ccf499479ea0cfb36ca91fcc5e0946e","3774095d-037b-4979-a16d-d8c95ec5c926","3868b13971a77e941a6671a9b9802d0d60d284a4","openjpa-persistence/src/main/java/org/apache/openjpa/persistence/PersistenceListenerAdapter.java","4"
"8","1.0.3","37d610ca2ccf499479ea0cfb36ca91fcc5e0946e","3774095d-037b-4979-a16d-d8c95ec5c926","3868b13971a77e941a6671a9b9802d0d60d284a4","openjpa-persistence/src/main/java/org/apache/openjpa/persistence/PersistenceMetaDataDefaults.java","12"
"8","1.0.3","37d610ca2ccf499479ea0cfb36ca91fcc5e0946e","3774095d-037b-4979-a16d-d8c95ec5c926","3868b13971a77e941a6671a9b9802d0d60d284a4","openjpa-persistence/src/main/java/org/apache/openjpa/persistence/PersistenceMetaDataFactory.java","17"
"8","1.0.3","37d610ca2ccf499479ea0cfb36ca91fcc5e0946e","3774095d-037b-4979-a16d-d8c95ec5c926","3868b13971a77e941a6671a9b9802d0d60d284a4","openjpa-persistence/src/main/java/org/apache/openjpa/persistence/PersistenceProductDerivation.java","17"
"8","1.0.3","37d610ca2ccf499479ea0cfb36ca91fcc5e0946e","3774095d-037b-4979-a16d-d8c95ec5c926","3868b13971a77e941a6671a9b9802d0d60d284a4","openjpa-persistence/src/main/java/org/apache/openjpa/persistence/PersistenceProviderImpl.java","2"
"8","1.0.3","37d610ca2ccf499479ea0cfb36ca91fcc5e0946e","3774095d-037b-4979-a16d-d8c95ec5c926","3868b13971a77e941a6671a9b9802d0d60d284a4","openjpa-persistence/src/main/java/org/apache/openjpa/persistence/PersistenceStrategy.java","0"
"8","1.0.3","37d610ca2ccf499479ea0cfb36ca91fcc5e0946e","3774095d-037b-4979-a16d-d8c95ec5c926","3868b13971a77e941a6671a9b9802d0d60d284a4","openjpa-persistence/src/main/java/org/apache/openjpa/persistence/PersistenceUnitInfoImpl.java","22"
"8","1.0.3","37d610ca2ccf499479ea0cfb36ca91fcc5e0946e","3774095d-037b-4979-a16d-d8c95ec5c926","3868b13971a77e941a6671a9b9802d0d60d284a4","openjpa-persistence/src/main/java/org/apache/openjpa/persistence/Persistent.java","0"
"8","1.0.3","37d610ca2ccf499479ea0cfb36ca91fcc5e0946e","3774095d-037b-4979-a16d-d8c95ec5c926","3868b13971a77e941a6671a9b9802d0d60d284a4","openjpa-persistence/src/main/java/org/apache/openjpa/persistence/PersistentCollection.java","0"
"8","1.0.3","37d610ca2ccf499479ea0cfb36ca91fcc5e0946e","3774095d-037b-4979-a16d-d8c95ec5c926","3868b13971a77e941a6671a9b9802d0d60d284a4","openjpa-persistence/src/main/java/org/apache/openjpa/persistence/PersistentMap.java","0"
"8","1.0.3","37d610ca2ccf499479ea0cfb36ca91fcc5e0946e","3774095d-037b-4979-a16d-d8c95ec5c926","3868b13971a77e941a6671a9b9802d0d60d284a4","openjpa-persistence/src/main/java/org/apache/openjpa/persistence/QueryImpl.java","13"
"8","1.0.3","37d610ca2ccf499479ea0cfb36ca91fcc5e0946e","3774095d-037b-4979-a16d-d8c95ec5c926","3868b13971a77e941a6671a9b9802d0d60d284a4","openjpa-persistence/src/main/java/org/apache/openjpa/persistence/QueryOperationType.java","0"
"8","1.0.3","37d610ca2ccf499479ea0cfb36ca91fcc5e0946e","3774095d-037b-4979-a16d-d8c95ec5c926","3868b13971a77e941a6671a9b9802d0d60d284a4","openjpa-persistence/src/main/java/org/apache/openjpa/persistence/QueryResultCache.java","2"
"8","1.0.3","37d610ca2ccf499479ea0cfb36ca91fcc5e0946e","3774095d-037b-4979-a16d-d8c95ec5c926","3868b13971a77e941a6671a9b9802d0d60d284a4","openjpa-persistence/src/main/java/org/apache/openjpa/persistence/QueryResultCacheImpl.java","1"
"8","1.0.3","37d610ca2ccf499479ea0cfb36ca91fcc5e0946e","3774095d-037b-4979-a16d-d8c95ec5c926","3868b13971a77e941a6671a9b9802d0d60d284a4","openjpa-persistence/src/main/java/org/apache/openjpa/persistence/ReadOnly.java","0"
"8","1.0.3","37d610ca2ccf499479ea0cfb36ca91fcc5e0946e","3774095d-037b-4979-a16d-d8c95ec5c926","3868b13971a77e941a6671a9b9802d0d60d284a4","openjpa-persistence/src/main/java/org/apache/openjpa/persistence/RestoreStateType.java","0"
"8","1.0.3","37d610ca2ccf499479ea0cfb36ca91fcc5e0946e","3774095d-037b-4979-a16d-d8c95ec5c926","3868b13971a77e941a6671a9b9802d0d60d284a4","openjpa-persistence/src/main/java/org/apache/openjpa/persistence/RollbackException.java","3"
"8","1.0.3","37d610ca2ccf499479ea0cfb36ca91fcc5e0946e","3774095d-037b-4979-a16d-d8c95ec5c926","3868b13971a77e941a6671a9b9802d0d60d284a4","openjpa-persistence/src/main/java/org/apache/openjpa/persistence/StoreCache.java","2"
"8","1.0.3","37d610ca2ccf499479ea0cfb36ca91fcc5e0946e","3774095d-037b-4979-a16d-d8c95ec5c926","3868b13971a77e941a6671a9b9802d0d60d284a4","openjpa-persistence/src/main/java/org/apache/openjpa/persistence/StoreCacheImpl.java","2"
"8","1.0.3","37d610ca2ccf499479ea0cfb36ca91fcc5e0946e","3774095d-037b-4979-a16d-d8c95ec5c926","3868b13971a77e941a6671a9b9802d0d60d284a4","openjpa-persistence/src/main/java/org/apache/openjpa/persistence/TransactionRequiredException.java","5"
"8","1.0.3","37d610ca2ccf499479ea0cfb36ca91fcc5e0946e","3774095d-037b-4979-a16d-d8c95ec5c926","3868b13971a77e941a6671a9b9802d0d60d284a4","openjpa-persistence/src/main/java/org/apache/openjpa/persistence/Type.java","0"
"8","1.0.3","37d610ca2ccf499479ea0cfb36ca91fcc5e0946e","3774095d-037b-4979-a16d-d8c95ec5c926","3868b13971a77e941a6671a9b9802d0d60d284a4","openjpa-persistence/src/main/java/org/apache/openjpa/persistence/UpdateAction.java","0"
"8","1.0.3","37d610ca2ccf499479ea0cfb36ca91fcc5e0946e","3774095d-037b-4979-a16d-d8c95ec5c926","3868b13971a77e941a6671a9b9802d0d60d284a4","openjpa-persistence/src/main/java/org/apache/openjpa/persistence/XMLPersistenceMetaDataParser.java","83"
"8","1.0.3","37d610ca2ccf499479ea0cfb36ca91fcc5e0946e","3774095d-037b-4979-a16d-d8c95ec5c926","3868b13971a77e941a6671a9b9802d0d60d284a4","openjpa-persistence/src/main/java/org/apache/openjpa/persistence/XMLPersistenceMetaDataSerializer.java","49"
"8","1.0.3","37d610ca2ccf499479ea0cfb36ca91fcc5e0946e","3774095d-037b-4979-a16d-d8c95ec5c926","3868b13971a77e941a6671a9b9802d0d60d284a4","openjpa-slice/src/main/java/org/apache/openjpa/slice/DistributedBrokerImpl.java","2"
"8","1.0.3","37d610ca2ccf499479ea0cfb36ca91fcc5e0946e","3774095d-037b-4979-a16d-d8c95ec5c926","3868b13971a77e941a6671a9b9802d0d60d284a4","openjpa-slice/src/main/java/org/apache/openjpa/slice/DistributedConfiguration.java","0"
"8","1.0.3","37d610ca2ccf499479ea0cfb36ca91fcc5e0946e","3774095d-037b-4979-a16d-d8c95ec5c926","3868b13971a77e941a6671a9b9802d0d60d284a4","openjpa-slice/src/main/java/org/apache/openjpa/slice/DistributionPolicy.java","0"
"8","1.0.3","37d610ca2ccf499479ea0cfb36ca91fcc5e0946e","3774095d-037b-4979-a16d-d8c95ec5c926","3868b13971a77e941a6671a9b9802d0d60d284a4","openjpa-slice/src/main/java/org/apache/openjpa/slice/ExecutorServiceValue.java","8"
"8","1.0.3","37d610ca2ccf499479ea0cfb36ca91fcc5e0946e","3774095d-037b-4979-a16d-d8c95ec5c926","3868b13971a77e941a6671a9b9802d0d60d284a4","openjpa-slice/src/main/java/org/apache/openjpa/slice/ProductDerivation.java","1"
"8","1.0.3","37d610ca2ccf499479ea0cfb36ca91fcc5e0946e","3774095d-037b-4979-a16d-d8c95ec5c926","3868b13971a77e941a6671a9b9802d0d60d284a4","openjpa-slice/src/main/java/org/apache/openjpa/slice/Slice.java","4"
"8","1.0.3","37d610ca2ccf499479ea0cfb36ca91fcc5e0946e","3774095d-037b-4979-a16d-d8c95ec5c926","3868b13971a77e941a6671a9b9802d0d60d284a4","openjpa-slice/src/main/java/org/apache/openjpa/slice/SlicePersistence.java","1"
"8","1.0.3","37d610ca2ccf499479ea0cfb36ca91fcc5e0946e","3774095d-037b-4979-a16d-d8c95ec5c926","3868b13971a77e941a6671a9b9802d0d60d284a4","openjpa-slice/src/main/java/org/apache/openjpa/slice/jdbc/DistributedConnection.java","1"
"8","1.0.3","37d610ca2ccf499479ea0cfb36ca91fcc5e0946e","3774095d-037b-4979-a16d-d8c95ec5c926","3868b13971a77e941a6671a9b9802d0d60d284a4","openjpa-slice/src/main/java/org/apache/openjpa/slice/jdbc/DistributedDataSource.java","7"
"8","1.0.3","37d610ca2ccf499479ea0cfb36ca91fcc5e0946e","3774095d-037b-4979-a16d-d8c95ec5c926","3868b13971a77e941a6671a9b9802d0d60d284a4","openjpa-slice/src/main/java/org/apache/openjpa/slice/jdbc/DistributedJDBCBrokerFactory.java","2"
"8","1.0.3","37d610ca2ccf499479ea0cfb36ca91fcc5e0946e","3774095d-037b-4979-a16d-d8c95ec5c926","3868b13971a77e941a6671a9b9802d0d60d284a4","openjpa-slice/src/main/java/org/apache/openjpa/slice/jdbc/DistributedJDBCConfiguration.java","0"
"8","1.0.3","37d610ca2ccf499479ea0cfb36ca91fcc5e0946e","3774095d-037b-4979-a16d-d8c95ec5c926","3868b13971a77e941a6671a9b9802d0d60d284a4","openjpa-slice/src/main/java/org/apache/openjpa/slice/jdbc/DistributedJDBCConfigurationImpl.java","17"
"8","1.0.3","37d610ca2ccf499479ea0cfb36ca91fcc5e0946e","3774095d-037b-4979-a16d-d8c95ec5c926","3868b13971a77e941a6671a9b9802d0d60d284a4","openjpa-slice/src/main/java/org/apache/openjpa/slice/jdbc/DistributedPreparedStatement.java","33"
"8","1.0.3","37d610ca2ccf499479ea0cfb36ca91fcc5e0946e","3774095d-037b-4979-a16d-d8c95ec5c926","3868b13971a77e941a6671a9b9802d0d60d284a4","openjpa-slice/src/main/java/org/apache/openjpa/slice/jdbc/DistributedResultSet.java","115"
"8","1.0.3","37d610ca2ccf499479ea0cfb36ca91fcc5e0946e","3774095d-037b-4979-a16d-d8c95ec5c926","3868b13971a77e941a6671a9b9802d0d60d284a4","openjpa-slice/src/main/java/org/apache/openjpa/slice/jdbc/DistributedStatement.java","0"
"8","1.0.3","37d610ca2ccf499479ea0cfb36ca91fcc5e0946e","3774095d-037b-4979-a16d-d8c95ec5c926","3868b13971a77e941a6671a9b9802d0d60d284a4","openjpa-slice/src/main/java/org/apache/openjpa/slice/jdbc/DistributedStoreManager.java","32"
"8","1.0.3","37d610ca2ccf499479ea0cfb36ca91fcc5e0946e","3774095d-037b-4979-a16d-d8c95ec5c926","3868b13971a77e941a6671a9b9802d0d60d284a4","openjpa-slice/src/main/java/org/apache/openjpa/slice/jdbc/DistributedStoreQuery.java","13"
"8","1.0.3","37d610ca2ccf499479ea0cfb36ca91fcc5e0946e","3774095d-037b-4979-a16d-d8c95ec5c926","3868b13971a77e941a6671a9b9802d0d60d284a4","openjpa-slice/src/main/java/org/apache/openjpa/slice/jdbc/DistributedTemplate.java","8"
"8","1.0.3","37d610ca2ccf499479ea0cfb36ca91fcc5e0946e","3774095d-037b-4979-a16d-d8c95ec5c926","3868b13971a77e941a6671a9b9802d0d60d284a4","openjpa-slice/src/main/java/org/apache/openjpa/slice/jdbc/SliceStoreManager.java","1"
"8","1.0.3","37d610ca2ccf499479ea0cfb36ca91fcc5e0946e","3774095d-037b-4979-a16d-d8c95ec5c926","3868b13971a77e941a6671a9b9802d0d60d284a4","openjpa-slice/src/main/java/org/apache/openjpa/slice/jdbc/UniqueResultObjectProvider.java","6"
"8","1.0.3","37d610ca2ccf499479ea0cfb36ca91fcc5e0946e","3774095d-037b-4979-a16d-d8c95ec5c926","3868b13971a77e941a6671a9b9802d0d60d284a4","openjpa-xmlstore/src/main/java/org/apache/openjpa/xmlstore/ObjectData.java","10"
"8","1.0.3","37d610ca2ccf499479ea0cfb36ca91fcc5e0946e","3774095d-037b-4979-a16d-d8c95ec5c926","3868b13971a77e941a6671a9b9802d0d60d284a4","openjpa-xmlstore/src/main/java/org/apache/openjpa/xmlstore/XMLConfiguration.java","5"
"8","1.0.3","37d610ca2ccf499479ea0cfb36ca91fcc5e0946e","3774095d-037b-4979-a16d-d8c95ec5c926","3868b13971a77e941a6671a9b9802d0d60d284a4","openjpa-xmlstore/src/main/java/org/apache/openjpa/xmlstore/XMLFileHandler.java","29"
"8","1.0.3","37d610ca2ccf499479ea0cfb36ca91fcc5e0946e","3774095d-037b-4979-a16d-d8c95ec5c926","3868b13971a77e941a6671a9b9802d0d60d284a4","openjpa-xmlstore/src/main/java/org/apache/openjpa/xmlstore/XMLStore.java","4"
"8","1.0.3","37d610ca2ccf499479ea0cfb36ca91fcc5e0946e","3774095d-037b-4979-a16d-d8c95ec5c926","3868b13971a77e941a6671a9b9802d0d60d284a4","openjpa-xmlstore/src/main/java/org/apache/openjpa/xmlstore/XMLStoreManager.java","11"
